group,PA_raw,SC_raw,PA_z,SC_z,CP_mean,SP_mean,experienced,T0_year
Other_adult,4.0,3.6666666666666665,0.5540664621588595,0.630340505970771,1.0,0.5,0,2019.0
Elderly_hh,2.8,2.8333333333333335,-1.0388036492069126,-0.6586294030899817,0.75,0.75,0,2019.0
Elderly_hh,3.4,4.0,-0.2423685935240265,1.1459284695950724,0.75,0.75,1,1985.0
Child_hh,2.4,3.3333333333333335,-1.569760352995503,0.11475254234647013,0.75,0.75,0,2019.0
Other_adult,1.0,1.6666666666666667,-3.4281088162555697,-2.4631872757750366,0.7916666666666667,0.5,0,2019.0
Elderly_hh,3.0,3.1666666666666665,-0.773325297312617,-0.14304143946568096,0.5416666666666666,0.5,1,2012.0
Other_adult,4.0,3.8333333333333335,0.5540664621588595,0.888134487782922,0.75,0.75,0,2019.0
Child_hh,2.8,3.1666666666666665,-1.0388036492069126,-0.14304143946568096,0.625,0.5,1,2012.0
Other_adult,3.0,3.0,-0.773325297312617,-0.4008354212778314,0.5,0.5,0,2019.0
Single,3.2,3.0,-0.5078469454183214,-0.4008354212778314,0.5416666666666666,0.5,1,1985.0
Child_hh,3.6,3.6666666666666665,0.023109758370269025,0.630340505970771,0.7083333333333334,0.5,0,2019.0
Single,2.2,2.0,-1.835238704889798,-1.9475993121507351,0.5833333333333334,0.5,0,2019.0
Elderly_hh,3.25,2.8,-0.44147735744474786,-0.7101881994524124,0.4,0.5,0,2019.0
Elderly_hh,3.8,3.1666666666666665,0.288588110264564,-0.14304143946568096,0.4583333333333333,0.25,1,1985.0
Single,4.0,4.0,0.5540664621588595,1.1459284695950724,0.4166666666666666,0.75,1,2012.0
Elderly_hh,4.0,2.3333333333333335,0.5540664621588595,-1.4320113485264336,0.6666666666666666,0.5,0,2019.0
Other_adult,4.2,3.3333333333333335,0.819544814053155,0.11475254234647013,0.625,0.75,1,1985.0
Elderly_hh,4.0,3.6666666666666665,0.5540664621588595,0.630340505970771,0.5416666666666666,0.5,0,2019.0
Child_hh,4.0,3.6666666666666665,0.5540664621588595,0.630340505970771,0.7916666666666667,0.5,0,2019.0
Child_hh,4.0,3.6666666666666665,0.5540664621588595,0.630340505970771,0.5416666666666666,0.75,0,2019.0
Other_adult,4.4,3.2,1.0850231659474505,-0.09148264310325034,0.7083333333333334,0.625,0,2019.0
Single,4.0,3.5,0.5540664621588595,0.37254652415862055,0.5,0.5,0,2019.0
Elderly_hh,4.0,4.0,0.5540664621588595,1.1459284695950724,0.625,0.5,0,2019.0
Elderly_hh,3.4,3.5,-0.2423685935240265,0.37254652415862055,0.7083333333333334,1.0,0,2019.0
Elderly_hh,3.8,3.6666666666666665,0.288588110264564,0.630340505970771,0.625,0.75,1,1985.0
Child_hh,4.0,3.0,0.5540664621588595,-0.4008354212778314,0.375,0.0,0,2019.0
Elderly_hh,3.6,3.8333333333333335,0.023109758370269025,0.888134487782922,0.625,0.5,0,2019.0
Other_adult,3.8,2.0,0.288588110264564,-1.9475993121507351,0.7083333333333334,0.75,0,2019.0
Child_hh,3.0,3.1666666666666665,-0.773325297312617,-0.14304143946568096,0.625,0.5,0,2019.0
Other_adult,3.0,2.8333333333333335,-0.773325297312617,-0.6586294030899817,0.5,0.5,0,2019.0
Single,4.0,3.6666666666666665,0.5540664621588595,0.630340505970771,0.75,0.5,1,1985.0
Single,4.0,2.8333333333333335,0.5540664621588595,-0.6586294030899817,0.4166666666666666,0.5,1,1985.0
Elderly_hh,3.6,4.0,0.023109758370269025,1.1459284695950724,0.25,0.75,0,2019.0
Elderly_hh,4.8,3.3333333333333335,1.6159798697360404,0.11475254234647013,0.5,0.25,1,2017.0
Single,2.6,1.5,-1.3042820011012075,-2.7209812575871872,0.375,0.25,1,1985.0
Single,2.4,2.5,-1.569760352995503,-1.1742173667142832,0.4166666666666666,0.5,0,2019.0
Child_hh,4.4,4.666666666666667,1.0850231659474505,2.1771043968436756,0.7916666666666667,0.75,0,2019.0
Other_adult,2.2,3.0,-1.835238704889798,-0.4008354212778314,0.7083333333333334,0.5,0,2019.0
Child_hh,4.0,2.8333333333333335,0.5540664621588595,-0.6586294030899817,0.6666666666666666,0.5,0,2019.0
Elderly_hh,4.0,4.0,0.5540664621588595,1.1459284695950724,0.75,0.5,0,2019.0
Elderly_hh,4.0,3.6666666666666665,0.5540664621588595,0.630340505970771,0.5,0.25,0,2019.0
Elderly_hh,4.0,3.6666666666666665,0.5540664621588595,0.630340505970771,0.625,0.75,0,2019.0
Other_adult,3.8,3.0,0.288588110264564,-0.4008354212778314,0.5,0.5,1,1985.0
Child_hh,3.6,2.8333333333333335,0.023109758370269025,-0.6586294030899817,0.4166666666666666,0.5,0,2019.0
Elderly_hh,4.2,3.5,0.819544814053155,0.37254652415862055,0.5,0.5,1,1985.0
Other_adult,3.8,3.5,0.288588110264564,0.37254652415862055,0.7083333333333334,0.75,0,2019.0
Elderly_hh,4.0,3.6666666666666665,0.5540664621588595,0.630340505970771,0.6666666666666666,1.0,0,2019.0
Elderly_hh,3.6,4.0,0.023109758370269025,1.1459284695950724,0.4583333333333333,0.5,1,2005.0
Other_adult,4.0,4.166666666666667,0.5540664621588595,1.4037224514072235,0.4166666666666666,0.5416666666666666,0,2019.0
Elderly_hh,4.6,4.0,1.350501517841745,1.1459284695950724,0.625,0.75,0,2019.0
Other_adult,4.0,4.0,0.5540664621588595,1.1459284695950724,0.5833333333333334,0.5,1,1985.0
Single,3.4,3.8333333333333335,-0.2423685935240265,0.888134487782922,0.5,0.5,0,2019.0
Child_hh,3.4,3.3333333333333335,-0.2423685935240265,0.11475254234647013,0.5416666666666666,0.5,0,2019.0
Elderly_hh,1.4,3.0,-2.8971521124669795,-0.4008354212778314,0.5416666666666666,0.5,0,2019.0
Other_adult,2.8,3.6666666666666665,-1.0388036492069126,0.630340505970771,1.0,0.25,1,1985.0
Other_adult,4.2,3.1666666666666665,0.819544814053155,-0.14304143946568096,0.5833333333333334,0.5,0,2019.0
Other_adult,5.0,5.0,1.881458221630336,2.6926923604679764,0.7083333333333334,1.0,0,2019.0
Elderly_hh,5.0,3.5,1.881458221630336,0.37254652415862055,0.875,0.75,0,2019.0
Elderly_hh,3.2,3.0,-0.5078469454183214,-0.4008354212778314,0.3333333333333333,0.75,0,2019.0
Elderly_hh,3.6,2.6666666666666665,0.023109758370269025,-0.9164233849021329,0.625,0.75,0,2019.0
Other_adult,3.6,3.0,0.023109758370269025,-0.4008354212778314,0.7083333333333334,0.75,0,2019.0
Elderly_hh,5.0,3.8333333333333335,1.881458221630336,0.888134487782922,0.75,0.5,1,1985.0
Other_adult,3.6,3.1666666666666665,0.023109758370269025,-0.14304143946568096,0.5833333333333334,0.75,0,2019.0
Other_adult,4.0,3.8333333333333335,0.5540664621588595,0.888134487782922,0.6666666666666666,0.75,1,1985.0
Single,4.2,3.8333333333333335,0.819544814053155,0.888134487782922,0.625,0.75,0,2019.0
Child_hh,3.8,2.6666666666666665,0.288588110264564,-0.9164233849021329,0.625,0.5,0,2019.0
Elderly_hh,3.2,3.4,-0.5078469454183214,0.21787013507133002,0.4583333333333333,0.5,1,1985.0
Elderly_hh,4.0,3.5,0.5540664621588595,0.37254652415862055,0.75,0.75,0,2019.0
Elderly_hh,4.0,3.0,0.5540664621588595,-0.4008354212778314,0.75,0.25,0,2019.0
Elderly_hh,4.0,4.0,0.5540664621588595,1.1459284695950724,0.7083333333333334,0.25,0,2019.0
Child_hh,4.0,3.5,0.5540664621588595,0.37254652415862055,0.625,0.5,1,2012.0
Elderly_hh,3.0,2.6666666666666665,-0.773325297312617,-0.9164233849021329,0.4583333333333333,0.5,0,2019.0
Other_adult,3.0,3.0,-0.773325297312617,-0.4008354212778314,0.625,0.75,0,2019.0
Elderly_hh,3.4,2.8333333333333335,-0.2423685935240265,-0.6586294030899817,0.5833333333333334,0.5,0,2019.0
Elderly_hh,4.0,3.6666666666666665,0.5540664621588595,0.630340505970771,0.6666666666666666,0.75,0,2019.0
Elderly_hh,3.4,3.0,-0.2423685935240265,-0.4008354212778314,0.625,0.5,0,2019.0
Child_hh,3.6,3.3333333333333335,0.023109758370269025,0.11475254234647013,0.4583333333333333,0.5,0,2019.0
Elderly_hh,4.0,3.5,0.5540664621588595,0.37254652415862055,0.6666666666666666,0.75,0,2019.0
Other_adult,3.8,2.3333333333333335,0.288588110264564,-1.4320113485264336,0.7083333333333334,0.5,0,2019.0
Elderly_hh,3.2,3.5,-0.5078469454183214,0.37254652415862055,0.5833333333333334,0.5,0,2019.0
Elderly_hh,3.4,3.1666666666666665,-0.2423685935240265,-0.14304143946568096,0.5833333333333334,0.5,0,2019.0
Elderly_hh,5.0,4.666666666666667,1.881458221630336,2.1771043968436756,0.6666666666666666,0.75,0,2019.0
Other_adult,3.8,3.0,0.288588110264564,-0.4008354212778314,0.5,0.5,0,2019.0
Elderly_hh,4.4,3.6666666666666665,1.0850231659474505,0.630340505970771,0.4583333333333333,0.5,0,2019.0
Other_adult,3.2,3.0,-0.5078469454183214,-0.4008354212778314,0.625,0.5,0,2019.0
Elderly_hh,3.2,2.8333333333333335,-0.5078469454183214,-0.6586294030899817,0.4166666666666666,0.75,1,1985.0
Child_hh,3.0,2.1666666666666665,-0.773325297312617,-1.6898053303385847,0.5,0.25,0,2019.0
Other_adult,3.8,2.8333333333333335,0.288588110264564,-0.6586294030899817,0.5,0.5,0,2019.0
Elderly_hh,3.4,3.1666666666666665,-0.2423685935240265,-0.14304143946568096,0.5416666666666666,0.5,0,2019.0
Child_hh,4.2,3.8333333333333335,0.819544814053155,0.888134487782922,0.7083333333333334,0.25,0,2019.0
Single,3.0,3.0,-0.773325297312617,-0.4008354212778314,0.0,0.5,0,2019.0
Child_hh,4.0,4.333333333333333,0.5540664621588595,1.6615164332193733,0.625,0.5,1,1995.0
Single,4.2,3.6666666666666665,0.819544814053155,0.630340505970771,0.75,0.8125,1,1985.0
Elderly_hh,3.4,3.5,-0.2423685935240265,0.37254652415862055,0.3333333333333333,0.75,0,2019.0
Single,3.2,3.6666666666666665,-0.5078469454183214,0.630340505970771,0.75,0.75,0,2019.0
Elderly_hh,4.0,3.6666666666666665,0.5540664621588595,0.630340505970771,0.4583333333333333,0.75,1,1985.0
Child_hh,3.6,3.0,0.023109758370269025,-0.4008354212778314,0.6666666666666666,0.5,1,2012.0
Elderly_hh,3.8,3.6666666666666665,0.288588110264564,0.630340505970771,0.5416666666666666,0.75,0,2019.0
Elderly_hh,5.0,3.0,1.881458221630336,-0.4008354212778314,0.4166666666666666,0.75,0,2019.0
Single,3.0,3.1666666666666665,-0.773325297312617,-0.14304143946568096,0.5,0.25,0,2019.0
Other_adult,3.4,3.0,-0.2423685935240265,-0.4008354212778314,0.5416666666666666,0.5,0,2019.0
Elderly_hh,4.0,3.5,0.5540664621588595,0.37254652415862055,0.5416666666666666,0.75,0,2019.0
Elderly_hh,4.2,4.0,0.819544814053155,1.1459284695950724,0.5833333333333334,0.75,1,1985.0
Single,2.6,1.3333333333333333,-1.3042820011012075,-2.978775239399338,0.5833333333333334,0.0,0,2019.0
Elderly_hh,3.6,3.4,0.023109758370269025,0.21787013507133002,0.4583333333333333,0.5,0,2019.0
Single,4.6,3.3333333333333335,1.350501517841745,0.11475254234647013,0.5416666666666666,0.75,0,2019.0
Other_adult,4.0,4.0,0.5540664621588595,1.1459284695950724,0.6666666666666666,0.75,0,2019.0
Single,4.2,2.8333333333333335,0.819544814053155,-0.6586294030899817,0.75,0.75,1,1985.0
Elderly_hh,3.6,3.0,0.023109758370269025,-0.4008354212778314,0.625,0.5,1,1985.0
Elderly_hh,3.0,4.166666666666667,-0.773325297312617,1.4037224514072235,0.4583333333333333,0.0,1,1995.0
Elderly_hh,3.6,3.6666666666666665,0.023109758370269025,0.630340505970771,0.5833333333333334,0.75,0,2019.0
Child_hh,2.8,2.3333333333333335,-1.0388036492069126,-1.4320113485264336,0.5833333333333334,0.75,0,2019.0
Other_adult,3.6,2.8333333333333335,0.023109758370269025,-0.6586294030899817,0.5833333333333334,0.5,1,1985.0
Elderly_hh,5.0,3.8333333333333335,1.881458221630336,0.888134487782922,0.25,1.0,1,1995.0
Elderly_hh,4.0,3.8,0.5540664621588595,0.8365756914204914,0.6666666666666666,0.5,0,2019.0
Single,2.4,2.1666666666666665,-1.569760352995503,-1.6898053303385847,0.625,0.25,0,2019.0
Elderly_hh,3.0,3.3333333333333335,-0.773325297312617,0.11475254234647013,0.6666666666666666,0.5,0,2019.0
Elderly_hh,4.0,4.0,0.5540664621588595,1.1459284695950724,0.7,0.75,0,2019.0
Child_hh,1.6,2.5,-2.631673760572684,-1.1742173667142832,0.9583333333333331,0.5,0,2019.0
Elderly_hh,4.2,3.6666666666666665,0.819544814053155,0.630340505970771,0.4583333333333333,0.5,0,2019.0
Elderly_hh,4.0,4.166666666666667,0.5540664621588595,1.4037224514072235,0.625,0.0,0,2019.0
Elderly_hh,4.0,3.8333333333333335,0.5540664621588595,0.888134487782922,0.2916666666666666,0.75,0,2019.0
Other_adult,3.4,3.0,-0.2423685935240265,-0.4008354212778314,0.7083333333333334,1.0,0,2019.0
Elderly_hh,5.0,3.6666666666666665,1.881458221630336,0.630340505970771,0.7083333333333334,0.5,0,2019.0
Elderly_hh,5.0,4.166666666666667,1.881458221630336,1.4037224514072235,0.4583333333333333,1.0,1,1985.0
Child_hh,3.4,3.3333333333333335,-0.2423685935240265,0.11475254234647013,0.7083333333333334,0.5,1,1985.0
Elderly_hh,3.6,3.5,0.023109758370269025,0.37254652415862055,0.625,0.75,0,2019.0
Elderly_hh,3.2,3.5,-0.5078469454183214,0.37254652415862055,0.5833333333333334,0.5,0,2019.0
Single,3.0,3.0,-0.773325297312617,-0.4008354212778314,0.5833333333333334,0.5,0,2019.0
Elderly_hh,2.8,2.8333333333333335,-1.0388036492069126,-0.6586294030899817,0.3333333333333333,0.5,0,2019.0
Elderly_hh,5.0,4.5,1.881458221630336,1.9193104150315243,1.0,0.75,0,2019.0
Elderly_hh,4.2,1.6666666666666667,0.819544814053155,-2.4631872757750366,0.5833333333333334,0.75,0,2019.0
Child_hh,3.4,3.1666666666666665,-0.2423685935240265,-0.14304143946568096,0.625,0.5,0,2019.0
Single,3.8,2.6666666666666665,0.288588110264564,-0.9164233849021329,0.625,0.75,1,1985.0
Elderly_hh,3.6,3.5,0.023109758370269025,0.37254652415862055,0.625,0.5,0,2019.0
Other_adult,4.0,3.0,0.5540664621588595,-0.4008354212778314,0.6666666666666666,0.75,0,2019.0
Elderly_hh,4.0,4.0,0.5540664621588595,1.1459284695950724,0.5,0.75,0,2019.0
Child_hh,4.0,3.1666666666666665,0.5540664621588595,-0.14304143946568096,0.25,0.5,0,2019.0
Elderly_hh,3.8,3.5,0.288588110264564,0.37254652415862055,0.7083333333333334,0.5,0,2019.0
Other_adult,2.2,2.8333333333333335,-1.835238704889798,-0.6586294030899817,0.7083333333333334,0.25,0,2019.0
Elderly_hh,3.5,3.0,-0.10962941757687875,-0.4008354212778314,0.2,0.5,1,2012.0
Child_hh,5.0,4.333333333333333,1.881458221630336,1.6615164332193733,0.9166666666666669,1.0,0,2019.0
Other_adult,2.2,2.8333333333333335,-1.835238704889798,-0.6586294030899817,0.5,0.5,0,2019.0
Single,3.2,4.166666666666667,-0.5078469454183214,1.4037224514072235,0.7916666666666667,0.5,0,2019.0
Child_hh,3.8,4.0,0.288588110264564,1.1459284695950724,0.625,0.75,1,2017.0
Elderly_hh,3.6,3.5,0.023109758370269025,0.37254652415862055,0.6666666666666666,0.75,1,1985.0
Child_hh,4.0,4.166666666666667,0.5540664621588595,1.4037224514072235,0.5,0.5,0,2019.0
Elderly_hh,3.6,3.6666666666666665,0.023109758370269025,0.630340505970771,0.5833333333333334,0.75,1,2012.0
Child_hh,3.4,3.1666666666666665,-0.2423685935240265,-0.14304143946568096,0.5416666666666666,0.25,0,2019.0
Child_hh,3.4,3.1666666666666665,-0.2423685935240265,-0.14304143946568096,0.5,0.5,0,2019.0
Child_hh,4.0,3.1666666666666665,0.5540664621588595,-0.14304143946568096,0.5,0.5,0,2019.0
Elderly_hh,4.8,3.3333333333333335,1.6159798697360404,0.11475254234647013,0.5,0.25,0,2019.0
Single,4.0,3.6666666666666665,0.5540664621588595,0.630340505970771,0.625,0.75,0,2019.0
Single,3.2,2.8333333333333335,-0.5078469454183214,-0.6586294030899817,0.5416666666666666,0.5,0,2019.0
Other_adult,3.0,3.0,-0.773325297312617,-0.4008354212778314,0.5,0.5,1,2005.0
Other_adult,3.6,3.3333333333333335,0.023109758370269025,0.11475254234647013,0.5416666666666666,0.5,0,2019.0
Child_hh,2.8,1.8333333333333333,-1.0388036492069126,-2.205393293962886,0.5,0.25,0,2019.0
Elderly_hh,2.6,3.5,-1.3042820011012075,0.37254652415862055,0.5,0.25,0,2019.0
Elderly_hh,1.4,2.6666666666666665,-2.8971521124669795,-0.9164233849021329,0.5833333333333334,0.5,0,2019.0
Elderly_hh,4.0,3.1666666666666665,0.5540664621588595,-0.14304143946568096,0.6666666666666666,0.5,0,2019.0
Child_hh,1.0,1.0,-3.4281088162555697,-3.494363203023639,0.5,1.0,0,2019.0
Elderly_hh,4.2,3.5,0.819544814053155,0.37254652415862055,0.2916666666666666,0.75,0,2019.0
Other_adult,2.2,2.5,-1.835238704889798,-1.1742173667142832,0.8333333333333333,0.75,0,2019.0
Elderly_hh,3.4,3.3333333333333335,-0.2423685935240265,0.11475254234647013,0.8333333333333333,0.5,0,2019.0
Other_adult,3.6,2.8333333333333335,0.023109758370269025,-0.6586294030899817,0.4583333333333333,0.5,0,2019.0
Other_adult,3.0,2.0,-0.773325297312617,-1.9475993121507351,0.75,0.0,0,2019.0
Elderly_hh,4.6,3.6666666666666665,1.350501517841745,0.630340505970771,0.4583333333333333,0.75,0,2019.0
Single,3.8,3.6666666666666665,0.288588110264564,0.630340505970771,0.6666666666666666,0.25,1,1985.0
Single,4.2,3.5,0.819544814053155,0.37254652415862055,0.4166666666666666,1.0,0,2019.0
Other_adult,4.4,3.6666666666666665,1.0850231659474505,0.630340505970771,0.7083333333333334,0.5,1,1985.0
Child_hh,4.6,3.6666666666666665,1.350501517841745,0.630340505970771,0.75,0.75,0,2019.0
Elderly_hh,2.4,2.6666666666666665,-1.569760352995503,-0.9164233849021329,0.4583333333333333,0.5,0,2019.0
Single,5.0,4.166666666666667,1.881458221630336,1.4037224514072235,0.75,0.75,1,1985.0
Elderly_hh,3.6,3.5,0.023109758370269025,0.37254652415862055,0.6666666666666666,0.5,0,2019.0
Elderly_hh,3.8,3.5,0.288588110264564,0.37254652415862055,0.625,0.5,1,1985.0
Elderly_hh,5.0,4.166666666666667,1.881458221630336,1.4037224514072235,0.4583333333333333,0.5,0,2019.0
Child_hh,3.2,3.0,-0.5078469454183214,-0.4008354212778314,0.5,0.5,0,2019.0
Other_adult,3.6,3.3333333333333335,0.023109758370269025,0.11475254234647013,0.5,0.75,1,2012.0
Elderly_hh,3.8,3.6666666666666665,0.288588110264564,0.630340505970771,0.5416666666666666,0.5,1,1985.0
Elderly_hh,5.0,3.3333333333333335,1.881458221630336,0.11475254234647013,0.2916666666666666,0.75,1,2005.0
Other_adult,3.2,2.3333333333333335,-0.5078469454183214,-1.4320113485264336,0.7083333333333334,0.5,0,2019.0
Elderly_hh,5.0,4.5,1.881458221630336,1.9193104150315243,0.875,0.75,0,2019.0
Elderly_hh,3.6,2.8333333333333335,0.023109758370269025,-0.6586294030899817,0.625,0.75,1,2005.0
Other_adult,3.8,3.0,0.288588110264564,-0.4008354212778314,0.7083333333333334,1.0,0,2019.0
Single,3.8,3.8333333333333335,0.288588110264564,0.888134487782922,0.5,0.25,0,2019.0
Child_hh,3.6,2.1666666666666665,0.023109758370269025,-1.6898053303385847,0.5833333333333334,0.25,0,2019.0
Elderly_hh,4.2,3.8333333333333335,0.819544814053155,0.888134487782922,0.7083333333333334,0.75,1,1985.0
Other_adult,4.2,3.6666666666666665,0.819544814053155,0.630340505970771,0.5416666666666666,0.25,0,2019.0
Elderly_hh,3.6,3.0,0.023109758370269025,-0.4008354212778314,0.6666666666666666,0.75,0,2019.0
Elderly_hh,1.6,3.1666666666666665,-2.631673760572684,-0.14304143946568096,0.1666666666666666,0.25,0,2019.0
Elderly_hh,5.0,3.8333333333333335,1.881458221630336,0.888134487782922,0.6666666666666666,0.75,1,1985.0
Other_adult,3.8,3.0,0.288588110264564,-0.4008354212778314,0.5,0.5,0,2019.0
Elderly_hh,2.0,2.0,-2.1007170567840934,-1.9475993121507351,0.25,0.25,0,2019.0
Elderly_hh,3.0,1.8333333333333333,-0.773325297312617,-2.205393293962886,0.875,0.75,1,1995.0
Other_adult,3.0,3.3333333333333335,-0.773325297312617,0.11475254234647013,0.625,0.75,0,2019.0
Single,3.6,3.8333333333333335,0.023109758370269025,0.888134487782922,0.4166666666666666,0.75,0,2019.0
Elderly_hh,4.0,4.0,0.5540664621588595,1.1459284695950724,0.4583333333333333,0.25,1,1995.0
Elderly_hh,3.0,3.1666666666666665,-0.773325297312617,-0.14304143946568096,0.5416666666666666,0.75,1,1985.0
Elderly_hh,4.8,3.5,1.6159798697360404,0.37254652415862055,0.5,1.0,1,2012.0
Other_adult,3.4,3.0,-0.2423685935240265,-0.4008354212778314,0.125,0.0,0,2019.0
Other_adult,3.0,3.0,-0.773325297312617,-0.4008354212778314,0.5416666666666666,0.75,0,2019.0
Elderly_hh,3.8,3.5,0.288588110264564,0.37254652415862055,0.5416666666666666,0.5,0,2019.0
Child_hh,4.8,4.166666666666667,1.6159798697360404,1.4037224514072235,0.625,1.0,0,2019.0
Elderly_hh,5.0,4.666666666666667,1.881458221630336,2.1771043968436756,0.625,1.0,0,2019.0
Elderly_hh,2.8,2.8333333333333335,-1.0388036492069126,-0.6586294030899817,0.6666666666666666,0.5,0,2019.0
Child_hh,2.8,3.0,-1.0388036492069126,-0.4008354212778314,0.625,0.5,1,2012.0
Elderly_hh,4.0,3.8333333333333335,0.5540664621588595,0.888134487782922,0.625,0.5,0,2019.0
Elderly_hh,5.0,4.166666666666667,1.881458221630336,1.4037224514072235,0.7916666666666667,0.5,1,1985.0
Other_adult,4.0,4.0,0.5540664621588595,1.1459284695950724,0.5416666666666666,0.5,1,1985.0
Elderly_hh,4.4,2.3333333333333335,1.0850231659474505,-1.4320113485264336,0.0,0.5,0,2019.0
Other_adult,4.2,3.8333333333333335,0.819544814053155,0.888134487782922,0.75,0.5,1,2005.0
Single,3.0,3.3333333333333335,-0.773325297312617,0.11475254234647013,0.6666666666666666,0.0,1,1985.0
Elderly_hh,4.0,3.6666666666666665,0.5540664621588595,0.630340505970771,0.5,0.5,1,1985.0
Single,4.0,3.8333333333333335,0.5540664621588595,0.888134487782922,0.7083333333333334,0.5,0,2019.0
Elderly_hh,3.8,3.3333333333333335,0.288588110264564,0.11475254234647013,0.7083333333333334,0.5,0,2019.0
Other_adult,3.6,3.6666666666666665,0.023109758370269025,0.630340505970771,0.5,0.25,1,1985.0
Single,3.6,3.6666666666666665,0.023109758370269025,0.630340505970771,0.3333333333333333,0.5,0,2019.0
Child_hh,4.0,3.3333333333333335,0.5540664621588595,0.11475254234647013,0.625,0.5,0,2019.0
Elderly_hh,5.0,3.6666666666666665,1.881458221630336,0.630340505970771,0.5,0.5,0,2019.0
Other_adult,2.0,2.3333333333333335,-2.1007170567840934,-1.4320113485264336,0.625,0.5,1,2017.0
Child_hh,4.4,3.3333333333333335,1.0850231659474505,0.11475254234647013,0.6666666666666666,1.0,0,2019.0
Elderly_hh,3.0,3.0,-0.773325297312617,-0.4008354212778314,0.5833333333333334,0.25,0,2019.0
Single,3.6,3.6666666666666665,0.023109758370269025,0.630340505970771,0.625,0.5,0,2019.0
Child_hh,3.8,2.8333333333333335,0.288588110264564,-0.6586294030899817,0.625,0.5,1,2012.0
Elderly_hh,4.0,3.5,0.5540664621588595,0.37254652415862055,0.4583333333333333,0.75,0,2019.0
Elderly_hh,4.0,2.6666666666666665,0.5540664621588595,-0.9164233849021329,0.625,0.5,0,2019.0
Elderly_hh,1.4,1.3333333333333333,-2.8971521124669795,-2.978775239399338,0.75,0.5,0,2019.0
Other_adult,3.2,2.6,-0.5078469454183214,-1.0195409776269928,0.4583333333333333,0.25,0,2019.0
Other_adult,2.8,2.1666666666666665,-1.0388036492069126,-1.6898053303385847,0.6666666666666666,0.75,0,2019.0
Elderly_hh,2.4,1.3333333333333333,-1.569760352995503,-2.978775239399338,0.4583333333333333,0.5,0,2019.0
Child_hh,4.0,3.5,0.5540664621588595,0.37254652415862055,0.4583333333333333,0.75,0,2019.0
Other_adult,4.0,4.0,0.5540664621588595,1.1459284695950724,0.75,0.75,0,2019.0
Elderly_hh,1.6,2.5,-2.631673760572684,-1.1742173667142832,0.6666666666666666,0.75,1,2012.0
Other_adult,3.2,3.0,-0.5078469454183214,-0.4008354212778314,0.5833333333333334,0.5,0,2019.0
Elderly_hh,3.4,3.3333333333333335,-0.2423685935240265,0.11475254234647013,0.375,0.75,1,2005.0
Elderly_hh,3.8,2.8333333333333335,0.288588110264564,-0.6586294030899817,0.5833333333333334,0.5,0,2019.0
Single,4.0,3.3333333333333335,0.5540664621588595,0.11475254234647013,1.0,0.75,0,2019.0
Other_adult,4.6,4.0,1.350501517841745,1.1459284695950724,0.625,0.75,0,2019.0
Other_adult,3.8,4.0,0.288588110264564,1.1459284695950724,0.5,0.75,0,2019.0
Other_adult,4.2,4.0,0.819544814053155,1.1459284695950724,0.5833333333333334,0.75,1,1985.0
Elderly_hh,4.0,3.8333333333333335,0.5540664621588595,0.888134487782922,0.4583333333333333,0.5,1,2012.0
Single,4.0,3.0,0.5540664621588595,-0.4008354212778314,0.4166666666666666,0.75,0,2019.0
Child_hh,4.8,4.0,1.6159798697360404,1.1459284695950724,0.8333333333333333,0.5,1,1995.0
Elderly_hh,3.4,3.0,-0.2423685935240265,-0.4008354212778314,0.7083333333333334,0.75,1,1985.0
Single,4.0,3.6666666666666665,0.5540664621588595,0.630340505970771,0.625,0.5,0,2019.0
Other_adult,3.2,2.5,-0.5078469454183214,-1.1742173667142832,0.7916666666666667,0.75,0,2019.0
Elderly_hh,3.8,3.3333333333333335,0.288588110264564,0.11475254234647013,0.625,0.25,0,2019.0
Child_hh,3.6,3.1666666666666665,0.023109758370269025,-0.14304143946568096,0.375,0.5,1,2012.0
Single,2.2,2.0,-1.835238704889798,-1.9475993121507351,0.5833333333333334,0.5,1,2017.0
Single,3.4,3.0,-0.2423685935240265,-0.4008354212778314,0.5,0.75,0,2019.0
Single,3.8,3.6666666666666665,0.288588110264564,0.630340505970771,0.625,0.5416666666666666,0,2019.0
Single,4.0,3.3333333333333335,0.5540664621588595,0.11475254234647013,0.6666666666666666,0.5,0,2019.0
Other_adult,3.6,2.8333333333333335,0.023109758370269025,-0.6586294030899817,0.3333333333333333,0.5,1,2012.0
Child_hh,3.0,3.0,-0.773325297312617,-0.4008354212778314,0.5,0.5,0,2019.0
Child_hh,4.0,4.0,0.5540664621588595,1.1459284695950724,0.75,0.25,0,2019.0
Child_hh,4.8,2.6666666666666665,1.6159798697360404,-0.9164233849021329,0.625,0.75,0,2019.0
Single,3.6,2.6666666666666665,0.023109758370269025,-0.9164233849021329,0.6666666666666666,0.75,1,1985.0
Child_hh,3.2,3.3333333333333335,-0.5078469454183214,0.11475254234647013,0.5416666666666666,0.5,1,2005.0
Elderly_hh,3.0,2.8333333333333335,-0.773325297312617,-0.6586294030899817,0.4166666666666666,0.75,0,2019.0
Child_hh,2.8,4.0,-1.0388036492069126,1.1459284695950724,0.5833333333333334,0.5,0,2019.0
Elderly_hh,2.8,2.8333333333333335,-1.0388036492069126,-0.6586294030899817,0.2916666666666666,0.5,1,2012.0
Other_adult,3.2,3.1666666666666665,-0.5078469454183214,-0.14304143946568096,0.6666666666666666,0.5,0,2019.0
Elderly_hh,5.0,4.166666666666667,1.881458221630336,1.4037224514072235,0.6666666666666666,0.75,0,2019.0
Child_hh,3.0,3.0,-0.773325297312617,-0.4008354212778314,0.0416666666666666,0.0,0,2019.0
Elderly_hh,4.0,4.0,0.5540664621588595,1.1459284695950724,0.7083333333333334,0.75,0,2019.0
Single,3.2,2.8333333333333335,-0.5078469454183214,-0.6586294030899817,0.5,0.5,1,1995.0
Child_hh,3.2,3.8333333333333335,-0.5078469454183214,0.888134487782922,0.8500000000000001,0.75,1,1995.0
Elderly_hh,2.8,3.1666666666666665,-1.0388036492069126,-0.14304143946568096,0.6666666666666666,0.5,1,1985.0
Elderly_hh,4.6,3.6666666666666665,1.350501517841745,0.630340505970771,0.375,0.5,1,2005.0
Other_adult,3.6,3.1666666666666665,0.023109758370269025,-0.14304143946568096,0.5416666666666666,0.5,1,1985.0
Elderly_hh,5.0,3.6666666666666665,1.881458221630336,0.630340505970771,0.6666666666666666,0.5,0,2019.0
Elderly_hh,3.2,3.5,-0.5078469454183214,0.37254652415862055,0.5,0.25,0,2019.0
Single,4.2,4.166666666666667,0.819544814053155,1.4037224514072235,0.375,0.0,1,2005.0
Elderly_hh,4.0,3.3333333333333335,0.5540664621588595,0.11475254234647013,0.4583333333333333,0.75,1,1985.0
Elderly_hh,4.0,3.6666666666666665,0.5540664621588595,0.630340505970771,0.625,0.75,0,2019.0
Elderly_hh,3.4,3.1666666666666665,-0.2423685935240265,-0.14304143946568096,0.7083333333333334,0.75,0,2019.0
Elderly_hh,2.2,2.8333333333333335,-1.835238704889798,-0.6586294030899817,0.5,0.0,0,2019.0
Single,4.0,4.0,0.5540664621588595,1.1459284695950724,0.4583333333333333,0.75,0,2019.0
Other_adult,3.2,4.0,-0.5078469454183214,1.1459284695950724,0.7916666666666667,0.75,0,2019.0
Other_adult,4.0,3.4,0.5540664621588595,0.21787013507133002,0.5416666666666666,0.5,1,1985.0
Elderly_hh,2.2,3.1666666666666665,-1.835238704889798,-0.14304143946568096,0.3333333333333333,0.75,0,2019.0
Other_adult,3.6,3.0,0.023109758370269025,-0.4008354212778314,0.6666666666666666,0.75,0,2019.0
Single,3.2,3.3333333333333335,-0.5078469454183214,0.11475254234647013,0.4583333333333333,0.75,0,2019.0
Other_adult,4.0,3.8333333333333335,0.5540664621588595,0.888134487782922,0.5833333333333334,0.5,0,2019.0
Other_adult,2.2,3.0,-1.835238704889798,-0.4008354212778314,0.5416666666666666,0.5,1,1985.0
Elderly_hh,3.4,3.0,-0.2423685935240265,-0.4008354212778314,0.5416666666666666,0.5,1,1985.0
Single,5.0,4.0,1.881458221630336,1.1459284695950724,0.4583333333333333,0.75,1,1985.0
Elderly_hh,4.0,4.0,0.5540664621588595,1.1459284695950724,0.4583333333333333,0.75,0,2019.0
Single,2.2,2.3333333333333335,-1.835238704889798,-1.4320113485264336,0.3333333333333333,0.25,1,1985.0
Elderly_hh,4.0,3.6666666666666665,0.5540664621588595,0.630340505970771,0.7083333333333334,0.75,0,2019.0
Elderly_hh,3.4,2.8333333333333335,-0.2423685935240265,-0.6586294030899817,0.3333333333333333,0.25,0,2019.0
Single,4.0,3.6666666666666665,0.5540664621588595,0.630340505970771,0.75,0.75,0,2019.0
Elderly_hh,3.0,2.1666666666666665,-0.773325297312617,-1.6898053303385847,0.3333333333333333,0.25,0,2019.0
Elderly_hh,4.0,3.5,0.5540664621588595,0.37254652415862055,0.6666666666666666,0.5,1,1985.0
Other_adult,4.0,3.8333333333333335,0.5540664621588595,0.888134487782922,0.625,0.75,1,2005.0
Other_adult,3.0,3.6666666666666665,-0.773325297312617,0.630340505970771,0.5833333333333334,0.75,0,2019.0
Single,3.0,2.8333333333333335,-0.773325297312617,-0.6586294030899817,0.5,0.5,0,2019.0
Elderly_hh,3.8,3.3333333333333335,0.288588110264564,0.11475254234647013,0.6666666666666666,0.75,0,2019.0
Elderly_hh,3.0,3.1666666666666665,-0.773325297312617,-0.14304143946568096,0.25,0.75,1,1985.0
Other_adult,4.8,4.0,1.6159798697360404,1.1459284695950724,0.5416666666666666,0.75,0,2019.0
Single,4.2,3.0,0.819544814053155,-0.4008354212778314,0.4583333333333333,0.75,0,2019.0
Single,2.8,3.0,-1.0388036492069126,-0.4008354212778314,0.2916666666666666,0.25,0,2019.0
Elderly_hh,3.0,3.5,-0.773325297312617,0.37254652415862055,0.5416666666666666,0.5,1,2017.0
Child_hh,4.0,3.1666666666666665,0.5540664621588595,-0.14304143946568096,0.5833333333333334,0.75,1,2005.0
Other_adult,3.0,2.6666666666666665,-0.773325297312617,-0.9164233849021329,0.5416666666666666,0.5,1,2005.0
Elderly_hh,4.8,4.0,1.6159798697360404,1.1459284695950724,0.5416666666666666,0.75,0,2019.0
Elderly_hh,1.6,2.3333333333333335,-2.631673760572684,-1.4320113485264336,0.8333333333333333,0.75,0,2019.0
Single,4.0,3.0,0.5540664621588595,-0.4008354212778314,0.7083333333333334,0.25,1,2012.0
Other_adult,3.8,3.6666666666666665,0.288588110264564,0.630340505970771,0.75,0.75,1,1985.0
Single,3.4,3.1666666666666665,-0.2423685935240265,-0.14304143946568096,0.9166666666666669,1.0,0,2019.0
Elderly_hh,4.0,4.0,0.5540664621588595,1.1459284695950724,0.625,0.5,0,2019.0
Child_hh,3.8,2.1666666666666665,0.288588110264564,-1.6898053303385847,0.5,0.5,0,2019.0
Elderly_hh,3.8,3.1666666666666665,0.288588110264564,-0.14304143946568096,0.25,0.25,0,2019.0
Elderly_hh,2.6,2.1666666666666665,-1.3042820011012075,-1.6898053303385847,0.5833333333333334,0.5,0,2019.0
Child_hh,4.0,4.0,0.5540664621588595,1.1459284695950724,0.5833333333333334,0.75,1,1985.0
Elderly_hh,3.4,3.5,-0.2423685935240265,0.37254652415862055,0.2916666666666666,0.5,0,2019.0
Single,2.8,2.1666666666666665,-1.0388036492069126,-1.6898053303385847,0.5,0.5,0,2019.0
Elderly_hh,2.0,2.1666666666666665,-2.1007170567840934,-1.6898053303385847,0.5833333333333334,0.5,0,2019.0
Single,3.0,3.1666666666666665,-0.773325297312617,-0.14304143946568096,0.5,0.5,0,2019.0
Elderly_hh,4.0,3.6666666666666665,0.5540664621588595,0.630340505970771,0.6666666666666666,0.25,1,1985.0
Other_adult,2.2,2.0,-1.835238704889798,-1.9475993121507351,0.4583333333333333,0.25,0,2019.0
Elderly_hh,3.8,3.3333333333333335,0.288588110264564,0.11475254234647013,0.5416666666666666,0.5,0,2019.0
Other_adult,4.4,4.333333333333333,1.0850231659474505,1.6615164332193733,0.75,0.5,0,2019.0
Elderly_hh,4.0,4.0,0.5540664621588595,1.1459284695950724,0.7083333333333334,1.0,0,2019.0
Other_adult,4.0,3.1666666666666665,0.5540664621588595,-0.14304143946568096,0.3333333333333333,0.5,0,2019.0
Single,4.0,3.5,0.5540664621588595,0.37254652415862055,0.5833333333333334,0.5,1,2012.0
Elderly_hh,3.0,3.3333333333333335,-0.773325297312617,0.11475254234647013,1.0,0.5,0,2019.0
Child_hh,3.4,3.3333333333333335,-0.2423685935240265,0.11475254234647013,0.2083333333333333,0.5,1,1995.0
Elderly_hh,3.6,3.6666666666666665,0.023109758370269025,0.630340505970771,0.5833333333333334,0.5,1,2017.0
Other_adult,2.6,3.8333333333333335,-1.3042820011012075,0.888134487782922,0.5,0.25,0,2019.0
Other_adult,4.6,3.6666666666666665,1.350501517841745,0.630340505970771,0.6666666666666666,0.5,0,2019.0
Single,3.6,3.8333333333333335,0.023109758370269025,0.888134487782922,0.5833333333333334,0.5,0,2019.0
Single,5.0,3.5,1.881458221630336,0.37254652415862055,0.625,0.25,1,2017.0
Elderly_hh,4.0,3.1666666666666665,0.5540664621588595,-0.14304143946568096,0.5833333333333334,0.5,0,2019.0
Elderly_hh,2.2,3.0,-1.835238704889798,-0.4008354212778314,0.7916666666666667,1.0,0,2019.0
Child_hh,4.0,3.5,0.5540664621588595,0.37254652415862055,0.625,0.5,0,2019.0
Single,3.2,2.1666666666666665,-0.5078469454183214,-1.6898053303385847,0.5,0.25,0,2019.0
Single,2.4,2.5,-1.569760352995503,-1.1742173667142832,0.5833333333333334,0.5,1,1985.0
Elderly_hh,4.0,3.3333333333333335,0.5540664621588595,0.11475254234647013,0.6666666666666666,0.75,0,2019.0
Child_hh,2.8,2.8333333333333335,-1.0388036492069126,-0.6586294030899817,0.625,0.5,0,2019.0
Single,3.4,3.6666666666666665,-0.2423685935240265,0.630340505970771,0.4499999999999999,0.75,0,2019.0
Elderly_hh,3.8,2.6666666666666665,0.288588110264564,-0.9164233849021329,0.5416666666666666,0.5,1,1985.0
Single,1.2,3.6666666666666665,-3.162630464361275,0.630340505970771,0.0,0.5,1,1985.0
Child_hh,2.4,2.6666666666666665,-1.569760352995503,-0.9164233849021329,0.5416666666666666,0.75,0,2019.0
Other_adult,4.0,4.0,0.5540664621588595,1.1459284695950724,0.5416666666666666,0.25,0,2019.0
Child_hh,4.2,3.6666666666666665,0.819544814053155,0.630340505970771,0.6666666666666666,1.0,1,1985.0
Child_hh,4.0,2.8333333333333335,0.5540664621588595,-0.6586294030899817,0.7083333333333334,0.75,0,2019.0
Elderly_hh,3.0,3.0,-0.773325297312617,-0.4008354212778314,0.5,0.5,1,1985.0
Other_adult,3.0,3.5,-0.773325297312617,0.37254652415862055,0.5416666666666666,0.5,0,2019.0
Child_hh,4.2,3.1666666666666665,0.819544814053155,-0.14304143946568096,0.6666666666666666,0.75,0,2019.0
Child_hh,2.0,1.1666666666666667,-2.1007170567840934,-3.2365692212114885,0.5833333333333334,0.5,1,2012.0
Elderly_hh,4.2,3.5,0.819544814053155,0.37254652415862055,0.5,0.5,0,2019.0
Other_adult,4.0,3.0,0.5540664621588595,-0.4008354212778314,0.75,0.5,0,2019.0
Single,4.0,3.0,0.5540664621588595,-0.4008354212778314,0.4583333333333333,0.5,1,1995.0
Child_hh,4.2,3.8333333333333335,0.819544814053155,0.888134487782922,0.6666666666666666,0.5,0,2019.0
Child_hh,4.0,4.0,0.5540664621588595,1.1459284695950724,0.4583333333333333,0.5,0,2019.0
Other_adult,4.0,3.1666666666666665,0.5540664621588595,-0.14304143946568096,0.25,0.5,1,2005.0
Elderly_hh,4.0,3.1666666666666665,0.5540664621588595,-0.14304143946568096,0.7083333333333334,0.5,0,2019.0
Elderly_hh,2.0,2.4,-2.1007170567840934,-1.3288937558015739,0.7916666666666667,1.0,0,2019.0
Elderly_hh,4.8,3.3333333333333335,1.6159798697360404,0.11475254234647013,1.0,0.75,0,2019.0
Elderly_hh,4.0,3.6666666666666665,0.5540664621588595,0.630340505970771,0.75,0.25,1,1985.0
Single,2.8,3.3333333333333335,-1.0388036492069126,0.11475254234647013,0.75,0.5,0,2019.0
Other_adult,4.0,4.0,0.5540664621588595,1.1459284695950724,0.375,0.5,1,2012.0
Other_adult,3.6,3.1666666666666665,0.023109758370269025,-0.14304143946568096,0.4583333333333333,0.5,0,2019.0
Elderly_hh,4.0,3.0,0.5540664621588595,-0.4008354212778314,0.5,0.5,0,2019.0
Single,3.2,3.6666666666666665,-0.5078469454183214,0.630340505970771,0.625,0.5,1,2012.0
Other_adult,4.0,3.6666666666666665,0.5540664621588595,0.630340505970771,0.5416666666666666,0.75,0,2019.0
Other_adult,1.8,2.8333333333333335,-2.3661954086783887,-0.6586294030899817,0.875,0.5,0,2019.0
Child_hh,2.6,3.0,-1.3042820011012075,-0.4008354212778314,0.5,0.5,0,2019.0
Elderly_hh,4.2,4.666666666666667,0.819544814053155,2.1771043968436756,0.5833333333333334,0.5,0,2019.0
Single,3.6,3.1666666666666665,0.023109758370269025,-0.14304143946568096,0.7083333333333334,0.75,1,1985.0
Elderly_hh,2.2,1.8333333333333333,-1.835238704889798,-2.205393293962886,0.25,0.0,1,1985.0
Single,2.6,2.8333333333333335,-1.3042820011012075,-0.6586294030899817,0.4583333333333333,0.25,1,2005.0
Elderly_hh,4.0,3.5,0.5540664621588595,0.37254652415862055,0.5833333333333334,0.5,0,2019.0
Single,3.8,3.5,0.288588110264564,0.37254652415862055,0.7083333333333334,0.5,0,2019.0
Elderly_hh,2.8,2.3333333333333335,-1.0388036492069126,-1.4320113485264336,0.7083333333333334,0.5,1,2017.0
Elderly_hh,3.4,3.1666666666666665,-0.2423685935240265,-0.14304143946568096,0.4166666666666666,0.5,0,2019.0
Elderly_hh,4.0,3.1666666666666665,0.5540664621588595,-0.14304143946568096,0.4583333333333333,0.5,0,2019.0
Elderly_hh,4.0,3.8333333333333335,0.5540664621588595,0.888134487782922,0.5833333333333334,0.75,1,2005.0
Single,3.8,2.1666666666666665,0.288588110264564,-1.6898053303385847,0.5416666666666666,0.5,0,2019.0
Elderly_hh,2.6,1.8333333333333333,-1.3042820011012075,-2.205393293962886,0.5,0.0,1,1985.0
Elderly_hh,4.0,3.0,0.5540664621588595,-0.4008354212778314,0.4583333333333333,0.75,0,2019.0
Child_hh,4.0,3.5,0.5540664621588595,0.37254652415862055,0.5416666666666666,0.75,0,2019.0
Child_hh,4.0,3.3333333333333335,0.5540664621588595,0.11475254234647013,0.7083333333333334,0.75,0,2019.0
Elderly_hh,4.4,3.8333333333333335,1.0850231659474505,0.888134487782922,0.6666666666666666,0.75,0,2019.0
Child_hh,4.0,3.8333333333333335,0.5540664621588595,0.888134487782922,0.625,0.75,1,1985.0
Elderly_hh,3.8,4.0,0.288588110264564,1.1459284695950724,0.5833333333333334,0.5,1,2012.0
Elderly_hh,3.2,2.3333333333333335,-0.5078469454183214,-1.4320113485264336,0.6666666666666666,0.5,0,2019.0
Child_hh,3.4,3.0,-0.2423685935240265,-0.4008354212778314,0.5416666666666666,0.5,1,1985.0
Elderly_hh,4.4,3.8333333333333335,1.0850231659474505,0.888134487782922,0.5833333333333334,0.5,1,1985.0
Single,4.0,3.1666666666666665,0.5540664621588595,-0.14304143946568096,0.5833333333333334,0.25,0,2019.0
Child_hh,3.8,3.5,0.288588110264564,0.37254652415862055,0.3333333333333333,0.75,0,2019.0
Child_hh,4.0,3.0,0.5540664621588595,-0.4008354212778314,0.6666666666666666,0.5,1,1985.0
Other_adult,4.2,3.6666666666666665,0.819544814053155,0.630340505970771,0.5,0.25,0,2019.0
Elderly_hh,3.8,2.0,0.288588110264564,-1.9475993121507351,0.6666666666666666,0.5,1,1985.0
Elderly_hh,4.0,4.0,0.5540664621588595,1.1459284695950724,0.6666666666666666,0.5,1,1985.0
Single,2.8,3.1666666666666665,-1.0388036492069126,-0.14304143946568096,0.5,0.5,0,2019.0
Elderly_hh,4.0,3.3333333333333335,0.5540664621588595,0.11475254234647013,0.8333333333333333,0.75,1,1985.0
Elderly_hh,2.4,2.6666666666666665,-1.569760352995503,-0.9164233849021329,0.5,0.5,0,2019.0
Elderly_hh,3.2,3.8,-0.5078469454183214,0.8365756914204914,0.5833333333333334,0.5,1,1985.0
Child_hh,3.6,4.0,0.023109758370269025,1.1459284695950724,0.5833333333333334,1.0,1,1985.0
Elderly_hh,5.0,3.6666666666666665,1.881458221630336,0.630340505970771,0.5416666666666666,0.5,1,2012.0
Single,2.6,3.3333333333333335,-1.3042820011012075,0.11475254234647013,0.5,0.5,0,2019.0
Single,4.8,4.0,1.6159798697360404,1.1459284695950724,1.0,0.75,0,2019.0
Child_hh,4.0,3.5,0.5540664621588595,0.37254652415862055,0.6666666666666666,0.75,0,2019.0
Elderly_hh,5.0,3.8333333333333335,1.881458221630336,0.888134487782922,0.7916666666666667,0.75,0,2019.0
Child_hh,4.0,3.6666666666666665,0.5540664621588595,0.630340505970771,0.5416666666666666,0.5,0,2019.0
Single,3.2,3.6666666666666665,-0.5078469454183214,0.630340505970771,0.7083333333333334,0.75,0,2019.0
Single,5.0,4.0,1.881458221630336,1.1459284695950724,0.6666666666666666,0.0,0,2019.0
Single,3.0,1.8333333333333333,-0.773325297312617,-2.205393293962886,0.5833333333333334,0.5,0,2019.0
Other_adult,4.6,3.3333333333333335,1.350501517841745,0.11475254234647013,0.7083333333333334,0.5,0,2019.0
Other_adult,4.0,3.5,0.5540664621588595,0.37254652415862055,0.5,0.75,1,1985.0
Elderly_hh,3.8,2.3333333333333335,0.288588110264564,-1.4320113485264336,0.4583333333333333,0.5,0,2019.0
Elderly_hh,3.6,3.0,0.023109758370269025,-0.4008354212778314,0.125,0.25,0,2019.0
Single,2.6,3.0,-1.3042820011012075,-0.4008354212778314,0.6666666666666666,0.5,1,1985.0
Elderly_hh,4.6,3.6666666666666665,1.350501517841745,0.630340505970771,0.375,0.25,1,1985.0
Other_adult,3.8,3.3333333333333335,0.288588110264564,0.11475254234647013,0.5,0.5,0,2019.0
Elderly_hh,4.0,3.1666666666666665,0.5540664621588595,-0.14304143946568096,0.4583333333333333,0.5,0,2019.0
Other_adult,3.6,3.0,0.023109758370269025,-0.4008354212778314,0.6666666666666666,0.75,0,2019.0
Elderly_hh,4.0,3.6666666666666665,0.5540664621588595,0.630340505970771,0.3333333333333333,0.25,1,1995.0
Elderly_hh,2.8,2.3333333333333335,-1.0388036492069126,-1.4320113485264336,0.4166666666666666,0.75,0,2019.0
Single,2.8,3.0,-1.0388036492069126,-0.4008354212778314,0.5416666666666666,0.75,1,1985.0
Elderly_hh,4.0,3.1666666666666665,0.5540664621588595,-0.14304143946568096,0.1666666666666666,0.25,0,2019.0
Elderly_hh,4.8,3.6666666666666665,1.6159798697360404,0.630340505970771,0.625,0.75,0,2019.0
Elderly_hh,4.0,4.0,0.5540664621588595,1.1459284695950724,0.5833333333333334,0.8333333333333333,1,1985.0
Other_adult,3.0,3.0,-0.773325297312617,-0.4008354212778314,0.5,0.25,0,2019.0
Elderly_hh,2.0,2.6666666666666665,-2.1007170567840934,-0.9164233849021329,0.4166666666666666,0.5,0,2019.0
Elderly_hh,3.2,2.3333333333333335,-0.5078469454183214,-1.4320113485264336,0.4583333333333333,0.5416666666666666,0,2019.0
Elderly_hh,3.6,3.6666666666666665,0.023109758370269025,0.630340505970771,0.2083333333333333,0.5,0,2019.0
Other_adult,4.8,3.8333333333333335,1.6159798697360404,0.888134487782922,0.3333333333333333,0.75,0,2019.0
Elderly_hh,3.8,3.1666666666666665,0.288588110264564,-0.14304143946568096,0.5833333333333334,0.25,0,2019.0
Elderly_hh,3.6,3.0,0.023109758370269025,-0.4008354212778314,0.75,0.75,0,2019.0
Other_adult,2.6,3.0,-1.3042820011012075,-0.4008354212778314,0.3333333333333333,0.5,0,2019.0
Other_adult,3.6,4.0,0.023109758370269025,1.1459284695950724,0.6666666666666666,0.75,0,2019.0
Child_hh,4.2,3.8333333333333335,0.819544814053155,0.888134487782922,0.5833333333333334,0.5,0,2019.0
Elderly_hh,4.0,3.8333333333333335,0.5540664621588595,0.888134487782922,0.3333333333333333,0.75,0,2019.0
Other_adult,3.4,3.1666666666666665,-0.2423685935240265,-0.14304143946568096,0.625,0.5,0,2019.0
Child_hh,3.6,2.6666666666666665,0.023109758370269025,-0.9164233849021329,0.5,0.75,1,2012.0
Single,1.0,2.0,-3.4281088162555697,-1.9475993121507351,0.375,0.5,1,2017.0
Other_adult,3.6,2.6666666666666665,0.023109758370269025,-0.9164233849021329,0.6666666666666666,0.5,0,2019.0
Elderly_hh,4.4,4.0,1.0850231659474505,1.1459284695950724,0.75,0.5,1,1985.0
Child_hh,4.6,3.6666666666666665,1.350501517841745,0.630340505970771,0.5833333333333334,0.25,1,2012.0
Single,4.0,4.0,0.5540664621588595,1.1459284695950724,0.625,0.75,0,2019.0
Other_adult,4.0,3.8333333333333335,0.5540664621588595,0.888134487782922,0.6666666666666666,0.25,0,2019.0
Single,4.0,3.0,0.5540664621588595,-0.4008354212778314,0.5833333333333334,0.25,0,2019.0
Single,4.0,3.0,0.5540664621588595,-0.4008354212778314,0.5,0.5,1,1985.0
Other_adult,3.0,2.6666666666666665,-0.773325297312617,-0.9164233849021329,0.5833333333333334,0.5,1,2017.0
Other_adult,3.2,3.8333333333333335,-0.5078469454183214,0.888134487782922,0.5833333333333334,0.75,1,1985.0
Other_adult,4.4,3.3333333333333335,1.0850231659474505,0.11475254234647013,0.5833333333333334,0.5,0,2019.0
Child_hh,2.0,2.5,-2.1007170567840934,-1.1742173667142832,0.5,1.0,0,2019.0
Elderly_hh,3.0,2.6666666666666665,-0.773325297312617,-0.9164233849021329,0.6666666666666666,0.0,1,1985.0
Child_hh,4.4,4.333333333333333,1.0850231659474505,1.6615164332193733,0.5833333333333334,0.75,1,1995.0
Elderly_hh,3.4,3.0,-0.2423685935240265,-0.4008354212778314,0.1875,0.75,0,2019.0
Child_hh,2.8,3.0,-1.0388036492069126,-0.4008354212778314,0.3333333333333333,0.5,0,2019.0
Elderly_hh,3.8,3.3333333333333335,0.288588110264564,0.11475254234647013,0.7083333333333334,0.75,0,2019.0
Single,3.0,3.1666666666666665,-0.773325297312617,-0.14304143946568096,0.5416666666666666,0.75,0,2019.0
Single,3.6,2.8333333333333335,0.023109758370269025,-0.6586294030899817,0.4583333333333333,0.5,0,2019.0
Single,3.2,3.0,-0.5078469454183214,-0.4008354212778314,0.375,0.25,0,2019.0
Elderly_hh,4.0,3.6666666666666665,0.5540664621588595,0.630340505970771,0.5833333333333334,0.5,0,2019.0
Child_hh,3.8,4.0,0.288588110264564,1.1459284695950724,0.5833333333333334,0.5,0,2019.0
Single,3.4,3.5,-0.2423685935240265,0.37254652415862055,0.5833333333333334,0.5,0,2019.0
Child_hh,3.4,3.5,-0.2423685935240265,0.37254652415862055,0.5416666666666666,0.5,0,2019.0
Single,2.6,2.5,-1.3042820011012075,-1.1742173667142832,0.4166666666666666,0.75,0,2019.0
Elderly_hh,3.2,3.5,-0.5078469454183214,0.37254652415862055,0.5833333333333334,0.25,1,1985.0
Elderly_hh,4.0,3.8333333333333335,0.5540664621588595,0.888134487782922,0.7083333333333334,0.75,0,2019.0
Other_adult,4.8,2.6666666666666665,1.6159798697360404,-0.9164233849021329,0.7083333333333334,0.75,1,2017.0
Child_hh,3.2,3.6666666666666665,-0.5078469454183214,0.630340505970771,0.5416666666666666,0.5,0,2019.0
Elderly_hh,4.0,3.0,0.5540664621588595,-0.4008354212778314,0.5833333333333334,0.5,0,2019.0
Single,4.0,3.8333333333333335,0.5540664621588595,0.888134487782922,0.7083333333333334,0.5,1,2012.0
Elderly_hh,4.0,4.0,0.5540664621588595,1.1459284695950724,0.625,0.75,0,2019.0
Elderly_hh,4.0,3.6666666666666665,0.5540664621588595,0.630340505970771,0.3333333333333333,0.25,0,2019.0
Elderly_hh,1.8,2.0,-2.3661954086783887,-1.9475993121507351,1.0,1.0,0,2019.0
Child_hh,3.0,4.333333333333333,-0.773325297312617,1.6615164332193733,0.7083333333333334,0.75,0,2019.0
Child_hh,3.2,3.1666666666666665,-0.5078469454183214,-0.14304143946568096,1.0,1.0,0,2019.0
Single,4.2,3.5,0.819544814053155,0.37254652415862055,0.5416666666666666,0.5,1,2005.0
Child_hh,3.6,3.3333333333333335,0.023109758370269025,0.11475254234647013,0.375,0.5,0,2019.0
Elderly_hh,3.4,3.5,-0.2423685935240265,0.37254652415862055,0.6666666666666666,0.5,1,1985.0
Other_adult,3.0,2.3333333333333335,-0.773325297312617,-1.4320113485264336,0.2083333333333333,0.25,0,2019.0
Child_hh,3.8,3.3333333333333335,0.288588110264564,0.11475254234647013,0.5416666666666666,0.5,1,2012.0
Elderly_hh,2.4,2.0,-1.569760352995503,-1.9475993121507351,0.4166666666666666,0.5,1,2005.0
Elderly_hh,3.8,3.5,0.288588110264564,0.37254652415862055,0.7083333333333334,0.25,0,2019.0
Elderly_hh,3.0,3.0,-0.773325297312617,-0.4008354212778314,0.4166666666666666,0.25,0,2019.0
Elderly_hh,5.0,4.333333333333333,1.881458221630336,1.6615164332193733,0.7083333333333334,0.75,0,2019.0
Other_adult,2.4,2.6666666666666665,-1.569760352995503,-0.9164233849021329,0.5,0.5,0,2019.0
Other_adult,4.2,3.5,0.819544814053155,0.37254652415862055,0.4583333333333333,0.75,0,2019.0
Child_hh,2.8,2.5,-1.0388036492069126,-1.1742173667142832,0.5416666666666666,0.75,0,2019.0
Child_hh,2.4,3.6666666666666665,-1.569760352995503,0.630340505970771,0.625,0.5,0,2019.0
Elderly_hh,3.4,3.3333333333333335,-0.2423685935240265,0.11475254234647013,0.5,0.75,1,1985.0
Elderly_hh,4.0,3.6666666666666665,0.5540664621588595,0.630340505970771,0.5416666666666666,0.5,1,1995.0
Elderly_hh,1.8,2.5,-2.3661954086783887,-1.1742173667142832,0.5,0.5,0,2019.0
Single,3.8,2.8333333333333335,0.288588110264564,-0.6586294030899817,0.5833333333333334,0.5,0,2019.0
Elderly_hh,4.0,3.0,0.5540664621588595,-0.4008354212778314,0.6666666666666666,0.25,0,2019.0
Single,4.0,3.5,0.5540664621588595,0.37254652415862055,0.2083333333333333,0.75,0,2019.0
Elderly_hh,3.6,3.5,0.023109758370269025,0.37254652415862055,0.4583333333333333,0.5,0,2019.0
Other_adult,4.0,3.1666666666666665,0.5540664621588595,-0.14304143946568096,0.5416666666666666,0.25,0,2019.0
Single,3.6,4.166666666666667,0.023109758370269025,1.4037224514072235,0.5833333333333334,0.75,1,1985.0
Single,3.8,3.1666666666666665,0.288588110264564,-0.14304143946568096,0.625,0.5,0,2019.0
Other_adult,4.0,3.8333333333333335,0.5540664621588595,0.888134487782922,0.5,0.25,1,2012.0
Elderly_hh,3.8,3.8333333333333335,0.288588110264564,0.888134487782922,0.5416666666666666,0.5,1,1985.0
Elderly_hh,3.4,3.3333333333333335,-0.2423685935240265,0.11475254234647013,0.75,0.25,0,2019.0
Single,4.0,3.8333333333333335,0.5540664621588595,0.888134487782922,0.5833333333333334,0.5,0,2019.0
Elderly_hh,3.6,3.0,0.023109758370269025,-0.4008354212778314,0.5833333333333334,0.5,0,2019.0
Other_adult,3.2,3.3333333333333335,-0.5078469454183214,0.11475254234647013,0.6666666666666666,0.5,1,2005.0
Elderly_hh,2.6,1.3333333333333333,-1.3042820011012075,-2.978775239399338,0.5,0.5,1,2017.0
Single,2.8,3.3333333333333335,-1.0388036492069126,0.11475254234647013,0.4583333333333333,0.5,0,2019.0
Single,4.6,3.6666666666666665,1.350501517841745,0.630340505970771,0.6666666666666666,0.5,1,2012.0
Other_adult,4.0,3.6666666666666665,0.5540664621588595,0.630340505970771,0.7083333333333334,1.0,1,1985.0
Child_hh,4.0,3.6666666666666665,0.5540664621588595,0.630340505970771,0.5416666666666666,0.75,1,1985.0
Elderly_hh,4.0,3.6666666666666665,0.5540664621588595,0.630340505970771,0.625,0.5,0,2019.0
Single,4.0,3.8333333333333335,0.5540664621588595,0.888134487782922,0.75,0.75,1,2005.0
Child_hh,3.2,3.5,-0.5078469454183214,0.37254652415862055,0.5416666666666666,0.5,0,2019.0
Child_hh,3.6,3.1666666666666665,0.023109758370269025,-0.14304143946568096,0.6666666666666666,0.5,1,2017.0
Child_hh,3.2,3.5,-0.5078469454183214,0.37254652415862055,0.5833333333333334,0.5,0,2019.0
Elderly_hh,3.6,4.0,0.023109758370269025,1.1459284695950724,0.4583333333333333,0.75,0,2019.0
Elderly_hh,3.2,3.0,-0.5078469454183214,-0.4008354212778314,0.6666666666666666,0.5,1,1985.0
Child_hh,4.6,1.8333333333333333,1.350501517841745,-2.205393293962886,0.5833333333333334,0.25,1,2012.0
Other_adult,2.8,2.5,-1.0388036492069126,-1.1742173667142832,0.375,0.5,0,2019.0
Other_adult,3.8,3.6666666666666665,0.288588110264564,0.630340505970771,0.375,0.5,0,2019.0
Single,2.0,2.0,-2.1007170567840934,-1.9475993121507351,0.6666666666666666,0.5,1,2012.0
Child_hh,3.0,2.5,-0.773325297312617,-1.1742173667142832,0.5,0.5,0,2019.0
Elderly_hh,4.0,3.3333333333333335,0.5540664621588595,0.11475254234647013,0.4375,0.75,1,2017.0
Elderly_hh,3.0,2.5,-0.773325297312617,-1.1742173667142832,0.375,0.5,1,2012.0
Other_adult,3.6,3.1666666666666665,0.023109758370269025,-0.14304143946568096,0.5,0.5,0,2019.0
Single,3.2,3.0,-0.5078469454183214,-0.4008354212778314,0.5833333333333334,0.5,1,1985.0
Elderly_hh,4.2,4.5,0.819544814053155,1.9193104150315243,0.75,0.75,0,2019.0
Elderly_hh,4.6,3.5,1.350501517841745,0.37254652415862055,0.7083333333333334,0.5,1,2012.0
Elderly_hh,4.0,3.5,0.5540664621588595,0.37254652415862055,0.6666666666666666,0.75,1,1995.0
Single,5.0,3.5,1.881458221630336,0.37254652415862055,0.5833333333333334,1.0,0,2019.0
Child_hh,4.0,3.6666666666666665,0.5540664621588595,0.630340505970771,0.6666666666666666,0.5,0,2019.0
Child_hh,3.4,2.6666666666666665,-0.2423685935240265,-0.9164233849021329,0.5416666666666666,0.25,0,2019.0
Other_adult,3.4,2.6666666666666665,-0.2423685935240265,-0.9164233849021329,0.5833333333333334,0.25,0,2019.0
Elderly_hh,3.0,2.6666666666666665,-0.773325297312617,-0.9164233849021329,0.3333333333333333,0.75,0,2019.0
Child_hh,3.4,2.0,-0.2423685935240265,-1.9475993121507351,0.625,0.75,0,2019.0
Child_hh,3.8,3.8333333333333335,0.288588110264564,0.888134487782922,0.5833333333333334,0.5,0,2019.0
Single,4.0,3.0,0.5540664621588595,-0.4008354212778314,0.5416666666666666,0.75,0,2019.0
Elderly_hh,4.0,4.0,0.5540664621588595,1.1459284695950724,0.5833333333333334,0.75,0,2019.0
Elderly_hh,3.2,2.75,-0.5078469454183214,-0.7875263939960574,0.4166666666666666,0.5,0,2019.0
Elderly_hh,3.0,2.8333333333333335,-0.773325297312617,-0.6586294030899817,0.6666666666666666,0.75,0,2019.0
Other_adult,1.8,2.1666666666666665,-2.3661954086783887,-1.6898053303385847,0.5416666666666666,0.5,0,2019.0
Child_hh,3.2,2.6666666666666665,-0.5078469454183214,-0.9164233849021329,0.25,0.5,0,2019.0
Other_adult,3.4,2.8333333333333335,-0.2423685935240265,-0.6586294030899817,0.5416666666666666,0.5,0,2019.0
Child_hh,2.6,2.8333333333333335,-1.3042820011012075,-0.6586294030899817,0.5416666666666666,0.5,0,2019.0
Elderly_hh,3.5,3.0,-0.10962941757687875,-0.4008354212778314,0.75,0.75,1,2005.0
Other_adult,4.4,3.6666666666666665,1.0850231659474505,0.630340505970771,0.4166666666666666,0.25,0,2019.0
Child_hh,3.6,2.5,0.023109758370269025,-1.1742173667142832,0.7083333333333334,0.5,0,2019.0
Single,3.4,3.1666666666666665,-0.2423685935240265,-0.14304143946568096,0.5,0.75,0,2019.0
Elderly_hh,2.0,2.6666666666666665,-2.1007170567840934,-0.9164233849021329,0.75,0.25,0,2019.0
Child_hh,3.0,2.5,-0.773325297312617,-1.1742173667142832,0.375,0.25,1,2012.0
Child_hh,4.0,3.1666666666666665,0.5540664621588595,-0.14304143946568096,0.4166666666666666,0.5,0,2019.0
Child_hh,3.8,3.0,0.288588110264564,-0.4008354212778314,0.6666666666666666,0.5,0,2019.0
Single,3.2,3.0,-0.5078469454183214,-0.4008354212778314,0.65,0.55,1,2012.0
Child_hh,3.8,3.3333333333333335,0.288588110264564,0.11475254234647013,0.5833333333333334,0.5,0,2019.0
Other_adult,4.0,2.6666666666666665,0.5540664621588595,-0.9164233849021329,0.5,0.5,1,1985.0
Single,3.8,3.3333333333333335,0.288588110264564,0.11475254234647013,0.625,0.5,0,2019.0
Child_hh,3.2,2.6666666666666665,-0.5078469454183214,-0.9164233849021329,0.4166666666666666,0.5,0,2019.0
Single,4.0,3.3333333333333335,0.5540664621588595,0.11475254234647013,0.2916666666666666,0.75,0,2019.0
Single,4.0,4.0,0.5540664621588595,1.1459284695950724,0.4499999999999999,0.75,0,2019.0
Elderly_hh,3.4,3.0,-0.2423685935240265,-0.4008354212778314,0.6666666666666666,0.75,0,2019.0
Elderly_hh,2.2,3.3333333333333335,-1.835238704889798,0.11475254234647013,0.5416666666666666,1.0,0,2019.0
Single,4.0,4.0,0.5540664621588595,1.1459284695950724,0.6666666666666666,0.5,1,1985.0
Elderly_hh,3.6,4.0,0.023109758370269025,1.1459284695950724,0.5833333333333334,0.5,0,2019.0
Single,4.0,3.6666666666666665,0.5540664621588595,0.630340505970771,0.75,0.75,1,1995.0
Other_adult,2.8,3.3333333333333335,-1.0388036492069126,0.11475254234647013,0.5,0.5,1,2005.0
Other_adult,4.0,3.8333333333333335,0.5540664621588595,0.888134487782922,0.3333333333333333,0.75,0,2019.0
Elderly_hh,2.4,3.1666666666666665,-1.569760352995503,-0.14304143946568096,0.625,0.75,0,2019.0
Other_adult,3.75,2.6,0.22221852229099037,-1.0195409776269928,0.6666666666666666,0.5,1,2017.0
Elderly_hh,4.8,3.6666666666666665,1.6159798697360404,0.630340505970771,0.5833333333333334,0.75,0,2019.0
Elderly_hh,3.8,3.3333333333333335,0.288588110264564,0.11475254234647013,0.5416666666666666,0.75,0,2019.0
Elderly_hh,4.0,3.5,0.5540664621588595,0.37254652415862055,0.4583333333333333,0.5,0,2019.0
Single,5.0,3.5,1.881458221630336,0.37254652415862055,0.6666666666666666,0.75,0,2019.0
Elderly_hh,3.8,3.1666666666666665,0.288588110264564,-0.14304143946568096,0.5416666666666666,0.5,0,2019.0
Other_adult,3.8,3.5,0.288588110264564,0.37254652415862055,0.5,0.5,0,2019.0
Child_hh,2.8,2.1666666666666665,-1.0388036492069126,-1.6898053303385847,0.7916666666666667,1.0,0,2019.0
Child_hh,3.6,3.4,0.023109758370269025,0.21787013507133002,0.5,0.75,0,2019.0
Other_adult,3.2,3.3333333333333335,-0.5078469454183214,0.11475254234647013,0.7083333333333334,0.5,1,1995.0
Single,3.0,3.0,-0.773325297312617,-0.4008354212778314,0.5,0.5,0,2019.0
Other_adult,4.0,4.0,0.5540664621588595,1.1459284695950724,0.75,0.75,1,1985.0
Single,3.8,3.8333333333333335,0.288588110264564,0.888134487782922,0.75,0.5,0,2019.0
Elderly_hh,3.6,3.8333333333333335,0.023109758370269025,0.888134487782922,0.5416666666666666,0.5,0,2019.0
Elderly_hh,3.2,2.6666666666666665,-0.5078469454183214,-0.9164233849021329,0.4166666666666666,0.5,1,1985.0
Other_adult,4.0,3.3333333333333335,0.5540664621588595,0.11475254234647013,0.6666666666666666,0.75,0,2019.0
Elderly_hh,3.8,2.8333333333333335,0.288588110264564,-0.6586294030899817,0.5416666666666666,0.75,0,2019.0
Single,4.8,4.333333333333333,1.6159798697360404,1.6615164332193733,0.75,0.75,0,2019.0
Elderly_hh,4.0,3.0,0.5540664621588595,-0.4008354212778314,0.3333333333333333,0.5,0,2019.0
Other_adult,4.0,3.3333333333333335,0.5540664621588595,0.11475254234647013,0.625,0.5,1,1985.0
Elderly_hh,5.0,4.666666666666667,1.881458221630336,2.1771043968436756,0.5833333333333334,0.5,0,2019.0
Other_adult,4.0,3.3333333333333335,0.5540664621588595,0.11475254234647013,0.5,0.4583333333333333,1,2005.0
Child_hh,3.4,4.166666666666667,-0.2423685935240265,1.4037224514072235,0.7083333333333334,0.5,1,1985.0
Elderly_hh,4.0,3.8333333333333335,0.5540664621588595,0.888134487782922,0.7916666666666667,0.75,1,1985.0
Single,2.0,1.8333333333333333,-2.1007170567840934,-2.205393293962886,0.4499999999999999,0.75,0,2019.0
Elderly_hh,3.2,2.6666666666666665,-0.5078469454183214,-0.9164233849021329,0.5833333333333334,0.25,0,2019.0
Elderly_hh,4.2,2.3333333333333335,0.819544814053155,-1.4320113485264336,0.625,0.25,0,2019.0
Single,4.0,3.4,0.5540664621588595,0.21787013507133002,0.6666666666666666,0.75,0,2019.0
Elderly_hh,1.8,2.5,-2.3661954086783887,-1.1742173667142832,0.5416666666666666,0.75,0,2019.0
Elderly_hh,3.2,3.1666666666666665,-0.5078469454183214,-0.14304143946568096,0.5833333333333334,0.75,0,2019.0
Elderly_hh,4.8,3.0,1.6159798697360404,-0.4008354212778314,0.625,0.5,1,1985.0
Other_adult,3.0,3.8333333333333335,-0.773325297312617,0.888134487782922,0.5,0.5,0,2019.0
Elderly_hh,2.4,1.1666666666666667,-1.569760352995503,-3.2365692212114885,0.0416666666666666,0.75,0,2019.0
Elderly_hh,3.0,3.1666666666666665,-0.773325297312617,-0.14304143946568096,0.6666666666666666,0.75,0,2019.0
Other_adult,4.8,4.0,1.6159798697360404,1.1459284695950724,0.5416666666666666,0.75,1,2017.0
Other_adult,4.0,4.166666666666667,0.5540664621588595,1.4037224514072235,0.7083333333333334,0.75,1,2017.0
Elderly_hh,3.8,3.3333333333333335,0.288588110264564,0.11475254234647013,0.625,0.75,0,2019.0
Other_adult,1.2,1.1666666666666667,-3.162630464361275,-3.2365692212114885,0.6666666666666666,0.5,1,2012.0
Elderly_hh,4.0,4.0,0.5540664621588595,1.1459284695950724,0.75,0.75,0,2019.0
Elderly_hh,4.0,4.0,0.5540664621588595,1.1459284695950724,0.5,0.5,0,2019.0
Single,3.2,4.0,-0.5078469454183214,1.1459284695950724,0.6666666666666666,1.0,0,2019.0
Elderly_hh,4.8,3.3333333333333335,1.6159798697360404,0.11475254234647013,1.0,0.25,0,2019.0
Single,4.4,4.5,1.0850231659474505,1.9193104150315243,0.5,0.25,1,1985.0
Single,3.4,3.6666666666666665,-0.2423685935240265,0.630340505970771,0.3333333333333333,0.75,1,1995.0
Elderly_hh,3.6,3.0,0.023109758370269025,-0.4008354212778314,0.5,0.25,1,2012.0
Elderly_hh,3.2,2.1666666666666665,-0.5078469454183214,-1.6898053303385847,0.7916666666666667,0.5,0,2019.0
Single,4.4,3.6666666666666665,1.0850231659474505,0.630340505970771,0.5416666666666666,0.75,0,2019.0
Single,3.0,2.1666666666666665,-0.773325297312617,-1.6898053303385847,0.4583333333333333,0.5,0,2019.0
Other_adult,3.6,3.0,0.023109758370269025,-0.4008354212778314,0.625,0.5,0,2019.0
Other_adult,1.0,1.0,-3.4281088162555697,-3.494363203023639,1.0,0.5,1,2012.0
Single,5.0,3.5,1.881458221630336,0.37254652415862055,0.6666666666666666,0.75,0,2019.0
Other_adult,4.2,3.6666666666666665,0.819544814053155,0.630340505970771,0.5,0.5,1,1985.0
Other_adult,4.0,4.0,0.5540664621588595,1.1459284695950724,0.2916666666666666,0.75,0,2019.0
Other_adult,3.2,3.0,-0.5078469454183214,-0.4008354212778314,0.5,0.5,1,1985.0
Single,2.8,2.6666666666666665,-1.0388036492069126,-0.9164233849021329,0.625,0.5,0,2019.0
Other_adult,4.4,4.0,1.0850231659474505,1.1459284695950724,0.75,1.0,0,2019.0
Child_hh,3.0,2.8333333333333335,-0.773325297312617,-0.6586294030899817,0.3333333333333333,0.25,0,2019.0
Elderly_hh,3.6,3.6666666666666665,0.023109758370269025,0.630340505970771,0.5,0.5,0,2019.0
Elderly_hh,5.0,4.166666666666667,1.881458221630336,1.4037224514072235,0.6666666666666666,0.5,0,2019.0
Elderly_hh,4.0,3.3333333333333335,0.5540664621588595,0.11475254234647013,0.7083333333333334,0.5,1,1985.0
Other_adult,3.8,3.3333333333333335,0.288588110264564,0.11475254234647013,0.7083333333333334,0.5,0,2019.0
Single,3.4,3.5,-0.2423685935240265,0.37254652415862055,0.6666666666666666,0.75,1,1985.0
Child_hh,3.0,3.0,-0.773325297312617,-0.4008354212778314,0.5416666666666666,0.75,1,2012.0
Elderly_hh,3.2,3.6666666666666665,-0.5078469454183214,0.630340505970771,0.625,0.75,1,1985.0
Elderly_hh,3.6,4.0,0.023109758370269025,1.1459284695950724,0.375,0.75,1,2012.0
Child_hh,3.8,3.3333333333333335,0.288588110264564,0.11475254234647013,0.625,0.25,0,2019.0
Child_hh,3.0,3.6666666666666665,-0.773325297312617,0.630340505970771,0.625,0.5,1,1985.0
Other_adult,3.8,3.1666666666666665,0.288588110264564,-0.14304143946568096,0.625,0.75,0,2019.0
Elderly_hh,4.8,2.8333333333333335,1.6159798697360404,-0.6586294030899817,0.3333333333333333,0.5,0,2019.0
Elderly_hh,3.4,3.5,-0.2423685935240265,0.37254652415862055,0.5416666666666666,0.5,0,2019.0
Single,1.8,1.0,-2.3661954086783887,-3.494363203023639,0.3333333333333333,1.0,0,2019.0
Single,5.0,3.8333333333333335,1.881458221630336,0.888134487782922,0.7916666666666667,0.75,0,2019.0
Elderly_hh,3.2,2.8333333333333335,-0.5078469454183214,-0.6586294030899817,0.625,0.25,0,2019.0
Elderly_hh,2.8,2.6666666666666665,-1.0388036492069126,-0.9164233849021329,0.5416666666666666,0.5,1,1985.0
Elderly_hh,3.2,3.0,-0.5078469454183214,-0.4008354212778314,0.5416666666666666,0.5,0,2019.0
Elderly_hh,4.0,4.0,0.5540664621588595,1.1459284695950724,0.75,0.5,0,2019.0
Other_adult,3.2,2.1666666666666665,-0.5078469454183214,-1.6898053303385847,0.4166666666666666,0.5,0,2019.0
Elderly_hh,4.0,2.6666666666666665,0.5540664621588595,-0.9164233849021329,0.5,0.5,0,2019.0
Elderly_hh,3.8,3.0,0.288588110264564,-0.4008354212778314,0.5416666666666666,0.5,1,2012.0
Single,3.2,3.1666666666666665,-0.5078469454183214,-0.14304143946568096,0.2916666666666666,0.5,0,2019.0
Elderly_hh,4.0,3.6666666666666665,0.5540664621588595,0.630340505970771,0.5,0.75,0,2019.0
Single,3.8,3.1666666666666665,0.288588110264564,-0.14304143946568096,0.25,1.0,0,2019.0
Child_hh,3.6,2.8333333333333335,0.023109758370269025,-0.6586294030899817,0.375,0.5,1,2012.0
Elderly_hh,3.8,2.3333333333333335,0.288588110264564,-1.4320113485264336,0.4166666666666666,0.5,0,2019.0
Child_hh,2.8,3.1666666666666665,-1.0388036492069126,-0.14304143946568096,0.6666666666666666,0.75,1,1995.0
Elderly_hh,3.2,3.5,-0.5078469454183214,0.37254652415862055,0.625,0.5,0,2019.0
Elderly_hh,4.0,4.0,0.5540664621588595,1.1459284695950724,0.4166666666666666,0.5,0,2019.0
Child_hh,4.8,3.5,1.6159798697360404,0.37254652415862055,0.5833333333333334,0.5,0,2019.0
Elderly_hh,1.6,2.0,-2.631673760572684,-1.9475993121507351,0.25,0.0,0,2019.0
Elderly_hh,3.4,3.1666666666666665,-0.2423685935240265,-0.14304143946568096,0.5,0.25,1,2005.0
Other_adult,3.8,2.6666666666666665,0.288588110264564,-0.9164233849021329,0.5,0.5,0,2019.0
Elderly_hh,4.0,3.1666666666666665,0.5540664621588595,-0.14304143946568096,0.5,0.5,1,1985.0
Single,4.0,3.1666666666666665,0.5540664621588595,-0.14304143946568096,0.5,0.75,1,2005.0
Elderly_hh,4.6,3.6666666666666665,1.350501517841745,0.630340505970771,0.5416666666666666,0.5833333333333334,0,2019.0
Single,3.8,3.1666666666666665,0.288588110264564,-0.14304143946568096,0.8333333333333333,0.5,1,2017.0
Elderly_hh,2.0,2.0,-2.1007170567840934,-1.9475993121507351,0.6,0.0,0,2019.0
Elderly_hh,3.0,3.0,-0.773325297312617,-0.4008354212778314,0.9166666666666669,0.5,0,2019.0
Other_adult,4.2,3.3333333333333335,0.819544814053155,0.11475254234647013,0.8333333333333333,0.5,1,2012.0
Elderly_hh,4.0,3.0,0.5540664621588595,-0.4008354212778314,0.375,0.75,0,2019.0
Child_hh,3.8,3.5,0.288588110264564,0.37254652415862055,0.5833333333333334,0.5,0,2019.0
Single,2.6,3.0,-1.3042820011012075,-0.4008354212778314,0.5416666666666666,0.5,1,2012.0
Single,3.2,3.0,-0.5078469454183214,-0.4008354212778314,0.4583333333333333,0.5,0,2019.0
Child_hh,3.6,3.8333333333333335,0.023109758370269025,0.888134487782922,0.25,0.0,1,2017.0
Elderly_hh,4.0,3.3333333333333335,0.5540664621588595,0.11475254234647013,0.5833333333333334,0.5,0,2019.0
Other_adult,3.4,2.3333333333333335,-0.2423685935240265,-1.4320113485264336,0.4583333333333333,0.5,0,2019.0
Single,3.4,3.3333333333333335,-0.2423685935240265,0.11475254234647013,0.625,0.5,0,2019.0
Elderly_hh,3.4,3.0,-0.2423685935240265,-0.4008354212778314,0.3333333333333333,0.5,0,2019.0
Single,3.6,3.3333333333333335,0.023109758370269025,0.11475254234647013,0.4583333333333333,0.5,0,2019.0
Other_adult,1.8,2.3333333333333335,-2.3661954086783887,-1.4320113485264336,0.5416666666666666,0.5,0,2019.0
Elderly_hh,3.4,3.8333333333333335,-0.2423685935240265,0.888134487782922,0.6666666666666666,0.5,1,1995.0
Other_adult,4.0,3.3333333333333335,0.5540664621588595,0.11475254234647013,0.75,0.75,0,2019.0
Single,4.0,3.6666666666666665,0.5540664621588595,0.630340505970771,0.6666666666666666,0.75,1,1985.0
Elderly_hh,3.8,3.75,0.288588110264564,0.7592374968768465,0.3333333333333333,0.75,0,2019.0
Other_adult,3.0,3.1666666666666665,-0.773325297312617,-0.14304143946568096,0.3333333333333333,0.5,0,2019.0
Elderly_hh,3.2,3.8333333333333335,-0.5078469454183214,0.888134487782922,0.4583333333333333,0.5,0,2019.0
Elderly_hh,3.8,3.3333333333333335,0.288588110264564,0.11475254234647013,0.2083333333333333,0.0,0,2019.0
Single,4.0,3.0,0.5540664621588595,-0.4008354212778314,0.5416666666666666,0.5,1,2012.0
Elderly_hh,2.4,2.6666666666666665,-1.569760352995503,-0.9164233849021329,0.4583333333333333,0.25,0,2019.0
Other_adult,4.0,4.0,0.5540664621588595,1.1459284695950724,0.75,0.75,0,2019.0
Elderly_hh,3.8,3.5,0.288588110264564,0.37254652415862055,0.5416666666666666,0.75,0,2019.0
Child_hh,4.4,3.3333333333333335,1.0850231659474505,0.11475254234647013,0.75,0.75,1,1985.0
Child_hh,3.2,3.0,-0.5078469454183214,-0.4008354212778314,0.7083333333333334,0.5,0,2019.0
Elderly_hh,4.0,2.8333333333333335,0.5540664621588595,-0.6586294030899817,0.5833333333333334,0.75,0,2019.0
Single,3.25,2.8333333333333335,-0.44147735744474786,-0.6586294030899817,0.5833333333333334,0.5,1,2005.0
Elderly_hh,4.0,3.5,0.5540664621588595,0.37254652415862055,0.7083333333333334,0.75,0,2019.0
Child_hh,4.0,3.6666666666666665,0.5540664621588595,0.630340505970771,0.4166666666666666,0.5,0,2019.0
Child_hh,4.0,3.8333333333333335,0.5540664621588595,0.888134487782922,0.625,0.75,0,2019.0
Single,4.0,3.5,0.5540664621588595,0.37254652415862055,0.6666666666666666,0.75,1,1985.0
Child_hh,3.8,3.1666666666666665,0.288588110264564,-0.14304143946568096,0.125,0.25,1,1995.0
Other_adult,3.4,2.6666666666666665,-0.2423685935240265,-0.9164233849021329,0.375,0.75,1,1985.0
Elderly_hh,3.6,3.3333333333333335,0.023109758370269025,0.11475254234647013,0.7083333333333334,1.0,1,2017.0
Single,4.2,4.333333333333333,0.819544814053155,1.6615164332193733,0.6666666666666666,0.5,1,2012.0
Elderly_hh,3.0,3.0,-0.773325297312617,-0.4008354212778314,0.8333333333333333,0.0,0,2019.0
Elderly_hh,4.0,4.0,0.5540664621588595,1.1459284695950724,0.7083333333333334,0.5,0,2019.0
Single,2.0,2.0,-2.1007170567840934,-1.9475993121507351,0.3333333333333333,0.5,0,2019.0
Elderly_hh,4.2,3.3333333333333335,0.819544814053155,0.11475254234647013,0.6666666666666666,0.75,0,2019.0
Other_adult,4.8,4.0,1.6159798697360404,1.1459284695950724,0.75,0.25,1,1985.0
Other_adult,4.0,3.1666666666666665,0.5540664621588595,-0.14304143946568096,0.5416666666666666,0.75,1,1985.0
Elderly_hh,2.4,2.0,-1.569760352995503,-1.9475993121507351,0.4583333333333333,1.0,0,2019.0
Elderly_hh,3.8,3.0,0.288588110264564,-0.4008354212778314,0.4166666666666666,0.5,1,2017.0
Other_adult,3.6,4.0,0.023109758370269025,1.1459284695950724,0.5833333333333334,1.0,0,2019.0
Elderly_hh,4.0,4.0,0.5540664621588595,1.1459284695950724,0.7083333333333334,0.75,0,2019.0
Other_adult,2.8,2.3333333333333335,-1.0388036492069126,-1.4320113485264336,0.8333333333333333,0.75,1,1985.0
Child_hh,3.0,3.3333333333333335,-0.773325297312617,0.11475254234647013,0.7083333333333334,0.5,0,2019.0
Elderly_hh,4.2,4.166666666666667,0.819544814053155,1.4037224514072235,0.6666666666666666,1.0,1,2012.0
Elderly_hh,2.0,3.0,-2.1007170567840934,-0.4008354212778314,0.4583333333333333,0.5,0,2019.0
Other_adult,3.4,3.0,-0.2423685935240265,-0.4008354212778314,0.0833333333333333,0.5,0,2019.0
Child_hh,2.8,3.0,-1.0388036492069126,-0.4008354212778314,0.5416666666666666,0.5,0,2019.0
Elderly_hh,3.8,3.1666666666666665,0.288588110264564,-0.14304143946568096,0.5416666666666666,0.5,0,2019.0
Single,4.0,3.5,0.5540664621588595,0.37254652415862055,0.5416666666666666,0.5,1,1985.0
Elderly_hh,3.6,3.6666666666666665,0.023109758370269025,0.630340505970771,0.625,0.5,1,1985.0
Elderly_hh,4.0,3.3333333333333335,0.5540664621588595,0.11475254234647013,0.375,0.5,0,2019.0
Elderly_hh,4.0,3.8333333333333335,0.5540664621588595,0.888134487782922,0.625,0.25,0,2019.0
Elderly_hh,2.2,2.3333333333333335,-1.835238704889798,-1.4320113485264336,0.2916666666666666,0.25,0,2019.0
Other_adult,3.8,2.6666666666666665,0.288588110264564,-0.9164233849021329,0.5833333333333334,0.7083333333333334,0,2019.0
Elderly_hh,2.6,3.0,-1.3042820011012075,-0.4008354212778314,0.625,0.5,1,1985.0
Other_adult,2.8,3.5,-1.0388036492069126,0.37254652415862055,0.5,0.0,0,2019.0
Elderly_hh,3.4,2.6666666666666665,-0.2423685935240265,-0.9164233849021329,0.75,0.5,0,2019.0
Child_hh,4.8,4.0,1.6159798697360404,1.1459284695950724,0.75,0.8333333333333333,0,2019.0
Single,2.6,2.6666666666666665,-1.3042820011012075,-0.9164233849021329,0.2916666666666666,0.5,1,2012.0
Elderly_hh,4.0,3.0,0.5540664621588595,-0.4008354212778314,0.7083333333333334,0.75,0,2019.0
Child_hh,4.2,4.333333333333333,0.819544814053155,1.6615164332193733,0.7916666666666667,0.25,0,2019.0
Single,3.2,3.0,-0.5078469454183214,-0.4008354212778314,0.5833333333333334,0.5,0,2019.0
Child_hh,4.0,4.0,0.5540664621588595,1.1459284695950724,0.5,0.5,0,2019.0
Single,3.4,3.0,-0.2423685935240265,-0.4008354212778314,0.5833333333333334,0.75,0,2019.0
Single,3.6,3.3333333333333335,0.023109758370269025,0.11475254234647013,0.7083333333333334,0.75,1,1985.0
Child_hh,4.4,3.8333333333333335,1.0850231659474505,0.888134487782922,0.7083333333333334,0.75,1,2012.0
Single,3.0,2.1666666666666665,-0.773325297312617,-1.6898053303385847,0.4166666666666666,0.25,0,2019.0
Elderly_hh,4.0,2.6666666666666665,0.5540664621588595,-0.9164233849021329,0.5,0.75,0,2019.0
Single,3.8,3.1666666666666665,0.288588110264564,-0.14304143946568096,0.7,0.5,0,2019.0
Child_hh,4.0,3.8333333333333335,0.5540664621588595,0.888134487782922,0.4583333333333333,0.75,1,1985.0
Elderly_hh,3.8,3.1666666666666665,0.288588110264564,-0.14304143946568096,0.6666666666666666,0.75,1,1985.0
Elderly_hh,3.4,2.8333333333333335,-0.2423685935240265,-0.6586294030899817,0.5833333333333334,0.5,0,2019.0
Elderly_hh,3.2,3.5,-0.5078469454183214,0.37254652415862055,0.25,0.25,0,2019.0
Child_hh,3.8,2.5,0.288588110264564,-1.1742173667142832,0.5,0.5,0,2019.0
Child_hh,4.0,4.0,0.5540664621588595,1.1459284695950724,0.5416666666666666,1.0,0,2019.0
Single,3.0,3.3333333333333335,-0.773325297312617,0.11475254234647013,0.5833333333333334,0.5,1,1995.0
Other_adult,3.6,2.6666666666666665,0.023109758370269025,-0.9164233849021329,0.4583333333333333,0.75,0,2019.0
Child_hh,2.6,3.3333333333333335,-1.3042820011012075,0.11475254234647013,0.6666666666666666,0.5,0,2019.0
Child_hh,2.0,2.6666666666666665,-2.1007170567840934,-0.9164233849021329,0.7916666666666667,0.75,0,2019.0
Child_hh,2.8,3.1666666666666665,-1.0388036492069126,-0.14304143946568096,0.375,0.5,0,2019.0
Other_adult,4.0,3.5,0.5540664621588595,0.37254652415862055,0.7916666666666667,0.5,0,2019.0
Elderly_hh,3.0,3.3333333333333335,-0.773325297312617,0.11475254234647013,0.5416666666666666,0.4583333333333333,1,2012.0
Elderly_hh,4.0,3.1666666666666665,0.5540664621588595,-0.14304143946568096,0.25,0.5,0,2019.0
Elderly_hh,3.4,3.1666666666666665,-0.2423685935240265,-0.14304143946568096,0.6666666666666666,0.75,0,2019.0
Elderly_hh,4.0,3.6666666666666665,0.5540664621588595,0.630340505970771,0.7083333333333334,0.75,0,2019.0
Single,2.8,2.3333333333333335,-1.0388036492069126,-1.4320113485264336,0.5416666666666666,0.5,0,2019.0
Single,4.0,3.5,0.5540664621588595,0.37254652415862055,0.4166666666666666,0.5,0,2019.0
Child_hh,3.2,2.6666666666666665,-0.5078469454183214,-0.9164233849021329,0.6666666666666666,0.5,0,2019.0
Child_hh,4.0,2.8333333333333335,0.5540664621588595,-0.6586294030899817,0.5,0.75,1,1985.0
Elderly_hh,4.0,4.0,0.5540664621588595,1.1459284695950724,0.75,0.75,1,1985.0
Elderly_hh,5.0,4.5,1.881458221630336,1.9193104150315243,0.6666666666666666,0.75,0,2019.0
Elderly_hh,4.8,4.0,1.6159798697360404,1.1459284695950724,0.9166666666666669,0.0,0,2019.0
Other_adult,1.0,1.5,-3.4281088162555697,-2.7209812575871872,0.1666666666666666,0.0,1,1985.0
Other_adult,4.0,3.3333333333333335,0.5540664621588595,0.11475254234647013,0.6,0.75,1,1995.0
Elderly_hh,4.6,2.6666666666666665,1.350501517841745,-0.9164233849021329,0.5416666666666666,0.5,0,2019.0
Child_hh,3.4,2.5,-0.2423685935240265,-1.1742173667142832,0.5,0.75,0,2019.0
Other_adult,3.2,2.3333333333333335,-0.5078469454183214,-1.4320113485264336,0.5,0.5,0,2019.0
Other_adult,3.4,3.0,-0.2423685935240265,-0.4008354212778314,0.6666666666666666,0.75,1,1985.0
Single,2.6,4.0,-1.3042820011012075,1.1459284695950724,0.0833333333333333,0.75,1,2012.0
Other_adult,3.2,3.4,-0.5078469454183214,0.21787013507133002,0.4583333333333333,0.4166666666666666,0,2019.0
Elderly_hh,3.0,2.6666666666666665,-0.773325297312617,-0.9164233849021329,0.625,0.5,0,2019.0
Elderly_hh,3.8,4.0,0.288588110264564,1.1459284695950724,0.6666666666666666,1.0,0,2019.0
Elderly_hh,3.8,3.8333333333333335,0.288588110264564,0.888134487782922,0.5833333333333334,0.75,0,2019.0
Single,4.2,4.166666666666667,0.819544814053155,1.4037224514072235,0.75,0.75,0,2019.0
Single,3.2,3.5,-0.5078469454183214,0.37254652415862055,0.4583333333333333,0.5,0,2019.0
Elderly_hh,4.0,3.6666666666666665,0.5540664621588595,0.630340505970771,0.8333333333333333,0.75,1,1985.0
Other_adult,3.2,2.6666666666666665,-0.5078469454183214,-0.9164233849021329,0.375,0.75,0,2019.0
Other_adult,3.6,2.5,0.023109758370269025,-1.1742173667142832,0.4583333333333333,0.25,0,2019.0
Single,1.0,2.6666666666666665,-3.4281088162555697,-0.9164233849021329,0.3333333333333333,0.5,0,2019.0
Single,3.8,2.6666666666666665,0.288588110264564,-0.9164233849021329,0.25,0.25,1,2017.0
Elderly_hh,4.0,4.0,0.5540664621588595,1.1459284695950724,0.75,0.75,1,1995.0
Other_adult,3.0,3.1666666666666665,-0.773325297312617,-0.14304143946568096,0.4583333333333333,0.5,0,2019.0
Elderly_hh,4.8,2.8333333333333335,1.6159798697360404,-0.6586294030899817,0.6666666666666666,0.75,0,2019.0
Elderly_hh,3.8,3.0,0.288588110264564,-0.4008354212778314,0.6666666666666666,0.75,0,2019.0
Single,3.8,4.0,0.288588110264564,1.1459284695950724,0.4166666666666666,0.0,1,1985.0
Elderly_hh,4.6,3.6666666666666665,1.350501517841745,0.630340505970771,0.7083333333333334,0.5,0,2019.0
Elderly_hh,2.6,2.8333333333333335,-1.3042820011012075,-0.6586294030899817,0.3333333333333333,0.5,0,2019.0
Elderly_hh,4.2,4.0,0.819544814053155,1.1459284695950724,0.7083333333333334,0.5,0,2019.0
Elderly_hh,3.6,3.5,0.023109758370269025,0.37254652415862055,0.375,0.75,0,2019.0
Child_hh,3.0,3.0,-0.773325297312617,-0.4008354212778314,0.7083333333333334,0.75,0,2019.0
Child_hh,3.6,3.5,0.023109758370269025,0.37254652415862055,0.5833333333333334,0.5,0,2019.0
Single,2.2,2.1666666666666665,-1.835238704889798,-1.6898053303385847,0.5,0.5,0,2019.0
Single,1.6,2.0,-2.631673760572684,-1.9475993121507351,0.4166666666666666,0.0,0,2019.0
Elderly_hh,5.0,4.166666666666667,1.881458221630336,1.4037224514072235,0.5416666666666666,0.75,0,2019.0
Single,3.4,2.3333333333333335,-0.2423685935240265,-1.4320113485264336,0.3333333333333333,0.5,1,1985.0
Single,1.8,1.5,-2.3661954086783887,-2.7209812575871872,0.25,0.5,1,1985.0
Other_adult,4.2,3.6666666666666665,0.819544814053155,0.630340505970771,0.5,0.5,0,2019.0
Single,4.0,2.0,0.5540664621588595,-1.9475993121507351,0.7916666666666667,0.75,0,2019.0
Other_adult,3.4,3.1666666666666665,-0.2423685935240265,-0.14304143946568096,0.5416666666666666,0.5,0,2019.0
Elderly_hh,5.0,4.166666666666667,1.881458221630336,1.4037224514072235,0.5833333333333334,1.0,0,2019.0
Elderly_hh,4.0,3.6666666666666665,0.5540664621588595,0.630340505970771,0.5416666666666666,0.5,0,2019.0
Elderly_hh,4.0,4.0,0.5540664621588595,1.1459284695950724,0.7083333333333334,0.75,0,2019.0
Single,1.8,2.0,-2.3661954086783887,-1.9475993121507351,0.5416666666666666,0.5,0,2019.0
Other_adult,4.0,4.0,0.5540664621588595,1.1459284695950724,0.5833333333333334,0.5,1,1985.0
Elderly_hh,2.8,1.8333333333333333,-1.0388036492069126,-2.205393293962886,1.0,0.5,1,2012.0
Child_hh,3.8,3.8333333333333335,0.288588110264564,0.888134487782922,0.7916666666666667,0.75,0,2019.0
Other_adult,4.0,4.0,0.5540664621588595,1.1459284695950724,0.625,0.5,0,2019.0
Other_adult,4.4,3.8333333333333335,1.0850231659474505,0.888134487782922,0.875,0.25,0,2019.0
Elderly_hh,4.4,3.5,1.0850231659474505,0.37254652415862055,0.5416666666666666,1.0,1,1985.0
Single,3.4,3.0,-0.2423685935240265,-0.4008354212778314,0.4583333333333333,0.75,1,2017.0
Child_hh,2.2,1.8333333333333333,-1.835238704889798,-2.205393293962886,0.3333333333333333,0.5,0,2019.0
Child_hh,4.0,3.0,0.5540664621588595,-0.4008354212778314,0.5833333333333334,0.5,0,2019.0
Elderly_hh,3.5,2.5,-0.10962941757687875,-1.1742173667142832,0.75,1.0,0,2019.0
Child_hh,4.0,4.0,0.5540664621588595,1.1459284695950724,0.75,0.75,0,2019.0
Other_adult,4.0,3.3333333333333335,0.5540664621588595,0.11475254234647013,0.625,0.75,0,2019.0
Elderly_hh,4.0,4.0,0.5540664621588595,1.1459284695950724,0.15,0.2083333333333333,0,2019.0
Elderly_hh,4.0,3.6666666666666665,0.5540664621588595,0.630340505970771,0.7083333333333334,0.75,0,2019.0
Other_adult,3.4,2.8333333333333335,-0.2423685935240265,-0.6586294030899817,0.5416666666666666,0.5,0,2019.0
Elderly_hh,4.0,3.1666666666666665,0.5540664621588595,-0.14304143946568096,0.4583333333333333,0.75,0,2019.0
Elderly_hh,3.8,3.8333333333333335,0.288588110264564,0.888134487782922,0.4166666666666666,0.5,0,2019.0
Elderly_hh,4.6,3.0,1.350501517841745,-0.4008354212778314,0.2083333333333333,0.5,0,2019.0
Elderly_hh,4.0,3.8333333333333335,0.5540664621588595,0.888134487782922,0.5833333333333334,0.5,0,2019.0
Child_hh,3.6,3.6666666666666665,0.023109758370269025,0.630340505970771,0.5416666666666666,0.5,0,2019.0
Child_hh,4.0,3.1666666666666665,0.5540664621588595,-0.14304143946568096,0.5,0.75,0,2019.0
Single,3.8,3.1666666666666665,0.288588110264564,-0.14304143946568096,0.4583333333333333,0.5,0,2019.0
Child_hh,3.4,1.8333333333333333,-0.2423685935240265,-2.205393293962886,0.875,0.75,0,2019.0
Other_adult,2.2,3.6666666666666665,-1.835238704889798,0.630340505970771,0.6666666666666666,1.0,0,2019.0
Child_hh,2.6,3.1666666666666665,-1.3042820011012075,-0.14304143946568096,0.625,0.5,0,2019.0
Other_adult,4.0,3.3333333333333335,0.5540664621588595,0.11475254234647013,0.7083333333333334,0.75,0,2019.0
Single,3.6,3.3333333333333335,0.023109758370269025,0.11475254234647013,0.5416666666666666,0.5,1,1995.0
Elderly_hh,4.8,3.1666666666666665,1.6159798697360404,-0.14304143946568096,0.7083333333333334,1.0,0,2019.0
Other_adult,4.2,3.0,0.819544814053155,-0.4008354212778314,0.5,0.0,0,2019.0
Elderly_hh,3.2,4.0,-0.5078469454183214,1.1459284695950724,0.7083333333333334,0.75,1,1995.0
Child_hh,3.2,3.6666666666666665,-0.5078469454183214,0.630340505970771,0.375,0.25,0,2019.0
Elderly_hh,5.0,4.333333333333333,1.881458221630336,1.6615164332193733,0.7083333333333334,0.75,0,2019.0
Elderly_hh,3.6,3.0,0.023109758370269025,-0.4008354212778314,0.5,0.5,1,1985.0
Other_adult,2.6,3.1666666666666665,-1.3042820011012075,-0.14304143946568096,0.4166666666666666,0.75,1,1985.0
Other_adult,3.4,2.3333333333333335,-0.2423685935240265,-1.4320113485264336,0.5416666666666666,0.25,0,2019.0
Single,3.4,3.1666666666666665,-0.2423685935240265,-0.14304143946568096,0.5416666666666666,0.5,0,2019.0
Other_adult,4.0,3.3333333333333335,0.5540664621588595,0.11475254234647013,0.5,0.5,0,2019.0
Child_hh,3.0,3.0,-0.773325297312617,-0.4008354212778314,0.6666666666666666,0.5,1,2012.0
Elderly_hh,4.0,3.1666666666666665,0.5540664621588595,-0.14304143946568096,0.7083333333333334,0.5,1,1985.0
Single,3.6,3.0,0.023109758370269025,-0.4008354212778314,0.5416666666666666,0.5,0,2019.0
Single,3.0,3.1666666666666665,-0.773325297312617,-0.14304143946568096,0.7083333333333334,0.5,0,2019.0
Other_adult,3.2,3.3333333333333335,-0.5078469454183214,0.11475254234647013,0.6666666666666666,0.75,0,2019.0
Child_hh,3.8,2.8333333333333335,0.288588110264564,-0.6586294030899817,0.375,0.5,0,2019.0
Elderly_hh,3.0,3.0,-0.773325297312617,-0.4008354212778314,0.5416666666666666,0.75,0,2019.0
Other_adult,4.0,3.3333333333333335,0.5540664621588595,0.11475254234647013,0.4583333333333333,0.5,0,2019.0
Other_adult,2.8,2.6666666666666665,-1.0388036492069126,-0.9164233849021329,0.5,0.5,0,2019.0
Child_hh,1.8,1.5,-2.3661954086783887,-2.7209812575871872,0.5416666666666666,0.5,0,2019.0
Other_adult,1.0,1.1666666666666667,-3.4281088162555697,-3.2365692212114885,0.0833333333333333,0.0,0,2019.0
Single,4.0,3.6666666666666665,0.5540664621588595,0.630340505970771,0.4166666666666666,0.75,0,2019.0
Child_hh,3.8,4.0,0.288588110264564,1.1459284695950724,0.75,0.5,0,2019.0
Child_hh,2.6,1.3333333333333333,-1.3042820011012075,-2.978775239399338,0.6666666666666666,0.5,1,2012.0
Other_adult,4.0,3.0,0.5540664621588595,-0.4008354212778314,0.5,0.5,0,2019.0
Elderly_hh,5.0,3.8333333333333335,1.881458221630336,0.888134487782922,0.625,0.75,0,2019.0
Other_adult,4.0,4.166666666666667,0.5540664621588595,1.4037224514072235,0.5,0.5,0,2019.0
Other_adult,3.6,3.5,0.023109758370269025,0.37254652415862055,0.5416666666666666,0.5,0,2019.0
Single,2.4,3.0,-1.569760352995503,-0.4008354212778314,0.9583333333333331,0.5,0,2019.0
Other_adult,4.0,4.0,0.5540664621588595,1.1459284695950724,0.75,0.75,0,2019.0
Elderly_hh,4.0,4.0,0.5540664621588595,1.1459284695950724,0.4583333333333333,0.5,0,2019.0
Other_adult,3.6,3.8333333333333335,0.023109758370269025,0.888134487782922,0.5833333333333334,0.6666666666666666,0,2019.0
Elderly_hh,3.8,2.6666666666666665,0.288588110264564,-0.9164233849021329,0.5,0.75,1,1985.0
Other_adult,3.2,3.1666666666666665,-0.5078469454183214,-0.14304143946568096,0.5,0.5,0,2019.0
Elderly_hh,2.4,3.6666666666666665,-1.569760352995503,0.630340505970771,0.5416666666666666,0.5,0,2019.0
Single,4.2,3.8333333333333335,0.819544814053155,0.888134487782922,0.7083333333333334,0.75,1,1985.0
Other_adult,3.4,2.8333333333333335,-0.2423685935240265,-0.6586294030899817,0.5833333333333334,0.25,1,2017.0
Other_adult,3.0,2.6666666666666665,-0.773325297312617,-0.9164233849021329,0.5,0.25,0,2019.0
Other_adult,3.6,3.6666666666666665,0.023109758370269025,0.630340505970771,0.375,0.5,1,2017.0
Other_adult,3.8,3.3333333333333335,0.288588110264564,0.11475254234647013,0.6666666666666666,0.5,0,2019.0
Elderly_hh,4.8,3.6666666666666665,1.6159798697360404,0.630340505970771,0.75,0.75,0,2019.0
Other_adult,5.0,3.1666666666666665,1.881458221630336,-0.14304143946568096,0.75,0.25,0,2019.0
Child_hh,4.0,3.6666666666666665,0.5540664621588595,0.630340505970771,0.5833333333333334,0.75,0,2019.0
Other_adult,2.8,2.5,-1.0388036492069126,-1.1742173667142832,0.5833333333333334,0.5,0,2019.0
Elderly_hh,5.0,4.333333333333333,1.881458221630336,1.6615164332193733,0.75,0.75,0,2019.0
Child_hh,2.6,3.1666666666666665,-1.3042820011012075,-0.14304143946568096,0.7083333333333334,0.25,1,1985.0
Child_hh,2.6,2.3333333333333335,-1.3042820011012075,-1.4320113485264336,0.2916666666666666,0.25,0,2019.0
Single,3.6,3.6666666666666665,0.023109758370269025,0.630340505970771,0.5,0.5,0,2019.0
Single,4.0,2.8333333333333335,0.5540664621588595,-0.6586294030899817,0.5,0.75,1,1985.0
Single,3.0,3.1666666666666665,-0.773325297312617,-0.14304143946568096,0.5416666666666666,0.5,1,1985.0
Other_adult,2.8,2.6666666666666665,-1.0388036492069126,-0.9164233849021329,0.7083333333333334,0.25,0,2019.0
Other_adult,5.0,3.6666666666666665,1.881458221630336,0.630340505970771,0.5,0.5,0,2019.0
Elderly_hh,3.6,3.6666666666666665,0.023109758370269025,0.630340505970771,0.625,0.5,0,2019.0
Elderly_hh,2.6,2.3333333333333335,-1.3042820011012075,-1.4320113485264336,0.625,0.75,0,2019.0
Child_hh,3.8,3.5,0.288588110264564,0.37254652415862055,0.625,0.75,0,2019.0
Elderly_hh,4.4,4.333333333333333,1.0850231659474505,1.6615164332193733,0.6666666666666666,0.75,1,1995.0
Single,3.2,2.5,-0.5078469454183214,-1.1742173667142832,0.5833333333333334,0.5,0,2019.0
Child_hh,3.4,3.3333333333333335,-0.2423685935240265,0.11475254234647013,0.6666666666666666,0.5,0,2019.0
Other_adult,5.0,4.833333333333333,1.881458221630336,2.4348983786558254,0.5,0.5,0,2019.0
Elderly_hh,3.8,4.0,0.288588110264564,1.1459284695950724,0.5,0.5,0,2019.0
Elderly_hh,4.2,3.6666666666666665,0.819544814053155,0.630340505970771,0.5416666666666666,0.25,0,2019.0
Child_hh,5.0,4.0,1.881458221630336,1.1459284695950724,0.7083333333333334,1.0,0,2019.0
Elderly_hh,5.0,4.5,1.881458221630336,1.9193104150315243,0.625,0.5,0,2019.0
Child_hh,2.6,2.6666666666666665,-1.3042820011012075,-0.9164233849021329,0.6666666666666666,0.5,0,2019.0
Child_hh,2.8,2.8333333333333335,-1.0388036492069126,-0.6586294030899817,0.5416666666666666,0.25,1,1985.0
Child_hh,3.4,3.3333333333333335,-0.2423685935240265,0.11475254234647013,0.5833333333333334,0.5,0,2019.0
Elderly_hh,3.4,2.0,-0.2423685935240265,-1.9475993121507351,0.5833333333333334,0.5,0,2019.0
Child_hh,4.2,3.6666666666666665,0.819544814053155,0.630340505970771,0.625,0.5,1,1985.0
Single,3.2,2.8333333333333335,-0.5078469454183214,-0.6586294030899817,0.2916666666666666,0.0,0,2019.0
Child_hh,4.0,3.6666666666666665,0.5540664621588595,0.630340505970771,0.75,0.25,1,2017.0
Elderly_hh,4.6,3.3333333333333335,1.350501517841745,0.11475254234647013,0.5,0.5,1,1985.0
Single,4.6,3.0,1.350501517841745,-0.4008354212778314,0.375,0.5,0,2019.0
Elderly_hh,3.0,3.0,-0.773325297312617,-0.4008354212778314,0.375,0.5,1,2005.0
Single,3.4,3.6666666666666665,-0.2423685935240265,0.630340505970771,0.7083333333333334,0.5,0,2019.0
Child_hh,3.2,2.8333333333333335,-0.5078469454183214,-0.6586294030899817,0.5,0.5,0,2019.0
Elderly_hh,4.4,3.5,1.0850231659474505,0.37254652415862055,0.375,0.75,1,1985.0
Elderly_hh,4.0,3.8333333333333335,0.5540664621588595,0.888134487782922,0.6666666666666666,0.75,0,2019.0
Other_adult,2.8,3.1666666666666665,-1.0388036492069126,-0.14304143946568096,0.625,0.5,1,1985.0
Other_adult,4.8,3.8333333333333335,1.6159798697360404,0.888134487782922,0.5833333333333334,0.5,0,2019.0
Elderly_hh,3.0,3.5,-0.773325297312617,0.37254652415862055,0.625,0.25,0,2019.0
Elderly_hh,4.0,3.0,0.5540664621588595,-0.4008354212778314,0.75,0.75,1,1985.0
Other_adult,3.6,3.1666666666666665,0.023109758370269025,-0.14304143946568096,0.5833333333333334,0.75,0,2019.0
Child_hh,3.8,2.5,0.288588110264564,-1.1742173667142832,0.9166666666666669,0.25,0,2019.0
Single,3.8,3.3333333333333335,0.288588110264564,0.11475254234647013,0.4166666666666666,0.5,1,1985.0
Elderly_hh,4.0,4.5,0.5540664621588595,1.9193104150315243,0.7083333333333334,0.75,0,2019.0
Elderly_hh,3.6,3.4,0.023109758370269025,0.21787013507133002,0.2916666666666666,0.5,1,1985.0
Child_hh,4.0,3.8333333333333335,0.5540664621588595,0.888134487782922,0.7083333333333334,0.5,0,2019.0
Single,2.6,3.1666666666666665,-1.3042820011012075,-0.14304143946568096,0.25,0.0,0,2019.0
Other_adult,4.2,3.6666666666666665,0.819544814053155,0.630340505970771,0.5416666666666666,0.5,0,2019.0
Other_adult,3.75,3.5,0.22221852229099037,0.37254652415862055,0.6666666666666666,0.5,1,1985.0
Other_adult,3.8,3.8333333333333335,0.288588110264564,0.888134487782922,0.5833333333333334,0.5,0,2019.0
Elderly_hh,3.8,3.8333333333333335,0.288588110264564,0.888134487782922,0.5416666666666666,0.5,0,2019.0
Other_adult,5.0,3.6666666666666665,1.881458221630336,0.630340505970771,0.625,0.75,0,2019.0
Single,3.4,2.5,-0.2423685935240265,-1.1742173667142832,0.5833333333333334,0.5,0,2019.0
Elderly_hh,4.0,3.5,0.5540664621588595,0.37254652415862055,0.4166666666666666,0.25,1,1985.0
Single,3.6,3.6666666666666665,0.023109758370269025,0.630340505970771,0.2916666666666666,0.5,0,2019.0
Elderly_hh,3.4,3.0,-0.2423685935240265,-0.4008354212778314,0.4166666666666666,0.5,1,1985.0
Elderly_hh,3.6,3.3333333333333335,0.023109758370269025,0.11475254234647013,0.5833333333333334,0.5,0,2019.0
Elderly_hh,3.8,3.6666666666666665,0.288588110264564,0.630340505970771,0.5,0.5,0,2019.0
Child_hh,3.0,2.3333333333333335,-0.773325297312617,-1.4320113485264336,0.6666666666666666,0.25,0,2019.0
Child_hh,4.0,3.8333333333333335,0.5540664621588595,0.888134487782922,0.5,0.5,0,2019.0
Elderly_hh,3.6,3.1666666666666665,0.023109758370269025,-0.14304143946568096,0.625,0.5,1,1985.0
Elderly_hh,3.8,3.6666666666666665,0.288588110264564,0.630340505970771,0.6666666666666666,0.5,0,2019.0
Single,2.4,2.1666666666666665,-1.569760352995503,-1.6898053303385847,0.4583333333333333,0.25,1,2005.0
Other_adult,4.2,3.0,0.819544814053155,-0.4008354212778314,0.5,0.7083333333333334,1,2012.0
Single,3.6,3.0,0.023109758370269025,-0.4008354212778314,0.5416666666666666,0.5,1,2012.0
Other_adult,3.8,4.0,0.288588110264564,1.1459284695950724,0.6666666666666666,0.0,0,2019.0
Elderly_hh,3.0,2.6666666666666665,-0.773325297312617,-0.9164233849021329,0.4583333333333333,0.5,0,2019.0
Other_adult,3.0,3.5,-0.773325297312617,0.37254652415862055,0.4583333333333333,0.75,0,2019.0
Child_hh,4.2,3.8333333333333335,0.819544814053155,0.888134487782922,0.75,1.0,1,1985.0
Elderly_hh,3.6,2.8333333333333335,0.023109758370269025,-0.6586294030899817,0.6666666666666666,0.5,0,2019.0
Child_hh,3.6,4.5,0.023109758370269025,1.9193104150315243,0.7916666666666667,0.5,1,1985.0
Other_adult,3.8,2.6666666666666665,0.288588110264564,-0.9164233849021329,0.5416666666666666,0.75,1,2017.0
Elderly_hh,4.0,3.6666666666666665,0.5540664621588595,0.630340505970771,0.5416666666666666,0.5,1,1985.0
Elderly_hh,2.6,2.0,-1.3042820011012075,-1.9475993121507351,0.2916666666666666,0.25,0,2019.0
Child_hh,3.4,3.0,-0.2423685935240265,-0.4008354212778314,0.5,0.5,0,2019.0
Elderly_hh,4.0,4.0,0.5540664621588595,1.1459284695950724,0.6666666666666666,0.5,0,2019.0
Other_adult,2.6,2.8333333333333335,-1.3042820011012075,-0.6586294030899817,0.5416666666666666,0.5,1,1995.0
Elderly_hh,5.0,3.6666666666666665,1.881458221630336,0.630340505970771,0.55,0.4166666666666666,1,2012.0
Elderly_hh,3.6,3.3333333333333335,0.023109758370269025,0.11475254234647013,0.5416666666666666,0.5,1,1985.0
Elderly_hh,3.2,2.6666666666666665,-0.5078469454183214,-0.9164233849021329,0.4583333333333333,0.5,0,2019.0
Elderly_hh,3.4,2.6666666666666665,-0.2423685935240265,-0.9164233849021329,0.5,0.5,1,2012.0
Other_adult,3.0,2.6666666666666665,-0.773325297312617,-0.9164233849021329,0.5833333333333334,0.75,1,1985.0
Child_hh,4.4,3.3333333333333335,1.0850231659474505,0.11475254234647013,0.8333333333333333,0.75,1,1985.0
Elderly_hh,2.6,3.6666666666666665,-1.3042820011012075,0.630340505970771,1.0,1.0,1,2012.0
Single,3.8,3.3333333333333335,0.288588110264564,0.11475254234647013,0.375,0.5,0,2019.0
Child_hh,3.8,3.8333333333333335,0.288588110264564,0.888134487782922,0.625,0.5,0,2019.0
Other_adult,2.6,2.0,-1.3042820011012075,-1.9475993121507351,0.5833333333333334,0.5,0,2019.0
Single,3.6,3.1666666666666665,0.023109758370269025,-0.14304143946568096,0.5,0.5,0,2019.0
Child_hh,3.8,3.0,0.288588110264564,-0.4008354212778314,0.5833333333333334,1.0,0,2019.0
Other_adult,3.6,1.8333333333333333,0.023109758370269025,-2.205393293962886,0.4583333333333333,0.5,1,2012.0
Other_adult,5.0,4.0,1.881458221630336,1.1459284695950724,0.875,0.75,1,1985.0
Child_hh,2.8,3.6666666666666665,-1.0388036492069126,0.630340505970771,0.5,0.5,1,2012.0
Other_adult,4.0,3.6666666666666665,0.5540664621588595,0.630340505970771,0.6666666666666666,0.5,0,2019.0
Child_hh,3.6,3.0,0.023109758370269025,-0.4008354212778314,0.6666666666666666,0.75,0,2019.0
Other_adult,3.6,2.8333333333333335,0.023109758370269025,-0.6586294030899817,0.5625,0.25,0,2019.0
Elderly_hh,4.0,3.5,0.5540664621588595,0.37254652415862055,0.625,0.5,0,2019.0
Other_adult,4.6,4.0,1.350501517841745,1.1459284695950724,0.6666666666666666,0.75,0,2019.0
Elderly_hh,3.0,3.0,-0.773325297312617,-0.4008354212778314,0.625,0.5,0,2019.0
Elderly_hh,4.0,3.0,0.5540664621588595,-0.4008354212778314,0.5,0.5,0,2019.0
Elderly_hh,3.4,3.1666666666666665,-0.2423685935240265,-0.14304143946568096,0.1666666666666666,1.0,1,1985.0
Child_hh,3.4,3.6666666666666665,-0.2423685935240265,0.630340505970771,0.4583333333333333,0.75,1,1995.0
Other_adult,3.0,3.0,-0.773325297312617,-0.4008354212778314,0.5,0.5,0,2019.0
Single,4.0,4.0,0.5540664621588595,1.1459284695950724,0.3333333333333333,0.5,0,2019.0
Other_adult,4.0,4.166666666666667,0.5540664621588595,1.4037224514072235,0.5625,0.75,0,2019.0
Elderly_hh,4.0,3.6666666666666665,0.5540664621588595,0.630340505970771,0.5,0.25,0,2019.0
Elderly_hh,4.4,4.166666666666667,1.0850231659474505,1.4037224514072235,0.5,0.5,1,1985.0
Elderly_hh,2.6,1.6666666666666667,-1.3042820011012075,-2.4631872757750366,0.3333333333333333,0.0,0,2019.0
Elderly_hh,4.0,4.0,0.5540664621588595,1.1459284695950724,0.625,0.5,0,2019.0
Single,5.0,3.6666666666666665,1.881458221630336,0.630340505970771,0.5,0.5,0,2019.0
Single,2.8,2.6666666666666665,-1.0388036492069126,-0.9164233849021329,0.2916666666666666,0.25,0,2019.0
Elderly_hh,5.0,5.0,1.881458221630336,2.6926923604679764,0.7916666666666667,1.0,0,2019.0
Single,2.6,3.0,-1.3042820011012075,-0.4008354212778314,0.625,0.75,0,2019.0
Elderly_hh,3.8,2.8333333333333335,0.288588110264564,-0.6586294030899817,0.625,0.75,0,2019.0
Elderly_hh,2.8,2.3333333333333335,-1.0388036492069126,-1.4320113485264336,0.4583333333333333,0.75,1,2012.0
Single,3.8,3.3333333333333335,0.288588110264564,0.11475254234647013,0.75,0.5,0,2019.0
Elderly_hh,4.0,3.5,0.5540664621588595,0.37254652415862055,0.4583333333333333,0.75,0,2019.0
Single,4.0,3.3333333333333335,0.5540664621588595,0.11475254234647013,0.7083333333333334,0.5,0,2019.0
Elderly_hh,3.6,2.6666666666666665,0.023109758370269025,-0.9164233849021329,0.5416666666666666,0.5,0,2019.0
Elderly_hh,4.2,3.8333333333333335,0.819544814053155,0.888134487782922,0.625,0.5,0,2019.0
Child_hh,3.6,3.0,0.023109758370269025,-0.4008354212778314,0.5416666666666666,0.5,0,2019.0
Elderly_hh,4.4,3.0,1.0850231659474505,-0.4008354212778314,0.7083333333333334,0.75,0,2019.0
Other_adult,4.0,3.8333333333333335,0.5540664621588595,0.888134487782922,0.5416666666666666,0.75,0,2019.0
Elderly_hh,1.0,2.3333333333333335,-3.4281088162555697,-1.4320113485264336,0.3333333333333333,0.5,0,2019.0
Elderly_hh,4.0,3.6666666666666665,0.5540664621588595,0.630340505970771,0.4583333333333333,0.5,0,2019.0
Elderly_hh,3.6,3.1666666666666665,0.023109758370269025,-0.14304143946568096,0.6666666666666666,0.75,1,2012.0
Elderly_hh,4.0,3.8333333333333335,0.5540664621588595,0.888134487782922,0.4166666666666666,0.75,0,2019.0
Other_adult,2.4,3.0,-1.569760352995503,-0.4008354212778314,0.5416666666666666,0.25,0,2019.0
Elderly_hh,4.4,4.833333333333333,1.0850231659474505,2.4348983786558254,0.4583333333333333,0.5,0,2019.0
Single,4.0,4.0,0.5540664621588595,1.1459284695950724,0.375,0.5,0,2019.0
Elderly_hh,3.6,3.6666666666666665,0.023109758370269025,0.630340505970771,0.4583333333333333,0.5,0,2019.0
Elderly_hh,3.0,2.8,-0.773325297312617,-0.7101881994524124,0.5,0.5,0,2019.0
Single,2.2,2.8333333333333335,-1.835238704889798,-0.6586294030899817,0.5,0.5,1,2005.0
Elderly_hh,4.0,4.0,0.5540664621588595,1.1459284695950724,0.7083333333333334,0.5,0,2019.0
Single,3.0,3.0,-0.773325297312617,-0.4008354212778314,0.6,0.5,1,1985.0
Elderly_hh,3.6,3.3333333333333335,0.023109758370269025,0.11475254234647013,0.6666666666666666,0.25,0,2019.0
Elderly_hh,3.4,3.1666666666666665,-0.2423685935240265,-0.14304143946568096,0.25,0.5,0,2019.0
Child_hh,4.0,4.0,0.5540664621588595,1.1459284695950724,0.4583333333333333,0.5,1,1985.0
Other_adult,3.2,2.8333333333333335,-0.5078469454183214,-0.6586294030899817,0.5,0.5,0,2019.0
Elderly_hh,4.2,3.3333333333333335,0.819544814053155,0.11475254234647013,0.4166666666666666,0.5,0,2019.0
Elderly_hh,5.0,3.1666666666666665,1.881458221630336,-0.14304143946568096,0.6666666666666666,0.5,0,2019.0
Child_hh,3.4,3.1666666666666665,-0.2423685935240265,-0.14304143946568096,0.6,0.5,0,2019.0
Elderly_hh,3.6,3.6666666666666665,0.023109758370269025,0.630340505970771,0.5833333333333334,0.75,1,1995.0
Child_hh,3.8,3.3333333333333335,0.288588110264564,0.11475254234647013,0.5416666666666666,0.625,1,1985.0
Single,3.2,2.8333333333333335,-0.5078469454183214,-0.6586294030899817,0.5833333333333334,0.5,0,2019.0
Single,3.8,3.5,0.288588110264564,0.37254652415862055,0.5,0.5,0,2019.0
Elderly_hh,5.0,4.666666666666667,1.881458221630336,2.1771043968436756,0.7083333333333334,0.5,1,2012.0
Single,3.0,2.8,-0.773325297312617,-0.7101881994524124,0.3,0.3333333333333333,0,2019.0
Other_adult,3.8,3.0,0.288588110264564,-0.4008354212778314,0.5416666666666666,0.5,0,2019.0
Other_adult,4.2,4.5,0.819544814053155,1.9193104150315243,0.6666666666666666,1.0,0,2019.0
Elderly_hh,4.0,3.6666666666666665,0.5540664621588595,0.630340505970771,0.5,0.75,0,2019.0
Child_hh,3.6,3.6666666666666665,0.023109758370269025,0.630340505970771,0.6666666666666666,0.5,0,2019.0
Child_hh,2.4,3.25,-1.569760352995503,-0.014144448559605423,0.4166666666666666,0.5,1,2017.0
Elderly_hh,3.0,3.0,-0.773325297312617,-0.4008354212778314,0.25,0.75,0,2019.0
Elderly_hh,3.4,2.6666666666666665,-0.2423685935240265,-0.9164233849021329,0.5,0.5,0,2019.0
Other_adult,3.4,3.0,-0.2423685935240265,-0.4008354212778314,0.625,0.75,0,2019.0
Elderly_hh,2.8,4.166666666666667,-1.0388036492069126,1.4037224514072235,0.8333333333333333,1.0,0,2019.0
Elderly_hh,2.6,2.1666666666666665,-1.3042820011012075,-1.6898053303385847,0.4583333333333333,0.75,1,1985.0
Other_adult,4.8,3.8333333333333335,1.6159798697360404,0.888134487782922,0.5,0.25,0,2019.0
Child_hh,3.6,2.1666666666666665,0.023109758370269025,-1.6898053303385847,0.6666666666666666,0.25,0,2019.0
Single,2.2,1.5,-1.835238704889798,-2.7209812575871872,0.125,0.25,1,2012.0
Elderly_hh,4.0,3.6666666666666665,0.5540664621588595,0.630340505970771,0.7083333333333334,0.75,0,2019.0
Elderly_hh,4.0,3.3333333333333335,0.5540664621588595,0.11475254234647013,0.7083333333333334,0.75,0,2019.0
Single,3.2,2.5,-0.5078469454183214,-1.1742173667142832,0.7083333333333334,0.75,0,2019.0
Single,2.8,2.1666666666666665,-1.0388036492069126,-1.6898053303385847,0.625,0.5,1,2012.0
Single,3.8,2.3333333333333335,0.288588110264564,-1.4320113485264336,0.4166666666666666,0.5,0,2019.0
Child_hh,3.2,2.8333333333333335,-0.5078469454183214,-0.6586294030899817,0.5833333333333334,0.75,0,2019.0
Elderly_hh,4.0,3.6666666666666665,0.5540664621588595,0.630340505970771,0.5833333333333334,0.5,0,2019.0
Single,2.2,2.3333333333333335,-1.835238704889798,-1.4320113485264336,0.1666666666666666,0.25,0,2019.0
Elderly_hh,5.0,4.333333333333333,1.881458221630336,1.6615164332193733,0.7083333333333334,0.75,0,2019.0
Child_hh,2.2,2.3333333333333335,-1.835238704889798,-1.4320113485264336,0.4583333333333333,0.7083333333333334,0,2019.0
Child_hh,3.0,3.0,-0.773325297312617,-0.4008354212778314,0.5,0.75,0,2019.0
Elderly_hh,3.6,3.5,0.023109758370269025,0.37254652415862055,0.3333333333333333,0.75,0,2019.0
Single,3.0,3.3333333333333335,-0.773325297312617,0.11475254234647013,0.3333333333333333,0.5,0,2019.0
Elderly_hh,3.8,3.0,0.288588110264564,-0.4008354212778314,0.5,0.75,0,2019.0
Elderly_hh,4.2,3.5,0.819544814053155,0.37254652415862055,0.7083333333333334,0.5,1,1995.0
Elderly_hh,4.6,3.8333333333333335,1.350501517841745,0.888134487782922,0.6666666666666666,0.75,1,2012.0
Elderly_hh,4.0,3.5,0.5540664621588595,0.37254652415862055,0.4583333333333333,0.75,0,2019.0
Elderly_hh,4.0,2.8,0.5540664621588595,-0.7101881994524124,0.6666666666666666,0.5,0,2019.0
Elderly_hh,4.6,3.6666666666666665,1.350501517841745,0.630340505970771,0.625,0.75,1,2012.0
Child_hh,4.0,3.5,0.5540664621588595,0.37254652415862055,0.5833333333333334,0.25,0,2019.0
Child_hh,3.6,3.3333333333333335,0.023109758370269025,0.11475254234647013,0.625,0.5,0,2019.0
Other_adult,3.8,3.8333333333333335,0.288588110264564,0.888134487782922,0.75,0.75,0,2019.0
Elderly_hh,3.0,2.5,-0.773325297312617,-1.1742173667142832,0.5833333333333334,0.25,1,1995.0
Elderly_hh,3.8,3.6666666666666665,0.288588110264564,0.630340505970771,0.4583333333333333,0.5,0,2019.0
Single,3.8,2.8333333333333335,0.288588110264564,-0.6586294030899817,0.625,0.5,0,2019.0
Elderly_hh,4.0,3.6666666666666665,0.5540664621588595,0.630340505970771,0.625,1.0,0,2019.0
Elderly_hh,1.0,1.0,-3.4281088162555697,-3.494363203023639,0.5,0.5,0,2019.0
Elderly_hh,3.6,3.5,0.023109758370269025,0.37254652415862055,0.625,0.5,0,2019.0
Other_adult,4.6,3.8333333333333335,1.350501517841745,0.888134487782922,0.75,0.5,0,2019.0
Child_hh,4.0,3.8333333333333335,0.5540664621588595,0.888134487782922,0.5,0.75,0,2019.0
Other_adult,4.0,3.8333333333333335,0.5540664621588595,0.888134487782922,0.4583333333333333,0.75,0,2019.0
Child_hh,4.0,4.0,0.5540664621588595,1.1459284695950724,0.7083333333333334,0.75,0,2019.0
Child_hh,4.4,3.6666666666666665,1.0850231659474505,0.630340505970771,0.6666666666666666,0.5,0,2019.0
Elderly_hh,4.4,4.0,1.0850231659474505,1.1459284695950724,0.4166666666666666,0.75,1,1985.0
Elderly_hh,4.2,3.0,0.819544814053155,-0.4008354212778314,0.6666666666666666,0.75,0,2019.0
Child_hh,4.0,3.8333333333333335,0.5540664621588595,0.888134487782922,0.625,0.75,0,2019.0
Single,3.6,4.0,0.023109758370269025,1.1459284695950724,0.5416666666666666,0.5,0,2019.0
Other_adult,4.0,3.5,0.5540664621588595,0.37254652415862055,0.5,0.5,0,2019.0
Elderly_hh,3.6,2.6666666666666665,0.023109758370269025,-0.9164233849021329,0.4166666666666666,0.25,0,2019.0
Other_adult,4.0,3.8333333333333335,0.5540664621588595,0.888134487782922,0.4583333333333333,0.5,0,2019.0
Child_hh,3.8,3.0,0.288588110264564,-0.4008354212778314,0.5,0.5,0,2019.0
Elderly_hh,3.8,3.6666666666666665,0.288588110264564,0.630340505970771,0.6666666666666666,1.0,0,2019.0
Elderly_hh,3.4,3.0,-0.2423685935240265,-0.4008354212778314,0.5833333333333334,0.5,0,2019.0
Other_adult,3.4,2.6666666666666665,-0.2423685935240265,-0.9164233849021329,0.625,0.5,0,2019.0
Elderly_hh,5.0,4.333333333333333,1.881458221630336,1.6615164332193733,0.5,0.75,1,1985.0
Other_adult,4.2,3.1666666666666665,0.819544814053155,-0.14304143946568096,0.5833333333333334,0.75,0,2019.0
Single,3.6,3.0,0.023109758370269025,-0.4008354212778314,0.5,0.5,1,2012.0
Elderly_hh,3.2,2.8333333333333335,-0.5078469454183214,-0.6586294030899817,0.7083333333333334,0.25,0,2019.0
Other_adult,1.6,1.5,-2.631673760572684,-2.7209812575871872,0.75,0.25,1,2012.0
Elderly_hh,3.0,3.1666666666666665,-0.773325297312617,-0.14304143946568096,0.6666666666666666,0.75,0,2019.0
Elderly_hh,4.2,3.8333333333333335,0.819544814053155,0.888134487782922,0.25,0.25,0,2019.0
Elderly_hh,2.8,2.1666666666666665,-1.0388036492069126,-1.6898053303385847,0.375,0.5,0,2019.0
Elderly_hh,4.0,3.5,0.5540664621588595,0.37254652415862055,0.7083333333333334,0.5,0,2019.0
Elderly_hh,4.0,4.0,0.5540664621588595,1.1459284695950724,0.7083333333333334,0.75,1,1985.0
Child_hh,3.8,2.6666666666666665,0.288588110264564,-0.9164233849021329,0.3333333333333333,0.25,0,2019.0
Single,3.4,3.1666666666666665,-0.2423685935240265,-0.14304143946568096,0.5833333333333334,0.75,0,2019.0
Elderly_hh,1.8,2.5,-2.3661954086783887,-1.1742173667142832,0.1666666666666666,0.5,0,2019.0
Elderly_hh,4.0,4.0,0.5540664621588595,1.1459284695950724,0.5416666666666666,0.5,0,2019.0
Other_adult,4.0,2.8333333333333335,0.5540664621588595,-0.6586294030899817,0.625,0.5,1,1985.0
Single,3.0,3.5,-0.773325297312617,0.37254652415862055,0.4166666666666666,0.5,1,2012.0
Elderly_hh,3.8,2.5,0.288588110264564,-1.1742173667142832,0.6666666666666666,0.5,0,2019.0
Single,3.4,3.8333333333333335,-0.2423685935240265,0.888134487782922,0.7083333333333334,0.5,0,2019.0
Child_hh,3.8,2.6666666666666665,0.288588110264564,-0.9164233849021329,0.4166666666666666,0.25,0,2019.0
Elderly_hh,4.0,4.166666666666667,0.5540664621588595,1.4037224514072235,0.5833333333333334,0.5,1,1995.0
Single,4.0,3.3333333333333335,0.5540664621588595,0.11475254234647013,0.5833333333333334,0.75,0,2019.0
Elderly_hh,4.0,3.8333333333333335,0.5540664621588595,0.888134487782922,0.625,0.5,0,2019.0
Other_adult,5.0,4.166666666666667,1.881458221630336,1.4037224514072235,0.5416666666666666,0.75,1,1985.0
Elderly_hh,4.0,3.8333333333333335,0.5540664621588595,0.888134487782922,0.875,0.5,1,1985.0
Other_adult,4.0,3.6666666666666665,0.5540664621588595,0.630340505970771,0.5833333333333334,0.75,0,2019.0
Elderly_hh,3.4,2.8333333333333335,-0.2423685935240265,-0.6586294030899817,0.5,0.5,0,2019.0
Elderly_hh,3.0,3.6666666666666665,-0.773325297312617,0.630340505970771,0.5,0.75,1,1985.0
Child_hh,3.0,2.8333333333333335,-0.773325297312617,-0.6586294030899817,0.5416666666666666,0.5,0,2019.0
Single,3.0,2.6666666666666665,-0.773325297312617,-0.9164233849021329,0.4166666666666666,0.5,0,2019.0
Child_hh,4.0,3.6666666666666665,0.5540664621588595,0.630340505970771,0.6666666666666666,0.5,0,2019.0
Elderly_hh,3.4,2.6666666666666665,-0.2423685935240265,-0.9164233849021329,0.375,0.5,0,2019.0
Single,3.8,3.0,0.288588110264564,-0.4008354212778314,0.6666666666666666,0.5,1,2017.0
Child_hh,4.4,3.6666666666666665,1.0850231659474505,0.630340505970771,0.7083333333333334,0.75,1,1985.0
Elderly_hh,4.2,3.0,0.819544814053155,-0.4008354212778314,0.4583333333333333,0.5,1,1985.0
Single,3.2,3.1666666666666665,-0.5078469454183214,-0.14304143946568096,0.625,0.5,0,2019.0
Single,2.6,2.3333333333333335,-1.3042820011012075,-1.4320113485264336,0.7916666666666667,0.0,0,2019.0
Other_adult,3.4,4.333333333333333,-0.2423685935240265,1.6615164332193733,0.5416666666666666,0.75,0,2019.0
Other_adult,3.8,4.0,0.288588110264564,1.1459284695950724,0.6666666666666666,0.5,0,2019.0
Other_adult,4.0,3.6666666666666665,0.5540664621588595,0.630340505970771,0.2916666666666666,0.5,1,1985.0
Other_adult,3.2,3.5,-0.5078469454183214,0.37254652415862055,0.7083333333333334,0.0,0,2019.0
Child_hh,2.8,1.8333333333333333,-1.0388036492069126,-2.205393293962886,0.4166666666666666,0.25,0,2019.0
Elderly_hh,4.6,3.6666666666666665,1.350501517841745,0.630340505970771,0.5833333333333334,0.75,0,2019.0
Other_adult,3.4,1.0,-0.2423685935240265,-3.494363203023639,0.25,0.25,1,1985.0
Single,4.0,4.0,0.5540664621588595,1.1459284695950724,0.625,0.5,1,1985.0
Other_adult,3.8,2.8333333333333335,0.288588110264564,-0.6586294030899817,0.5416666666666666,0.5,0,2019.0
Child_hh,3.0,3.0,-0.773325297312617,-0.4008354212778314,0.3333333333333333,0.25,0,2019.0
Elderly_hh,3.8,3.3333333333333335,0.288588110264564,0.11475254234647013,0.5833333333333334,0.5,1,1985.0
Elderly_hh,4.2,2.6666666666666665,0.819544814053155,-0.9164233849021329,0.25,0.25,0,2019.0
Child_hh,2.8,3.3333333333333335,-1.0388036492069126,0.11475254234647013,0.75,0.75,1,2012.0
Single,2.8,3.1666666666666665,-1.0388036492069126,-0.14304143946568096,0.6666666666666666,0.5,0,2019.0
Other_adult,4.0,4.0,0.5540664621588595,1.1459284695950724,0.75,0.5,0,2019.0
Other_adult,3.8,3.8333333333333335,0.288588110264564,0.888134487782922,0.7083333333333334,0.5,1,1985.0
Child_hh,3.4,2.8333333333333335,-0.2423685935240265,-0.6586294030899817,0.4166666666666666,0.5,0,2019.0
Other_adult,1.0,1.5,-3.4281088162555697,-2.7209812575871872,0.5,0.25,1,2012.0
Child_hh,5.0,4.333333333333333,1.881458221630336,1.6615164332193733,0.6666666666666666,0.75,0,2019.0
Single,4.0,4.0,0.5540664621588595,1.1459284695950724,0.625,0.75,0,2019.0
Elderly_hh,2.8,1.8333333333333333,-1.0388036492069126,-2.205393293962886,0.9583333333333331,0.75,1,1995.0
Elderly_hh,3.8,3.6666666666666665,0.288588110264564,0.630340505970771,0.6666666666666666,0.5,0,2019.0
Other_adult,2.6,3.6666666666666665,-1.3042820011012075,0.630340505970771,0.4583333333333333,0.0,0,2019.0
Single,4.0,4.166666666666667,0.5540664621588595,1.4037224514072235,0.75,1.0,0,2019.0
Elderly_hh,3.4,3.1666666666666665,-0.2423685935240265,-0.14304143946568096,0.5,0.5,0,2019.0
Other_adult,3.4,3.3333333333333335,-0.2423685935240265,0.11475254234647013,0.7083333333333334,0.75,1,2012.0
Elderly_hh,4.0,3.1666666666666665,0.5540664621588595,-0.14304143946568096,0.2916666666666666,0.75,0,2019.0
Child_hh,3.8,3.5,0.288588110264564,0.37254652415862055,0.7083333333333334,0.5,0,2019.0
Elderly_hh,4.4,3.0,1.0850231659474505,-0.4008354212778314,0.6666666666666666,1.0,0,2019.0
Other_adult,4.0,4.0,0.5540664621588595,1.1459284695950724,0.5,0.75,0,2019.0
Elderly_hh,3.4,2.8333333333333335,-0.2423685935240265,-0.6586294030899817,0.5,0.75,0,2019.0
Single,2.2,2.6666666666666665,-1.835238704889798,-0.9164233849021329,0.5416666666666666,0.5,1,1985.0
Elderly_hh,3.4,2.3333333333333335,-0.2423685935240265,-1.4320113485264336,0.4583333333333333,0.25,0,2019.0
Child_hh,3.6,3.5,0.023109758370269025,0.37254652415862055,0.4166666666666666,0.0,0,2019.0
Single,3.8,3.8333333333333335,0.288588110264564,0.888134487782922,0.625,0.5,1,1985.0
Other_adult,4.8,3.6666666666666665,1.6159798697360404,0.630340505970771,0.4166666666666666,0.5,0,2019.0
Elderly_hh,3.6,2.3333333333333335,0.023109758370269025,-1.4320113485264336,0.75,0.5,0,2019.0
Single,2.6,3.0,-1.3042820011012075,-0.4008354212778314,0.5,0.5,0,2019.0
Other_adult,3.0,2.8333333333333335,-0.773325297312617,-0.6586294030899817,0.4583333333333333,0.25,0,2019.0
Single,3.4,2.8333333333333335,-0.2423685935240265,-0.6586294030899817,0.7083333333333334,0.75,1,1985.0
Other_adult,4.0,2.3333333333333335,0.5540664621588595,-1.4320113485264336,0.5833333333333334,0.75,1,1985.0
Elderly_hh,3.4,3.1666666666666665,-0.2423685935240265,-0.14304143946568096,0.6666666666666666,0.25,0,2019.0
Child_hh,2.6,2.0,-1.3042820011012075,-1.9475993121507351,0.75,0.5,1,2005.0
Elderly_hh,4.6,2.8333333333333335,1.350501517841745,-0.6586294030899817,0.6666666666666666,1.0,0,2019.0
Other_adult,2.6,3.0,-1.3042820011012075,-0.4008354212778314,0.5,0.5,0,2019.0
Other_adult,4.0,3.3333333333333335,0.5540664621588595,0.11475254234647013,0.625,0.5,1,1985.0
Other_adult,2.2,2.1666666666666665,-1.835238704889798,-1.6898053303385847,0.1666666666666666,0.5,0,2019.0
Other_adult,4.2,3.6666666666666665,0.819544814053155,0.630340505970771,0.625,0.5,0,2019.0
Other_adult,4.0,3.0,0.5540664621588595,-0.4008354212778314,0.4583333333333333,0.25,1,1985.0
Elderly_hh,4.0,3.6666666666666665,0.5540664621588595,0.630340505970771,0.5833333333333334,0.75,1,1995.0
Elderly_hh,2.6,2.3333333333333335,-1.3042820011012075,-1.4320113485264336,0.5416666666666666,0.0,0,2019.0
Elderly_hh,4.6,2.8333333333333335,1.350501517841745,-0.6586294030899817,0.5416666666666666,0.75,1,1985.0
Elderly_hh,5.0,4.666666666666667,1.881458221630336,2.1771043968436756,0.8333333333333333,0.75,0,2019.0
Child_hh,3.4,2.6666666666666665,-0.2423685935240265,-0.9164233849021329,0.5416666666666666,0.5,1,2012.0
Child_hh,4.0,3.5,0.5540664621588595,0.37254652415862055,0.2083333333333333,0.75,1,1985.0
Elderly_hh,3.4,3.6666666666666665,-0.2423685935240265,0.630340505970771,0.5833333333333334,0.75,0,2019.0
Child_hh,3.8,4.0,0.288588110264564,1.1459284695950724,0.75,0.75,0,2019.0
Elderly_hh,3.8,2.8333333333333335,0.288588110264564,-0.6586294030899817,0.5,0.5,0,2019.0
Elderly_hh,1.8,2.8333333333333335,-2.3661954086783887,-0.6586294030899817,0.3333333333333333,0.0,0,2019.0
Other_adult,3.8,3.0,0.288588110264564,-0.4008354212778314,0.5,0.5,0,2019.0
Elderly_hh,2.2,3.1666666666666665,-1.835238704889798,-0.14304143946568096,0.5,0.25,1,1995.0
Child_hh,4.2,4.333333333333333,0.819544814053155,1.6615164332193733,0.4583333333333333,0.25,0,2019.0
Other_adult,3.2,3.5,-0.5078469454183214,0.37254652415862055,0.6666666666666666,0.75,0,2019.0
Other_adult,1.0,1.5,-3.4281088162555697,-2.7209812575871872,0.1666666666666666,0.0,1,2005.0
Child_hh,2.8,2.6666666666666665,-1.0388036492069126,-0.9164233849021329,0.5833333333333334,0.5,0,2019.0
Child_hh,3.0,3.6,-0.773325297312617,0.5272229132459111,0.4583333333333333,0.5,0,2019.0
Elderly_hh,3.2,2.6666666666666665,-0.5078469454183214,-0.9164233849021329,0.5416666666666666,0.5,0,2019.0
Other_adult,3.4,3.5,-0.2423685935240265,0.37254652415862055,0.4166666666666666,0.25,0,2019.0
Elderly_hh,3.0,3.6666666666666665,-0.773325297312617,0.630340505970771,0.7083333333333334,1.0,1,1985.0
Other_adult,3.8,3.3333333333333335,0.288588110264564,0.11475254234647013,0.5416666666666666,0.5,0,2019.0
Single,5.0,4.5,1.881458221630336,1.9193104150315243,0.3333333333333333,0.75,0,2019.0
Elderly_hh,3.6,3.6666666666666665,0.023109758370269025,0.630340505970771,0.625,0.75,1,1995.0
Single,3.0,3.0,-0.773325297312617,-0.4008354212778314,0.625,0.25,0,2019.0
Other_adult,2.8,3.0,-1.0388036492069126,-0.4008354212778314,0.25,0.75,0,2019.0
Child_hh,3.2,2.5,-0.5078469454183214,-1.1742173667142832,0.5,0.5,0,2019.0
Other_adult,3.6,3.3333333333333335,0.023109758370269025,0.11475254234647013,0.5,0.5,0,2019.0
Child_hh,3.0,2.1666666666666665,-0.773325297312617,-1.6898053303385847,0.7083333333333334,0.75,0,2019.0
Elderly_hh,3.6,4.333333333333333,0.023109758370269025,1.6615164332193733,0.375,0.5,1,1985.0
Elderly_hh,3.8,3.6666666666666665,0.288588110264564,0.630340505970771,0.625,0.5,1,1985.0
Single,3.6,3.5,0.023109758370269025,0.37254652415862055,0.375,0.5,0,2019.0
Other_adult,3.6,3.3333333333333335,0.023109758370269025,0.11475254234647013,0.7083333333333334,0.5,0,2019.0
Elderly_hh,3.2,3.5,-0.5078469454183214,0.37254652415862055,0.75,0.75,1,1985.0
Elderly_hh,3.0,2.3333333333333335,-0.773325297312617,-1.4320113485264336,0.4583333333333333,0.25,0,2019.0
Child_hh,3.0,1.1666666666666667,-0.773325297312617,-3.2365692212114885,0.5416666666666666,0.25,1,1995.0
Single,4.0,3.25,0.5540664621588595,-0.014144448559605423,0.5833333333333334,0.5,0,2019.0
Elderly_hh,2.2,2.8333333333333335,-1.835238704889798,-0.6586294030899817,0.375,0.5,0,2019.0
Elderly_hh,4.0,4.0,0.5540664621588595,1.1459284695950724,0.4166666666666666,0.75,1,1995.0
Single,4.0,3.8333333333333335,0.5540664621588595,0.888134487782922,0.625,0.5,1,1985.0
Elderly_hh,3.4,3.3333333333333335,-0.2423685935240265,0.11475254234647013,0.5416666666666666,0.75,0,2019.0
Elderly_hh,3.8,3.0,0.288588110264564,-0.4008354212778314,0.4166666666666666,0.75,0,2019.0
Elderly_hh,5.0,4.166666666666667,1.881458221630336,1.4037224514072235,0.9166666666666669,0.75,0,2019.0
Elderly_hh,4.2,3.5,0.819544814053155,0.37254652415862055,0.6666666666666666,0.75,0,2019.0
Single,4.6,3.8333333333333335,1.350501517841745,0.888134487782922,0.5833333333333334,0.75,0,2019.0
Elderly_hh,4.2,3.6666666666666665,0.819544814053155,0.630340505970771,0.5833333333333334,0.75,1,1985.0
Elderly_hh,5.0,5.0,1.881458221630336,2.6926923604679764,0.75,1.0,1,1995.0
Single,3.8,2.6666666666666665,0.288588110264564,-0.9164233849021329,0.7083333333333334,0.25,1,1985.0
Child_hh,4.0,3.6666666666666665,0.5540664621588595,0.630340505970771,0.625,0.75,0,2019.0
Single,4.0,4.0,0.5540664621588595,1.1459284695950724,0.5416666666666666,0.5,0,2019.0
Single,3.8,3.3333333333333335,0.288588110264564,0.11475254234647013,0.625,0.75,0,2019.0
Single,2.0,2.0,-2.1007170567840934,-1.9475993121507351,0.125,0.5,0,2019.0
Elderly_hh,3.8,3.6666666666666665,0.288588110264564,0.630340505970771,0.4166666666666666,0.5,0,2019.0
Other_adult,3.8,4.0,0.288588110264564,1.1459284695950724,0.5833333333333334,0.25,0,2019.0
Child_hh,4.4,2.3333333333333335,1.0850231659474505,-1.4320113485264336,0.2916666666666666,0.25,0,2019.0
Child_hh,4.6,3.5,1.350501517841745,0.37254652415862055,0.75,0.75,0,2019.0
Elderly_hh,3.0,2.3333333333333335,-0.773325297312617,-1.4320113485264336,0.3333333333333333,0.5,0,2019.0
Child_hh,4.0,4.0,0.5540664621588595,1.1459284695950724,0.5833333333333334,0.75,0,2019.0
Single,4.0,3.1666666666666665,0.5540664621588595,-0.14304143946568096,0.6666666666666666,0.75,0,2019.0
Single,3.6,3.0,0.023109758370269025,-0.4008354212778314,0.4166666666666666,0.25,0,2019.0
Elderly_hh,3.4,3.0,-0.2423685935240265,-0.4008354212778314,0.3333333333333333,0.5,0,2019.0
Child_hh,5.0,3.5,1.881458221630336,0.37254652415862055,0.7083333333333334,1.0,0,2019.0
Single,3.4,3.8333333333333335,-0.2423685935240265,0.888134487782922,0.7083333333333334,0.5,0,2019.0
Elderly_hh,3.4,3.5,-0.2423685935240265,0.37254652415862055,0.4583333333333333,0.5,0,2019.0
Other_adult,4.0,3.6,0.5540664621588595,0.5272229132459111,0.4583333333333333,0.75,0,2019.0
Elderly_hh,4.0,4.0,0.5540664621588595,1.1459284695950724,0.5,0.5,0,2019.0
Other_adult,3.0,2.5,-0.773325297312617,-1.1742173667142832,0.375,0.75,0,2019.0
Single,4.0,3.5,0.5540664621588595,0.37254652415862055,0.6666666666666666,0.5833333333333334,0,2019.0
Elderly_hh,4.0,3.6,0.5540664621588595,0.5272229132459111,0.625,0.25,0,2019.0
Child_hh,1.0,1.0,-3.4281088162555697,-3.494363203023639,0.25,0.75,1,1995.0
Other_adult,5.0,3.8333333333333335,1.881458221630336,0.888134487782922,0.7083333333333334,0.5,1,1985.0
Elderly_hh,4.6,3.6666666666666665,1.350501517841745,0.630340505970771,0.4583333333333333,0.5,0,2019.0
Other_adult,2.2,3.0,-1.835238704889798,-0.4008354212778314,0.375,0.75,0,2019.0
Single,4.0,3.0,0.5540664621588595,-0.4008354212778314,0.625,0.5,0,2019.0
Single,3.4,3.0,-0.2423685935240265,-0.4008354212778314,0.4583333333333333,0.75,0,2019.0
Child_hh,3.0,2.1666666666666665,-0.773325297312617,-1.6898053303385847,0.7083333333333334,0.25,0,2019.0
Elderly_hh,3.6,2.0,0.023109758370269025,-1.9475993121507351,0.75,0.25,1,1985.0
Elderly_hh,4.0,2.3333333333333335,0.5540664621588595,-1.4320113485264336,0.625,0.5,1,2017.0
Single,3.8,3.6666666666666665,0.288588110264564,0.630340505970771,0.2916666666666666,0.5,0,2019.0
Single,3.0,2.5,-0.773325297312617,-1.1742173667142832,0.2083333333333333,0.5,0,2019.0
Other_adult,3.8,3.6,0.288588110264564,0.5272229132459111,0.5833333333333334,0.25,0,2019.0
Elderly_hh,3.6,3.0,0.023109758370269025,-0.4008354212778314,0.3333333333333333,0.5,0,2019.0
Elderly_hh,3.0,2.8333333333333335,-0.773325297312617,-0.6586294030899817,0.5,0.75,0,2019.0
Elderly_hh,4.0,4.0,0.5540664621588595,1.1459284695950724,0.2916666666666666,0.75,0,2019.0
Single,3.8,2.6666666666666665,0.288588110264564,-0.9164233849021329,0.4166666666666666,0.5,0,2019.0
Single,3.2,3.0,-0.5078469454183214,-0.4008354212778314,0.4583333333333333,0.25,0,2019.0
Elderly_hh,4.0,3.6666666666666665,0.5540664621588595,0.630340505970771,0.5416666666666666,0.5,1,1985.0
Other_adult,2.6,3.5,-1.3042820011012075,0.37254652415862055,0.4583333333333333,0.5,0,2019.0
Elderly_hh,4.0,2.8333333333333335,0.5540664621588595,-0.6586294030899817,0.875,0.5,1,1995.0
Other_adult,3.8,4.0,0.288588110264564,1.1459284695950724,0.625,0.5,0,2019.0
Single,4.0,3.8333333333333335,0.5540664621588595,0.888134487782922,0.6666666666666666,0.5,1,1995.0
Elderly_hh,4.0,3.6666666666666665,0.5540664621588595,0.630340505970771,0.625,0.25,0,2019.0
Other_adult,4.2,4.0,0.819544814053155,1.1459284695950724,0.1666666666666666,0.75,1,1995.0
Child_hh,3.2,2.8333333333333335,-0.5078469454183214,-0.6586294030899817,0.4583333333333333,0.75,0,2019.0
Elderly_hh,3.4,3.5,-0.2423685935240265,0.37254652415862055,0.5,0.5,0,2019.0
Elderly_hh,3.8,3.1666666666666665,0.288588110264564,-0.14304143946568096,0.5833333333333334,0.5,0,2019.0
Elderly_hh,4.4,3.3333333333333335,1.0850231659474505,0.11475254234647013,0.6666666666666666,0.25,0,2019.0
Other_adult,4.0,3.8333333333333335,0.5540664621588595,0.888134487782922,0.6666666666666666,0.75,0,2019.0
Elderly_hh,4.4,3.8,1.0850231659474505,0.8365756914204914,0.7083333333333334,0.5,0,2019.0
Elderly_hh,3.6,3.0,0.023109758370269025,-0.4008354212778314,0.4583333333333333,0.75,1,2005.0
Child_hh,2.8,3.8333333333333335,-1.0388036492069126,0.888134487782922,0.625,0.75,0,2019.0
Single,3.8,2.5,0.288588110264564,-1.1742173667142832,0.375,0.5,1,2005.0
Single,3.2,2.3333333333333335,-0.5078469454183214,-1.4320113485264336,0.375,0.5,0,2019.0
Child_hh,3.4,3.3333333333333335,-0.2423685935240265,0.11475254234647013,0.4166666666666666,0.25,0,2019.0
Elderly_hh,4.0,3.2,0.5540664621588595,-0.09148264310325034,0.5416666666666666,0.5,1,1985.0
Single,4.0,4.0,0.5540664621588595,1.1459284695950724,0.5,0.5,0,2019.0
Child_hh,2.2,2.6666666666666665,-1.835238704889798,-0.9164233849021329,0.6666666666666666,0.75,1,1985.0
Elderly_hh,5.0,3.8333333333333335,1.881458221630336,0.888134487782922,0.75,0.5,0,2019.0
Other_adult,3.2,2.3333333333333335,-0.5078469454183214,-1.4320113485264336,0.5,0.75,0,2019.0
Other_adult,3.2,2.3333333333333335,-0.5078469454183214,-1.4320113485264336,0.375,1.0,0,2019.0
Child_hh,3.2,3.0,-0.5078469454183214,-0.4008354212778314,0.5416666666666666,0.25,0,2019.0
Elderly_hh,3.2,3.3333333333333335,-0.5078469454183214,0.11475254234647013,0.4166666666666666,0.75,0,2019.0
Single,4.4,3.8333333333333335,1.0850231659474505,0.888134487782922,0.8333333333333333,0.75,0,2019.0
Elderly_hh,2.4,3.6666666666666665,-1.569760352995503,0.630340505970771,0.4583333333333333,0.5,0,2019.0
Child_hh,4.0,3.5,0.5540664621588595,0.37254652415862055,0.5833333333333334,0.75,0,2019.0
Elderly_hh,4.0,3.8333333333333335,0.5540664621588595,0.888134487782922,0.75,0.75,0,2019.0
Single,3.0,3.3333333333333335,-0.773325297312617,0.11475254234647013,0.4583333333333333,0.75,1,1985.0
Child_hh,2.0,2.0,-2.1007170567840934,-1.9475993121507351,0.3333333333333333,0.25,0,2019.0
Elderly_hh,4.0,3.8333333333333335,0.5540664621588595,0.888134487782922,0.4166666666666666,0.25,0,2019.0
Elderly_hh,5.0,3.6666666666666665,1.881458221630336,0.630340505970771,0.4583333333333333,0.5,0,2019.0
Elderly_hh,2.2,1.8333333333333333,-1.835238704889798,-2.205393293962886,0.6666666666666666,0.75,0,2019.0
Elderly_hh,4.4,3.0,1.0850231659474505,-0.4008354212778314,0.5416666666666666,0.0,1,2012.0
Elderly_hh,2.8,2.8333333333333335,-1.0388036492069126,-0.6586294030899817,0.6666666666666666,0.5,0,2019.0
Other_adult,4.0,3.0,0.5540664621588595,-0.4008354212778314,0.4583333333333333,0.25,1,1985.0
Elderly_hh,3.4,2.3333333333333335,-0.2423685935240265,-1.4320113485264336,0.9166666666666669,0.5,0,2019.0
Other_adult,3.4,3.6666666666666665,-0.2423685935240265,0.630340505970771,0.5416666666666666,0.75,0,2019.0
Other_adult,4.4,3.3333333333333335,1.0850231659474505,0.11475254234647013,0.7083333333333334,0.5,1,1985.0
Elderly_hh,4.6,4.166666666666667,1.350501517841745,1.4037224514072235,0.5416666666666666,0.5,1,2005.0
Child_hh,4.0,3.8333333333333335,0.5540664621588595,0.888134487782922,0.75,0.5,1,2012.0
Child_hh,3.6,2.6666666666666665,0.023109758370269025,-0.9164233849021329,0.2916666666666666,0.75,1,1995.0
Elderly_hh,3.8,3.1666666666666665,0.288588110264564,-0.14304143946568096,0.5,0.75,0,2019.0
Other_adult,3.8,3.5,0.288588110264564,0.37254652415862055,0.625,0.75,0,2019.0
Other_adult,1.2,1.3333333333333333,-3.162630464361275,-2.978775239399338,0.4583333333333333,0.5,0,2019.0
Other_adult,4.0,3.5,0.5540664621588595,0.37254652415862055,0.625,0.75,0,2019.0
Other_adult,3.6,2.6666666666666665,0.023109758370269025,-0.9164233849021329,0.375,0.25,1,1985.0
Child_hh,3.6,3.0,0.023109758370269025,-0.4008354212778314,0.4583333333333333,0.5,0,2019.0
Elderly_hh,3.0,3.0,-0.773325297312617,-0.4008354212778314,0.375,0.5,0,2019.0
Elderly_hh,2.6,3.5,-1.3042820011012075,0.37254652415862055,0.4583333333333333,0.75,0,2019.0
Child_hh,3.2,3.8333333333333335,-0.5078469454183214,0.888134487782922,0.5833333333333334,0.5,0,2019.0
Single,2.0,3.0,-2.1007170567840934,-0.4008354212778314,0.4166666666666666,0.5,0,2019.0
Elderly_hh,3.8,3.0,0.288588110264564,-0.4008354212778314,0.5833333333333334,0.5,1,1985.0
Single,2.8,2.6666666666666665,-1.0388036492069126,-0.9164233849021329,0.625,0.5,0,2019.0
Elderly_hh,3.8,3.6666666666666665,0.288588110264564,0.630340505970771,0.7916666666666667,0.75,0,2019.0
Elderly_hh,3.2,3.0,-0.5078469454183214,-0.4008354212778314,0.5,0.5,1,1985.0
Elderly_hh,3.8,3.3333333333333335,0.288588110264564,0.11475254234647013,0.5833333333333334,0.5,0,2019.0
Elderly_hh,3.8,3.6666666666666665,0.288588110264564,0.630340505970771,0.6666666666666666,0.75,0,2019.0
Elderly_hh,3.0,2.1666666666666665,-0.773325297312617,-1.6898053303385847,0.5,0.25,1,1995.0
Other_adult,4.0,4.0,0.5540664621588595,1.1459284695950724,0.375,0.5,1,1985.0
Other_adult,3.4,3.1666666666666665,-0.2423685935240265,-0.14304143946568096,0.625,0.25,0,2019.0
Other_adult,3.0,3.5,-0.773325297312617,0.37254652415862055,0.5833333333333334,0.5,0,2019.0
Single,5.0,4.0,1.881458221630336,1.1459284695950724,0.7916666666666667,0.5,1,2005.0
Child_hh,3.8,3.3333333333333335,0.288588110264564,0.11475254234647013,0.4583333333333333,0.5,0,2019.0
Other_adult,2.2,1.8333333333333333,-1.835238704889798,-2.205393293962886,0.4583333333333333,0.5,0,2019.0
Elderly_hh,4.0,4.0,0.5540664621588595,1.1459284695950724,0.7083333333333334,0.75,0,2019.0
Single,4.2,2.8333333333333335,0.819544814053155,-0.6586294030899817,0.625,0.25,0,2019.0
Other_adult,3.8,3.6666666666666665,0.288588110264564,0.630340505970771,0.5,0.75,0,2019.0
Elderly_hh,2.8,2.3333333333333335,-1.0388036492069126,-1.4320113485264336,0.5,0.75,1,1985.0
Elderly_hh,4.0,2.6666666666666665,0.5540664621588595,-0.9164233849021329,0.5,0.5,1,2005.0
Child_hh,1.4,2.6666666666666665,-2.8971521124669795,-0.9164233849021329,0.0416666666666666,0.0,1,2005.0
Elderly_hh,3.8,3.6666666666666665,0.288588110264564,0.630340505970771,0.6666666666666666,0.75,0,2019.0
Elderly_hh,5.0,3.5,1.881458221630336,0.37254652415862055,0.7083333333333334,0.5,0,2019.0
Single,2.8,2.8333333333333335,-1.0388036492069126,-0.6586294030899817,0.4583333333333333,0.5,0,2019.0
Child_hh,3.4,2.6666666666666665,-0.2423685935240265,-0.9164233849021329,0.3333333333333333,0.5,0,2019.0
Child_hh,4.6,4.0,1.350501517841745,1.1459284695950724,0.7083333333333334,0.75,0,2019.0
Single,3.4,3.3333333333333335,-0.2423685935240265,0.11475254234647013,0.5833333333333334,0.75,0,2019.0
Single,3.2,3.5,-0.5078469454183214,0.37254652415862055,0.5416666666666666,0.5,0,2019.0
Elderly_hh,3.0,3.5,-0.773325297312617,0.37254652415862055,0.5,0.5,0,2019.0
Single,3.8,3.3333333333333335,0.288588110264564,0.11475254234647013,0.5416666666666666,0.5,0,2019.0
Child_hh,3.4,3.3333333333333335,-0.2423685935240265,0.11475254234647013,0.7083333333333334,0.75,0,2019.0
Elderly_hh,4.0,3.0,0.5540664621588595,-0.4008354212778314,0.75,0.75,1,1985.0
Elderly_hh,1.4,1.5,-2.8971521124669795,-2.7209812575871872,0.2083333333333333,0.5,1,1985.0
Other_adult,2.4,2.8333333333333335,-1.569760352995503,-0.6586294030899817,0.2916666666666666,0.5,0,2019.0
Single,3.2,3.1666666666666665,-0.5078469454183214,-0.14304143946568096,0.25,0.5,0,2019.0
Elderly_hh,5.0,3.6666666666666665,1.881458221630336,0.630340505970771,0.625,1.0,1,1985.0
Elderly_hh,4.0,3.3333333333333335,0.5540664621588595,0.11475254234647013,0.625,0.5,1,1985.0
Child_hh,3.4,2.5,-0.2423685935240265,-1.1742173667142832,0.625,0.75,0,2019.0
Elderly_hh,1.6,2.0,-2.631673760572684,-1.9475993121507351,0.4583333333333333,0.25,0,2019.0
Elderly_hh,4.0,4.0,0.5540664621588595,1.1459284695950724,0.5833333333333334,0.5,0,2019.0
Other_adult,3.8,3.0,0.288588110264564,-0.4008354212778314,0.6666666666666666,0.5,0,2019.0
Elderly_hh,4.0,4.0,0.5540664621588595,1.1459284695950724,0.5833333333333334,0.25,1,2012.0
Child_hh,2.4,3.1666666666666665,-1.569760352995503,-0.14304143946568096,0.7083333333333334,0.5,0,2019.0
Single,3.0,3.3333333333333335,-0.773325297312617,0.11475254234647013,0.7083333333333334,1.0,0,2019.0
Other_adult,3.2,3.0,-0.5078469454183214,-0.4008354212778314,0.2916666666666666,0.5,0,2019.0
Child_hh,2.8,2.3333333333333335,-1.0388036492069126,-1.4320113485264336,0.6666666666666666,0.25,1,2012.0
Elderly_hh,3.0,2.5,-0.773325297312617,-1.1742173667142832,0.2916666666666666,0.5,0,2019.0
Child_hh,4.4,4.5,1.0850231659474505,1.9193104150315243,0.7083333333333334,1.0,0,2019.0
Child_hh,4.0,2.6666666666666665,0.5540664621588595,-0.9164233849021329,0.7083333333333334,0.75,0,2019.0
Single,3.2,2.6666666666666665,-0.5078469454183214,-0.9164233849021329,0.1666666666666666,0.75,0,2019.0
Single,3.6,3.6666666666666665,0.023109758370269025,0.630340505970771,0.4166666666666666,0.75,0,2019.0
Other_adult,3.6,3.0,0.023109758370269025,-0.4008354212778314,0.5833333333333334,0.25,0,2019.0
Elderly_hh,2.8,2.3333333333333335,-1.0388036492069126,-1.4320113485264336,0.375,0.75,1,1985.0
Single,3.6,3.0,0.023109758370269025,-0.4008354212778314,0.75,0.5,1,1985.0
Other_adult,3.4,3.0,-0.2423685935240265,-0.4008354212778314,0.4583333333333333,0.5,0,2019.0
Single,5.0,3.6666666666666665,1.881458221630336,0.630340505970771,0.2083333333333333,0.0,1,2017.0
Elderly_hh,3.6,3.6666666666666665,0.023109758370269025,0.630340505970771,0.6666666666666666,0.75,1,1985.0
Elderly_hh,3.8,3.5,0.288588110264564,0.37254652415862055,0.5416666666666666,0.5,0,2019.0
Elderly_hh,3.2,3.0,-0.5078469454183214,-0.4008354212778314,0.5,0.5,0,2019.0
Single,4.0,4.0,0.5540664621588595,1.1459284695950724,0.0416666666666666,0.25,0,2019.0
Other_adult,4.0,3.3333333333333335,0.5540664621588595,0.11475254234647013,0.4583333333333333,0.25,0,2019.0
Single,3.0,3.0,-0.773325297312617,-0.4008354212778314,0.5,0.5,0,2019.0
Single,1.6,1.0,-2.631673760572684,-3.494363203023639,0.0,0.25,0,2019.0
Single,3.8,3.3333333333333335,0.288588110264564,0.11475254234647013,0.4583333333333333,0.5,0,2019.0
Single,1.0,1.0,-3.4281088162555697,-3.494363203023639,0.5,0.0,1,1995.0
Other_adult,4.4,4.166666666666667,1.0850231659474505,1.4037224514072235,0.6666666666666666,0.25,0,2019.0
Elderly_hh,5.0,4.166666666666667,1.881458221630336,1.4037224514072235,0.625,0.5833333333333334,0,2019.0
Elderly_hh,4.0,4.0,0.5540664621588595,1.1459284695950724,0.625,0.75,0,2019.0
Elderly_hh,4.0,3.8333333333333335,0.5540664621588595,0.888134487782922,0.5,0.5,0,2019.0
Single,2.6,2.5,-1.3042820011012075,-1.1742173667142832,0.6666666666666666,0.5,0,2019.0
Elderly_hh,4.0,3.0,0.5540664621588595,-0.4008354212778314,0.5416666666666666,0.75,1,1985.0
Elderly_hh,4.6,3.6666666666666665,1.350501517841745,0.630340505970771,0.5833333333333334,0.5,0,2019.0
Other_adult,4.0,3.3333333333333335,0.5540664621588595,0.11475254234647013,0.65,0.5,1,2005.0
Elderly_hh,4.0,3.5,0.5540664621588595,0.37254652415862055,0.625,0.6666666666666666,0,2019.0
Elderly_hh,4.4,4.0,1.0850231659474505,1.1459284695950724,0.4583333333333333,0.5,0,2019.0
Child_hh,3.4,2.0,-0.2423685935240265,-1.9475993121507351,0.5,0.25,0,2019.0
Child_hh,4.4,3.5,1.0850231659474505,0.37254652415862055,0.4583333333333333,0.75,1,2005.0
Elderly_hh,3.6,3.8333333333333335,0.023109758370269025,0.888134487782922,0.625,0.75,1,1985.0
Single,3.8,3.1666666666666665,0.288588110264564,-0.14304143946568096,0.5,0.5,0,2019.0
Elderly_hh,4.0,3.8333333333333335,0.5540664621588595,0.888134487782922,0.5416666666666666,0.5,0,2019.0
Elderly_hh,4.0,3.4,0.5540664621588595,0.21787013507133002,0.125,0.5,0,2019.0
Elderly_hh,4.0,4.0,0.5540664621588595,1.1459284695950724,0.5416666666666666,0.75,0,2019.0
Elderly_hh,3.8,3.3333333333333335,0.288588110264564,0.11475254234647013,0.2916666666666666,0.5,0,2019.0
Elderly_hh,3.4,3.1666666666666665,-0.2423685935240265,-0.14304143946568096,0.5,0.5,1,2012.0
Elderly_hh,3.0,3.3333333333333335,-0.773325297312617,0.11475254234647013,0.5833333333333334,0.5,0,2019.0
Elderly_hh,3.8,4.0,0.288588110264564,1.1459284695950724,0.5416666666666666,0.5,0,2019.0
Other_adult,4.2,3.5,0.819544814053155,0.37254652415862055,0.375,0.75,1,1985.0
Single,4.6,3.1666666666666665,1.350501517841745,-0.14304143946568096,0.4583333333333333,0.5,0,2019.0
Elderly_hh,4.0,3.5,0.5540664621588595,0.37254652415862055,0.5416666666666666,0.75,0,2019.0
Other_adult,3.4,3.6666666666666665,-0.2423685935240265,0.630340505970771,0.625,0.75,0,2019.0
Child_hh,3.0,3.1666666666666665,-0.773325297312617,-0.14304143946568096,0.5,0.5,1,1995.0
Other_adult,3.8,3.0,0.288588110264564,-0.4008354212778314,0.4583333333333333,0.75,0,2019.0
Other_adult,3.6,1.8333333333333333,0.023109758370269025,-2.205393293962886,0.4583333333333333,0.5,0,2019.0
Elderly_hh,3.0,3.0,-0.773325297312617,-0.4008354212778314,0.625,0.75,0,2019.0
Child_hh,4.0,4.0,0.5540664621588595,1.1459284695950724,0.6666666666666666,0.75,0,2019.0
Child_hh,5.0,4.666666666666667,1.881458221630336,2.1771043968436756,0.6666666666666666,0.5,0,2019.0
Elderly_hh,3.0,3.0,-0.773325297312617,-0.4008354212778314,0.5833333333333334,0.5,1,2017.0
Child_hh,4.0,3.6666666666666665,0.5540664621588595,0.630340505970771,0.5,0.5,0,2019.0
Child_hh,4.0,3.6666666666666665,0.5540664621588595,0.630340505970771,0.6666666666666666,0.5,0,2019.0
Elderly_hh,3.2,4.0,-0.5078469454183214,1.1459284695950724,0.5833333333333334,0.75,0,2019.0
Elderly_hh,4.0,3.5,0.5540664621588595,0.37254652415862055,0.5,0.75,1,1985.0
Child_hh,4.2,3.3333333333333335,0.819544814053155,0.11475254234647013,0.5,0.5,1,1985.0
Other_adult,2.4,2.3333333333333335,-1.569760352995503,-1.4320113485264336,0.6666666666666666,0.25,0,2019.0
Elderly_hh,4.0,3.5,0.5540664621588595,0.37254652415862055,0.625,0.5,0,2019.0
Child_hh,3.8,4.0,0.288588110264564,1.1459284695950724,0.5,0.5,0,2019.0
Single,3.6,3.6666666666666665,0.023109758370269025,0.630340505970771,0.5416666666666666,0.75,0,2019.0
Child_hh,5.0,3.8333333333333335,1.881458221630336,0.888134487782922,0.7916666666666667,0.5,0,2019.0
Single,2.4,3.3333333333333335,-1.569760352995503,0.11475254234647013,0.5,0.5,0,2019.0
Elderly_hh,3.4,3.6666666666666665,-0.2423685935240265,0.630340505970771,0.5,0.5,0,2019.0
Elderly_hh,3.4,3.5,-0.2423685935240265,0.37254652415862055,1.0,1.0,0,2019.0
Other_adult,3.0,3.0,-0.773325297312617,-0.4008354212778314,0.5,0.5,0,2019.0
Child_hh,3.8,3.0,0.288588110264564,-0.4008354212778314,0.7083333333333334,0.75,0,2019.0
Elderly_hh,3.2,3.0,-0.5078469454183214,-0.4008354212778314,0.5,0.75,0,2019.0
Single,3.6,3.8333333333333335,0.023109758370269025,0.888134487782922,0.125,0.75,0,2019.0
Child_hh,4.2,4.0,0.819544814053155,1.1459284695950724,0.6666666666666666,0.25,0,2019.0
Elderly_hh,4.6,3.8333333333333335,1.350501517841745,0.888134487782922,0.625,0.75,1,2012.0
Elderly_hh,5.0,4.333333333333333,1.881458221630336,1.6615164332193733,0.5833333333333334,0.75,1,2005.0
Elderly_hh,2.4,2.8333333333333335,-1.569760352995503,-0.6586294030899817,0.5,0.5,0,2019.0
Other_adult,3.2,3.5,-0.5078469454183214,0.37254652415862055,0.75,0.75,1,2012.0
Other_adult,3.8,4.666666666666667,0.288588110264564,2.1771043968436756,0.3333333333333333,0.25,0,2019.0
Elderly_hh,4.2,4.166666666666667,0.819544814053155,1.4037224514072235,0.6666666666666666,0.75,1,2012.0
Single,4.4,3.8333333333333335,1.0850231659474505,0.888134487782922,0.6666666666666666,0.75,0,2019.0
Single,2.4,3.5,-1.569760352995503,0.37254652415862055,0.5416666666666666,0.75,0,2019.0
Elderly_hh,4.0,3.6666666666666665,0.5540664621588595,0.630340505970771,0.6666666666666666,0.75,0,2019.0
Child_hh,3.0,2.5,-0.773325297312617,-1.1742173667142832,0.5,0.5,0,2019.0
Other_adult,4.0,3.3333333333333335,0.5540664621588595,0.11475254234647013,0.625,0.25,0,2019.0
Elderly_hh,4.0,2.8333333333333335,0.5540664621588595,-0.6586294030899817,0.625,0.75,1,2005.0
Elderly_hh,4.0,4.0,0.5540664621588595,1.1459284695950724,0.5416666666666666,0.5,0,2019.0
Elderly_hh,1.8,2.5,-2.3661954086783887,-1.1742173667142832,0.2916666666666666,0.5,0,2019.0
Elderly_hh,3.6,3.6666666666666665,0.023109758370269025,0.630340505970771,0.5416666666666666,0.5,1,1985.0
Elderly_hh,4.2,4.0,0.819544814053155,1.1459284695950724,0.7083333333333334,0.5,0,2019.0
Single,2.6,2.3333333333333335,-1.3042820011012075,-1.4320113485264336,0.5416666666666666,0.25,1,1985.0
Single,2.4,2.6666666666666665,-1.569760352995503,-0.9164233849021329,0.7083333333333334,0.5,0,2019.0
Child_hh,2.8,3.6666666666666665,-1.0388036492069126,0.630340505970771,0.375,0.5,1,2012.0
Other_adult,2.6,3.1666666666666665,-1.3042820011012075,-0.14304143946568096,0.4583333333333333,0.75,0,2019.0
Elderly_hh,3.0,3.3333333333333335,-0.773325297312617,0.11475254234647013,0.25,0.5,0,2019.0
Elderly_hh,4.0,3.1666666666666665,0.5540664621588595,-0.14304143946568096,0.6666666666666666,1.0,1,1985.0
Child_hh,3.0,3.0,-0.773325297312617,-0.4008354212778314,0.5,0.5,0,2019.0
Child_hh,3.4,3.6666666666666665,-0.2423685935240265,0.630340505970771,0.5,0.5,0,2019.0
Child_hh,3.8,3.8333333333333335,0.288588110264564,0.888134487782922,0.5416666666666666,0.25,0,2019.0
Elderly_hh,3.4,3.6666666666666665,-0.2423685935240265,0.630340505970771,0.5833333333333334,0.5,0,2019.0
Single,3.6,3.1666666666666665,0.023109758370269025,-0.14304143946568096,0.4583333333333333,0.5,0,2019.0
Single,3.8,3.6666666666666665,0.288588110264564,0.630340505970771,0.5416666666666666,0.5,1,2012.0
Other_adult,3.4,3.1666666666666665,-0.2423685935240265,-0.14304143946568096,0.6666666666666666,0.5,0,2019.0
Elderly_hh,4.0,3.6666666666666665,0.5540664621588595,0.630340505970771,0.625,0.75,0,2019.0
Single,5.0,3.8333333333333335,1.881458221630336,0.888134487782922,0.7083333333333334,0.5,0,2019.0
Elderly_hh,3.0,1.8333333333333333,-0.773325297312617,-2.205393293962886,0.75,0.75,0,2019.0
Child_hh,3.0,3.0,-0.773325297312617,-0.4008354212778314,0.5,0.5,0,2019.0
Other_adult,4.0,4.333333333333333,0.5540664621588595,1.6615164332193733,0.75,0.5,0,2019.0
Other_adult,3.2,3.5,-0.5078469454183214,0.37254652415862055,0.5416666666666666,0.5,0,2019.0
Other_adult,3.6,4.0,0.023109758370269025,1.1459284695950724,0.75,0.5,0,2019.0
Elderly_hh,4.6,3.8333333333333335,1.350501517841745,0.888134487782922,0.7083333333333334,0.5,0,2019.0
Elderly_hh,4.0,2.1666666666666665,0.5540664621588595,-1.6898053303385847,0.4583333333333333,0.5,1,1985.0
Elderly_hh,4.8,3.8333333333333335,1.6159798697360404,0.888134487782922,0.5833333333333334,0.75,1,1985.0
Elderly_hh,3.2,3.5,-0.5078469454183214,0.37254652415862055,0.5,0.5,1,1995.0
Single,3.0,3.3333333333333335,-0.773325297312617,0.11475254234647013,0.5,0.5,0,2019.0
Other_adult,4.2,3.5,0.819544814053155,0.37254652415862055,0.5833333333333334,0.5,1,1985.0
Single,4.0,3.8333333333333335,0.5540664621588595,0.888134487782922,0.5833333333333334,0.5,1,1985.0
Single,3.0,3.0,-0.773325297312617,-0.4008354212778314,0.4166666666666666,0.25,0,2019.0
Elderly_hh,3.0,3.0,-0.773325297312617,-0.4008354212778314,0.5,0.5,0,2019.0
Other_adult,4.0,4.166666666666667,0.5540664621588595,1.4037224514072235,0.5833333333333334,0.5,0,2019.0
Elderly_hh,4.2,1.8333333333333333,0.819544814053155,-2.205393293962886,0.7083333333333334,0.75,1,1995.0
Elderly_hh,3.75,3.5,0.22221852229099037,0.37254652415862055,0.6,0.5,0,2019.0
Other_adult,4.0,3.6666666666666665,0.5540664621588595,0.630340505970771,0.5416666666666666,0.5,0,2019.0
Elderly_hh,3.0,3.0,-0.773325297312617,-0.4008354212778314,0.625,0.5,0,2019.0
Single,4.2,3.1666666666666665,0.819544814053155,-0.14304143946568096,0.5416666666666666,0.5,0,2019.0
Elderly_hh,1.0,1.5,-3.4281088162555697,-2.7209812575871872,0.75,0.75,0,2019.0
Elderly_hh,4.0,3.6666666666666665,0.5540664621588595,0.630340505970771,0.75,0.5,0,2019.0
Elderly_hh,3.2,3.8333333333333335,-0.5078469454183214,0.888134487782922,0.75,0.75,1,2017.0
Single,1.8,1.6666666666666667,-2.3661954086783887,-2.4631872757750366,0.125,0.75,1,1995.0
Single,3.6,2.8333333333333335,0.023109758370269025,-0.6586294030899817,0.5416666666666666,0.75,1,1985.0
Other_adult,3.6,3.5,0.023109758370269025,0.37254652415862055,0.4166666666666666,0.5,1,1985.0
Single,2.4,3.0,-1.569760352995503,-0.4008354212778314,0.5416666666666666,0.5,0,2019.0
Single,3.6,3.6666666666666665,0.023109758370269025,0.630340505970771,0.5833333333333334,0.5,0,2019.0
Other_adult,3.0,3.0,-0.773325297312617,-0.4008354212778314,0.5833333333333334,0.25,0,2019.0
Elderly_hh,3.2,2.6666666666666665,-0.5078469454183214,-0.9164233849021329,0.2083333333333333,0.5,0,2019.0
Other_adult,3.6,3.5,0.023109758370269025,0.37254652415862055,0.6666666666666666,0.25,0,2019.0
Other_adult,3.0,3.1666666666666665,-0.773325297312617,-0.14304143946568096,0.125,0.5,0,2019.0
Single,4.0,3.1666666666666665,0.5540664621588595,-0.14304143946568096,0.625,0.75,0,2019.0
Single,3.8,3.5,0.288588110264564,0.37254652415862055,0.6666666666666666,0.5,0,2019.0
Elderly_hh,2.6,3.1666666666666665,-1.3042820011012075,-0.14304143946568096,0.4583333333333333,0.25,0,2019.0
Elderly_hh,3.4,3.3333333333333335,-0.2423685935240265,0.11475254234647013,0.6666666666666666,0.75,0,2019.0
Other_adult,5.0,4.5,1.881458221630336,1.9193104150315243,0.8333333333333333,0.5,0,2019.0
Child_hh,5.0,5.0,1.881458221630336,2.6926923604679764,0.5833333333333334,0.75,1,1985.0
Child_hh,1.2,2.2,-3.162630464361275,-1.6382465339761543,0.375,0.0,0,2019.0
Child_hh,2.0,2.5,-2.1007170567840934,-1.1742173667142832,0.4166666666666666,0.25,0,2019.0
Single,3.0,3.8333333333333335,-0.773325297312617,0.888134487782922,0.625,0.5,0,2019.0
Elderly_hh,4.0,2.5,0.5540664621588595,-1.1742173667142832,0.75,0.5,0,2019.0
Child_hh,4.0,3.5,0.5540664621588595,0.37254652415862055,0.625,0.5,0,2019.0
Elderly_hh,3.2,2.5,-0.5078469454183214,-1.1742173667142832,0.4166666666666666,0.5,0,2019.0
Other_adult,4.0,3.8333333333333335,0.5540664621588595,0.888134487782922,0.5,0.5,0,2019.0
Other_adult,4.6,4.0,1.350501517841745,1.1459284695950724,0.5416666666666666,0.75,1,1985.0
Elderly_hh,3.0,3.5,-0.773325297312617,0.37254652415862055,0.0833333333333333,0.75,0,2019.0
Single,4.0,4.0,0.5540664621588595,1.1459284695950724,0.5,0.25,1,1985.0
Other_adult,4.0,3.5,0.5540664621588595,0.37254652415862055,0.6666666666666666,0.5,0,2019.0
Child_hh,4.2,3.5,0.819544814053155,0.37254652415862055,0.8333333333333333,0.5,0,2019.0
Child_hh,3.6,3.8333333333333335,0.023109758370269025,0.888134487782922,0.5,0.5,0,2019.0
Elderly_hh,3.0,3.0,-0.773325297312617,-0.4008354212778314,0.4583333333333333,0.75,0,2019.0
Elderly_hh,4.0,4.0,0.5540664621588595,1.1459284695950724,0.7083333333333334,0.75,0,2019.0
Elderly_hh,1.8,3.6666666666666665,-2.3661954086783887,0.630340505970771,0.4583333333333333,0.25,1,2012.0
Single,2.8,3.0,-1.0388036492069126,-0.4008354212778314,0.4583333333333333,0.5,1,1985.0
Elderly_hh,4.0,3.0,0.5540664621588595,-0.4008354212778314,0.5,0.75,0,2019.0
Elderly_hh,3.4,3.5,-0.2423685935240265,0.37254652415862055,0.5,0.25,0,2019.0
Elderly_hh,4.0,3.5,0.5540664621588595,0.37254652415862055,0.0499999999999999,0.75,0,2019.0
Child_hh,4.2,3.0,0.819544814053155,-0.4008354212778314,0.7916666666666667,1.0,1,2012.0
Single,3.4,3.1666666666666665,-0.2423685935240265,-0.14304143946568096,0.5833333333333334,0.75,0,2019.0
Elderly_hh,4.6,3.8333333333333335,1.350501517841745,0.888134487782922,0.5,0.75,0,2019.0
Child_hh,3.8,3.5,0.288588110264564,0.37254652415862055,0.4166666666666666,0.75,0,2019.0
Elderly_hh,3.8,3.6666666666666665,0.288588110264564,0.630340505970771,0.4583333333333333,0.75,1,1985.0
Other_adult,4.0,3.8333333333333335,0.5540664621588595,0.888134487782922,0.625,0.75,0,2019.0
Child_hh,2.6,3.3333333333333335,-1.3042820011012075,0.11475254234647013,0.625,0.5,1,2012.0
Elderly_hh,3.2,3.3333333333333335,-0.5078469454183214,0.11475254234647013,0.2916666666666666,0.25,1,1995.0
Child_hh,3.0,3.0,-0.773325297312617,-0.4008354212778314,0.5416666666666666,0.25,0,2019.0
Child_hh,2.2,2.3333333333333335,-1.835238704889798,-1.4320113485264336,0.5416666666666666,0.5,0,2019.0
Child_hh,2.8,3.0,-1.0388036492069126,-0.4008354212778314,0.4583333333333333,0.75,1,2017.0
Elderly_hh,3.8,3.3333333333333335,0.288588110264564,0.11475254234647013,0.625,0.75,1,1985.0
Elderly_hh,4.0,3.6666666666666665,0.5540664621588595,0.630340505970771,0.5416666666666666,0.75,0,2019.0
Child_hh,5.0,3.6666666666666665,1.881458221630336,0.630340505970771,0.75,0.5,0,2019.0
Elderly_hh,3.6,3.3333333333333335,0.023109758370269025,0.11475254234647013,0.5,0.25,0,2019.0
Single,4.0,3.6666666666666665,0.5540664621588595,0.630340505970771,0.5416666666666666,0.5,0,2019.0
Single,3.8,3.5,0.288588110264564,0.37254652415862055,0.4583333333333333,0.75,0,2019.0
Child_hh,2.2,3.1666666666666665,-1.835238704889798,-0.14304143946568096,0.3333333333333333,0.5,0,2019.0
Elderly_hh,4.0,3.6666666666666665,0.5540664621588595,0.630340505970771,0.3333333333333333,0.75,0,2019.0
Elderly_hh,3.4,3.1666666666666665,-0.2423685935240265,-0.14304143946568096,0.4583333333333333,0.75,0,2019.0
Elderly_hh,3.4,3.5,-0.2423685935240265,0.37254652415862055,0.7083333333333334,0.75,1,1985.0
Other_adult,3.4,3.1666666666666665,-0.2423685935240265,-0.14304143946568096,0.7083333333333334,0.5,1,1985.0
Other_adult,3.6,3.1666666666666665,0.023109758370269025,-0.14304143946568096,0.5416666666666666,0.5,0,2019.0
Other_adult,4.2,3.6666666666666665,0.819544814053155,0.630340505970771,0.4583333333333333,0.5,1,1985.0
Elderly_hh,3.6,2.0,0.023109758370269025,-1.9475993121507351,0.75,0.75,1,1985.0
Elderly_hh,3.2,3.5,-0.5078469454183214,0.37254652415862055,0.25,0.75,0,2019.0
Other_adult,3.6,3.6666666666666665,0.023109758370269025,0.630340505970771,0.4166666666666666,0.5,0,2019.0
Child_hh,3.8,3.6666666666666665,0.288588110264564,0.630340505970771,0.6666666666666666,0.5,0,2019.0
Elderly_hh,3.8,3.5,0.288588110264564,0.37254652415862055,0.5416666666666666,1.0,0,2019.0
Elderly_hh,4.2,3.5,0.819544814053155,0.37254652415862055,0.6666666666666666,0.5,1,2012.0
Elderly_hh,4.4,4.0,1.0850231659474505,1.1459284695950724,0.4583333333333333,0.75,0,2019.0
Elderly_hh,3.0,3.0,-0.773325297312617,-0.4008354212778314,0.5,0.5,1,2017.0
Child_hh,4.4,3.8333333333333335,1.0850231659474505,0.888134487782922,0.7083333333333334,0.75,1,2012.0
Elderly_hh,3.0,3.3333333333333335,-0.773325297312617,0.11475254234647013,0.5416666666666666,0.5,0,2019.0
Child_hh,4.2,4.333333333333333,0.819544814053155,1.6615164332193733,0.5416666666666666,0.75,1,1985.0
Other_adult,3.8,4.0,0.288588110264564,1.1459284695950724,0.5416666666666666,0.5,0,2019.0
Elderly_hh,3.0,3.0,-0.773325297312617,-0.4008354212778314,0.5,0.5,0,2019.0
Elderly_hh,3.0,3.0,-0.773325297312617,-0.4008354212778314,0.5,0.5,1,2012.0
Elderly_hh,3.6,2.6666666666666665,0.023109758370269025,-0.9164233849021329,0.4583333333333333,0.0,0,2019.0
Elderly_hh,4.2,3.6666666666666665,0.819544814053155,0.630340505970771,0.5416666666666666,0.5,0,2019.0
Elderly_hh,5.0,4.333333333333333,1.881458221630336,1.6615164332193733,0.75,0.75,1,1985.0
Elderly_hh,4.0,3.5,0.5540664621588595,0.37254652415862055,0.4583333333333333,0.25,1,2005.0
Single,3.0,2.6666666666666665,-0.773325297312617,-0.9164233849021329,0.5,0.5,0,2019.0
Elderly_hh,4.0,3.8333333333333335,0.5540664621588595,0.888134487782922,0.5,0.75,0,2019.0
Single,3.0,3.5,-0.773325297312617,0.37254652415862055,0.5,0.0,0,2019.0
Elderly_hh,2.4,3.4,-1.569760352995503,0.21787013507133002,0.4499999999999999,0.2,0,2019.0
Child_hh,4.0,3.5,0.5540664621588595,0.37254652415862055,0.5416666666666666,0.25,0,2019.0
Elderly_hh,3.8,3.0,0.288588110264564,-0.4008354212778314,0.5416666666666666,0.75,0,2019.0
Other_adult,3.6,2.1666666666666665,0.023109758370269025,-1.6898053303385847,0.4583333333333333,0.5,0,2019.0
Single,4.0,4.0,0.5540664621588595,1.1459284695950724,0.6666666666666666,0.5,1,1985.0
Child_hh,2.0,2.8333333333333335,-2.1007170567840934,-0.6586294030899817,0.375,0.5,0,2019.0
Elderly_hh,3.8,4.5,0.288588110264564,1.9193104150315243,0.4166666666666666,0.75,0,2019.0
Elderly_hh,4.6,3.5,1.350501517841745,0.37254652415862055,0.7916666666666667,0.75,1,1985.0
Elderly_hh,4.0,4.0,0.5540664621588595,1.1459284695950724,0.5833333333333334,0.75,0,2019.0
Elderly_hh,4.0,3.8333333333333335,0.5540664621588595,0.888134487782922,0.5833333333333334,0.5,1,1985.0
Child_hh,1.8,1.6666666666666667,-2.3661954086783887,-2.4631872757750366,0.1666666666666666,1.0,0,2019.0
Single,4.0,3.8333333333333335,0.5540664621588595,0.888134487782922,0.7083333333333334,0.75,0,2019.0
Other_adult,3.4,2.8333333333333335,-0.2423685935240265,-0.6586294030899817,0.4583333333333333,0.5,1,1985.0
Elderly_hh,4.0,3.0,0.5540664621588595,-0.4008354212778314,0.5416666666666666,0.75,0,2019.0
Single,3.6,2.6666666666666665,0.023109758370269025,-0.9164233849021329,0.4583333333333333,0.5,0,2019.0
Elderly_hh,3.0,3.1666666666666665,-0.773325297312617,-0.14304143946568096,0.5833333333333334,0.5,1,2012.0
Child_hh,1.0,1.0,-3.4281088162555697,-3.494363203023639,0.125,0.5,0,2019.0
Other_adult,2.2,2.6666666666666665,-1.835238704889798,-0.9164233849021329,0.6666666666666666,0.5,0,2019.0
Elderly_hh,3.8,3.6666666666666665,0.288588110264564,0.630340505970771,0.4583333333333333,0.5,0,2019.0
Child_hh,4.0,3.6666666666666665,0.5540664621588595,0.630340505970771,0.625,0.75,0,2019.0
Elderly_hh,4.4,4.166666666666667,1.0850231659474505,1.4037224514072235,0.5,0.75,0,2019.0
Elderly_hh,3.6,3.6666666666666665,0.023109758370269025,0.630340505970771,0.6666666666666666,0.75,0,2019.0
Single,4.4,3.3333333333333335,1.0850231659474505,0.11475254234647013,0.9166666666666669,0.5,1,2017.0
Other_adult,1.2,1.0,-3.162630464361275,-3.494363203023639,0.7916666666666667,0.5,0,2019.0
Child_hh,3.4,3.0,-0.2423685935240265,-0.4008354212778314,0.625,0.5,0,2019.0
Elderly_hh,3.6,2.6666666666666665,0.023109758370269025,-0.9164233849021329,0.2916666666666666,0.5,0,2019.0
Other_adult,2.8,3.0,-1.0388036492069126,-0.4008354212778314,0.625,0.75,0,2019.0
Elderly_hh,4.6,3.6666666666666665,1.350501517841745,0.630340505970771,0.5,0.75,0,2019.0
Other_adult,3.2,3.0,-0.5078469454183214,-0.4008354212778314,0.5,0.5,1,2012.0
Elderly_hh,3.6,3.6666666666666665,0.023109758370269025,0.630340505970771,0.5416666666666666,0.5,1,1995.0
Single,3.6,3.3333333333333335,0.023109758370269025,0.11475254234647013,0.625,0.75,1,1985.0
Other_adult,4.0,4.0,0.5540664621588595,1.1459284695950724,0.7083333333333334,0.75,1,2005.0
Other_adult,3.4,3.3333333333333335,-0.2423685935240265,0.11475254234647013,0.5,0.5,0,2019.0
Child_hh,3.8,3.5,0.288588110264564,0.37254652415862055,0.7083333333333334,0.5,0,2019.0
Child_hh,2.8,3.0,-1.0388036492069126,-0.4008354212778314,0.7083333333333334,1.0,0,2019.0
Other_adult,3.4,2.6666666666666665,-0.2423685935240265,-0.9164233849021329,0.375,0.5,0,2019.0
Other_adult,3.6,3.1666666666666665,0.023109758370269025,-0.14304143946568096,0.375,0.5,0,2019.0
Elderly_hh,3.2,2.5,-0.5078469454183214,-1.1742173667142832,0.5,0.5,0,2019.0
Single,3.0,2.8333333333333335,-0.773325297312617,-0.6586294030899817,0.5416666666666666,0.5,0,2019.0
Child_hh,4.4,2.8333333333333335,1.0850231659474505,-0.6586294030899817,0.5,0.5,0,2019.0
Child_hh,4.6,4.0,1.350501517841745,1.1459284695950724,0.625,0.5833333333333334,0,2019.0
Other_adult,3.4,3.1666666666666665,-0.2423685935240265,-0.14304143946568096,0.6666666666666666,0.5,0,2019.0
Child_hh,3.4,3.3333333333333335,-0.2423685935240265,0.11475254234647013,0.5,0.5,0,2019.0
Elderly_hh,4.0,3.8333333333333335,0.5540664621588595,0.888134487782922,0.6666666666666666,0.5,0,2019.0
Child_hh,4.6,4.833333333333333,1.350501517841745,2.4348983786558254,0.7916666666666667,1.0,1,1985.0
Other_adult,4.0,4.333333333333333,0.5540664621588595,1.6615164332193733,0.5,0.75,0,2019.0
Elderly_hh,4.0,3.6666666666666665,0.5540664621588595,0.630340505970771,0.7083333333333334,0.75,1,2005.0
Child_hh,3.8,4.0,0.288588110264564,1.1459284695950724,0.5416666666666666,1.0,1,1985.0
Child_hh,4.0,3.5,0.5540664621588595,0.37254652415862055,0.375,0.5,0,2019.0
Elderly_hh,3.6,3.8333333333333335,0.023109758370269025,0.888134487782922,0.625,0.75,0,2019.0
Elderly_hh,3.4,3.3333333333333335,-0.2423685935240265,0.11475254234647013,0.6666666666666666,0.75,0,2019.0
Single,3.6,3.3333333333333335,0.023109758370269025,0.11475254234647013,0.5833333333333334,0.75,0,2019.0
Child_hh,4.0,3.1666666666666665,0.5540664621588595,-0.14304143946568096,0.5,0.5,1,2012.0
Elderly_hh,3.2,3.3333333333333335,-0.5078469454183214,0.11475254234647013,0.375,0.5,0,2019.0
Other_adult,2.8,3.3333333333333335,-1.0388036492069126,0.11475254234647013,0.5416666666666666,0.5,0,2019.0
Child_hh,3.4,3.3333333333333335,-0.2423685935240265,0.11475254234647013,0.4583333333333333,0.5,0,2019.0
Single,3.0,3.1666666666666665,-0.773325297312617,-0.14304143946568096,0.5833333333333334,0.5,0,2019.0
Elderly_hh,4.2,3.8333333333333335,0.819544814053155,0.888134487782922,0.6666666666666666,0.75,1,1985.0
Child_hh,3.2,1.6666666666666667,-0.5078469454183214,-2.4631872757750366,0.2916666666666666,0.25,0,2019.0
Child_hh,1.2,1.6666666666666667,-3.162630464361275,-2.4631872757750366,0.5833333333333334,0.5,0,2019.0
Single,2.6,2.6666666666666665,-1.3042820011012075,-0.9164233849021329,0.5,0.5,0,2019.0
Elderly_hh,3.0,2.6666666666666665,-0.773325297312617,-0.9164233849021329,0.4583333333333333,0.5,1,1985.0
Elderly_hh,4.8,3.3333333333333335,1.6159798697360404,0.11475254234647013,0.7083333333333334,0.75,0,2019.0
Single,3.2,2.6666666666666665,-0.5078469454183214,-0.9164233849021329,0.4166666666666666,0.0,1,1985.0
Single,5.0,4.4,1.881458221630336,1.7646340259442346,0.375,0.5,0,2019.0
Single,1.8,2.3333333333333335,-2.3661954086783887,-1.4320113485264336,0.375,0.0,1,2005.0
Other_adult,4.2,2.1666666666666665,0.819544814053155,-1.6898053303385847,0.7916666666666667,0.75,1,2012.0
Single,4.8,3.3333333333333335,1.6159798697360404,0.11475254234647013,0.6666666666666666,0.0,0,2019.0
Child_hh,3.8,3.3333333333333335,0.288588110264564,0.11475254234647013,0.5,0.75,0,2019.0
Elderly_hh,4.0,4.0,0.5540664621588595,1.1459284695950724,0.4166666666666666,0.5,0,2019.0
Elderly_hh,3.6,3.0,0.023109758370269025,-0.4008354212778314,0.4583333333333333,0.5,0,2019.0
Elderly_hh,4.0,3.6666666666666665,0.5540664621588595,0.630340505970771,0.1666666666666666,0.25,0,2019.0
Single,1.8,2.6666666666666665,-2.3661954086783887,-0.9164233849021329,0.2083333333333333,0.75,0,2019.0
Child_hh,2.0,2.0,-2.1007170567840934,-1.9475993121507351,0.5833333333333334,0.75,0,2019.0
Elderly_hh,3.2,1.8333333333333333,-0.5078469454183214,-2.205393293962886,0.5,0.5,0,2019.0
Elderly_hh,4.8,4.0,1.6159798697360404,1.1459284695950724,0.5,0.5,1,1985.0
Elderly_hh,5.0,3.1666666666666665,1.881458221630336,-0.14304143946568096,0.25,0.5,1,2012.0
Child_hh,4.2,3.6666666666666665,0.819544814053155,0.630340505970771,0.5833333333333334,0.25,1,2012.0
Single,3.4,2.6666666666666665,-0.2423685935240265,-0.9164233849021329,0.625,0.5,0,2019.0
Other_adult,4.2,4.0,0.819544814053155,1.1459284695950724,0.625,0.75,0,2019.0
Single,4.0,2.6666666666666665,0.5540664621588595,-0.9164233849021329,0.6666666666666666,0.75,0,2019.0
Single,3.6,3.0,0.023109758370269025,-0.4008354212778314,0.7083333333333334,0.5,0,2019.0
Elderly_hh,4.0,3.3333333333333335,0.5540664621588595,0.11475254234647013,0.6666666666666666,0.5,0,2019.0
Other_adult,2.2,3.0,-1.835238704889798,-0.4008354212778314,0.5833333333333334,0.5,0,2019.0
Elderly_hh,4.0,3.3333333333333335,0.5540664621588595,0.11475254234647013,0.625,0.5,0,2019.0
Other_adult,3.8,3.6666666666666665,0.288588110264564,0.630340505970771,0.4583333333333333,0.5,0,2019.0
Elderly_hh,4.0,3.8333333333333335,0.5540664621588595,0.888134487782922,0.5833333333333334,0.75,0,2019.0
Other_adult,3.4,2.8333333333333335,-0.2423685935240265,-0.6586294030899817,0.7083333333333334,0.75,0,2019.0
Elderly_hh,2.8,4.0,-1.0388036492069126,1.1459284695950724,0.125,0.25,0,2019.0
Elderly_hh,2.4,3.5,-1.569760352995503,0.37254652415862055,0.3333333333333333,0.5,0,2019.0
Other_adult,3.2,2.6666666666666665,-0.5078469454183214,-0.9164233849021329,0.625,0.5,0,2019.0
Elderly_hh,2.6,3.0,-1.3042820011012075,-0.4008354212778314,0.5416666666666666,0.0,0,2019.0
Other_adult,2.8,1.6666666666666667,-1.0388036492069126,-2.4631872757750366,0.4166666666666666,0.5,0,2019.0
Elderly_hh,3.8,3.3333333333333335,0.288588110264564,0.11475254234647013,0.5,0.75,0,2019.0
Single,3.2,3.8333333333333335,-0.5078469454183214,0.888134487782922,0.375,0.5,1,2012.0
Elderly_hh,4.0,3.6666666666666665,0.5540664621588595,0.630340505970771,0.7083333333333334,0.75,1,1985.0
Single,2.6,2.6666666666666665,-1.3042820011012075,-0.9164233849021329,0.6666666666666666,0.5,0,2019.0
Other_adult,3.0,3.5,-0.773325297312617,0.37254652415862055,0.5833333333333334,0.5,0,2019.0
Other_adult,3.8,3.1666666666666665,0.288588110264564,-0.14304143946568096,0.5,0.5,0,2019.0
Single,3.4,3.0,-0.2423685935240265,-0.4008354212778314,0.9166666666666669,0.5,0,2019.0
Elderly_hh,2.2,2.6666666666666665,-1.835238704889798,-0.9164233849021329,0.5,0.5,0,2019.0
Elderly_hh,4.2,3.5,0.819544814053155,0.37254652415862055,0.5833333333333334,0.75,1,1985.0
Elderly_hh,3.2,3.0,-0.5078469454183214,-0.4008354212778314,0.4583333333333333,0.75,0,2019.0
Elderly_hh,5.0,4.166666666666667,1.881458221630336,1.4037224514072235,0.5,0.75,0,2019.0
Single,3.6,2.6666666666666665,0.023109758370269025,-0.9164233849021329,0.625,0.5,1,1995.0
Elderly_hh,3.2,2.8333333333333335,-0.5078469454183214,-0.6586294030899817,0.5833333333333334,0.5,1,1985.0
Other_adult,4.0,4.333333333333333,0.5540664621588595,1.6615164332193733,0.6666666666666666,0.75,0,2019.0
Other_adult,3.0,3.0,-0.773325297312617,-0.4008354212778314,0.5833333333333334,0.75,0,2019.0
Elderly_hh,4.0,3.1666666666666665,0.5540664621588595,-0.14304143946568096,0.625,0.25,0,2019.0
Elderly_hh,3.6,2.6666666666666665,0.023109758370269025,-0.9164233849021329,0.5416666666666666,0.5,0,2019.0
Elderly_hh,4.0,3.8333333333333335,0.5540664621588595,0.888134487782922,0.0833333333333333,0.75,0,2019.0
Elderly_hh,2.2,1.5,-1.835238704889798,-2.7209812575871872,0.4166666666666666,0.75,1,1985.0
Elderly_hh,3.6,2.0,0.023109758370269025,-1.9475993121507351,0.75,0.5,0,2019.0
Elderly_hh,3.2,3.1666666666666665,-0.5078469454183214,-0.14304143946568096,0.4166666666666666,0.5,0,2019.0
Elderly_hh,3.8,4.0,0.288588110264564,1.1459284695950724,0.5833333333333334,0.75,0,2019.0
Child_hh,3.2,3.5,-0.5078469454183214,0.37254652415862055,0.625,0.5,1,1985.0
Child_hh,3.0,2.8333333333333335,-0.773325297312617,-0.6586294030899817,0.6666666666666666,0.25,0,2019.0
Child_hh,5.0,4.5,1.881458221630336,1.9193104150315243,0.7083333333333334,0.75,1,1985.0
Elderly_hh,4.0,3.6666666666666665,0.5540664621588595,0.630340505970771,0.5416666666666666,0.5,0,2019.0
Single,4.6,3.6666666666666665,1.350501517841745,0.630340505970771,0.5,0.75,0,2019.0
Single,3.8,3.0,0.288588110264564,-0.4008354212778314,0.625,0.75,0,2019.0
Child_hh,3.4,3.0,-0.2423685935240265,-0.4008354212778314,0.7083333333333334,0.5,0,2019.0
Child_hh,4.0,3.5,0.5540664621588595,0.37254652415862055,0.375,0.5,1,1985.0
Elderly_hh,4.6,3.8333333333333335,1.350501517841745,0.888134487782922,0.7083333333333334,0.75,1,2017.0
Child_hh,3.2,3.6666666666666665,-0.5078469454183214,0.630340505970771,0.5833333333333334,0.75,0,2019.0
Single,2.6,3.0,-1.3042820011012075,-0.4008354212778314,0.5416666666666666,0.5,1,2017.0
Other_adult,4.0,3.8333333333333335,0.5540664621588595,0.888134487782922,0.5833333333333334,0.25,0,2019.0
Child_hh,4.2,2.6666666666666665,0.819544814053155,-0.9164233849021329,0.4583333333333333,0.5,1,2017.0
Child_hh,3.6,2.8333333333333335,0.023109758370269025,-0.6586294030899817,0.5,0.5,0,2019.0
Other_adult,4.8,4.333333333333333,1.6159798697360404,1.6615164332193733,0.7083333333333334,0.5,1,1985.0
Child_hh,3.4,3.5,-0.2423685935240265,0.37254652415862055,0.7083333333333334,0.75,1,2005.0
Elderly_hh,4.0,3.8333333333333335,0.5540664621588595,0.888134487782922,0.7083333333333334,0.75,1,2012.0
Elderly_hh,3.8,2.6666666666666665,0.288588110264564,-0.9164233849021329,0.5416666666666666,0.25,0,2019.0
Single,3.6,2.8333333333333335,0.023109758370269025,-0.6586294030899817,0.25,0.5,1,1985.0
Child_hh,3.0,3.0,-0.773325297312617,-0.4008354212778314,0.5,0.5,0,2019.0
Child_hh,3.4,3.0,-0.2423685935240265,-0.4008354212778314,0.5833333333333334,0.5,0,2019.0
Other_adult,3.4,2.6666666666666665,-0.2423685935240265,-0.9164233849021329,0.2083333333333333,0.5,0,2019.0
Elderly_hh,4.8,4.0,1.6159798697360404,1.1459284695950724,0.7,0.75,1,1985.0
Single,3.4,2.8333333333333335,-0.2423685935240265,-0.6586294030899817,0.4583333333333333,0.75,0,2019.0
Other_adult,3.0,3.0,-0.773325297312617,-0.4008354212778314,0.5,0.5,0,2019.0
Single,4.0,4.0,0.5540664621588595,1.1459284695950724,0.6666666666666666,0.75,1,1985.0
Elderly_hh,4.0,3.5,0.5540664621588595,0.37254652415862055,0.625,0.5,0,2019.0
Single,3.8,2.6666666666666665,0.288588110264564,-0.9164233849021329,0.375,0.5,1,1985.0
Single,4.0,3.6666666666666665,0.5540664621588595,0.630340505970771,0.6666666666666666,0.5,0,2019.0
Single,3.4,3.3333333333333335,-0.2423685935240265,0.11475254234647013,0.5,0.5,0,2019.0
Child_hh,3.4,2.8333333333333335,-0.2423685935240265,-0.6586294030899817,0.5,0.5,1,1985.0
Other_adult,3.0,3.1666666666666665,-0.773325297312617,-0.14304143946568096,0.4583333333333333,0.75,0,2019.0
Other_adult,3.0,2.5,-0.773325297312617,-1.1742173667142832,0.5416666666666666,0.5,0,2019.0
Single,5.0,4.833333333333333,1.881458221630336,2.4348983786558254,0.5416666666666666,1.0,1,1985.0
Single,2.4,2.6666666666666665,-1.569760352995503,-0.9164233849021329,0.4166666666666666,0.75,0,2019.0
Single,3.6,3.3333333333333335,0.023109758370269025,0.11475254234647013,0.5,0.75,0,2019.0
Other_adult,3.2,3.1666666666666665,-0.5078469454183214,-0.14304143946568096,0.6,0.75,0,2019.0
Single,3.6,2.5,0.023109758370269025,-1.1742173667142832,0.5,0.5,1,2005.0
Elderly_hh,4.0,3.6666666666666665,0.5540664621588595,0.630340505970771,0.5833333333333334,0.75,1,1985.0
Elderly_hh,4.0,4.0,0.5540664621588595,1.1459284695950724,0.5,0.5,1,1995.0
Child_hh,4.4,4.166666666666667,1.0850231659474505,1.4037224514072235,0.75,0.75,0,2019.0
Other_adult,3.8,3.0,0.288588110264564,-0.4008354212778314,0.4583333333333333,0.75,0,2019.0
Other_adult,3.6,4.166666666666667,0.023109758370269025,1.4037224514072235,0.5833333333333334,0.75,0,2019.0
Child_hh,3.4,3.8333333333333335,-0.2423685935240265,0.888134487782922,0.5833333333333334,0.5,0,2019.0
Other_adult,3.2,3.0,-0.5078469454183214,-0.4008354212778314,0.5,0.5,0,2019.0
Elderly_hh,3.2,3.5,-0.5078469454183214,0.37254652415862055,0.5,0.25,1,1985.0
Single,4.2,3.8,0.819544814053155,0.8365756914204914,0.5,0.75,0,2019.0
Elderly_hh,3.8,3.6666666666666665,0.288588110264564,0.630340505970771,0.625,1.0,1,1985.0
Elderly_hh,3.4,3.1666666666666665,-0.2423685935240265,-0.14304143946568096,0.4166666666666666,0.75,1,1995.0
Elderly_hh,4.0,4.0,0.5540664621588595,1.1459284695950724,0.5833333333333334,0.5,0,2019.0
Elderly_hh,3.4,2.6666666666666665,-0.2423685935240265,-0.9164233849021329,0.4583333333333333,0.75,1,2012.0
Elderly_hh,3.0,3.6666666666666665,-0.773325297312617,0.630340505970771,0.375,0.25,0,2019.0
Elderly_hh,4.8,3.6666666666666665,1.6159798697360404,0.630340505970771,0.9583333333333331,0.75,0,2019.0
Elderly_hh,4.0,4.333333333333333,0.5540664621588595,1.6615164332193733,0.25,0.25,0,2019.0
Elderly_hh,4.0,4.166666666666667,0.5540664621588595,1.4037224514072235,0.55,0.75,0,2019.0
Elderly_hh,3.4,3.1666666666666665,-0.2423685935240265,-0.14304143946568096,0.5416666666666666,0.5,0,2019.0
Elderly_hh,4.8,3.8333333333333335,1.6159798697360404,0.888134487782922,0.5833333333333334,0.75,1,1995.0
Single,4.0,3.6666666666666665,0.5540664621588595,0.630340505970771,0.5833333333333334,0.75,0,2019.0
Other_adult,4.0,3.6666666666666665,0.5540664621588595,0.630340505970771,0.5833333333333334,0.5,1,1985.0
Elderly_hh,4.0,3.1666666666666665,0.5540664621588595,-0.14304143946568096,0.625,0.75,0,2019.0
Elderly_hh,3.6,4.0,0.023109758370269025,1.1459284695950724,0.625,0.75,0,2019.0
Child_hh,3.4,2.6666666666666665,-0.2423685935240265,-0.9164233849021329,0.5416666666666666,0.25,0,2019.0
Elderly_hh,2.0,2.0,-2.1007170567840934,-1.9475993121507351,0.4583333333333333,0.5,0,2019.0
Child_hh,3.6,3.3333333333333335,0.023109758370269025,0.11475254234647013,0.25,0.25,0,2019.0
Other_adult,4.0,3.6666666666666665,0.5540664621588595,0.630340505970771,0.4583333333333333,0.75,0,2019.0
Child_hh,4.2,3.5,0.819544814053155,0.37254652415862055,0.625,0.75,0,2019.0
Single,4.0,4.0,0.5540664621588595,1.1459284695950724,0.4583333333333333,0.5,0,2019.0
Elderly_hh,2.0,3.0,-2.1007170567840934,-0.4008354212778314,0.5416666666666666,0.5,0,2019.0
Elderly_hh,3.6,3.1666666666666665,0.023109758370269025,-0.14304143946568096,0.4166666666666666,0.5,0,2019.0
Single,3.4,3.0,-0.2423685935240265,-0.4008354212778314,0.4583333333333333,0.75,0,2019.0
Single,3.4,2.8333333333333335,-0.2423685935240265,-0.6586294030899817,0.4583333333333333,0.75,0,2019.0
Single,3.2,3.4,-0.5078469454183214,0.21787013507133002,0.5833333333333334,0.5,0,2019.0
Elderly_hh,3.6,3.5,0.023109758370269025,0.37254652415862055,0.4166666666666666,0.75,0,2019.0
Elderly_hh,4.4,3.8333333333333335,1.0850231659474505,0.888134487782922,0.5,0.25,1,1995.0
Elderly_hh,3.8,3.3333333333333335,0.288588110264564,0.11475254234647013,0.5833333333333334,0.75,0,2019.0
Single,4.0,3.5,0.5540664621588595,0.37254652415862055,0.4166666666666666,0.5,0,2019.0
Elderly_hh,3.4,3.3333333333333335,-0.2423685935240265,0.11475254234647013,0.5833333333333334,0.25,1,1995.0
Elderly_hh,3.0,3.1666666666666665,-0.773325297312617,-0.14304143946568096,0.2916666666666666,0.5,0,2019.0
Other_adult,3.2,2.0,-0.5078469454183214,-1.9475993121507351,0.25,0.25,1,1985.0
Elderly_hh,4.0,4.0,0.5540664621588595,1.1459284695950724,0.75,0.75,0,2019.0
Elderly_hh,3.8,3.3333333333333335,0.288588110264564,0.11475254234647013,0.7083333333333334,0.5,0,2019.0
Other_adult,3.6,2.3333333333333335,0.023109758370269025,-1.4320113485264336,0.6666666666666666,0.75,0,2019.0
Single,3.2,3.0,-0.5078469454183214,-0.4008354212778314,0.6,0.5,0,2019.0
Elderly_hh,4.2,2.5,0.819544814053155,-1.1742173667142832,0.625,0.5,0,2019.0
Other_adult,4.0,4.0,0.5540664621588595,1.1459284695950724,0.25,0.75,0,2019.0
Other_adult,4.0,3.5,0.5540664621588595,0.37254652415862055,0.5833333333333334,0.75,0,2019.0
Single,4.0,3.5,0.5540664621588595,0.37254652415862055,0.4375,0.5,0,2019.0
Elderly_hh,4.2,3.8333333333333335,0.819544814053155,0.888134487782922,0.5,0.75,0,2019.0
Child_hh,2.8,2.3333333333333335,-1.0388036492069126,-1.4320113485264336,0.4583333333333333,0.5,0,2019.0
Other_adult,3.0,3.8333333333333335,-0.773325297312617,0.888134487782922,0.5,0.5,1,1985.0
Single,3.4,2.3333333333333335,-0.2423685935240265,-1.4320113485264336,0.0833333333333333,0.5,1,1985.0
Child_hh,2.2,3.3333333333333335,-1.835238704889798,0.11475254234647013,0.5,0.25,0,2019.0
Single,3.2,3.3333333333333335,-0.5078469454183214,0.11475254234647013,0.5833333333333334,0.5,0,2019.0
Elderly_hh,3.6,3.6666666666666665,0.023109758370269025,0.630340505970771,0.5416666666666666,1.0,0,2019.0
Child_hh,4.0,3.0,0.5540664621588595,-0.4008354212778314,0.4583333333333333,0.5,0,2019.0
Elderly_hh,4.4,4.0,1.0850231659474505,1.1459284695950724,0.625,0.5,1,1985.0
Single,3.0,3.0,-0.773325297312617,-0.4008354212778314,0.4583333333333333,0.25,0,2019.0
Elderly_hh,4.0,3.5,0.5540664621588595,0.37254652415862055,0.5416666666666666,0.5,0,2019.0
Elderly_hh,4.0,3.1666666666666665,0.5540664621588595,-0.14304143946568096,0.5416666666666666,0.5,0,2019.0
Single,2.0,2.0,-2.1007170567840934,-1.9475993121507351,0.5833333333333334,0.75,0,2019.0
Other_adult,3.0,3.0,-0.773325297312617,-0.4008354212778314,0.5,0.25,0,2019.0
Child_hh,4.0,3.8333333333333335,0.5540664621588595,0.888134487782922,0.7916666666666667,0.7916666666666667,1,1985.0
Elderly_hh,3.0,2.3333333333333335,-0.773325297312617,-1.4320113485264336,0.625,0.5,0,2019.0
Child_hh,4.8,3.6666666666666665,1.6159798697360404,0.630340505970771,0.625,0.5,1,1985.0
Single,5.0,4.0,1.881458221630336,1.1459284695950724,0.75,0.75,0,2019.0
Single,2.8,2.6666666666666665,-1.0388036492069126,-0.9164233849021329,0.5833333333333334,0.75,0,2019.0
Elderly_hh,4.6,3.8333333333333335,1.350501517841745,0.888134487782922,0.5416666666666666,0.75,1,1985.0
Child_hh,3.2,2.6666666666666665,-0.5078469454183214,-0.9164233849021329,0.25,0.5,0,2019.0
Single,4.0,4.0,0.5540664621588595,1.1459284695950724,0.6666666666666666,1.0,0,2019.0
Elderly_hh,4.2,3.5,0.819544814053155,0.37254652415862055,0.3333333333333333,0.75,1,1985.0
Elderly_hh,4.0,4.0,0.5540664621588595,1.1459284695950724,0.6666666666666666,0.5,0,2019.0
Elderly_hh,3.2,2.8333333333333335,-0.5078469454183214,-0.6586294030899817,0.5,0.5,1,1985.0
Other_adult,3.2,3.3333333333333335,-0.5078469454183214,0.11475254234647013,0.7083333333333334,0.5,0,2019.0
Child_hh,4.4,3.0,1.0850231659474505,-0.4008354212778314,0.625,0.5,0,2019.0
Other_adult,3.4,3.1666666666666665,-0.2423685935240265,-0.14304143946568096,0.7916666666666667,0.75,0,2019.0
Elderly_hh,3.0,3.0,-0.773325297312617,-0.4008354212778314,0.5833333333333334,0.75,1,1985.0
Elderly_hh,4.0,4.333333333333333,0.5540664621588595,1.6615164332193733,0.4583333333333333,0.5,1,1985.0
Elderly_hh,3.4,3.6666666666666665,-0.2423685935240265,0.630340505970771,0.5833333333333334,0.5,1,1985.0
Elderly_hh,5.0,3.8333333333333335,1.881458221630336,0.888134487782922,0.5416666666666666,0.75,0,2019.0
Elderly_hh,3.6,3.0,0.023109758370269025,-0.4008354212778314,0.5833333333333334,0.5,0,2019.0
Other_adult,4.0,3.6666666666666665,0.5540664621588595,0.630340505970771,0.5833333333333334,0.75,0,2019.0
Elderly_hh,4.4,4.166666666666667,1.0850231659474505,1.4037224514072235,0.5416666666666666,1.0,1,1985.0
Elderly_hh,5.0,4.0,1.881458221630336,1.1459284695950724,0.75,0.75,0,2019.0
Elderly_hh,3.0,3.0,-0.773325297312617,-0.4008354212778314,0.5,0.75,1,2012.0
Child_hh,4.0,4.0,0.5540664621588595,1.1459284695950724,0.5833333333333334,0.75,1,2012.0
Other_adult,3.2,2.8333333333333335,-0.5078469454183214,-0.6586294030899817,0.4583333333333333,0.5,0,2019.0
Elderly_hh,3.4,3.0,-0.2423685935240265,-0.4008354212778314,0.5416666666666666,0.5,0,2019.0
Child_hh,3.0,3.0,-0.773325297312617,-0.4008354212778314,0.75,0.5,1,2017.0
Other_adult,3.6,3.1666666666666665,0.023109758370269025,-0.14304143946568096,0.2916666666666666,0.5,0,2019.0
Single,4.8,3.5,1.6159798697360404,0.37254652415862055,0.75,0.75,0,2019.0
Other_adult,4.4,3.5,1.0850231659474505,0.37254652415862055,0.6666666666666666,0.75,0,2019.0
Child_hh,4.0,3.6666666666666665,0.5540664621588595,0.630340505970771,0.5833333333333334,0.75,0,2019.0
Elderly_hh,3.8,3.0,0.288588110264564,-0.4008354212778314,0.75,0.5,0,2019.0
Elderly_hh,4.0,2.8333333333333335,0.5540664621588595,-0.6586294030899817,0.5,0.5,1,1985.0
Child_hh,2.6,3.0,-1.3042820011012075,-0.4008354212778314,0.4583333333333333,0.5,0,2019.0
Other_adult,4.0,3.0,0.5540664621588595,-0.4008354212778314,0.6666666666666666,0.5,1,2012.0
Elderly_hh,3.0,3.0,-0.773325297312617,-0.4008354212778314,0.625,0.75,0,2019.0
Elderly_hh,3.4,4.0,-0.2423685935240265,1.1459284695950724,0.4583333333333333,1.0,1,2005.0
Elderly_hh,3.0,3.0,-0.773325297312617,-0.4008354212778314,0.5416666666666666,0.25,0,2019.0
Single,4.2,3.5,0.819544814053155,0.37254652415862055,0.4166666666666666,0.5,1,2012.0
Elderly_hh,4.0,3.0,0.5540664621588595,-0.4008354212778314,0.3333333333333333,0.75,1,2005.0
Other_adult,3.2,3.1666666666666665,-0.5078469454183214,-0.14304143946568096,0.5833333333333334,0.5,0,2019.0
Child_hh,3.8,3.6,0.288588110264564,0.5272229132459111,0.4583333333333333,0.5,0,2019.0
Other_adult,3.8,2.5,0.288588110264564,-1.1742173667142832,0.4166666666666666,0.25,0,2019.0
Elderly_hh,4.8,3.6666666666666665,1.6159798697360404,0.630340505970771,0.6666666666666666,0.5,1,2005.0
Single,3.0,3.1666666666666665,-0.773325297312617,-0.14304143946568096,0.0,0.5,0,2019.0
Other_adult,2.8,2.8333333333333335,-1.0388036492069126,-0.6586294030899817,0.4583333333333333,0.5,0,2019.0
Elderly_hh,3.4,3.5,-0.2423685935240265,0.37254652415862055,0.375,0.5,0,2019.0
Elderly_hh,4.0,4.0,0.5540664621588595,1.1459284695950724,0.2083333333333333,0.75,0,2019.0
Single,3.2,3.1666666666666665,-0.5078469454183214,-0.14304143946568096,0.75,0.5,0,2019.0
Elderly_hh,4.0,3.8333333333333335,0.5540664621588595,0.888134487782922,0.875,0.5,1,1985.0
Single,3.0,2.8,-0.773325297312617,-0.7101881994524124,0.4166666666666666,0.75,1,1985.0
Elderly_hh,4.2,2.5,0.819544814053155,-1.1742173667142832,0.5833333333333334,0.5,0,2019.0
Elderly_hh,4.4,3.8333333333333335,1.0850231659474505,0.888134487782922,0.3333333333333333,0.75,0,2019.0
Child_hh,3.0,2.8333333333333335,-0.773325297312617,-0.6586294030899817,0.2083333333333333,0.5,0,2019.0
Other_adult,3.2,3.1666666666666665,-0.5078469454183214,-0.14304143946568096,0.6666666666666666,0.5,1,1985.0
Child_hh,3.8,3.3333333333333335,0.288588110264564,0.11475254234647013,0.75,0.5,0,2019.0
Elderly_hh,2.8,2.5,-1.0388036492069126,-1.1742173667142832,0.4583333333333333,0.5,0,2019.0
Other_adult,2.2,3.0,-1.835238704889798,-0.4008354212778314,0.7083333333333334,0.5,0,2019.0
Other_adult,3.2,3.0,-0.5078469454183214,-0.4008354212778314,0.5,0.75,0,2019.0
Elderly_hh,3.2,3.6666666666666665,-0.5078469454183214,0.630340505970771,0.5416666666666666,0.0,0,2019.0
Other_adult,3.4,3.1666666666666665,-0.2423685935240265,-0.14304143946568096,0.5,0.75,0,2019.0
Child_hh,3.4,2.3333333333333335,-0.2423685935240265,-1.4320113485264336,0.5,0.5,0,2019.0
Elderly_hh,3.4,3.0,-0.2423685935240265,-0.4008354212778314,0.75,0.75,0,2019.0
Single,3.6,3.6666666666666665,0.023109758370269025,0.630340505970771,0.5416666666666666,0.25,1,2005.0
Child_hh,3.8,3.3333333333333335,0.288588110264564,0.11475254234647013,0.5833333333333334,0.5,0,2019.0
Elderly_hh,3.0,3.0,-0.773325297312617,-0.4008354212778314,0.625,0.5,0,2019.0
Child_hh,4.2,3.6666666666666665,0.819544814053155,0.630340505970771,0.5833333333333334,0.5,1,2005.0
Child_hh,2.8,3.0,-1.0388036492069126,-0.4008354212778314,0.625,0.25,1,2012.0
Child_hh,4.2,3.6666666666666665,0.819544814053155,0.630340505970771,0.5,0.75,0,2019.0
Child_hh,2.6,3.5,-1.3042820011012075,0.37254652415862055,0.625,0.75,0,2019.0
Elderly_hh,3.0,2.3333333333333335,-0.773325297312617,-1.4320113485264336,0.625,0.5,0,2019.0
Other_adult,4.0,3.3333333333333335,0.5540664621588595,0.11475254234647013,0.75,0.75,0,2019.0
Single,3.4,3.0,-0.2423685935240265,-0.4008354212778314,0.4583333333333333,0.5,0,2019.0
Elderly_hh,4.0,3.5,0.5540664621588595,0.37254652415862055,0.5833333333333334,0.75,1,2012.0
Elderly_hh,4.0,3.3333333333333335,0.5540664621588595,0.11475254234647013,0.7083333333333334,0.75,0,2019.0
Elderly_hh,3.6,2.8333333333333335,0.023109758370269025,-0.6586294030899817,0.4583333333333333,0.5,0,2019.0
Elderly_hh,4.0,3.6666666666666665,0.5540664621588595,0.630340505970771,0.4,0.75,0,2019.0
Elderly_hh,3.4,3.1666666666666665,-0.2423685935240265,-0.14304143946568096,0.6,0.5,0,2019.0
Elderly_hh,4.0,3.5,0.5540664621588595,0.37254652415862055,0.625,0.25,0,2019.0
Child_hh,2.8,2.8333333333333335,-1.0388036492069126,-0.6586294030899817,0.2916666666666666,0.25,0,2019.0
Elderly_hh,3.8,4.0,0.288588110264564,1.1459284695950724,0.5416666666666666,0.5,0,2019.0
Child_hh,3.2,3.0,-0.5078469454183214,-0.4008354212778314,0.375,0.0,0,2019.0
Child_hh,4.0,3.6666666666666665,0.5540664621588595,0.630340505970771,0.75,0.5,0,2019.0
Child_hh,3.4,4.0,-0.2423685935240265,1.1459284695950724,0.2083333333333333,0.25,0,2019.0
Other_adult,4.0,3.3333333333333335,0.5540664621588595,0.11475254234647013,0.5,0.25,0,2019.0
Single,3.0,3.1666666666666665,-0.773325297312617,-0.14304143946568096,0.4166666666666666,0.5,0,2019.0
Elderly_hh,4.4,4.333333333333333,1.0850231659474505,1.6615164332193733,0.5416666666666666,0.75,0,2019.0
Elderly_hh,4.0,3.5,0.5540664621588595,0.37254652415862055,0.4166666666666666,0.5,0,2019.0
Single,3.6,2.8333333333333335,0.023109758370269025,-0.6586294030899817,0.625,0.5,0,2019.0
Child_hh,3.8,2.8333333333333335,0.288588110264564,-0.6586294030899817,0.625,0.75,0,2019.0
Single,3.0,3.1666666666666665,-0.773325297312617,-0.14304143946568096,0.7083333333333334,0.75,1,2005.0
Single,3.6,2.0,0.023109758370269025,-1.9475993121507351,0.5833333333333334,0.5,0,2019.0
Single,3.6,5.0,0.023109758370269025,2.6926923604679764,0.4166666666666666,0.75,0,2019.0
Other_adult,3.4,2.8333333333333335,-0.2423685935240265,-0.6586294030899817,0.5416666666666666,0.5,0,2019.0
Other_adult,3.8,3.3333333333333335,0.288588110264564,0.11475254234647013,0.75,0.5,0,2019.0
Elderly_hh,1.4,2.8333333333333335,-2.8971521124669795,-0.6586294030899817,0.6666666666666666,0.75,0,2019.0
Elderly_hh,3.8,3.1666666666666665,0.288588110264564,-0.14304143946568096,0.5416666666666666,0.75,0,2019.0
Single,3.0,2.6666666666666665,-0.773325297312617,-0.9164233849021329,0.4583333333333333,0.25,0,2019.0
Single,2.8,3.0,-1.0388036492069126,-0.4008354212778314,0.4166666666666666,0.25,1,2005.0
Other_adult,3.8,3.6666666666666665,0.288588110264564,0.630340505970771,0.5833333333333334,0.5,0,2019.0
Single,3.0,3.0,-0.773325297312617,-0.4008354212778314,0.625,0.5,1,1985.0
Child_hh,4.6,4.0,1.350501517841745,1.1459284695950724,0.625,0.5,0,2019.0
Other_adult,4.2,3.6666666666666665,0.819544814053155,0.630340505970771,0.7083333333333334,0.5,1,1985.0
Elderly_hh,3.0,1.0,-0.773325297312617,-3.494363203023639,0.0,0.5,1,1995.0
Single,4.0,3.6666666666666665,0.5540664621588595,0.630340505970771,0.625,0.25,0,2019.0
Elderly_hh,3.8,3.3333333333333335,0.288588110264564,0.11475254234647013,0.5,0.75,0,2019.0
Child_hh,3.0,2.8333333333333335,-0.773325297312617,-0.6586294030899817,0.5416666666666666,0.5,1,2012.0
Elderly_hh,3.2,3.8333333333333335,-0.5078469454183214,0.888134487782922,0.375,0.5,0,2019.0
Other_adult,3.4,4.0,-0.2423685935240265,1.1459284695950724,0.6666666666666666,0.75,1,1985.0
Other_adult,4.0,3.0,0.5540664621588595,-0.4008354212778314,0.5,0.75,0,2019.0
Elderly_hh,4.0,3.3333333333333335,0.5540664621588595,0.11475254234647013,0.5,0.5,1,2017.0
Elderly_hh,3.4,3.0,-0.2423685935240265,-0.4008354212778314,0.625,0.5,1,1985.0
Single,3.2,2.8333333333333335,-0.5078469454183214,-0.6586294030899817,0.4166666666666666,0.5,0,2019.0
Single,3.4,3.5,-0.2423685935240265,0.37254652415862055,0.6666666666666666,0.75,0,2019.0
Elderly_hh,3.8,2.5,0.288588110264564,-1.1742173667142832,0.5,0.5,0,2019.0
Elderly_hh,3.6,2.6666666666666665,0.023109758370269025,-0.9164233849021329,0.5833333333333334,0.25,0,2019.0
Child_hh,1.6,2.8333333333333335,-2.631673760572684,-0.6586294030899817,0.625,0.25,0,2019.0
Single,3.0,3.1666666666666665,-0.773325297312617,-0.14304143946568096,0.5,0.5,0,2019.0
Elderly_hh,4.8,4.0,1.6159798697360404,1.1459284695950724,0.125,0.5,1,1985.0
Elderly_hh,5.0,4.0,1.881458221630336,1.1459284695950724,0.4583333333333333,0.5,1,1985.0
Child_hh,3.0,3.1666666666666665,-0.773325297312617,-0.14304143946568096,0.5416666666666666,0.5,0,2019.0
Elderly_hh,5.0,3.5,1.881458221630336,0.37254652415862055,0.4583333333333333,0.75,0,2019.0
Elderly_hh,4.0,4.0,0.5540664621588595,1.1459284695950724,0.5,0.5,0,2019.0
Single,3.8,2.8333333333333335,0.288588110264564,-0.6586294030899817,0.3333333333333333,0.5,0,2019.0
Elderly_hh,4.4,3.6666666666666665,1.0850231659474505,0.630340505970771,0.7083333333333334,0.75,0,2019.0
Child_hh,4.0,3.3333333333333335,0.5540664621588595,0.11475254234647013,0.65,0.75,1,1985.0
Single,3.4,3.3333333333333335,-0.2423685935240265,0.11475254234647013,0.4583333333333333,0.5,0,2019.0
Single,4.0,3.5,0.5540664621588595,0.37254652415862055,0.5416666666666666,0.5,0,2019.0
Single,4.0,4.0,0.5540664621588595,1.1459284695950724,0.5416666666666666,0.75,0,2019.0
Other_adult,4.4,3.5,1.0850231659474505,0.37254652415862055,0.5,0.75,0,2019.0
Elderly_hh,4.8,3.3333333333333335,1.6159798697360404,0.11475254234647013,0.625,0.5,0,2019.0
Child_hh,4.0,3.6666666666666665,0.5540664621588595,0.630340505970771,0.5416666666666666,0.75,0,2019.0
Elderly_hh,5.0,4.166666666666667,1.881458221630336,1.4037224514072235,0.5416666666666666,1.0,0,2019.0
Child_hh,3.8,3.1666666666666665,0.288588110264564,-0.14304143946568096,0.0833333333333333,0.0,0,2019.0
Child_hh,3.8,3.1666666666666665,0.288588110264564,-0.14304143946568096,0.5833333333333334,0.75,0,2019.0
Other_adult,3.4,3.3333333333333335,-0.2423685935240265,0.11475254234647013,0.625,0.75,1,2005.0
Child_hh,4.0,4.0,0.5540664621588595,1.1459284695950724,0.4583333333333333,0.25,0,2019.0
Child_hh,4.4,4.0,1.0850231659474505,1.1459284695950724,0.5833333333333334,0.75,0,2019.0
Other_adult,3.2,2.8333333333333335,-0.5078469454183214,-0.6586294030899817,0.2916666666666666,0.5,1,2012.0
Elderly_hh,4.0,3.0,0.5540664621588595,-0.4008354212778314,0.6666666666666666,0.5,0,2019.0
Other_adult,3.4,4.0,-0.2423685935240265,1.1459284695950724,0.2916666666666666,0.75,0,2019.0
Other_adult,3.2,3.0,-0.5078469454183214,-0.4008354212778314,0.5,0.75,0,2019.0
Elderly_hh,5.0,3.6666666666666665,1.881458221630336,0.630340505970771,0.6666666666666666,0.75,1,1985.0
Single,3.4,3.8333333333333335,-0.2423685935240265,0.888134487782922,0.375,0.5,0,2019.0
Elderly_hh,3.8,4.166666666666667,0.288588110264564,1.4037224514072235,0.5416666666666666,0.5,0,2019.0
Child_hh,4.8,3.8333333333333335,1.6159798697360404,0.888134487782922,0.5833333333333334,0.5,0,2019.0
Elderly_hh,2.0,2.8333333333333335,-2.1007170567840934,-0.6586294030899817,0.2083333333333333,0.0,0,2019.0
Elderly_hh,3.8,3.8333333333333335,0.288588110264564,0.888134487782922,0.8333333333333333,0.75,1,2012.0
Elderly_hh,3.4,3.1666666666666665,-0.2423685935240265,-0.14304143946568096,0.5,0.5,0,2019.0
Other_adult,4.0,3.3333333333333335,0.5540664621588595,0.11475254234647013,0.4583333333333333,0.75,0,2019.0
Elderly_hh,2.6,3.3333333333333335,-1.3042820011012075,0.11475254234647013,0.5833333333333334,0.75,0,2019.0
Elderly_hh,4.2,4.666666666666667,0.819544814053155,2.1771043968436756,0.25,0.75,0,2019.0
Child_hh,4.0,4.0,0.5540664621588595,1.1459284695950724,0.6666666666666666,0.5,0,2019.0
Elderly_hh,2.6,2.8333333333333335,-1.3042820011012075,-0.6586294030899817,0.625,0.5,0,2019.0
Other_adult,2.4,3.0,-1.569760352995503,-0.4008354212778314,0.4583333333333333,0.5,1,2005.0
Elderly_hh,4.0,3.3333333333333335,0.5540664621588595,0.11475254234647013,0.6666666666666666,0.5,0,2019.0
Elderly_hh,4.0,3.0,0.5540664621588595,-0.4008354212778314,0.4166666666666666,0.25,0,2019.0
Elderly_hh,3.4,3.6666666666666665,-0.2423685935240265,0.630340505970771,0.5833333333333334,0.75,0,2019.0
Elderly_hh,4.4,3.8333333333333335,1.0850231659474505,0.888134487782922,0.6666666666666666,0.75,0,2019.0
Other_adult,4.6,4.166666666666667,1.350501517841745,1.4037224514072235,0.75,0.5,1,1985.0
Elderly_hh,4.0,3.5,0.5540664621588595,0.37254652415862055,0.5833333333333334,0.5,0,2019.0
Elderly_hh,3.75,3.5,0.22221852229099037,0.37254652415862055,0.75,0.25,0,2019.0
Elderly_hh,4.2,3.0,0.819544814053155,-0.4008354212778314,0.625,0.5,1,2017.0
Single,4.8,4.0,1.6159798697360404,1.1459284695950724,0.75,0.5,0,2019.0
Other_adult,1.8,3.0,-2.3661954086783887,-0.4008354212778314,0.6666666666666666,0.5,0,2019.0
Child_hh,4.0,3.6666666666666665,0.5540664621588595,0.630340505970771,0.5833333333333334,0.75,0,2019.0
Single,3.4,3.6666666666666665,-0.2423685935240265,0.630340505970771,0.4583333333333333,0.75,0,2019.0
Child_hh,4.6,4.166666666666667,1.350501517841745,1.4037224514072235,0.6666666666666666,0.5,1,2012.0
Other_adult,4.6,3.1666666666666665,1.350501517841745,-0.14304143946568096,0.7083333333333334,0.5,1,2012.0
Child_hh,4.2,4.666666666666667,0.819544814053155,2.1771043968436756,0.75,0.75,1,2012.0
Elderly_hh,1.8,3.6666666666666665,-2.3661954086783887,0.630340505970771,0.8333333333333333,1.0,0,2019.0
Elderly_hh,4.0,3.0,0.5540664621588595,-0.4008354212778314,0.3333333333333333,0.5,0,2019.0
Other_adult,2.2,2.6666666666666665,-1.835238704889798,-0.9164233849021329,0.4583333333333333,0.75,0,2019.0
Elderly_hh,4.2,3.0,0.819544814053155,-0.4008354212778314,0.7083333333333334,0.75,1,2005.0
Child_hh,3.8,3.5,0.288588110264564,0.37254652415862055,0.4583333333333333,0.75,0,2019.0
Child_hh,4.0,4.0,0.5540664621588595,1.1459284695950724,0.7083333333333334,0.5,0,2019.0
Child_hh,4.4,3.8333333333333335,1.0850231659474505,0.888134487782922,0.7916666666666667,1.0,1,2012.0
Single,5.0,4.333333333333333,1.881458221630336,1.6615164332193733,0.6666666666666666,0.5,1,1985.0
Elderly_hh,3.4,2.6666666666666665,-0.2423685935240265,-0.9164233849021329,0.375,0.25,1,1985.0
Elderly_hh,3.8,3.3333333333333335,0.288588110264564,0.11475254234647013,0.6666666666666666,0.5,0,2019.0
Elderly_hh,3.2,2.3333333333333335,-0.5078469454183214,-1.4320113485264336,0.7083333333333334,0.25,1,1985.0
Single,3.0,3.0,-0.773325297312617,-0.4008354212778314,0.6666666666666666,0.25,1,2012.0
Single,4.0,2.3333333333333335,0.5540664621588595,-1.4320113485264336,0.7083333333333334,0.75,1,1985.0
Single,4.8,3.5,1.6159798697360404,0.37254652415862055,0.4166666666666666,0.75,0,2019.0
Other_adult,2.8,2.5,-1.0388036492069126,-1.1742173667142832,0.5833333333333334,0.5,0,2019.0
Elderly_hh,4.4,3.8333333333333335,1.0850231659474505,0.888134487782922,0.2916666666666666,0.75,0,2019.0
Single,3.4,4.666666666666667,-0.2423685935240265,2.1771043968436756,0.4166666666666666,0.5,0,2019.0
Child_hh,5.0,5.0,1.881458221630336,2.6926923604679764,1.0,1.0,1,2012.0
Single,4.4,3.5,1.0850231659474505,0.37254652415862055,0.7916666666666667,0.5,0,2019.0
Single,5.0,5.0,1.881458221630336,2.6926923604679764,0.625,0.5,0,2019.0
Elderly_hh,5.0,4.0,1.881458221630336,1.1459284695950724,0.5,0.5,0,2019.0
Elderly_hh,4.0,3.1666666666666665,0.5540664621588595,-0.14304143946568096,0.35,0.75,1,1985.0
Other_adult,2.2,2.6666666666666665,-1.835238704889798,-0.9164233849021329,0.75,0.5,0,2019.0
Elderly_hh,3.8,3.6666666666666665,0.288588110264564,0.630340505970771,0.7083333333333334,0.5,0,2019.0
Elderly_hh,3.4,3.0,-0.2423685935240265,-0.4008354212778314,0.3333333333333333,0.25,0,2019.0
Elderly_hh,2.8,2.6666666666666665,-1.0388036492069126,-0.9164233849021329,0.4166666666666666,0.5,1,2017.0
Elderly_hh,3.4,2.6666666666666665,-0.2423685935240265,-0.9164233849021329,0.5,0.5,0,2019.0
Elderly_hh,3.6,4.666666666666667,0.023109758370269025,2.1771043968436756,0.5833333333333334,0.75,0,2019.0
Elderly_hh,3.0,3.0,-0.773325297312617,-0.4008354212778314,0.5,0.5,1,1985.0
Elderly_hh,3.8,4.0,0.288588110264564,1.1459284695950724,0.8333333333333333,1.0,1,2005.0
Single,3.0,3.0,-0.773325297312617,-0.4008354212778314,0.5,0.5,0,2019.0
Child_hh,2.4,2.3333333333333335,-1.569760352995503,-1.4320113485264336,0.4166666666666666,0.25,0,2019.0
Single,4.0,3.6666666666666665,0.5540664621588595,0.630340505970771,0.625,0.75,1,1985.0
Other_adult,3.8,3.0,0.288588110264564,-0.4008354212778314,0.8,0.5,0,2019.0
Single,4.0,3.2,0.5540664621588595,-0.09148264310325034,0.5,0.75,0,2019.0
Other_adult,4.0,3.1666666666666665,0.5540664621588595,-0.14304143946568096,0.5416666666666666,0.75,1,1985.0
Single,4.0,3.6666666666666665,0.5540664621588595,0.630340505970771,0.5,0.75,1,1995.0
Single,2.2,2.6666666666666665,-1.835238704889798,-0.9164233849021329,0.5416666666666666,0.5,1,2012.0
Elderly_hh,3.6,2.6666666666666665,0.023109758370269025,-0.9164233849021329,0.7083333333333334,0.75,0,2019.0
Elderly_hh,4.4,4.0,1.0850231659474505,1.1459284695950724,0.375,0.4499999999999999,1,1985.0
Elderly_hh,3.0,3.1666666666666665,-0.773325297312617,-0.14304143946568096,0.4166666666666666,0.75,0,2019.0
Single,4.0,3.0,0.5540664621588595,-0.4008354212778314,0.4583333333333333,0.5,0,2019.0
Elderly_hh,4.0,3.6666666666666665,0.5540664621588595,0.630340505970771,0.5416666666666666,0.5,0,2019.0
Elderly_hh,4.2,4.0,0.819544814053155,1.1459284695950724,0.5,1.0,0,2019.0
Elderly_hh,4.0,4.0,0.5540664621588595,1.1459284695950724,0.6666666666666666,0.75,1,2005.0
Elderly_hh,3.4,3.6666666666666665,-0.2423685935240265,0.630340505970771,0.5,0.5,0,2019.0
Elderly_hh,3.6,3.5,0.023109758370269025,0.37254652415862055,0.5416666666666666,0.75,0,2019.0
Elderly_hh,4.0,2.8333333333333335,0.5540664621588595,-0.6586294030899817,0.5416666666666666,0.5,0,2019.0
Elderly_hh,3.4,3.1666666666666665,-0.2423685935240265,-0.14304143946568096,0.5833333333333334,0.5,0,2019.0
Child_hh,3.8,3.8333333333333335,0.288588110264564,0.888134487782922,0.5,0.5,0,2019.0
Single,4.4,3.8333333333333335,1.0850231659474505,0.888134487782922,0.5,0.5,1,1985.0
Other_adult,3.6,3.3333333333333335,0.023109758370269025,0.11475254234647013,0.5416666666666666,0.5,1,2017.0
Other_adult,2.8,2.8333333333333335,-1.0388036492069126,-0.6586294030899817,0.4166666666666666,0.5,1,1985.0
Child_hh,3.0,3.0,-0.773325297312617,-0.4008354212778314,0.1666666666666666,0.5,0,2019.0
Single,4.2,3.6666666666666665,0.819544814053155,0.630340505970771,0.6666666666666666,0.5,0,2019.0
Child_hh,4.6,3.8333333333333335,1.350501517841745,0.888134487782922,0.5416666666666666,0.5,0,2019.0
Child_hh,3.2,3.3333333333333335,-0.5078469454183214,0.11475254234647013,0.4166666666666666,0.5,1,1985.0
Single,3.6,2.6666666666666665,0.023109758370269025,-0.9164233849021329,0.5833333333333334,0.5,0,2019.0
Elderly_hh,4.0,2.8333333333333335,0.5540664621588595,-0.6586294030899817,0.5,1.0,1,2005.0
Single,3.0,3.0,-0.773325297312617,-0.4008354212778314,0.5416666666666666,0.5,0,2019.0
Child_hh,2.4,2.1666666666666665,-1.569760352995503,-1.6898053303385847,0.25,0.5,0,2019.0
Elderly_hh,4.0,2.1666666666666665,0.5540664621588595,-1.6898053303385847,0.3333333333333333,0.75,1,1985.0
Single,3.0,3.0,-0.773325297312617,-0.4008354212778314,0.5,0.5,0,2019.0
Single,3.0,3.0,-0.773325297312617,-0.4008354212778314,0.625,0.5,0,2019.0
Other_adult,4.0,3.6666666666666665,0.5540664621588595,0.630340505970771,0.6666666666666666,0.75,0,2019.0
Elderly_hh,3.8,2.5,0.288588110264564,-1.1742173667142832,0.4166666666666666,0.75,0,2019.0
Single,3.6,3.5,0.023109758370269025,0.37254652415862055,0.5,0.75,0,2019.0
Other_adult,3.8,3.8333333333333335,0.288588110264564,0.888134487782922,0.4583333333333333,0.75,0,2019.0
Other_adult,2.2,2.0,-1.835238704889798,-1.9475993121507351,0.4583333333333333,0.5,1,1995.0
Elderly_hh,4.0,3.3333333333333335,0.5540664621588595,0.11475254234647013,0.5,1.0,0,2019.0
Elderly_hh,4.0,3.3333333333333335,0.5540664621588595,0.11475254234647013,0.4166666666666666,0.75,0,2019.0
Elderly_hh,4.0,4.0,0.5540664621588595,1.1459284695950724,0.7083333333333334,0.75,0,2019.0
Single,3.8,2.6666666666666665,0.288588110264564,-0.9164233849021329,0.25,1.0,0,2019.0
Child_hh,4.0,3.3333333333333335,0.5540664621588595,0.11475254234647013,0.5416666666666666,0.5,0,2019.0
Elderly_hh,3.0,3.0,-0.773325297312617,-0.4008354212778314,0.5,0.75,1,1985.0
Elderly_hh,5.0,4.0,1.881458221630336,1.1459284695950724,0.4583333333333333,0.5,0,2019.0
Elderly_hh,4.0,3.8333333333333335,0.5540664621588595,0.888134487782922,0.7083333333333334,0.75,0,2019.0
Child_hh,2.8,2.5,-1.0388036492069126,-1.1742173667142832,0.5,0.5,1,1985.0
Other_adult,2.2,2.5,-1.835238704889798,-1.1742173667142832,0.4583333333333333,0.25,1,2012.0
Elderly_hh,3.6,2.8333333333333335,0.023109758370269025,-0.6586294030899817,0.5,0.5,0,2019.0
Child_hh,4.0,3.1666666666666665,0.5540664621588595,-0.14304143946568096,0.625,0.75,0,2019.0
Single,2.0,2.0,-2.1007170567840934,-1.9475993121507351,0.5833333333333334,0.75,0,2019.0
Child_hh,1.2,2.1666666666666665,-3.162630464361275,-1.6898053303385847,0.8333333333333333,0.75,0,2019.0
Other_adult,4.2,4.0,0.819544814053155,1.1459284695950724,0.6666666666666666,0.5,0,2019.0
Other_adult,4.0,4.0,0.5540664621588595,1.1459284695950724,0.4583333333333333,0.75,0,2019.0
Elderly_hh,3.0,2.8333333333333335,-0.773325297312617,-0.6586294030899817,0.4583333333333333,0.5,0,2019.0
Elderly_hh,3.4,3.5,-0.2423685935240265,0.37254652415862055,0.2916666666666666,0.5,1,1985.0
Elderly_hh,4.0,4.0,0.5540664621588595,1.1459284695950724,0.6666666666666666,0.75,1,2005.0
Other_adult,3.6666666666666665,3.0,0.1116025423350338,-0.4008354212778314,0.625,0.75,0,2019.0
Child_hh,3.8,3.0,0.288588110264564,-0.4008354212778314,0.7083333333333334,0.25,1,2012.0
Single,3.4,3.0,-0.2423685935240265,-0.4008354212778314,0.4583333333333333,0.75,0,2019.0
Single,3.8,3.1666666666666665,0.288588110264564,-0.14304143946568096,0.5833333333333334,0.5,1,2005.0
Other_adult,3.8,3.6666666666666665,0.288588110264564,0.630340505970771,0.5833333333333334,0.5,1,1985.0
Child_hh,3.2,3.0,-0.5078469454183214,-0.4008354212778314,0.5833333333333334,0.5,0,2019.0
Elderly_hh,3.4,3.5,-0.2423685935240265,0.37254652415862055,0.2916666666666666,0.75,1,1985.0
Elderly_hh,3.8,3.1666666666666665,0.288588110264564,-0.14304143946568096,0.4583333333333333,0.5,0,2019.0
Elderly_hh,3.4,4.0,-0.2423685935240265,1.1459284695950724,0.6666666666666666,0.75,0,2019.0
Other_adult,4.4,3.5,1.0850231659474505,0.37254652415862055,0.5833333333333334,0.75,0,2019.0
Single,3.0,3.0,-0.773325297312617,-0.4008354212778314,0.625,0.5,0,2019.0
Child_hh,3.0,3.0,-0.773325297312617,-0.4008354212778314,0.6666666666666666,0.5,1,1995.0
Elderly_hh,4.2,3.5,0.819544814053155,0.37254652415862055,0.375,0.75,0,2019.0
Child_hh,4.8,4.0,1.6159798697360404,1.1459284695950724,0.4583333333333333,0.75,0,2019.0
Other_adult,4.0,3.8333333333333335,0.5540664621588595,0.888134487782922,0.4166666666666666,0.5,0,2019.0
Elderly_hh,3.6,3.0,0.023109758370269025,-0.4008354212778314,0.625,0.5,0,2019.0
Elderly_hh,4.0,2.6666666666666665,0.5540664621588595,-0.9164233849021329,0.4583333333333333,0.5,0,2019.0
Single,2.4,3.8333333333333335,-1.569760352995503,0.888134487782922,0.4583333333333333,0.5,0,2019.0
Elderly_hh,3.4,3.0,-0.2423685935240265,-0.4008354212778314,0.2916666666666666,1.0,0,2019.0
Elderly_hh,3.2,3.8333333333333335,-0.5078469454183214,0.888134487782922,0.5416666666666666,0.5,1,2012.0
Elderly_hh,3.8,3.0,0.288588110264564,-0.4008354212778314,0.625,0.75,0,2019.0
Elderly_hh,2.6,2.8333333333333335,-1.3042820011012075,-0.6586294030899817,0.375,0.75,0,2019.0
Other_adult,3.2,2.5,-0.5078469454183214,-1.1742173667142832,0.625,0.75,0,2019.0
Other_adult,2.4,2.3333333333333335,-1.569760352995503,-1.4320113485264336,0.6,0.5,0,2019.0
Elderly_hh,4.0,3.6666666666666665,0.5540664621588595,0.630340505970771,0.7083333333333334,0.75,0,2019.0
Single,3.8,3.0,0.288588110264564,-0.4008354212778314,0.625,0.75,0,2019.0
Elderly_hh,4.4,2.8333333333333335,1.0850231659474505,-0.6586294030899817,0.65,0.75,0,2019.0
Other_adult,3.2,2.8333333333333335,-0.5078469454183214,-0.6586294030899817,0.5,0.75,1,2017.0
Other_adult,3.6,3.8333333333333335,0.023109758370269025,0.888134487782922,0.5416666666666666,0.5,0,2019.0
Other_adult,4.0,2.8333333333333335,0.5540664621588595,-0.6586294030899817,0.4583333333333333,0.25,0,2019.0
Other_adult,2.2,3.3333333333333335,-1.835238704889798,0.11475254234647013,0.25,0.25,0,2019.0
Child_hh,4.0,4.0,0.5540664621588595,1.1459284695950724,0.25,0.5,0,2019.0
Other_adult,3.2,2.8333333333333335,-0.5078469454183214,-0.6586294030899817,0.4583333333333333,0.5,0,2019.0
Elderly_hh,5.0,3.3333333333333335,1.881458221630336,0.11475254234647013,0.5,0.5,0,2019.0
Elderly_hh,5.0,3.6666666666666665,1.881458221630336,0.630340505970771,0.4583333333333333,0.5,0,2019.0
Single,1.0,1.0,-3.4281088162555697,-3.494363203023639,0.0,0.0,0,2019.0
Elderly_hh,4.6,3.0,1.350501517841745,-0.4008354212778314,0.4,0.5,1,1985.0
Other_adult,4.0,3.6666666666666665,0.5540664621588595,0.630340505970771,0.7083333333333334,0.75,0,2019.0
Elderly_hh,3.4,3.1666666666666665,-0.2423685935240265,-0.14304143946568096,0.375,0.5,0,2019.0
Elderly_hh,4.0,3.3333333333333335,0.5540664621588595,0.11475254234647013,0.625,0.75,0,2019.0
Elderly_hh,4.0,3.3333333333333335,0.5540664621588595,0.11475254234647013,0.5,0.75,0,2019.0
Child_hh,4.0,4.0,0.5540664621588595,1.1459284695950724,0.5833333333333334,0.5,1,1995.0
Child_hh,3.0,2.6666666666666665,-0.773325297312617,-0.9164233849021329,0.4166666666666666,0.5,1,2017.0
Elderly_hh,3.2,3.5,-0.5078469454183214,0.37254652415862055,0.35,0.75,1,1985.0
Other_adult,4.0,3.6666666666666665,0.5540664621588595,0.630340505970771,0.5,1.0,0,2019.0
Elderly_hh,2.0,2.5,-2.1007170567840934,-1.1742173667142832,0.75,0.25,1,1985.0
Other_adult,4.0,3.6666666666666665,0.5540664621588595,0.630340505970771,0.7083333333333334,0.5,0,2019.0
Single,1.8,1.6666666666666667,-2.3661954086783887,-2.4631872757750366,0.375,0.5,0,2019.0
Elderly_hh,4.8,3.8333333333333335,1.6159798697360404,0.888134487782922,0.5416666666666666,0.75,0,2019.0
Child_hh,3.0,3.0,-0.773325297312617,-0.4008354212778314,0.5,0.5,0,2019.0
Elderly_hh,3.6,3.4,0.023109758370269025,0.21787013507133002,0.375,0.75,0,2019.0
Child_hh,3.0,3.0,-0.773325297312617,-0.4008354212778314,0.625,0.75,0,2019.0
Elderly_hh,4.0,3.3333333333333335,0.5540664621588595,0.11475254234647013,0.4583333333333333,0.25,1,1985.0
Single,4.0,3.6666666666666665,0.5540664621588595,0.630340505970771,0.5,0.75,0,2019.0
Elderly_hh,4.0,3.6666666666666665,0.5540664621588595,0.630340505970771,0.5416666666666666,0.5,0,2019.0
Other_adult,2.0,2.3333333333333335,-2.1007170567840934,-1.4320113485264336,0.7083333333333334,0.25,0,2019.0
Child_hh,3.2,1.8333333333333333,-0.5078469454183214,-2.205393293962886,0.625,0.25,0,2019.0
Other_adult,4.0,3.1666666666666665,0.5540664621588595,-0.14304143946568096,0.6666666666666666,0.5,0,2019.0
Other_adult,3.6,3.1666666666666665,0.023109758370269025,-0.14304143946568096,0.4166666666666666,0.5,1,2012.0
Other_adult,3.4,3.6666666666666665,-0.2423685935240265,0.630340505970771,0.5,0.5,0,2019.0
Child_hh,4.0,4.0,0.5540664621588595,1.1459284695950724,0.75,0.75,1,1995.0
Single,2.4,3.1666666666666665,-1.569760352995503,-0.14304143946568096,0.7083333333333334,0.75,0,2019.0
Child_hh,4.0,4.0,0.5540664621588595,1.1459284695950724,0.625,0.75,1,2005.0
Elderly_hh,3.2,3.1666666666666665,-0.5078469454183214,-0.14304143946568096,0.5416666666666666,0.25,1,2012.0
Single,2.6,2.8333333333333335,-1.3042820011012075,-0.6586294030899817,0.4583333333333333,0.75,0,2019.0
Elderly_hh,4.0,2.8333333333333335,0.5540664621588595,-0.6586294030899817,0.5,0.5,0,2019.0
Child_hh,4.2,4.333333333333333,0.819544814053155,1.6615164332193733,0.75,0.5,0,2019.0
Child_hh,4.8,3.5,1.6159798697360404,0.37254652415862055,0.7916666666666667,0.5,0,2019.0
Elderly_hh,4.4,3.3333333333333335,1.0850231659474505,0.11475254234647013,0.5833333333333334,0.5,0,2019.0
Child_hh,4.6,3.5,1.350501517841745,0.37254652415862055,0.5833333333333334,0.5,0,2019.0
Child_hh,4.6,3.3333333333333335,1.350501517841745,0.11475254234647013,0.75,0.5,0,2019.0
Elderly_hh,3.8,3.3333333333333335,0.288588110264564,0.11475254234647013,0.5416666666666666,0.75,0,2019.0
Child_hh,3.4,3.0,-0.2423685935240265,-0.4008354212778314,0.6666666666666666,0.5,0,2019.0
Child_hh,2.0,2.6666666666666665,-2.1007170567840934,-0.9164233849021329,0.6666666666666666,0.5,0,2019.0
Single,3.8,3.3333333333333335,0.288588110264564,0.11475254234647013,0.5833333333333334,0.25,0,2019.0
Other_adult,3.6,2.3333333333333335,0.023109758370269025,-1.4320113485264336,0.7083333333333334,0.5,0,2019.0
Elderly_hh,4.0,3.1666666666666665,0.5540664621588595,-0.14304143946568096,0.5,1.0,0,2019.0
Other_adult,3.0,2.6666666666666665,-0.773325297312617,-0.9164233849021329,0.4166666666666666,0.75,0,2019.0
Elderly_hh,4.0,3.6666666666666665,0.5540664621588595,0.630340505970771,0.5833333333333334,1.0,1,1985.0
Other_adult,3.2,3.5,-0.5078469454183214,0.37254652415862055,0.5,0.25,0,2019.0
Child_hh,2.6,3.0,-1.3042820011012075,-0.4008354212778314,0.375,0.75,0,2019.0
Single,3.2,3.1666666666666665,-0.5078469454183214,-0.14304143946568096,0.5,0.75,0,2019.0
Elderly_hh,3.8,3.3333333333333335,0.288588110264564,0.11475254234647013,0.375,0.5,0,2019.0
Other_adult,3.6,3.6666666666666665,0.023109758370269025,0.630340505970771,0.3333333333333333,0.5,0,2019.0
Elderly_hh,3.2,3.3333333333333335,-0.5078469454183214,0.11475254234647013,0.5,0.75,0,2019.0
Elderly_hh,2.4,2.5,-1.569760352995503,-1.1742173667142832,0.4583333333333333,0.25,0,2019.0
Child_hh,3.0,3.6666666666666665,-0.773325297312617,0.630340505970771,0.2916666666666666,0.0,0,2019.0
Elderly_hh,3.4,3.0,-0.2423685935240265,-0.4008354212778314,0.0,0.5,0,2019.0
Single,3.0,3.0,-0.773325297312617,-0.4008354212778314,0.5,0.5,0,2019.0
Child_hh,2.2,3.3333333333333335,-1.835238704889798,0.11475254234647013,0.7083333333333334,0.5,0,2019.0
Single,3.2,2.6666666666666665,-0.5078469454183214,-0.9164233849021329,0.5,0.5,0,2019.0
Child_hh,1.4,3.5,-2.8971521124669795,0.37254652415862055,0.7083333333333334,0.75,0,2019.0
Single,3.8,2.6666666666666665,0.288588110264564,-0.9164233849021329,0.625,0.75,0,2019.0
Single,3.6,3.0,0.023109758370269025,-0.4008354212778314,0.5,0.75,1,2012.0
Elderly_hh,3.6,2.1666666666666665,0.023109758370269025,-1.6898053303385847,0.4166666666666666,0.625,1,1985.0
Other_adult,1.6,1.3333333333333333,-2.631673760572684,-2.978775239399338,0.375,0.25,1,2017.0
Elderly_hh,3.2,3.3333333333333335,-0.5078469454183214,0.11475254234647013,0.2916666666666666,0.5,0,2019.0
Child_hh,3.2,3.0,-0.5078469454183214,-0.4008354212778314,0.4583333333333333,0.5,1,2012.0
Elderly_hh,3.8,3.0,0.288588110264564,-0.4008354212778314,0.625,0.5,0,2019.0
Child_hh,4.0,3.8333333333333335,0.5540664621588595,0.888134487782922,0.4583333333333333,0.75,0,2019.0
Other_adult,4.0,3.5,0.5540664621588595,0.37254652415862055,0.6666666666666666,0.5,0,2019.0
Single,4.0,3.3333333333333335,0.5540664621588595,0.11475254234647013,0.5,0.5,0,2019.0
Single,4.0,3.6666666666666665,0.5540664621588595,0.630340505970771,0.5,0.75,1,1985.0
Child_hh,3.6,3.5,0.023109758370269025,0.37254652415862055,0.4166666666666666,0.5,0,2019.0
Child_hh,3.2,2.8333333333333335,-0.5078469454183214,-0.6586294030899817,0.5416666666666666,0.75,0,2019.0
Elderly_hh,5.0,4.333333333333333,1.881458221630336,1.6615164332193733,0.75,0.5,0,2019.0
Elderly_hh,4.4,4.0,1.0850231659474505,1.1459284695950724,0.25,0.75,0,2019.0
Child_hh,3.2,3.0,-0.5078469454183214,-0.4008354212778314,0.6666666666666666,0.75,1,2012.0
Elderly_hh,3.6,3.0,0.023109758370269025,-0.4008354212778314,0.6666666666666666,0.5,1,1985.0
Child_hh,3.4,2.5,-0.2423685935240265,-1.1742173667142832,0.7083333333333334,0.5,0,2019.0
Single,4.0,3.2,0.5540664621588595,-0.09148264310325034,0.5,0.5,0,2019.0
Other_adult,3.0,3.0,-0.773325297312617,-0.4008354212778314,0.375,0.25,0,2019.0
Single,2.4,1.0,-1.569760352995503,-3.494363203023639,0.5,0.75,0,2019.0
Elderly_hh,4.0,3.6666666666666665,0.5540664621588595,0.630340505970771,0.5,0.75,1,2005.0
Single,4.0,4.0,0.5540664621588595,1.1459284695950724,0.625,0.75,0,2019.0
Other_adult,3.6,3.5,0.023109758370269025,0.37254652415862055,0.7083333333333334,0.5,1,2012.0
Elderly_hh,3.8,3.8333333333333335,0.288588110264564,0.888134487782922,0.625,0.5,0,2019.0
Child_hh,4.2,4.666666666666667,0.819544814053155,2.1771043968436756,0.875,0.5,0,2019.0
Single,3.6,3.0,0.023109758370269025,-0.4008354212778314,0.5833333333333334,0.5,0,2019.0
Other_adult,5.0,4.333333333333333,1.881458221630336,1.6615164332193733,0.6666666666666666,0.5,0,2019.0
Single,2.4,2.0,-1.569760352995503,-1.9475993121507351,0.6666666666666666,0.75,1,2017.0
Elderly_hh,4.4,3.3333333333333335,1.0850231659474505,0.11475254234647013,0.5,0.5,1,1985.0
Other_adult,3.0,3.1666666666666665,-0.773325297312617,-0.14304143946568096,0.5,0.5,0,2019.0
Elderly_hh,3.0,3.6666666666666665,-0.773325297312617,0.630340505970771,0.625,0.5,0,2019.0
Elderly_hh,3.4,3.6666666666666665,-0.2423685935240265,0.630340505970771,0.375,0.5,1,2012.0
Child_hh,3.2,3.0,-0.5078469454183214,-0.4008354212778314,0.4583333333333333,0.5,0,2019.0
Elderly_hh,4.2,4.166666666666667,0.819544814053155,1.4037224514072235,0.6666666666666666,0.5,0,2019.0
Elderly_hh,4.2,4.0,0.819544814053155,1.1459284695950724,0.75,0.5,0,2019.0
Single,3.6,3.0,0.023109758370269025,-0.4008354212778314,0.4583333333333333,0.5,1,1985.0
Elderly_hh,3.8,2.8333333333333335,0.288588110264564,-0.6586294030899817,0.4583333333333333,0.5,0,2019.0
Single,3.0,3.0,-0.773325297312617,-0.4008354212778314,0.5833333333333334,0.5,0,2019.0
Elderly_hh,4.0,3.5,0.5540664621588595,0.37254652415862055,0.7916666666666667,0.75,0,2019.0
Other_adult,5.0,4.333333333333333,1.881458221630336,1.6615164332193733,0.5833333333333334,0.5,0,2019.0
Other_adult,3.4,3.3333333333333335,-0.2423685935240265,0.11475254234647013,0.3333333333333333,0.25,0,2019.0
Elderly_hh,3.4,2.3333333333333335,-0.2423685935240265,-1.4320113485264336,0.5416666666666666,0.5,0,2019.0
Single,4.0,2.6666666666666665,0.5540664621588595,-0.9164233849021329,0.625,0.5,0,2019.0
Single,2.6,3.0,-1.3042820011012075,-0.4008354212778314,0.5,0.5,1,1985.0
Child_hh,4.0,4.0,0.5540664621588595,1.1459284695950724,0.5833333333333334,0.5,1,2012.0
Single,3.0,3.0,-0.773325297312617,-0.4008354212778314,0.4583333333333333,0.5,1,1985.0
Elderly_hh,4.0,3.8333333333333335,0.5540664621588595,0.888134487782922,0.625,0.75,1,1985.0
Child_hh,5.0,4.333333333333333,1.881458221630336,1.6615164332193733,0.5416666666666666,0.5,0,2019.0
Child_hh,4.2,3.0,0.819544814053155,-0.4008354212778314,0.5833333333333334,0.75,0,2019.0
Single,3.2,3.5,-0.5078469454183214,0.37254652415862055,0.5,0.0,0,2019.0
Single,3.8,3.5,0.288588110264564,0.37254652415862055,0.4583333333333333,0.5,0,2019.0
Single,2.8,2.6666666666666665,-1.0388036492069126,-0.9164233849021329,0.0,0.0,1,1985.0
Elderly_hh,3.6,3.3333333333333335,0.023109758370269025,0.11475254234647013,1.0,0.75,1,1985.0
Child_hh,2.8,2.8333333333333335,-1.0388036492069126,-0.6586294030899817,0.5833333333333334,0.25,0,2019.0
Other_adult,2.2,2.1666666666666665,-1.835238704889798,-1.6898053303385847,0.5833333333333334,0.25,0,2019.0
Other_adult,3.0,3.3333333333333335,-0.773325297312617,0.11475254234647013,0.75,0.5,1,1995.0
Child_hh,3.8,3.0,0.288588110264564,-0.4008354212778314,0.6666666666666666,0.5,0,2019.0
Elderly_hh,3.0,3.0,-0.773325297312617,-0.4008354212778314,0.5,0.5,0,2019.0
Elderly_hh,3.4,3.5,-0.2423685935240265,0.37254652415862055,0.5833333333333334,0.25,1,1985.0
Single,5.0,4.166666666666667,1.881458221630336,1.4037224514072235,0.75,0.125,0,2019.0
Other_adult,1.8,2.6666666666666665,-2.3661954086783887,-0.9164233849021329,0.7083333333333334,0.75,0,2019.0
Child_hh,3.6,3.5,0.023109758370269025,0.37254652415862055,0.5,0.75,0,2019.0
Other_adult,3.4,3.0,-0.2423685935240265,-0.4008354212778314,0.5,0.5,1,1985.0
Other_adult,4.2,3.8333333333333335,0.819544814053155,0.888134487782922,0.625,0.75,1,1985.0
Child_hh,3.8,3.8333333333333335,0.288588110264564,0.888134487782922,0.6666666666666666,0.75,0,2019.0
Single,2.75,2.1666666666666665,-1.105173237180486,-1.6898053303385847,0.25,0.25,0,2019.0
Child_hh,1.0,1.3333333333333333,-3.4281088162555697,-2.978775239399338,0.5833333333333334,0.5,0,2019.0
Other_adult,4.0,3.0,0.5540664621588595,-0.4008354212778314,0.7916666666666667,0.5,0,2019.0
Elderly_hh,5.0,3.6666666666666665,1.881458221630336,0.630340505970771,0.6666666666666666,0.75,0,2019.0
Single,3.0,3.0,-0.773325297312617,-0.4008354212778314,0.5,0.5,1,1985.0
Other_adult,3.6,3.6666666666666665,0.023109758370269025,0.630340505970771,0.5416666666666666,0.5,0,2019.0
Elderly_hh,4.2,3.6666666666666665,0.819544814053155,0.630340505970771,0.4166666666666666,0.75,1,1995.0
Single,4.0,4.0,0.5540664621588595,1.1459284695950724,0.5416666666666666,0.75,0,2019.0
Single,4.0,3.8333333333333335,0.5540664621588595,0.888134487782922,0.625,0.75,0,2019.0
Child_hh,4.0,3.1666666666666665,0.5540664621588595,-0.14304143946568096,0.25,0.5,0,2019.0
Child_hh,4.0,3.0,0.5540664621588595,-0.4008354212778314,0.5,0.75,0,2019.0
Child_hh,3.2,3.8333333333333335,-0.5078469454183214,0.888134487782922,0.5,0.75,1,1985.0
Elderly_hh,3.4,3.5,-0.2423685935240265,0.37254652415862055,0.5833333333333334,0.5,0,2019.0
Elderly_hh,4.4,3.5,1.0850231659474505,0.37254652415862055,0.5833333333333334,0.75,1,1985.0
Other_adult,4.2,3.0,0.819544814053155,-0.4008354212778314,0.5833333333333334,0.5,0,2019.0
Single,2.8,2.8333333333333335,-1.0388036492069126,-0.6586294030899817,0.625,0.5,0,2019.0
Single,3.6,3.0,0.023109758370269025,-0.4008354212778314,0.5833333333333334,0.5,0,2019.0
Elderly_hh,4.0,3.5,0.5540664621588595,0.37254652415862055,0.75,0.75,0,2019.0
Elderly_hh,4.0,4.0,0.5540664621588595,1.1459284695950724,0.4583333333333333,0.75,0,2019.0
Elderly_hh,3.6,3.5,0.023109758370269025,0.37254652415862055,0.6666666666666666,0.75,0,2019.0
Elderly_hh,3.8,3.75,0.288588110264564,0.7592374968768465,0.5833333333333334,0.5,0,2019.0
Elderly_hh,3.6,3.1666666666666665,0.023109758370269025,-0.14304143946568096,0.6666666666666666,0.75,1,1985.0
Child_hh,3.4,3.3333333333333335,-0.2423685935240265,0.11475254234647013,0.5416666666666666,0.5,0,2019.0
Other_adult,4.6,3.5,1.350501517841745,0.37254652415862055,0.25,0.75,0,2019.0
Child_hh,4.0,4.0,0.5540664621588595,1.1459284695950724,0.7083333333333334,0.75,1,1985.0
Elderly_hh,4.2,4.166666666666667,0.819544814053155,1.4037224514072235,0.9375,0.0,0,2019.0
Single,4.0,3.6666666666666665,0.5540664621588595,0.630340505970771,0.2916666666666666,0.75,0,2019.0
Elderly_hh,4.2,3.3333333333333335,0.819544814053155,0.11475254234647013,0.4166666666666666,0.25,0,2019.0
Single,3.2,2.0,-0.5078469454183214,-1.9475993121507351,0.4583333333333333,0.5,0,2019.0
Single,4.0,3.6,0.5540664621588595,0.5272229132459111,0.5833333333333334,0.75,0,2019.0
Child_hh,1.8,2.8333333333333335,-2.3661954086783887,-0.6586294030899817,0.5833333333333334,0.5,1,2005.0
Elderly_hh,4.4,3.5,1.0850231659474505,0.37254652415862055,0.2916666666666666,0.25,0,2019.0
Elderly_hh,3.2,3.0,-0.5078469454183214,-0.4008354212778314,0.7083333333333334,0.25,1,1985.0
Elderly_hh,4.0,4.0,0.5540664621588595,1.1459284695950724,0.4583333333333333,0.75,1,1995.0
Other_adult,3.0,3.2,-0.773325297312617,-0.09148264310325034,0.7083333333333334,0.75,0,2019.0
Elderly_hh,4.0,3.1666666666666665,0.5540664621588595,-0.14304143946568096,0.5833333333333334,0.5,0,2019.0
Other_adult,3.0,1.6666666666666667,-0.773325297312617,-2.4631872757750366,0.4583333333333333,0.5,0,2019.0
Elderly_hh,3.0,3.5,-0.773325297312617,0.37254652415862055,0.2083333333333333,0.25,0,2019.0
Other_adult,2.6,3.0,-1.3042820011012075,-0.4008354212778314,0.2083333333333333,0.75,0,2019.0
Elderly_hh,3.0,2.3333333333333335,-0.773325297312617,-1.4320113485264336,0.5,0.5,0,2019.0
Single,4.8,3.1666666666666665,1.6159798697360404,-0.14304143946568096,0.7083333333333334,0.5,0,2019.0
Single,1.2,1.6666666666666667,-3.162630464361275,-2.4631872757750366,0.4166666666666666,0.25,1,1995.0
Elderly_hh,3.6,3.0,0.023109758370269025,-0.4008354212778314,0.5416666666666666,0.5,0,2019.0
Elderly_hh,3.2,3.5,-0.5078469454183214,0.37254652415862055,0.625,0.75,0,2019.0
Child_hh,3.8,3.1666666666666665,0.288588110264564,-0.14304143946568096,0.5,0.75,0,2019.0
Elderly_hh,4.0,4.0,0.5540664621588595,1.1459284695950724,0.25,0.75,0,2019.0
Elderly_hh,3.0,3.8333333333333335,-0.773325297312617,0.888134487782922,0.5416666666666666,0.5,0,2019.0
Elderly_hh,3.4,2.1666666666666665,-0.2423685935240265,-1.6898053303385847,0.75,0.0,0,2019.0
Elderly_hh,3.4,3.3333333333333335,-0.2423685935240265,0.11475254234647013,0.625,0.5,1,1985.0
Elderly_hh,3.4,3.3333333333333335,-0.2423685935240265,0.11475254234647013,0.4166666666666666,0.5,0,2019.0
Single,4.8,4.0,1.6159798697360404,1.1459284695950724,0.6666666666666666,0.5,0,2019.0
Child_hh,3.0,2.5,-0.773325297312617,-1.1742173667142832,0.7083333333333334,0.5,0,2019.0
Elderly_hh,2.8,2.5,-1.0388036492069126,-1.1742173667142832,0.5,0.25,0,2019.0
Single,3.6,3.0,0.023109758370269025,-0.4008354212778314,0.625,0.5,0,2019.0
Other_adult,3.0,3.5,-0.773325297312617,0.37254652415862055,0.6666666666666666,0.75,0,2019.0
Other_adult,4.4,4.0,1.0850231659474505,1.1459284695950724,0.8333333333333333,1.0,1,2012.0
Other_adult,2.2,3.0,-1.835238704889798,-0.4008354212778314,0.375,0.5,0,2019.0
Child_hh,4.0,3.8333333333333335,0.5540664621588595,0.888134487782922,0.5833333333333334,0.5,0,2019.0
Child_hh,4.0,3.6666666666666665,0.5540664621588595,0.630340505970771,0.375,0.5,0,2019.0
Elderly_hh,4.0,3.5,0.5540664621588595,0.37254652415862055,0.6666666666666666,0.5,0,2019.0
Elderly_hh,4.0,3.0,0.5540664621588595,-0.4008354212778314,0.5833333333333334,0.75,1,2012.0
Single,3.6,4.0,0.023109758370269025,1.1459284695950724,0.5,0.5,1,2012.0
Other_adult,3.6,3.0,0.023109758370269025,-0.4008354212778314,0.5,0.5,0,2019.0
Elderly_hh,3.8,3.3333333333333335,0.288588110264564,0.11475254234647013,0.0,0.5,0,2019.0
Elderly_hh,3.0,3.1666666666666665,-0.773325297312617,-0.14304143946568096,0.3333333333333333,0.5,0,2019.0
Elderly_hh,4.0,4.0,0.5540664621588595,1.1459284695950724,0.625,0.75,0,2019.0
Elderly_hh,5.0,4.0,1.881458221630336,1.1459284695950724,0.875,0.75,1,1985.0
Elderly_hh,3.6,3.1666666666666665,0.023109758370269025,-0.14304143946568096,0.5,0.75,0,2019.0
Child_hh,4.0,3.8333333333333335,0.5540664621588595,0.888134487782922,0.5416666666666666,0.5,1,1985.0
Single,4.0,3.3333333333333335,0.5540664621588595,0.11475254234647013,0.4583333333333333,0.25,0,2019.0
Elderly_hh,2.8,3.0,-1.0388036492069126,-0.4008354212778314,0.6666666666666666,0.5,1,1985.0
Other_adult,3.6,3.6666666666666665,0.023109758370269025,0.630340505970771,0.6666666666666666,0.25,0,2019.0
Child_hh,4.0,3.8333333333333335,0.5540664621588595,0.888134487782922,0.7083333333333334,0.75,1,1985.0
Other_adult,3.8,3.3333333333333335,0.288588110264564,0.11475254234647013,0.625,0.25,0,2019.0
Elderly_hh,3.0,3.0,-0.773325297312617,-0.4008354212778314,0.5416666666666666,0.25,1,1985.0
Elderly_hh,3.4,2.6666666666666665,-0.2423685935240265,-0.9164233849021329,0.6666666666666666,0.5,0,2019.0
Other_adult,4.6,4.166666666666667,1.350501517841745,1.4037224514072235,0.5,0.5,0,2019.0
Elderly_hh,4.0,2.6666666666666665,0.5540664621588595,-0.9164233849021329,0.7083333333333334,0.75,0,2019.0
Child_hh,3.2,3.0,-0.5078469454183214,-0.4008354212778314,0.5416666666666666,0.5,1,2012.0
Child_hh,2.2,2.5,-1.835238704889798,-1.1742173667142832,0.6666666666666666,0.5,1,2017.0
Single,3.2,2.8333333333333335,-0.5078469454183214,-0.6586294030899817,0.4166666666666666,0.75,1,2012.0
Child_hh,2.8,2.8333333333333335,-1.0388036492069126,-0.6586294030899817,0.5833333333333334,0.5,0,2019.0
Other_adult,2.8,1.8333333333333333,-1.0388036492069126,-2.205393293962886,0.7083333333333334,0.75,1,2012.0
Child_hh,3.8,1.3333333333333333,0.288588110264564,-2.978775239399338,0.5416666666666666,0.0,0,2019.0
Elderly_hh,4.0,4.0,0.5540664621588595,1.1459284695950724,0.6666666666666666,0.5,1,2005.0
Elderly_hh,3.0,2.6666666666666665,-0.773325297312617,-0.9164233849021329,0.5,0.5,1,1985.0
Elderly_hh,4.2,3.3333333333333335,0.819544814053155,0.11475254234647013,0.625,0.5,0,2019.0
Single,3.2,2.8333333333333335,-0.5078469454183214,-0.6586294030899817,0.375,0.25,0,2019.0
Elderly_hh,3.8,2.6666666666666665,0.288588110264564,-0.9164233849021329,0.5,0.5,0,2019.0
Other_adult,4.0,3.3333333333333335,0.5540664621588595,0.11475254234647013,0.7083333333333334,0.75,0,2019.0
Elderly_hh,1.0,1.1666666666666667,-3.4281088162555697,-3.2365692212114885,0.375,0.5,0,2019.0
Single,3.8,3.0,0.288588110264564,-0.4008354212778314,0.35,0.5,0,2019.0
Elderly_hh,3.6,3.3333333333333335,0.023109758370269025,0.11475254234647013,0.5833333333333334,0.75,0,2019.0
Elderly_hh,5.0,3.8333333333333335,1.881458221630336,0.888134487782922,0.875,0.75,0,2019.0
Child_hh,4.0,4.333333333333333,0.5540664621588595,1.6615164332193733,0.625,0.5,0,2019.0
Child_hh,3.2,2.6666666666666665,-0.5078469454183214,-0.9164233849021329,0.375,0.5,0,2019.0
Elderly_hh,4.0,3.5,0.5540664621588595,0.37254652415862055,0.625,0.5,0,2019.0
Other_adult,3.4,3.5,-0.2423685935240265,0.37254652415862055,0.625,0.5,0,2019.0
Elderly_hh,4.8,4.0,1.6159798697360404,1.1459284695950724,0.625,0.75,1,2005.0
Elderly_hh,3.4,3.6666666666666665,-0.2423685935240265,0.630340505970771,0.5416666666666666,0.5,0,2019.0
Elderly_hh,4.0,3.0,0.5540664621588595,-0.4008354212778314,0.375,0.5,0,2019.0
Elderly_hh,4.0,2.3333333333333335,0.5540664621588595,-1.4320113485264336,0.625,0.0,0,2019.0
Elderly_hh,3.0,3.0,-0.773325297312617,-0.4008354212778314,0.5,0.75,0,2019.0
Single,1.6,2.5,-2.631673760572684,-1.1742173667142832,0.3333333333333333,0.5,0,2019.0
Single,2.8,1.1666666666666667,-1.0388036492069126,-3.2365692212114885,0.4166666666666666,0.5,0,2019.0
Other_adult,3.4,3.0,-0.2423685935240265,-0.4008354212778314,0.5416666666666666,0.25,0,2019.0
Child_hh,3.4,2.6666666666666665,-0.2423685935240265,-0.9164233849021329,0.2,0.5,0,2019.0
Elderly_hh,3.6,3.6666666666666665,0.023109758370269025,0.630340505970771,0.4583333333333333,0.5,0,2019.0
Child_hh,4.0,5.0,0.5540664621588595,2.6926923604679764,1.0,0.5,0,2019.0
Child_hh,4.6,4.0,1.350501517841745,1.1459284695950724,0.7083333333333334,0.75,0,2019.0
Elderly_hh,4.6,4.5,1.350501517841745,1.9193104150315243,0.625,0.25,0,2019.0
Elderly_hh,3.6,3.5,0.023109758370269025,0.37254652415862055,0.6666666666666666,0.5,1,1985.0
Child_hh,4.0,3.8333333333333335,0.5540664621588595,0.888134487782922,1.0,0.5,0,2019.0
Child_hh,3.6,3.6666666666666665,0.023109758370269025,0.630340505970771,0.6666666666666666,0.75,0,2019.0
Child_hh,4.0,2.8333333333333335,0.5540664621588595,-0.6586294030899817,0.5833333333333334,0.5,0,2019.0
Child_hh,4.0,3.3333333333333335,0.5540664621588595,0.11475254234647013,0.625,0.75,1,1985.0
Elderly_hh,3.2,3.0,-0.5078469454183214,-0.4008354212778314,0.5,0.75,0,2019.0
Other_adult,3.6,3.0,0.023109758370269025,-0.4008354212778314,0.5833333333333334,0.0,1,1985.0
Other_adult,3.8,3.5,0.288588110264564,0.37254652415862055,0.7916666666666667,0.0,1,2012.0
Elderly_hh,4.0,3.1666666666666665,0.5540664621588595,-0.14304143946568096,0.4166666666666666,0.5,0,2019.0
Child_hh,3.0,2.1666666666666665,-0.773325297312617,-1.6898053303385847,0.4583333333333333,0.75,0,2019.0
Elderly_hh,3.0,3.0,-0.773325297312617,-0.4008354212778314,0.4583333333333333,0.5,1,1985.0
Child_hh,3.6,3.6666666666666665,0.023109758370269025,0.630340505970771,0.4166666666666666,0.5,0,2019.0
Other_adult,4.4,4.166666666666667,1.0850231659474505,1.4037224514072235,0.4499999999999999,0.5,1,1995.0
Elderly_hh,3.6,3.6666666666666665,0.023109758370269025,0.630340505970771,0.625,0.75,0,2019.0
Child_hh,3.0,3.0,-0.773325297312617,-0.4008354212778314,0.7916666666666667,0.5,1,2017.0
Child_hh,3.2,3.5,-0.5078469454183214,0.37254652415862055,0.5,0.5,1,2012.0
Child_hh,3.0,3.0,-0.773325297312617,-0.4008354212778314,0.5416666666666666,0.5,1,1985.0
Other_adult,4.4,3.8333333333333335,1.0850231659474505,0.888134487782922,0.4166666666666666,0.25,0,2019.0
Single,3.4,4.166666666666667,-0.2423685935240265,1.4037224514072235,0.125,0.5,1,1985.0
Child_hh,3.2,3.1666666666666665,-0.5078469454183214,-0.14304143946568096,0.5,0.25,1,2012.0
Elderly_hh,2.4,3.1666666666666665,-1.569760352995503,-0.14304143946568096,0.375,0.5,0,2019.0
Other_adult,2.2,3.1666666666666665,-1.835238704889798,-0.14304143946568096,0.4583333333333333,0.25,1,2005.0
Single,3.8,3.6666666666666665,0.288588110264564,0.630340505970771,0.75,0.5,0,2019.0
Single,2.4,1.5,-1.569760352995503,-2.7209812575871872,0.15,0.0,0,2019.0
Single,4.0,2.8333333333333335,0.5540664621588595,-0.6586294030899817,0.6,0.75,0,2019.0
Elderly_hh,2.8,2.8333333333333335,-1.0388036492069126,-0.6586294030899817,0.5,0.5,0,2019.0
Child_hh,3.4,2.6666666666666665,-0.2423685935240265,-0.9164233849021329,0.625,0.25,0,2019.0
Other_adult,4.2,3.3333333333333335,0.819544814053155,0.11475254234647013,0.75,0.75,0,2019.0
Child_hh,4.2,3.1666666666666665,0.819544814053155,-0.14304143946568096,0.7083333333333334,0.75,0,2019.0
Other_adult,4.8,3.6666666666666665,1.6159798697360404,0.630340505970771,0.5833333333333334,0.5,1,1995.0
Child_hh,1.4,1.6666666666666667,-2.8971521124669795,-2.4631872757750366,0.5416666666666666,0.75,0,2019.0
Elderly_hh,3.6,4.166666666666667,0.023109758370269025,1.4037224514072235,0.1666666666666666,0.5,0,2019.0
Elderly_hh,2.0,2.8333333333333335,-2.1007170567840934,-0.6586294030899817,0.625,0.5,0,2019.0
Single,3.8,2.8333333333333335,0.288588110264564,-0.6586294030899817,0.65,0.5,1,1995.0
Child_hh,4.2,3.6666666666666665,0.819544814053155,0.630340505970771,0.7083333333333334,0.5,0,2019.0
Single,1.4,1.1666666666666667,-2.8971521124669795,-3.2365692212114885,0.625,0.75,0,2019.0
Elderly_hh,3.0,3.1666666666666665,-0.773325297312617,-0.14304143946568096,0.5,0.5,1,2012.0
Other_adult,3.0,3.3333333333333335,-0.773325297312617,0.11475254234647013,0.6666666666666666,0.75,0,2019.0
Single,2.4,1.1666666666666667,-1.569760352995503,-3.2365692212114885,0.4583333333333333,0.25,0,2019.0
Elderly_hh,4.4,3.6666666666666665,1.0850231659474505,0.630340505970771,0.6666666666666666,0.75,0,2019.0
Elderly_hh,3.0,3.1666666666666665,-0.773325297312617,-0.14304143946568096,0.5,0.5,0,2019.0
