Age,2020,2021,2022,2023,2024,2025,2026,2027,2028,2029,2030,2031,2032,2033,2034,2035,2036,2037,2038,2039,2040,2041,2042,2043,2044,2045,2046,2047,2048,2049,2050,2051,2052,2053,2054,2055,2056,2057,2058,2059,2060,2061,2062,2063,2064,2065,2066,2067,2068,2069,2070,2071,2072,2073,2074,2075,2076,2077,2078,2079,2080,2081,2082,2083,2084,2085,2086,2087,2088,2089,2090,2091,2092,2093,2094,2095,2096,2097,2098,2099,2100
0,0.0020823299541971514,0.0027208886737263138,0.0029940420208177656,0.003203983945151247,0.0033801871323187434,0.0035343085682506743,0.003672456601122702,0.0037983403813909773,0.003914430476582197,0.0040224807648093445,0.00412379569504866,0.004219380450463123,0.0043100314323256455,0.004396393856944865,0.004479000078020801,0.004558296033329744,0.0046346600646872535,0.004708416665504844,0.004779846752177814,0.004849195490569597,0.004916678363392036,0.004982485946259813,0.005046787718731797,0.0051097351425731675,0.0051714641755150345,0.005232097344441262,0.0052917454706269485,0.0053505091171927605,0.005408479812583445,0.0054657410918052315,0.005522369388132058,0.005578434801165558,0.005634001761917538,0.005689129611556016,0.005743873107318045,0.00579828286662547,0.005852405758485202,0.005906285249694657,0.005959961712117614,0.006013472696279268,0.006066853175700928,0.006120135765716003,0.006173350919948602,0.006226527107172728,0.006279690970882756,0.006332867473582734,0.006386080027529567,0.0064393506134352695,0.00649269988843852,0.006546147284489529,0.006599711098150315,0.0066534085726907095,0.006707255973255448,0.006761268655787347,0.00681546113031281,0.006869847119128034,0.006924439610364638,0.0069792509073616504,0.007034292674225273,0.007089575977917689,0.007145111327181415,0.007200908708574138,0.007256977619861968,0.007313327100994197,0.00736996576286172,0.007426901814021095,0.00748414308555005,0.007541697054184064,0.007599570863870498,0.007657771345864196,0.007716305037477446,0.007775178199587296,0.007834396832994266,0.007893966693718541,0.00795389330731209,0.008014181982259049,0.008074837822530342,0.008135865739353302,0.008197270462252016,0.008259056549409787,0.008321228397400961
1,0.00032039144254066877,0.00041764514110903073,0.00045918159529374173,0.0004910828236563171,0.0005178429346862012,0.0005412392619750119,0.0005622030185267841,0.0005812995692775202,0.0005989054183623028,0.000615287794456101,0.000630645405700077,0.0006451313378789342,0.0006588668517896183,0.0006719501655386705,0.0006844622976112507,0.0006964710990144694,0.0007080341224409698,0.0007192007179727386,0.0007300135987413548,0.0007405100338046461,0.0007507227728174407,0.0007606807738268617,0.0007704097839498524,0.000779932808344161,0.0007892704931310755,0.0007984414411656613,0.0008074624747765959,0.0008163488561727968,0.0008251144737200739,0.0008337720004500293,0.0008423330297873989,0.0008508081924413933,0.0008592072576113185,0.0008675392210426815,0.0008758123819916132,0.0008840344107793474,0.0008922124083205262,0.0009003529587711843,0.0009084621762508677,0.0009165457464384811,0.0009246089637151576,0.0009326567644240122,0.0009406937567312844,0.0009487242475027196,0.0009567522665500852,0.0009647815885534382,0.0009728157529232763,0.0009808580818316856,0.0009889116966118976,0.0009969795327003424,0.0010050643532737065,0.0010131687617149123,0.0010212952130259998,0.0010294460242920931,0.0010376233842886895,0.00104582936231412,0.0010540659163200163,0.001062334900404686,0.001070638071727382,0.0010789770968953798,0.0010873535578704162,0.001095768957436316,0.0011042247242654746,0.0011127222176180967,0.0011212627317049235,0.0011298474997410903,0.0011384776977163196,0.0011471544479041576,0.0011558788221310244,0.001164651844823863,0.0011734744958535575,0.001182347713189761,0.0011912723953814135,0.0012002494038760036,0.0012092795651895277,0.0012183636729380934,0.0012275024897411928,0.0012366967490058793,0.0012459471566003072,0.0012552543924244201,0.0012646191118849792
2,0.00025152266207085626,0.00030498062860236303,0.00032674375918947355,0.00034309439264387445,0.0003565871895786676,0.0003682285507971902,0.0003785432567905688,0.0003878481687394641,0.0003963530260683867,0.0004042057358258849,0.0004115155424268915,0.00041836603029634913,0.00042482294772008047,0.00043093917876946546,0.000436758045059997,0.00044231557940105007,0.00044764213986998473,0.0004527635857370703,0.0004577021535279616,0.0004624771225020154,0.00046710532886980535,0.00047160156917763307,0.0004759789210324835,0.00048024900119600643,0.0004844221755425385,0.0004885077315419053,0.0004925140212231919,0.0004964485806368738,0.0005003182304221563,0.0005041291610461761,0.0005078870055050451,0.000511596901690062,0.0005152635461745931,0.0005188912408318487,0.0005224839334251418,0.0005260452531013574,0.0005295785415515674,0.000533086880469756,0.0005365731158338694,0.0005400398794471522,0.0005434896081075567,0.0005469245607156398,0.000550346833584121,0.0005537583741732498,0.0005571609934436492,0.0005605563769912022,0.0005639460951057979,0.0005673316118765896,0.0005707142934501933,0.0005740954155344911,0.0005774761702289466,0.0005808576722523014,0.0005842409646298831,0.0005876270238953363,0.0005910167648551497,0.0005944110449588084,0.0005978106683125383,0.0006012163893704224,0.0006046289163329661,0.0006080489142799569,0.000611477008061661,0.0006149137849698718,0.0006183597972081435,0.0006218155641785877,0.0006252815746009135,0.0006287582884778118,0.0006322461389194897,0.0006357455338388804,0.0006392568575280397,0.0006427804721252097,0.0006463167189812156,0.0006498659199330473,0.0006534283784918015,0.000657004380951522,0.0006605941974249117,0.0006641980828113728,0.0006678162777023879,0.000671449009228808,0.000675096491854264,0.0006787589281185506,0.0006824365093345488
3,0.00019624704085815896,0.0002453194133381055,0.00026570530068524935,0.00028116394465098777,0.0002940089476004103,0.00030515344742047183,0.0003150746328620443,0.0003240613326404816,0.00033230523428709344,0.0003399418890569728,0.00034707170115945077,0.0003537717140646127,0.00036010270750640535,0.00036611371111865143,0.00037184500452780076,0.00037733018530201483,0.00038259763857134346,0.0003876716089500203,0.0003925730001042315,0.00039731998291833324,0.00040192846607336384,0.0004064124657276703,0.0004107843998807964,0.00041505532561605355,0.00041923513239768494,0.0004233327011192031,0.00042735603614433085,0.00043131237582120954,0.000435208285668974,0.0004390497374902345,0.0004428421769566429,0.0004465905816808777,0.0004502995113806459,0.00045397315142573267,0.00045761535081422004,0.00046122965543165465,0.00046481933729465433,0.00046838742035899405,0.00047193670337457956,0.0004754697801908132,0.0004789890578515892,0.0004824967727665629,0.00048599500520200297,0.0004894856922987062,0.0004929706397945909,0.000496451532604669,0.0004999299443901298,0.0005034073462306133,0.0005068851144987886,0.0005103645380236129,0.0005138468246178117,0.0005173331070357982,0.0005208244484202591,0.0005243218472887618,0.0005278262421057391,0.0005313385154800665,0.0005348594980239269,0.0005383899719047455,0.0005419306741185255,0.0005454822995099194,0.000549045503561716,0.0005526209049740863,0.0005562090880518826,0.0005598106049164401,0.0005634259775567518,0.0005670556997333966,0.0005707002387473783,0.0005743600370848455,0.0005780355139476757,0.0005817270666789723,0.0005854350720917213,0.0005891598877081054,0.0005929018529163237,0.0005966612900511726,0.0006004385054040804,0.0006042337901678515,0.0006080474213208812,0.0006118796624552552,0.0006157307645527488,0.0006196009667124391,0.0006234904968333474
4,0.00013889146974812946,0.00017762463211439187,0.00019395991255987576,0.00020643318315758757,0.00021685115557812452,0.00022592774955360566,0.00023403659576685647,0.00024140422917168252,0.0002481812794500457,0.00025447447987435003,0.0002603630563283067,0.00026590793359627495,0.00027115728115032514,0.0002761500419638592,0.0002809182793570932,0.00028548879571467436,0.0002898842836864296,0.0002941241665293609,0.0002982252254798298,0.0003022020773903719,0.0003060675446762354,0.00030983294624514855,0.0003135083294081235,0.00031710265700006854,0.0003206239600174574,0.00032407946336154825,0.00032747569035669925,0.00033081855033684356,0.0003341134125909721,0.00033736516921885974,0.0003405782888955329,0.00034375686312513036,0.000346904646245511,0.00035002509019854195,0.0003531213748890646,0.0003561964348047155,0.0003592529824493229,0.00036229352904725747,0.00036532040289945976,0.00036833576570985963,0.0003713416271503689,0.00037433985789125604,0.00037733220128959325,0.00038032028390024063,0.00038330562495028983,0.0003862896448982269,0.0003892736731825341,0.0003922589552504834,0.00039524665894606235,0.0003982378803258736,0.0004012336489632843,0.0004042349327937019,0.0004072426425475226,0.00041025763581183035,0.00041328072075717836,0.00041631265956167145,0.0004193541715609985,0.0004224059361499164,0.0004254685954579708,0.00042854275681980996,0.00043162899505836555,0.00043472785459727553,0.00043783985141730974,0.000440965474870063,0.0004441051893609277,0.0004472594359121579,0.00045042863361586323,0.00045361318098579434,0.0004568134572160279,0.00046002982335386744,0.00046326262339365564,0.0004665121852975806,0.0004697788219490422,0.0004730628320436506,0.0004763645009225025,0.0004796841013519919,0.00048302189425404704,0.00048637812939037817,0.0004897530460040186,0.0004931468734211714,0.0004965598316161655
5,0.0001185638106594614,0.00015174272134965057,0.0001657425467969587,0.00017643497106746347,0.0001853670650088424,0.00019315017354981626,0.00020010425955990904,0.00020642332946432343,0.0002122363917199783,0.00021763486529393595,0.0002226866133221041,0.00022744382638470342,0.0002319477713788308,0.00023623181329552554,0.0002403234248943669,0.0002442455728880755,0.0002480177037927429,0.00025165646358720574,0.0002551762350024748,0.00025858954658827566,0.00026190738955975004,0.00026513946697750924,0.0002682943923853578,0.00027137985009003524,0.00027440272590937133,0.0002773692148871454,0.000280284910829793,0.00028315488134134553,0.00028598373117483304,0.0002887756560849858,0.0002915344888937791,0.0002942637391225169,0.0002969666272707373,0.0002996461146111932,0.00030230492920578587,0.0003049455887181785,0.00030757042049650525,0.0003101815793179414,0.0003127810631212581,0.00031537072700036197,0.0003179522956885574,0.000320527374727819,0.00032309746048815363,0.00032566394917794253,0.00032822814496600043,0.00033079126731923596,0.0003333544576456354,0.0003359187853203357,0.0003384852531624085,0.0003410548024213605,0.00034362831732498997,0.0003462066292339078,0.00034879052044261953,0.0003513807276623634,0.00035397794521684,0.0003565828279784532,0.00035919599406960444,0.0003618180273509093,0.00036444947971585155,0.0003670908732093378,0.000369742701985801,0.0003724054341209021,0.0003750795132894718,0.0003777653603210702,0.0003804633746434591,0.0003831739356232561,0.0003858974038121983,0.00038863412210663026,0.00039138441682714327,0.00039414859872465984,0.0003969269639186877,0.0003997197947729736,0.00040252736071331503,0.0004053499189918865,0.00040818771540206437,0.000411040984947394,0.0004139099524680462,0.0004167948332278235,0.0004196958334645425,0.00042261315090637286,0.00042554697525653006
6,0.00016935017231672756,0.0001997843364984958,0.00021194994990435384,0.00022101388813298953,0.00022844725773489303,0.0002348284725571095,0.0002404584925526438,0.0002455186132217618,0.00025012854443074963,0.00025437249057829874,0.00025831248446752205,0.00026199586486219055,0.0002654597723343316,0.0002687340038803908,0.00027184290687665575,0.0002748066820029504,0.00027764230721875595,0.00028036421016874993,0.00028298476853492885,0.0002855146896490485,0.00028796330344608756,0.00029033879197246126,0.00029264837161762237,0.00029489843955687677,0.00029709469271437986,0.0002992422253534866,0.0003013456098492753,0.00030340896408570273,0.00030543600811098093,0.0003074301120885656,0.00030939433713621375,0.00031133147030967893,0.0003132440547313797,0.0003151344156668943,0.00031700468319863635,0.0003188568120256095,0.0003206925988229679,0.0003225136975192423,0.0003243216327882821,0.0003261178120038039,0.0003279035358645427,0.0003296800078653537,0.00033144834276276525,0.00033320957416136646,0.00033496466132893664,0.0003367144953329172,0.0003384599045779033,0.00034020165981301585,0.0003419404786688339,0.0003436770297757975,0.00034541193650935856,0.00034714578040149135,0.0003488791042533244,0.0003506124149794668,0.0003523461862109871,0.0003540808606808966,0.00035581685241325197,0.0003575545487346466,0.0003592943121247899,0.00036103648192106985,0.00036278137589040746,0.00036452929168033087,0.0003662805081599489,0.0003680352866604399,0.000369793872123703,0.00037155649416696065,0.00037332336807036624,0.0003750946956939697,0.0003768706663298198,0.0003786514574944248,0.0003804372356663279,0.00038222815697311373,0.0003840243678317787,0.0003858260055460569,0.000387633198863967,0.00038944606849857834,0.0003912647276147291,0.00039308928228420193,0.00039491983191165955,0.00039675646963344146,0.00039859928269116857
7,0.00017912709862304336,0.00019942749327711548,0.00020723391696223805,0.00021294829214929794,0.00021757360171357473,0.00022150229742016903,0.00022493754323918986,0.0002280010764135948,0.0002307728444710049,0.0002333087740603899,0.00023564983930127412,0.00023782713761546132,0.00023986493540739846,0.00024178259778559206,0.00024359586600249618,0.0002453177341828471,0.0002469590695302846,0.00024852906251563285,0.0002500355609853753,0.0002514853229557352,0.00025288421115325063,0.0002542373449889816,0.00025554922087773883,0.00025682380864391305,0.0002580646296050204,0.0002592748204362306,0.0002604571858713127,0.00026161424254546876,0.00026274825574086147,0.00026386127039462883,0.00026495513743035837,0.0002660315362486495,0.00026709199404076415,0.000268137902457256,0.0002691705320609356,0.00027019104491319006,0.0002712005055792888,0.0002721998907878767,0.0002731900979394649,0.00027417195262617367,0.00027514621529856054,0.0002761135871938203,0.0002770747156219291,0.0002780301986917515,0.0002789805895469894,0.0002799264001718007,0.0002808681048174796,0.00028180614309448933,0.0002827409227681812,0.00028367282229145005,0.00028460219310327606,0.0002855293617184378,0.0002864546316305179,0.00028737828504763694,0.0002883005844780136,0.0002892217741804385,0.00029014208149300984,0.00029106171805195965,0.00029198088091108036,0.00029289975357110173,0.00029381850692737643,0.0002947373001433178,0.0002956562814562852,0.00029657558892189317,0.0002974953511021391,0.0002984156877021893,0.0002993367101601986,0.00030025852219409566,0.00030118122030892066,0.0003021048942679222,0.0003030296275303678,0.0003039554976587034,0.000304882576697503,0.00030581093152639525,0.00030674062418898073,0.00030767171219957284,0.0003086042488294306,0.00030953828337402443,0.0003104738614027215,0.00031141102499219624,0.0003123498129447227
8,0.00015226454463405058,0.00017327097220241422,0.00018146824357732875,0.00018750889028046382,0.0001924225859064817,0.00019661300871183507,0.0002002895533783854,0.00020357794920671752,0.00020656093824754387,0.00020929652379308167,0.00021182729042532126,0.00021418562479346578,0.00021639685082844103,0.00021848121789494422,0.00022045521808993748,0.00022233249116946434,0.00022412446532196778,0.0002258408227495257,0.00022748984555489063,0.00022907867772256735,0.0002306135269455111,0.00023209982246300817,0.00023354234016009589,0.0002349453029151331,0.00023631246196698333,0.00023764716354001376,0.0002389524038847585,0.00024023087511856523,0.00024148500368839862,0.0002427169828639863,0.00024392880036075003,0.00024512226195910373,0.00024629901180916905,0.000247460549973309,0.00024860824765268866,0.0002497433604608852,0.00025086704004184196,0.00025198034427717904,0.0002530842462859423,0.0002541796423860773,0.00025526735915945396,0.0002563481597398651,0.0002574227494250026,0.0002584917806982404,0.000259555857733434,0.0002606155404454484,0.0002616713481403262,0.00026272376281160915,0.0002637732321230874,0.0002648201721129428,0.00026586496964975864,0.00026690798466701875,0.0002679495521994198,0.0002689899842414964,0.00027002957144660106,0.00027106858468218994,0.00027210727645551213,0.0002731458822222256,0.0002741846215890567,0.00027522369942042436,0.00027626330685786486,0.00027730362226018106,0.00027834481207139876,0.00027938703162289595,0.00028043042587542734,0.00028147513010619686,0.00028252127054562934,0.0002835689649680397,0.0002846183232399979,0.0002856694478298384,0.0002867224342814334,0.00028777737165507447,0.000288834342938035,0.000289893425427179,0.00029095469108575216,0.0002920182068763163,0.0002930840350716236,0.0002941522335450563,0.00029522285604214953,0.00029629595243455963,0.0002973715689577515
9,0.00012084625847784114,0.000136573855606635,0.00014268292863535678,0.00014717531515655776,0.00015082389666938744,0.00015393149656192914,0.00015665509695026266,0.00015908889602247054,0.00016129484478041742,0.00016331634309745173,0.00016518523312844332,0.0001669257158528239,0.00016855670247325322,0.00017009330512924223,0.00017154782433298152,0.000172930427099221,0.00017424962698101723,0.00017551263275193444,0.0001767256073642015,0.0001778938640238803,0.00017902201719384152,0.00018011410064478346,0.00018117366098789823,0.000182203832675139,0.00018320739879201307,0.00018418684081825048,0.00018514437972183662,0.00018608201017208435,0.00018700152923614908,0.00018790456061318217,0.000188792575229008,0.0001896669088397758,0.0001905287771600921,0.00019137928892878884,0.00019221945724600496,0.00019305020945296875,0.00019387239577668816,0.00019468679692262987,0.00019549413076710317,0.00019629505827577912,0.00019709018875425086,0.00019788008451977228,0.0001986652650695709,0.00019944621080975652,0.00020022336639945022,0.0002009971437568884,0.00020176792476770563,0.00020253606373006041,0.00020330188956661446,0.00020406570782942237,0.000204827802520418,0.00020558843774733343,0.000206347859232402,0.00020710629568911057,0.00020786396008042784,0.00020862105077036473,0.00020937775257936453,0.00021013423775282573,0.00021089066685102772,0.00021164718956782747,0.000212403945484702,0.00021316106476601508,0.0002139186688007707,0.0002146768707955869,0.0002154357763231305,0.00021619548382984397,0.0002169560851064144,0.00021771766572409448,0.00021848030543970847,0.0002192440785718828,0.00022000905435082895,0.00022077529724377916,0.00022154286725799082,0.000222311820223063,0.00022308220805415598,0.00022385407899756516,0.00022462747785997607,0.00022540244622261274,0.00022617902264139762,0.00022695724283413175,0.00022773713985564534
10,0.0001402439384288974,0.00014843583149520178,0.00015148056684758846,0.00015367520903096488,0.00015543134265329743,0.00015690921619102377,0.0001581913755785784,0.00015932703646341404,0.00016034835903165284,0.00016127772968555081,0.0001621314698548082,0.00016292190766481314,0.00016365861837315757,0.00016434920858029807,0.00016499983419189686,0.00016561555508170326,0.00016620058538860193,0.0001667584747592599,0.00016729224252624164,0.00016780447897622627,0.00016829742308484356,0.00016877302308768472,0.00016923298431165457,0.00016967880740104623,0.0001701118191987055,0.000170533197938643,0.0001709439939815616,0.0001713451470210587,0.00017173750046792455,0.00017212181355797483,0.0001724987716082765,0.00017286899475583577,0.00017323304544374297,0.00017359143486668648,0.00017394462854659825,0.0001742930511769957,0.00017463709084921894,0.00017497710275361293,0.00017531341243258504,0.00017564631864949476,0.0001759760959268266,0.00017630299679853082,0.00017662725381440062,0.0001769490813285752,0.00017726867709947679,0.00017758622372450559,0.00017790188992949848,0.00017821583173016685,0.00017852819348037341,0.0001788391088201311,0.00017914870153451235,0.00017945708633322312,0.00017976436955936692,0.00018007064983487062,0.00018037601864914134,0.0001806805608967312,0.00018098435536912516,0.00018128747520516875,0.00018158998830414315,0.00018189195770505545,0.00018219344193531658,0.0001824944953316392,0.0001827951683356906,0.00018309550776676958,0.00018339555707353865,0.000183695356566651,0.0001839949436339113,0.0001842943529394584,0.00018459361660831843,0.00018489276439753003,0.00018519182385495387,0.00018549082046675184,0.000185789777794453,0.00018608871760241954,0.00018638765997646932,0.0001866866234343351,0.000186985625028588,0.0001872846804425912,0.00018758380408000696,0.0001878830091483365,0.00018818230773692826
11,0.00014052054491738085,0.00014929162894782724,0.0001525599559785426,0.00015491848118875134,0.00015680736951831587,0.00015839806445856316,0.000159778912789383,0.00016100260896321174,0.00016210359947665728,0.00016310587116665745,0.00016402691870196867,0.00016487996111158416,0.00016567526918278422,0.000166421004794761,0.00016712377538720264,0.00016778901368853073,0.00016842124575159445,0.0001690242850772255,0.00016960137635549445,0.00017015530397218115,0.000170688475315768,0.00017120298570278623,0.0001717006696575794,0.00017218314190221298,0.0001726518304768042,0.0001731080037640155,0.00017355279273661533,0.0001739872094218518,0.00017441216234047373,0.00017482846950477797,0.0001752368694309346,0.00017563803052359395,0.00017603255911680544,0.00017642100639840398,0.00017680387440093068,0.00017718162120766798,0.00017755466549517772,0.00017792339051213497,0.00017828814757698275,0.0001786492591630162,0.00017900702162825026,0.00017936170763822954,0.00017971356832242828,0.00018006283519868033,0.0001804097218949553,0.00018075442569352512,0.00018109712891899914,0.0001814380001887182,0.00018177719554146777,0.00018211485945835232,0.00018245112578784176,0.0001827861185854847,0.00018311995287743405,0.00018345273535583234,0.00018378456501309966,0.00018411553372135115,0.00018444572676243201,0.00018477522331342906,0.00018510409689197465,0.00018543241576517188,0.00018576024332555625,0.00018608763843714363,0.00018641465575428844,0.00018674134601579217,0.00018706775631645433,0.00018739393035803491,0.00018771990868140555,0.00018804572888148066,0.00018837142580638107,0.00018869703174213283,0.00018902257658408645,0.0001893480879961284,0.00018967359155866198,0.00018999911090624352,0.00019032466785568196,0.00019065028252533787,0.00019097597344629378,0.00019130175766601034,0.0001916276508450323,0.00019195366734725121,0.00019227982032420942
12,0.00014514192261241572,0.00015618119727777344,0.00016033022880358383,0.00016333597598010665,0.00016575017907419746,0.0001677880199433508,0.00016956052712549494,0.00017113400864921102,0.00017255186546551792,0.0001738443578379152,0.00017503358315230547,0.00017613625839813408,0.00017716538742733329,0.00017813131579239133,0.00017904242798828102,0.0001799056252462259,0.0001807266629968633,0.00018151039542866918,0.0001822609566888411,0.00018298189775450973,0.0001836762915848387,0.0001843468151245501,0.0001849958141146619,0.00018562535493201702,0.00018623726650351802,0.00018683317452820495,0.0001874145296683368,0.00018798263096160334,0.0001885386454097396,0.00018908362448048644,0.00018961851809722147,0.0001901441865681293,0.0001906614108135323,0.0001911709011783423,0.0001916733050609882,0.00019216921354667547,0.00019265916719852504,0.00019314366113287943,0.0001936231494832531,0.00019409804933983503,0.00019456874423721227,0.00019503558725138316,0.00019549890375760066,0.000195958993892759,0.00019641613475953164,0.0001968705824040734,0.0001973225735945771,0.00019777232742418263,0.00019822004675854754,0.0001986659195456756,0.00019911012000330683,0.00019955280969721515,0.00019999413852208635,0.0002004342455952049,0.00020087326007195717,0.0002013113018910708,0.00020174848245660713,0.00020218490526290105,0.00020262066646796516,0.00020305585542024186,0.0002034905551430791,0.00020392484278081727,0.00020435879000997717,0.00020479246341866976,0.00020522592485703147,0.0002056592317612094,0.00020609243745316457,0.00020652559141834216,0.00020695873956306252,0.00020739192445330543,0.00020782518553640362,0.00020825855934703078,0.0002086920796987218,0.00020912577786207773,0.00020955968273068243,0.00020999382097567818,0.0002104282171898688,0.00021086289402213174,0.0002112978723028659,0.00021173317116113607,0.00021216880813411813
13,0.00015636382287681432,0.00017028447600945214,0.00017555881130315012,0.00017939377146132188,0.00018248236829930165,0.0001850952010851511,0.00018737205772660168,0.00018939652099848273,0.0001912233636079659,0.00019289081932330905,0.0001944268404056949,0.0001958525970913325,0.00019718457554121564,0.00019843590586248486,0.00019961724039554762,0.00020073735590383238,0.00020180357913759825,0.00020282209541647652,0.0002037981774019236,0.00020473635800471882,0.0002056405633020646,0.00020651421625668962,0.0002073603187402998,0.0002081815171810081,0.0002089801556742707,0.00020975831937333205,0.00021051787025467693,0.00021126047683859759,0.00021198763907084126,0.00021270070929601598,0.0002134009100483786,0.00021408934923111637,0.00021476703313757554,0.00021543487767742135,0.00021609371810050397,0.00021674431745625478,0.00021738737398307857,0.00021802352758776216,0.00021865336554732906,0.00021927742754355282,0.00021989621012232272,0.00022051017065537093,0.0002211197308697994,0.0002217252800009481,0.00022232717761587578,0.00022292575614790792,0.00022352132317696058,0.00022411416348553837,0.00022470454091626376,0.000225292700053339,0.0002258788677474481,0.00022646325450109881,0.00022704605572929223,0.00022762745290857094,0.00022820761462593095,0.00022878669753771495,0.00022936484724744234,0.00022994219911049325,0.00023051887897269387,0.00023109500384904858,0.0002316706825482135,0.0002322460162476842,0.00023282109902416758,0.0002333960183431253,0.00023397085551109172,0.00023454568609398505,0.0002351205803043292,0.00023569560336000997,0.0002362708158169395,0.00023684627387777742,0.00023742202967865425,0.00023799813155566543,0.00023857462429274586,0.00023915154935237623,0.00023972894509046572,0.00024030684695661275,0.00024088528768086582,0.00024146429744798632,0.00024204390406015,0.00024262413308893558,0.0002432050080173787
14,0.00017642939978004132,0.00019368065881170677,0.000200252186516198,0.00020504201506972821,0.00020890664637121875,0.00021218077570235488,0.00021503743641913454,0.0002175801706998857,0.0002198768841418007,0.00022197501484265625,0.00022390927096618005,0.00022570595936821183,0.0002273855814756218,0.0002289644770614379,0.00023045591173830428,0.00023187082285882276,0.00023321834683477267,0.00023450620164944876,0.00023574097054914096,0.00023692831654328883,0.00023807314736049116,0.00023917974422046833,0.00024025186371129346,0.00024129281936008062,0.0002423055476533733,0.00024329266199636844,0.0002442564972080382,0.0002451991465109249,0.0002461224925109577,0.0002470282333215972,0.0002479179047325199,0.0002487928991315371,0.0002496544817426295,0.00025050380463075776,0.00025134191883706945,0.0002521697849399407,0.00025298828228351557,0.00025379821707263126,0.00025460032949879675,0.0002553953000342853,0.000256183755009048,0.00025696627156688006,0.00025774338208232363,0.0002585155781074321,0.0002592833139072974,0.00026004700963472435,0.00026080705418730736,0.00026156380778418907,0.0002623176042947236,0.0002630687533470044,0.0002638175422405751,0.0002645642376845554,0.0002653090873797472,0.0002660523214610332,0.0002667941538143967,0.00026753478328121847,0.00026827439476102285,0.00026901316022258576,0.0002697512396321979,0.00027048878180691087,0.00027122592519974895,0.0002719627986231168,0.0002726995219159927,0.0002734362065599,0.00027417295624816446,0.00027490986741249203,0.00027564702971052203,0.00027638452647763174,0.0002771224351459827,0.00027786082763348784,0.00027859977070514633,0.0002793393263089615,0.00028007955188845293,0.00028082050067360065,0.00028156222195188267,0.0002823047613209408,0.0002830481609242598,0.0002837924596711342,0.000284537693442085,0.0002852838952808016,0.000286031095573581
15,0.00016146426774316807,0.00018932235010238457,0.00020041297312006003,0.00020866064581031988,0.00021541525251597514,0.0002212072985217197,0.00022631267724998577,0.0002308974954429451,0.00023507137264314597,0.00023891137162855946,0.0002424742312268936,0.0002458032252058818,0.00024893228537147016,0.00025188861897608314,0.00025469444491527056,0.0002573681878463442,0.00025992532479717883,0.00026237900111049454,0.0002647404886585532,0.0002670195333891911,0.0002692246234556864,0.0002713631992151775,0.000273441819918771,0.0002754662976237734,0.00027744180594344497,0.0002793729692308484,0.0002812639363701436,0.0002831184423289623,0.00028493985988409264,0.00028673124338628484,0.0002884953660222571,0.00029023475172423516,0.0002919517026425837,0.00029364832291623485,0.00029532653933498905,0.0002969881193774946,0.0002986346870215414,0.00030026773665388655,0.00030188864535112773,0.0003034986837582009,0.0003050990257545348,0.00030669075706804577,0.00030827488297260783,0.0003098523351843809,0.00031142397805552466,0.00031299061414978704,0.00031455298927269166,0.00031611179701913005,0.00031766768289279157,0.00031922124804476427,0.00032077305267258645,0.00032232361911584503,0.0003238734346800038,0.0003254229542163048,0.0003269726024823105,0.00032852277630478704,0.00033007384656417603,0.00033162616001771627,0.0003331800409764293,0.0003347357928495123,0.00033629369956825016,0.0003378540269002901,0.0003394170236639951,0.00034098292285161314,0.0003425519426691298,0.00034412428749987353,0.00034570014879829134,0.00034727970591966206,0.00034886312689099596,0.00035045056912786623,0.00035204218010148977,0.0003536380979599722,0.0003552384521072951,0.00035684336374329777,0.0003584529463676222,0.0003600673062503372,0.0003616865428717262,0.00036331074933350626,0.0003649400127435698,0.0003665744145761539,0.0003682140310092032
16,0.00021715806231485137,0.0002681738920344918,0.00028919671470071433,0.00030507937394750446,0.00031824038161566893,0.00032963360679947554,0.0003397571034411543,0.0003489120418659055,0.00035729809303339813,0.0003650562987939741,0.00037229101166435824,0.0003790822120972229,0.000385492923242974,0.0003915739252576831,0.0003973668877136842,0.0004029065279396594,0.00040822214424249194,0.00041333873371617865,0.0004182778256338419,0.00042305811501490946,0.0004276959525918166,0.00043220572950309363,0.000436600183430447,0.0004408906451797961,0.00044508723946175337,0.0004491990499922774,0.00045323425646974665,0.0004572002491458387,0.00046110372536940406,0.00046495077149535143,0.00046874693281328796,0.00047249727359352246,0.0004762064289226643,0.0004798786496728889,0.000483517841693577,0.0004871276001134734,0.000490711239482815,0.0004942718203582973,0.0004978121728320847,0.0005013349174238783,0.0005048424836881713,0.0005083371268340803,0.0005118209426100721,0.0005152958806686419,0.0005187637565949551,0.000522226262757572,0.0005256849781176124,0.000529141377114365,0.0005325968377298282,0.000536052648821458,0.0005395100168011513,0.0005429700717288323,0.0005464338728807475,0.0005499024138454213,0.0005533766271940534,0.0005568573887667964,0.0005603455216116773,0.0005638417996088948,0.0005673469508096446,0.0005708616605155339,0.0005743865741219075,0.0005779222997459955,0.0005814694106586739,0.000585028447536739,0.0005885999205509486,0.0005921843113035719,0.0005957820746279153,0.0005993936402610641,0.0006030194144000861,0.0006066597811509591,0.0006103151038786735,0.000613985726466182,0.0006176719744892155,0.0006213741563133508,0.000625092564119174,0.0006288274748608879,0.0006325791511632605,0.000636347842161395,0.0006401337842874497,0.0006439372020080831,0.0006477583085161184
17,0.00028198299399108834,0.0003522287829979121,0.0003813960846604195,0.0004035086203744169,0.00042187939134959065,0.000437815925323945,0.0004520014769459396,0.0004648495766726604,0.00047663465562823576,0.00048755076384356485,0.0004977416260955472,0.0005073175192597371,0.0005163654346769585,0.0005249555412199782,0.0005331454810333082,0.0005409833304981066,0.0005485097044351149,0.0005557592908415437,0.0005627619956474727,0.0005695438134115647,0.0005761275010135865,0.0005825331068803861,0.0005887783923748942,0.0005948791714018211,0.0006008495870961399,0.000606702339478317,0.0006124488744447018,0.0006180995419402923,0.000623663729325999,0.0006291499745986585,0.000634566063110624,0.0006399191106713906,0.0006452156353299324,0.0006504616196859845,0.0006556625652279247,0.0006608235399194408,0.0006659492200392181,0.000671043927103918,0.0006761116605650235,0.0006811561268570952,0.0006861807652830324,0.0006911887711465961,0.0006961831164804492,0.0007011665686666619,0.0007061417072038833,0.0007111109388397097,0.0007160765112567828,0.0007210405254758648,0.0007260049471177223,0.000730971616647427,0.000735942258709162,0.0007409184906462837,0.0007459018302899559,0.000750893703089834,0.0007558954486516892,0.000760908326739515,0.0007659335227931791,0.0007709721530070915,0.0007760252690104228,0.000781093862185106,0.0007861788676540737,0.0007912811679688305,0.0007964015965225246,0.0008015409407120576,0.00080669994487049,0.0008118793129888887,0.0008170797112450065,0.0008223017703544804,0.0008275460877588234,0.0008328132296631626,0.0008381037329355035,0.000843418106878257,0.000848756834881815,0.000854120375969114,0.0008595091662393524,0.0008649236202183382,0.0008703641321223202,0.0008758310770415724,0.0008813248120495077,0.0008868456772426059,0.0008923939967160526
18,0.00037169305599106935,0.00043492845500192894,0.0004600687088553734,0.0004787528582269821,0.0004940475232245229,0.0005071576960563743,0.0005187099351259012,0.0005290814030887537,0.0005385209556025612,0.0005472035050089144,0.0005552578085323772,0.0005627820480743923,0.0005698531951175351,0.0005765329553014872,0.0005828717113253998,0.0005889112345770218,0.0005946866074691534,0.0006002276218997603,0.0006055598195028279,0.0006107052805817677,0.0006156832327078996,0.0006205105273250608,0.000625202018024634,0.0006297708644051475,0.0006342287788098535,0.0006385862286506064,0.0006428526037940754,0.0006470363561706013,0.0006511451170822917,0.0006551857964461622,0.000659164667282292,0.0006630874380581574,0.000666959314967287,0.0006707850558097381,0.0006745690168226384,0.0006783151935587138,0.0006820272567128206,0.0006857085836389381,0.0006893622861736598,0.0006929912352801834,0.0006965980829439077,0.0007001852816829647,0.0007037551019813445,0.0007073096479062828,0.0007108508711333535,0.0007143805835708678,0.0007179004687484571,0.0007214120921122494,0.0007249169103500509,0.0007284162798538177,0.0007319114644129922,0.0007354036422205329,0.0007388939122634204,0.0007423833001607672,0.0007458727635051705,0.0007493631967565173,0.0007528554357318081,0.0007563502617297015,0.0007598484053241989,0.0007633505498581824,0.0007668573346642289,0.0007703693580372541,0.0007738871799810062,0.0007774113247481851,0.0007809422831920037,0.0007844805149452107,0.0007880264504410849,0.0007915804927894863,0.0007951430195198199,0.0007987143842016788,0.0008022949179529207,0.0008058849308440535,0.0008094847132070256,0.0008130945368557785,0.0008167146562252797,0.0008203453094351932,0.0008239867192837969,0.0008276390941772909,0.0008313026289992121,0.0008349775059242905,0.0008386638951807146
19,0.00031191959311839014,0.0003794920621796886,0.0004070630589994035,0.00042779842623510685,0.00044492264436453915,0.00045970626956504313,0.0004728119917710757,0.0004846400527999157,0.0004954554626682757,0.0005054451627151655,0.0005147472718932323,0.0005234675007891503,0.0005316890289982625,0.0005394787826320844,0.0005468916035292308,0.0005539731205783842,0.0005607617883360344,0.0005672903724473067,0.0005735870564380713,0.0005796762825854716,0.0005855794017620467,0.0005913151832960067,0.0005969002204204806,0.0006023492566021987,0.0006076754510539526,0.0006128905968942604,0.0006180053020028478,0.0006230291401725005,0.0006279707783766937,0.0006328380846588223,0.0006376382201680191,0.0006423777181255916,0.0006470625519405244,0.00065169819425631,0.0006562896683720578,0.0006608415932144216,0.0006653582228261585,0.0006698434811691238,0.000674300992904602,0.0006787341107048704,0.0006831459395612103,0.0006875393584810495,0.0006919170399072008,0.0006962814671428352,0.0007006349500247424,0.0007049796390531798,0.0007093175381578229,0.0007136505162551002,0.0007179803177316839,0.0007223085719714656,0.0007266368020285014,0.0007309664325356889,0.0007352987969280208,0.0007396351440498524,0.0007439766442074916,0.0007483243947213727,0.0007526794250259676,0.0007570427013602151,0.0007614151310866349,0.0007657975666731475,0.0007701908093680906,0.0007745956125957158,0.0007790126850967017,0.0007834426938357058,0.0007878862666958641,0.0007923439949781271,0.0007968164357216715,0.0008013041138600353,0.000805807524226287,0.0008103271334192943,0.0008148633815420644,0.000819416683822148,0.0008239874321232,0.0008285759963560085,0.0008331827257965654,0.000837807950318136,0.0008424519815436526,0.0008471151139242684,0.0008517976257494098,0.0008564997800932175,0.000861221825701914
20,0.0003857678141549795,0.0004560246049467414,0.00048414698118699447,0.0005051124703561003,0.0005223142951558597,0.0005370868160758372,0.0005501244422924435,0.0005618455538246125,0.0005725264593316615,0.0005823615524846862,0.0005914940694196168,0.0006000333383188569,0.0006080651512880378,0.0006156583503680416,0.000622869197477535,0.0006297443808922119,0.0006363231474805752,0.0006426388545294163,0.0006487201245954243,0.0006545917217617101,0.0006602752279251168,0.0006657895726716604,0.0006711514540450289,0.0006763756767144819,0.0006814754267146725,0.0006864624968501,0.0006913474732752544,0.0006961398911949881,0.0007008483657632803,0.0007054807028828211,0.0007100439935811458,0.0007145446948639355,0.0007189886993547383,0.0007233813955746499,0.0007277277203611613,0.0007320322046474192,0.0007362990136033935,0.0007405319819654024,0.0007447346452399749,0.0007489102673546422,0.0007530618652360498,0.000757192230720456,0.0007613039501396968,0.0007653994218745658,0.0007694808721249827,0.0007735503691108736,0.0007776098358879229,0.0007816610619373199,0.0007857057136674476,0.0007897453439474825,0.0007937814007775837,0.0007978152351872402,0.00080184810844214,0.0008058811986302476,0.0008099156066894397,0.0008139523619318279,0.0008179924271136314,0.0008220367030939806,0.0008260860331212992,0.0008301412067816943,0.0008342029636401711,0.0008382719966022355,0.0008423489550206159,0.0008464344475693381,0.0008505290449051711,0.0008546332821344602,0.0008587476611016739,0.0008628726525143654,0.0008670086979179286,0.0008711562115322241,0.0008753155819610938,0.0008794871737847484,0.0008836713290441422,0.0008878683686256339,0.00089207859355351,0.000896302286197298,0.0009005397114002117,0.0009047911175345165,0.0009090567374891513,0.0009133367895944748,0.0009176314784886429
21,0.0004691843149335424,0.0005414338696659695,0.0005698926326929983,0.0005909537673592256,0.0006081400717395457,0.0006228342582112507,0.0006357544457136641,0.0006473323754880144,0.0006578525486194618,0.0006675146696579384,0.0006764655522439002,0.0006848169997797563,0.0006926565484800572,0.0007000542834402865,0.0007070673572454734,0.0007137430958298815,0.0007201211990290975,0.0007262353404760255,0.0007321143569486299,0.0007377831497977853,0.0007432633798647974,0.0007485740113142993,0.0007537317429685699,0.0007587513545448287,0.0007636459876040959,0.0007684273757631587,0.0007731060350160782,0.0007776914223579506,0.0007821920689746812,0.0007866156928414275,0.0007909692945122853,0.0007952592390839325,0.0007994913267060175,0.0008036708535413408,0.0008078026647138228,0.0008118912004960818,0.000815940536762342,0.0008199544205523539,0.0008239363014477231,0.0008278893593455383,0.0008318165291196121,0.0008357205225823862,0.0008396038480970296,0.0008434688281369067,0.0008473176150460149,0.0008511522052177512,0.0008549744518789597,0.0008587860766406368,0.0008625886799550885,0.0008663837506009881,0.0008701726743022237,0.0008739567415730737,0.0008777371548708551,0.0008815150351273594,0.0008852914277219285,0.0008890673079516888,0.0008928435860481083,0.0008966211117835163,0.0009004006787063884,0.0009041830280399817,0.0009079688522752143,0.0009117587984854308,0.0009155534713878095,0.0009193534361736816,0.0009231592211277546,0.0009269713200542822,0.000930790194526446,0.0009346162759736563,0.0009384499676200843,0.0009422916462864915,0.0009461416640663071,0.0009500003498859049,0.0009538680109581466,0.0009577449341374348,0.0009616313871838157,0.0009655276199430069,0.0009694338654486342,0.0009733503409524375,0.0009772772488877313,0.000981214777770934,0.0009851631030456446
22,0.000398072200066131,0.0004629330641226561,0.0004886136439009479,0.0005076635481560445,0.0005232358641169577,0.0005365689611387055,0.0005483064186133372,0.000558835432792431,0.0005684113344333499,0.0005772134829377865,0.0005853738319351391,0.0005929929419645467,0.0006001496036734888,0.000606906945053372,0.0006133164813133999,0.0006194208994088204,0.0006252560315588293,0.000630852290560569,0.0006362357371600551,0.0006414288893229131,0.0006464513463382015,0.0006513202774184533,0.0006560508093762618,0.0006606563379387835,0.0006651487804589874,0.0006695387830719776,0.0006738358920243651,0.0006780486965261655,0.000682184948745507,0.0006862516652923222,0.0006902552135865898,0.0006942013857893198,0.0006980954624273512,0.0007019422674215593,0.000705746215900519,0.0007095113559247719,0.0007132414050439006,0.0007169397824469497,0.0007206096373371241,0.0007242538740570736,0.0007278751744060725,0.0007314760175209712,0.0007350586976357099,0.0007386253399870853,0.0007421779150953037,0.000745718251615234,0.0007492480479269173,0.0007527688826108751,0.0007562822239343335,0.0007597894384579504,0.0007632917988586331,0.0007667904910519907,0.0007702866206877117,0.0007737812190823001,0.0007772752486459404,0.0007807696078537058,0.0007842651358055376,0.0007877626164144671,0.0007912627822581903,0.0007947663181252687,0.0007982738642839408,0.0008017860194985382,0.0008053033438159598,0.0008088263611423319,0.0008123555616280005,0.0008158914038771791,0.0008194343169970148,0.0008229847024993801,0.0008265429360674882,0.0008301093691982479,0.0008336843307303102,0.0008372681282668258,0.0008408610495011416,0.0008444633634529236,0.0008480753216215395,0.0008516971590629532,0.0008553290953958355,0.000858971335742119,0.000862624071606795,0.0008662874817013456,0.0008699617327148498
23,0.0005713982192405076,0.0006377395148197284,0.0006632933846590954,0.0006820132563224721,0.0006971739736962751,0.0007100572241440402,0.0007213266643396023,0.0007313800563176936,0.0007404786818485194,0.0007488053623956336,0.0007564940722880059,0.0007636465156421099,0.0007703420740643777,0.0007766441100773322,0.0007826041403068592,0.0007882646999204698,0.0007936613691870008,0.0007988242446612708,0.000803779031156712,0.0008085478680563298,0.0008131499652877764,0.0008176021002059672,0.0008219190110286157,0.0008261137121165403,0.0008301977493662873,0.0008341814091223854,0.0008380738905934776,0.0008418834493065452,0.0008456175173538157,0.0008492828048768604,0.0008528853862558182,0.0008564307737354526,0.0008599239806587947,0.0008633695760474056,0.0008667717319321685,0.0008701342645759342,0.0008734606705221369,0.0008767541582386337,0.0008800176759939942,0.0008832539364970005,0.0008864654387437548,0.0008896544874462903,0.0008928232103587259,0.000895973573769312,0.0008991073963870995,0.0009022263618190422,0.0009053320298057255,0.0009084258463607571,0.00091150915293927,0.0009145831947444439,0.0009176491282668253,0.0009207080281392351,0.0009237608933797313,0.0009268086530862781,0.0009298521716391145,0.0009328922534602665,0.000935929647373919,0.0009389650506064038,0.0009419991124602392,0.0009450324376928799,0.0009480655896275262,0.0009510990930204384,0.0009541334367066552,0.0009571690760437397,0.0009602064351712193,0.000963245909101588,0.0009662878656572157,0.0009693326472660746,0.0009723805726279953,0.0009754319382620414,0.0009784870199446084,0.0009815460740469713,0.0009846093387802114,0.0009876770353547534,0.0009907493690610924,0.0009938265302777175,0.000996908695411725,0.0009999960277771549,0.0010030886784156263,0.001006186786863512,0.0010092904818695154
24,0.0005396679537256095,0.0006076621164706135,0.0006340080280395918,0.0006533601046475962,0.0006690641788832975,0.0006824307592289662,0.0006941389788334814,0.0007045962154891134,0.000714070293907679,0.0007227487728757719,0.0007307692144181772,0.0007382361333400331,0.0007452311719378817,0.0007518195495267471,0.0007580543339115829,0.0007639793743986785,0.0007696313776847396,0.0007750414154622973,0.0007802360438904683,0.0007852381510743514,0.0007900676096151591,0.0007947417866671171,0.0007992759479842777,0.0008036835818495585,0.0008079766615917027,0.0008121658604224389,0.0008162607288226736,0.0008202698421985202,0.0008242009247058305,0.0008280609538002554,0.000831856249069588,0.000835592548150826,0.0008392750719595678,0.0008429085810168869,0.0008464974243151904,0.0008500455818953812,0.0008535567020950397,0.0008570341342582526,0.0008604809575621921,0.0008639000065062993,0.0008672938935212218,0.0008706650290822823,0.0008740156396527959,0.000877347783733567,0.0008806633662541702,0.000883964151507765,0.0008872517748028224,0.0008905277529812754,0.0008937934939325041,0.0008970503052154853,0.0009002994018869481,0.0009035419136209764,0.0009067788911949075,0.0009100113124072631,0.0009132400874855851,0.0009164660640352572,0.0009196900315745295,0.0009229127256958115,0.0009261348318888672,0.0009293569890576225,0.0009325797927589042,0.0009358037981884191,0.0009390295229366314,0.0009422574495348919,0.0009454880278101052,0.0009487216770643906,0.0009519587880945922,0.0009551997250650383,0.0009584448272456956,0.0009616944106266889,0.0009649487694191693,0.0009682081774515683,0.0009714728894694946,0.0009747431423467472,0.0009780191562143046,0.0009813011355135166,0.0009845892699792073,0.0009878837355579175,0.0009911846952660463,0.0009944922999922932,0.0009978066892484168
25,0.0005534600132490237,0.0006324240512412741,0.0006633232995740924,0.0006861219547350133,0.0007046846330892925,0.0007205269706221136,0.0007344354422528734,0.0007468824604844132,0.0007581790397946419,0.0007685432914722662,0.0007781354105640722,0.0007870772771086226,0.000795464228923914,0.0008033725283124258,0.0008108643101149238,0.0008179909813887459,0.0008247956291282522,0.0008313147700199746,0.0008375796506088268,0.0008436172322604048,0.0008494509501148503,0.0008551013067454576,0.0008605863427792718,0.0008659220144811492,0.0008711224999839191,0.0008762004500887648,0.000881167195502173,0.0008860329194700425,0.0008908068026578568,0.0008954971455703757,0.0009001114726443077,0.0009046566212723337,0.0009091388183497485,0.0009135637464212921,0.0009179366011066898,0.000922262141170601,0.000926544732355642,0.0009307883859004857,0.0009349967925074335,0.0009391733523966824,0.0009433212019812707,0.0009474432376123843,0.0009515421367754018,0.0009556203770599793,0.000959680253179953,0.0009637238922793614,0.0009677532677277343,0.0009717702115799639,0.0009757764258525495,0.0009797734927480652,0.0009837628839427393,0.0009877459690375463,0.0009917240232607738,0.0009956982344994066,0.0009996697097273929,0.0010036394808909763,0.0010076085103043,0.0010115776956025474,0.001015547874294597,0.001019519827952609,0.001023494286071973,0.0010274719296314684,0.0010314533943804355,0.0010354392738769784,0.0010394301222988406,0.0010434264570463908,0.0010474287611553226,0.0010514374855349045,0.0010554530510461747,0.001059475850433077,0.001063506250118353,0.0010675445918749285,0.001071591194382555,0.0010756463546785977,0.0010797103495110948,0.0010837834366014887,0.0010878658558238006,0.0010919578303064529,0.001096059567462421,0.0011001712599529076,0.0011042930865893478
26,0.0005111314797204077,0.0005799173205111923,0.0006067059222897593,0.0006264287795823129,0.0006424612940735333,0.0006561264354109402,0.0006681102668733207,0.0006788246156409817,0.0006885404274127132,0.0006974475847284306,0.0007056854550248658,0.0007133600008876461,0.0007205540541053829,0.0007273338300792692,0.0007337532435912123,0.0007398568731810864,0.0007456820599336412,0.0007512604322377974,0.0007566190383960778,0.0007617812043618777,0.0007667671944329771,0.0007715947278684193,0.0007762793882883275,0.0007808349520212301,0.0007852736543050853,0.0007896064072243589,0.000793842979725996,0.0007979921475228464,0.0008020618188516503,0.0008060591406965094,0.0008099905890775617,0.0008138620462418215,0.0008176788670118032,0.0008214459360999834,0.0008251677178494828,0.0008288482995889324,0.000832491429574327,0.000836100550319476,0.0008396788279794499,0.0008432291783407403,0.000846754289882041,0.0008502566442961853,0.000853738534803544,0.0008572020825374963,0.0008606492512413406,0.0008640818604816293,0.0008675015975541563,0.0008709100282346146,0.0008743086065055163,0.000877698683373654,0.0008810815148776554,0.0008844582693725889,0.0008878300341678358,0.000891197821585148,0.0008945625744958582,0.0008979251713892842,0.0009012864310183975,0.0009046471166636118,0.0009080079400510166,0.0009113695649573928,0.0009147326105309136,0.0009180976543533278,0.0009214652352667825,0.0009248358559860324,0.0009282099855147285,0.000931588061382571,0.0009349704917185251,0.0009383576571737685,0.0009417499127067878,0.0009451475892418491,0.0009485509952110242,0.0009519604179890411,0.0009553761252293762,0.0009587983661092502,0.0009622273724905352,0.0009656633600029517,0.0009691065290553959,0.0009725570657807364,0.0009760151429189706,0.0009794809206432374,0.0009829545473327992
27,0.00043343036810286715,0.0005105780254482937,0.000541386715432255,0.0005643304078799382,0.0005831404066413185,0.0005992836353829847,0.0006135232718679682,0.0006263189888311433,0.0006379742689935263,0.0006487025542255477,0.0006586610640042104,0.0006679697598218155,0.0006767227469441704,0.0006849955135522357,0.0006928497334559036,0.0007003365698811416,0.0007074990182339919,0.0007143736108968096,0.0007209916857243457,0.0007273803483757145,0.0007335632149114815,0.0007395609935245511,0.0007453919464063528,0.0007510722608789812,0.0007566163508623114,0.0007620371041615214,0.0007673460871238054,0.0007725537153923736,0.000777669397434713,0.00078270165601031,0.000787658231614894,0.0007925461710865756,0.0007973719039095903,0.000802141308250715,0.0008068597683741838,0.0008115322247756383,0.000816163218134302,0.0008207569279903203,0.0008253172068999797,0.0008298476106970021,0.0008343514253869086,0.0008388316911187389,0.0008432912236103879,0.0008477326333476942,0.0008521583428306961,0.000856570602101576,0.0008609715027561534,0.0008653629906133155,0.0008697468771935637,0.0008741248501381144,0.0008784984826832388,0.0008828692422901501,0.0008872384985184419,0.0008916075302205129,0.0008959775321252271,0.0009003496208711826,0.0009047248405430663,0.0009091041677585981,0.0009134885163483356,0.0009178787416660465,0.0009222756445633455,0.0009266799750587565,0.0009310924357282647,0.0009355136848416695,0.0009399443392666337,0.0009443849771601322,0.000948836140465155,0.0009532983372287397,0.0009577720437559447,0.000962257706612999,0.000966755744491629,0.0009712665499455118,0.000975790491008791,0.00098032791270574,0.0009848791384598394,0.0009894444714098486,0.0009940241956397859,0.0009986185773291577,0.0010032278658292503,0.0010078522946708128,0.0010124920825080425
28,0.0004229425006006772,0.0005032041114521891,0.0005354695823731342,0.0005595710834349392,0.0005793748466399269,0.0005964019600422763,0.0006114444182004769,0.0006249796619730349,0.0006373231893928644,0.0006486970987049302,0.0006592651394947001,0.0006691523737284256,0.0006784569998595566,0.000687257862544358,0.0006956194365911561,0.0007035952566890665,0.0007112303504350432,0.0007185630095470055,0.0007256261083512045,0.0007324481044916189,0.0007390538115027111,0.0007454650043138141,0.000751700900227314,0.0007577785456023971,0.0007637131301147048,0.0007695182446701313,0.0007752060949666205,0.0007807876797707855,0.0007862729408473478,0.000791670889910034,0.0007969897167912001,0.0008022368821430109,0.0008074191973081395,0.0008125428934778068,0.0008176136818504933,0.0008226368061872929,0.0008276170889089629,0.0008325589716797842,0.0008374665512628922,0.0008423436113022081,0.0008471936505807175,0.000852019908218765,0.0008568253862051926,0.0008616128695956446,0.0008663849446637175,0.0008711440152500567,0.0008758923175204698,0.0008806319333154541,0.0008853648022493266,0.0008900927326965425,0.0008948174117852928,0.0008995404145034488,0.0009042632120090877,0.0009089871792267617,0.0009137136018010875,0.00091844368247099,0.0009231785469207162,0.00092791924915749,0.0009326667764601987,0.000937422053938723,0.000942185948739309,0.0009469592739277051,0.0009517427920785092,0.0009565372185962955,0.0009613432247915641,0.000966161440732259,0.0009709924578896258,0.0009758368315953662,0.00098069508332546,0.000985567702824612,0.0009904551500839645,0.000995357857183626,0.0010002762300104844,0.0010052106498608948,0.001010161474936957,0.0010151290417443925,0.0010201136663992977,0.0010251156458504936,0.001030135259023589,0.0010351727678923988,0.0010402284184828988
29,0.00058421855843562,0.0006530467798708036,0.0006795858083995806,0.0006990364458365291,0.0007147944518285438,0.0007281890216596379,0.0007399085095468418,0.000750365540027974,0.0007598311976675275,0.0007684951910279898,0.0007764965617879524,0.000783940876120686,0.0007909105417339876,0.0007974713457303972,0.0008036767832781998,0.0008095710289692843,0.000815191039167393,0.0008205680783193376,0.0008257288519268132,0.0008306963639454488,0.0008354905767367251,0.0008401289267229304,0.0008446267327183295,0.0008489975231716073,0.0008532533012691496,0.0008574047618076707,0.0008614614701941008,0.0008654320113892789,0.0008693241147659852,0.0008731447594927803,0.0008769002640420818,0.0008805963626570926,0.0008842382710302115,0.0008878307429976902,0.0008913781197075305,0.0008948843724452123,0.0008983531400867981,0.0009017877619779093,0.0009051913069000462,0.0009085665986752408,0.0009119162388704056,0.0009152426269895652,0.0009185479784821097,0.000921834340845717,0.0009251036080614391,0.0009283575335643146,0.0009315977419241646,0.0009348257393872077,0.0009380429234087908,0.0009412505912903492,0.0009444499480190572,0.00094764211339616,0.0009508281285292832,0.0009540089617548271,0.0009571855140486461,0.0009603586239763608,0.0009635290722287478,0.0009666975857824666,0.000969864841721909,0.0009730314707540377,0.000976198060444634,0.0009793651582013618,0.0009825332740264043,0.000985702883059073,0.0009888744279267661,0.0009920483209207383,0.0009952249460116337,0.0009984046607181653,0.0010015877978411555,0.0010047746670739089,0.0010079655564989294,0.0010111607339800498,0.001014360448458209,0.0010175649311584068,0.0010207743967146669,0.0010239890442192737,0.0010272090582019707,0.0010304346095443722,0.0010336658563343435,0.0010369029446647571,0.00104014600938064
30,0.0005235570327340191,0.0006098677905086637,0.000644078709436703,0.0006694691765358745,0.0006902323197004715,0.0007080151970771834,0.0007236739026408992,0.0007377235634085661,0.0007505039238833793,0.0007622536777133488,0.0007731484578317152,0.0007833221332205138,0.0007928796083890424,0.0008019049468590102,0.0008104667583966525,0.0008186219032928772,0.0008264181179279736,0.0008338959244463086,0.0008410900509902878,0.000848030508590825,0.0008547434217228668,0.0008612516785852684,0.0008675754471035756,0.0008737325893284063,0.0008797389978539825,0.0008856088716157067,0.0008913549440090152,0.0008969886731077615,0.0009025204014601291,0.0009079594912450676,0.0009133144393076272,0.0009185929756371395,0.0009238021481242801,0.0009289483958722761,0.0009340376129016824,0.0009390752037463443,0.000944066132168057,0.0009490149640023679,0.0009539259049754291,0.0009588028341926106,0.0009636493338864233,0.000968468715918915,0.0009732640454577032,0.0009780381621821161,0.0009827936993238003,0.000987533100802698,0.0009922586366829052,0.0009969724171422854,0.0010016764051238045,0.0010063724278146031,0.0010110621870801286,0.0010157472689646518,0.0010204291523558092,0.0010251092168990156,0.0010297887502374334,0.0010344689546443653,0.0010391509531073194,0.0010438357949163384,0.0010485244608033767,0.0010532178676744383,0.0010579168729717527,0.0010626222786993256,0.0010673348351417785,0.0010720552443033303,0.0010767841630911108,0.0010815222062645579,0.0010862699491705934,0.0010910279302823258,0.0010957966535574016,0.0011005765906305703,0.0011053681828537337,0.0011101718431955042,0.0011149879580112595,0.0011198168886936543,0.0011246589732127356,0.0011295145275539804,0.0011343838470618643,0.0011392672076959496,0.0011441648672058811,0.0011490770662311517,0.0011540040293310332
31,0.00044407333396266277,0.0005298749811861122,0.0005644340717592735,0.0005902715970772943,0.0006115157243113661,0.0006297909324498939,0.000645943243685656,0.0006604827948421036,0.0006737467775689985,0.0006859726253143334,0.0006973354418498503,0.0007079689974568891,0.000717978357041964,0.0007274479012232494,0.0007364466501828448,0.0007450319276877603,0.000753251960614368,0.0007611477715944338,0.0007687545880727528,0.0007761029118971667,0.0007832193451804571,0.0007901272376603146,0.0007968472009987083,0.0008033975223145971,0.0008097945003136735,0.0008160527211923492,0.0008221852871305905,0.000828204007061564,0.0008341195571319881,0.0008399416165905269,0.0008456789835901488,0.000851339674445392,0.0008569310091644216,0.0008624596855199337,0.0008679318434907585,0.0008733531215667982,0.0008787287061418062,0.0008840633750047731,0.0008893615357692123,0.0008946272599411034,0.0008998643132136639,0.0009050761824850178,0.0009102661000191132,0.0009154370651076754,0.000920591863538956,0.0009257330851356196,0.0009308631395877463,0.0009359842707762173,0.0009410985697558632,0.0009462079865457337,0.0009513143408550695,0.0009564193318575538,0.0009615245471126205,0.0009666314707207824,0.0009717414907896673,0.0009768559062786285,0.000981975933282075,0.0009871027108049571,0.0009922373060780039,0.0009973807194551653,0.0010025338889312185,0.0010076976943135495,0.0010128729610786014,0.0010180604639404276,0.0010232609301560535,0.001028475042589893,0.001033703442557371,0.0010389467324659189,0.0010442054782698756,0.001049480211754207,0.0010547714326606765,0.0010600796106688033,0.0010654051872428846,0.0010707485773553463,0.0010761101710958026,0.001081490335174387,0.0010868894143272073,0.001092307732631109,0.0010977455947343243,0.0011032032870090674,0.0011086810786316357
32,0.0005509374406857074,0.0006479885678368765,0.0006867053304009162,0.0007155245782603203,0.0007391432045007005,0.0007594075260062549,0.0007772779793909851,0.0007933329701395097,0.000807954315682054,0.000821410512113686,0.0008338993021753595,0.0008455715450793717,0.0008565455668054555,0.0008669162708395875,0.0008767611822387607,0.0008861446050977268,0.0008951205704853161,0.0009037349814749254,0.0009120272090981617,0.0009200313030128059,0.0009277769256629871,0.0009352900840200736,0.0009425937105045157,0.0009497081297482449,0.000956651437711018,0.0009634398126369741,0.0009700877723833531,0.0009766083891035568,0.000983013469685549,0.0009893137084441923,0.0009955188171464771,0.0010016376363769428,0.0010076782314331469,0.0010136479753110595,0.001019553620850606,0.001025401363727424,0.0010311968976732776,0.001036945463065755,0.0010426518898338066,0.0010483206354690957,0.0010539558188057984,0.0010595612501274848,0.0010651404580741348,0.0010706967137517785,0.0010762330523884553,0.0010817522928313196,0.0010872570551386047,0.001092749776485658,0.0010982327255750339,0.001103708015715836,0.00110917761671644,0.0011146433657166278,0.0011201069770697355,0.0011255700513720867,0.0011310340837254753,0.0011365004713085442,0.0011419705203242314,0.0011474454523829718,0.0011529264103747403,0.0011584144638773013,0.0011639106141429927,0.001169415798701922,0.0011749308956155616,0.0011804567274112734,0.0011859940647252543,0.0011915436296786699,0.0011971060990093423,0.0012026821069792348,0.0012082722480760396,0.001213877079525494,0.0012194971236295033,0.0012251328699437983,0.0012307847773076121,0.0012364532757367787,0.0012421387681906214,0.0012478416322221604,0.0012535622215203053,0.0012593008673519863,0.0012650578799115473,0.0012708335495840478,0.0012766281481286798
33,0.0005642899018578428,0.0006605610202715473,0.0006988455870151866,0.000727302083293086,0.0007505984509585643,0.0007705689607301267,0.0007881674087331991,0.0008039679621426091,0.0008183494763596734,0.0008315782464192781,0.0008438503061524921,0.0008553151440151031,0.0008660899586895316,0.0008762687082628565,0.0008859281124302554,0.0008951317804201254,0.0009039331374240138,0.0009123775535510574,0.0009205039274890684,0.0009283458875865807,0.0009359327184087254,0.0009432900863545332,0.0009504406155818728,0.0009574043506442177,0.0009641991321650072,0.0009708409048957006,0.0009773439725831955,0.000983721210547093,0.0009899842443042127,0.000996143600688877,0.001002208836508069,0.0010081886487067631,0.0010140909692072928,0.0010199230469614261,0.0010256915192678824,0.0010314024740268218,0.0010370615043016607,0.0010426737563185972,0.0010482439718418357,0.0010537765257071085,0.0010592754591699162,0.001064744509621692,0.0010701871371423695,0.0010756065482877683,0.0010810057174520584,0.0010863874060970473,0.0010917541800993615,0.0010971084254323819,0.0011024523623708647,0.0011077880583816211,0.00111311743984276,0.0011184423027161003,0.0011237643222820866,0.0011290850620333222,0.0011344059818114783,0.0011397284452625074,0.0011450537266765226,0.0011503830172712654,0.001155717430971624,0.0011610580097319292,0.0011664057284428357,0.0011717614994601613,0.0011771261767892403,0.0011825005599548917,0.0011878853975841614,0.0011932813907262205,0.0011986891959315368,0.0012041094281102296,0.001209542663187697,0.00121498944057388,0.0012204502654610562,0.0012259256109636602,0.001231415920112463,0.0012369216077143352,0.0012424430620878103,0.0012479806466838398,0.0012535347016002696,0.001259105544997886,0.0012646934744252284,0.0012702987680587325,0.0012759216858642837
34,0.0007288205502465959,0.000823582135268184,0.0008603876642295446,0.000887452176947059,0.000909432611029478,0.0009281535876573732,0.0009445609717434758,0.000959222330097294,0.0009725109285189092,0.000984688256188392,0.0009959461636870539,0.0010064304616044597,0.0010162550885193173,0.0010255110930203096,0.0010342725832924796,0.0010426008130267343,0.0010505470737465078,0.0010581547956882904,0.0010654611080686842,0.001072498020464463,0.001079293332621513,0.0010858713457208263,0.0010922534259164998,0.001098458456212758,0.0011045032027387836,0.0011104026145536236,0.0011161700712337434,0.0011218175890022842,0.0011273559936208362,0.0011327950663953745,0.0011381436682543933,0.0011434098458062384,0.0011486009224815727,0.0011537235772503152,0.0011587839129234359,0.00116378751567475,0.0011687395071215063,0.001173644590066822,0.0011785070888180465,0.0011833309848428076,0.0011881199484007725,0.0011928773666882344,0.0011976063689496822,0.001202309848942169,0.0012069904850815036,0.0012116507585520039,0.001216292969621999,0.0012209192523739436,0.0012255315880299424,0.0012301318170296499,0.001234721649997275,0.0012393026777171212,0.0012438763802222678,0.0012484441350883214,0.0012530072250131257,0.0012575668447538792,0.0012621241074848907,0.0012666800506320108,0.0012712356412335863,0.0012757917808723048,0.0012803493102175462,0.0012849090132136503,0.0012894716209458316,0.001294037815212204,0.0012986082318275272,0.0013031834636816986,0.0013077640635738004,0.0013123505468404658,0.001316943393795547,0.0013215430519964867,0.0013261499383513415,0.0013307644410791432,0.001335386921535125,0.0013400177159113423,0.0013446571368222289,0.001349305474783875,0.0013539629995949851,0.0013586299616268592,0.0013633065930290641,0.0013679931088569708,0.0013726897081267693
35,0.0007204318507638338,0.0008273055110532661,0.0008692647995499033,0.0009002707479780159,0.0009255441432567401,0.0009471333379525389,0.0009661017011054903,0.0009830882573599973,0.000998513906732891,0.0010126739611985114,0.0010257854193467771,0.001038013456052425,0.0010494873353085877,0.0010603105045368046,0.001070567285197926,0.0010803274706656814,0.0010896495832209629,0.0010985832415166795,0.0011071709201362987,0.0011154492828878606,0.0011234502104077334,0.001131201604155289,0.0011387280239348692,0.001146051199515214,0.0011531904456708896,0.001160163002185009,0.0011669843148660835,0.0011736682697026336,0.0011802273894234148,0.0011866729996273726,0.001193015370078378,0.0011992638355759423,0.0012054268999105746,0.0012115123257173189,0.0012175272125009935,0.0012234780646832456,0.0012293708511871638,0.0012352110578088985,0.0012410037334123897,0.0012467535308110496,0.0012524647430604313,0.001258141335771712,0.0012637869759619523,0.0012694050578797174,0.0012749987261802748,0.0012805708967710515,0.0012861242756031122,0.0012916613756466565,0.0012971845322566778,0.0013026959171078126,0.00130819755085448,0.0013136913146526786,0.001319178960663017,0.001324662121640035,0.0013301423197003852,0.0013356209743516664,0.0013410994098542804,0.0013465788619805715,0.0013520604842283534,0.0013575453535397484,0.001363034475570783,0.0013685287895524008,0.0013740291727793571,0.0013795364447596766,0.0013850513710541574,0.00139057466683239,0.001396107000169238,0.0014016489951033907,0.0014072012344775603,0.0014127642625780424,0.0014183385875897521,0.0014239246838813465,0.0014295229941337436,0.0014351339313241802,0.0014407578805768373,0.0014463952008901674,0.0014520462267501382,0.001457711269637852,0.0014633906194392874,0.0014690845457642613,0.0014747932991811465
36,0.0007197021389490841,0.0008335904644515931,0.0008785609933325622,0.0009118791324024349,0.0009390900620129869,0.0009623709374430539,0.0009828528340369254,0.0010012159930598095,0.0010179088212412977,0.0010332461857223173,0.0010474596433928296,0.0010607255938654954,0.0010731821964112154,0.0010849401045406402,0.0010960895833214631,0.0011067054021749118,0.0011168503020349922,0.001126577516526886,0.0011359326464995048,0.0011449550810113717,0.001153679092972782,0.0011621346967351698,0.0011703483284025578,0.0011783433920276828,0.0011861407028978393,0.0011937588508361182,0.0012012145006080445,0.0012085226423436686,0.0012156968018465426,0.001222749218422262,0.0012296909961890877,0.0012365322335728668,0.0012432821347273819,0.0012499491058809858,0.0012565408390350422,0.001263064384988628,0.001269526217307518,0.0012759322885716991,0.0012822880800080875,0.0012885986454314988,0.001294868650267699,0.001301102406310571,0.0013073039027651921,0.0013134768340460584,0.0013196246247309173,0.0013257504520135226,0.001331857265950588,0.0013379478077579225,0.0013440246263765896,0.0013500900935010307,0.0013561464172364907,0.001362195654532037,0.0013682397225174216,0.0013742804088565674,0.001380319381217052,0.0013863581959433896,0.0013923983060118784,0.0013984410683360456,0.0014044877504840753,0.0014105395368629369,0.0014165975344181245,0.001422662777892711,0.0014287362346849597,0.0014348188093396758,0.0014409113477050275,0.0014470146407833187,0.001453129428301556,0.0014592564020250245,0.001465396208835008,0.0014715494535897419,0.0014777167017859505,0.0014838984820367454,0.0014900952883802234,0.0014963075824318648,0.0015025357953926414,0.001508780329923757,0.0015150415618979684,0.001521319842036632,0.001527615497440817,0.0015339288330241715,0.001540260132854594
37,0.0009336768726605362,0.001044765637753508,0.001087629634851916,0.001119054955563982,0.001144520316748254,0.0011661704439164089,0.001185116139873161,0.0012020233261957462,0.0012173295415198544,0.001231341011967053,0.00124428219999881,0.0012563235435908168,0.0012675981039721328,0.001278212115659936,0.001288251971866304,0.001297789019752772,0.0013068829534128748,0.0013155842773061456,0.0013239361349408408,0.0013319756928358972,0.0013397352058303004,0.0013472428495084011,0.001354523379406446,0.0013615986593381937,0.0013684880894210946,0.001375208956249741,0.0013817767219335354,0.0013882052646143601,0.001394507080100867,0.001400693452062688,0.0014067745965929404,0.0014127597857146368,0.0014186574534673126,0.0014244752874872939,0.0014302203084337454,0.0014358989391729114,0.0014415170652858703,0.0014470800881889931,0.0014525929719351324,0.0014580602845851922,0.0014634862348950604,0.0014688747049447209,0.0014742292792394767,0.0014795532707332138,0.0014848497441573196,0.0014901215369836362,0.0014953712783035641,0.0015006014058666067,0.0015058141814888162,0.0015110117050138316,0.0015161959269855917,0.001521368660171597,0.001526531590058365,0.0015316862844258954,0.001536834202095138,0.0015419767009314622,0.0015471150451775056,0.0015522504121804842,0.0015573838985717828,0.0015625165259502915,0.0015676492461154416,0.0015727829458909758,0.0015779184515762447,0.0015830565330579793,0.0015881979076122377,0.001593343243423167,0.001598493162842674,0.001603648245412721,0.0016088090306699077,0.0016139760207501408,0.001619149682809521,0.0016243304512761282,0.001629518729946035,0.0016347148939356803,0.0016399192915016723,0.001645132245738134,0.0016503540561608211,0.0016555850001864333,0.0016608253345148894,0.0016660752964216218,0.001671335104966425
38,0.0008873325106719933,0.001029940580194535,0.001086331791366152,0.0011281385308430133,0.001162298589835144,0.0011915363582760405,0.0012172674687467501,0.001240343461498761,0.0012613257725265455,0.001280608716481134,0.0012984823355940934,0.0013151676281133403,0.001330837718332408,0.0013456312909689173,0.0013596614992317658,0.001373022089184291,0.0013857917400071447,0.0013980372203543352,0.001409815735374976,0.001421176706045341,0.0014321631412516046,0.001442812711869061,0.0014531586029021078,0.001463230197708806,0.0014730536333695165,0.0014826522558972171,0.0014920469966835145,0.001501256686342621,0.001510298318312242,0.0015191872717680128,0.0015279375013174607,0.0015365616993617628,0.0015450714358103879,0.0015534772789069383,0.0015617889002041074,0.0015700151661609818,0.0015781642183895163,0.001586243544221711,0.0015942600389840034,0.0016022200611354326,0.001610129481239229,0.0016179937255849399,0.0016258178151526326,0.0016336064005072932,0.0016413637931254011,0.0016490939935840136,0.001656800716982585,0.0016644874159171487,0.0016721573012838126,0.0016798133611522457,0.0016874583779189771,0.001695094943924022,0.0017027254756916519,0.0017103522269368173,0.001717977300461829,0.001725602659053489,0.0017332301354782335,0.0017408614416618796,0.0017484981771310113,0.0017561418367847124,0.0017637938180579387,0.001771455427531475,0.001779127887037666,0.0017868123393061193,0.001794509853189182,0.0018022214285029828,0.0018099480005164472,0.001817690444117454,0.0018254495776826745,0.001833226166675043,0.0018410209269906594,0.0018488345280749522,0.0018566675958260712,0.0018645207153020105,0.0018723944332463716,0.0018802892604465372,0.0018882056739366975,0.0018961441190572697,0.0019041050113811446,0.0019120887385164556,0.001920095661794689
39,0.0009365731611459192,0.00108127124515967,0.0011382839045007299,0.0011804822338245592,0.001214920339222732,0.001244367084998124,0.001270260550053776,0.001293465358142044,0.0013145512868533754,0.0013339183062496167,0.0013518604683046911,0.001368601712565934,0.0013843173792017275,0.0013991478584517883,0.001413207639472914,0.0014265915301607535,0.0014393790640760023,0.0014516377045308746,0.0014634252265245781,0.001474791522091835,0.0014857799920890515,0.0014964286354105863,0.0015067709129061243,0.0015168364408730977,0.001526651553792992,0.0015362397654528658,0.0015456221501737614,0.0015548176605533395,0.0015638433942672231,0.001572714819627556,0.0015814459674743666,0.0015900495953734529,0.001598537328873064,0.0016069197836308428,0.0016152066714914823,0.0016234068930223308,0.001631528618561399,0.0016395793594716906,0.0016475660310066623,0.0016554950079584508,0.0016633721740709317,0.0016712029660450164,0.001678992412836352,0.001686745170840671,0.0016944655554748417,0.0017021575695890176,0.0017098249290843997,0.00171747108605991,0.0017250992497677942,0.001732712405621506,0.001740313332467969,0.0017479046183096283,0.001755488674638851,0.0017630677495275775,0.0017706439395981104,0.001778219200986297,0.0017857953593956217,0.0017933741193296201,0.0018009570725803648,0.0018085457060423404,0.0018161414089135906,0.0018237454793395113,0.001831359130548947,0.001838983496527131,0.0018466196372656212,0.0018542685436253072,0.0018619311418451414,0.0018696082977260153,0.0018773008205165023,0.0018850094665246123,0.0018927349424775163,0.001900477908649196,0.0019082389817741525,0.0019160187377637407,0.0019238177142401943,0.0019316364129021535,0.0019394753017342716,0.0019473348170724572,0.0019552153655353153,0.0019631173258314806,0.001971041050451787
40,0.001110488311442147,0.0012593146694066528,0.0013172559497751442,0.0013599082920174655,0.0013945761018904937,0.0014241221783562585,0.0014500310410798646,0.0014731937705938572,0.0014941965914245436,0.0015134503186435275,0.0015312564626486572,0.0015478442544453255,0.0015633928775202908,0.0015780455640120586,0.001591918933179073,0.0016051094055937664,0.0016176977443118493,0.0016297523539385353,0.0016413317311585124,0.0016524863205051705,0.0016632599437789199,0.0016736909177267989,0.0016838129397404528,0.001693655798186985,0.001703245948280984,0.0017126069835354033,0.0017217600251700248,0.001730724046372641,0.0017395161443235741,0.001748151769959775,0.0017566449232666872,0.001765008320235785,0.0017732535363678137,0.0017813911306333548,0.0017894307530501997,0.001797381238447527,0.0018052506885214235,0.0018130465439158746,0.0018207756477664958,0.0018284443019048668,0.0018360583167269474,0.0018436230555703961,0.0018511434743152717,0.001858624156815121,0.0018660693466761823,0.0018734829758281241,0.001880868690267479,0.0018882298733025613,0.0018955696665845269,0.001902890989171702,0.00191019655484252,0.0019174888878451437,0.0019247703372485625,0.00193204309003995,0.0019393091830957638,0.0019465705141391565,0.001953828851783327,0.0019610858447491465,0.0019683430303356363,0.0019756018422132315,0.0019828636176022897,0.0019901296038926765,0.0019974009647544862,0.0020046787857847504,0.002011964079730563,0.002019257791324922,0.002026560801768137,0.00203387393288437,0.0020411979509801564,0.0020485335704291657,0.002055881457005246,0.0020632422309837394,0.0020706164700293244,0.0020780047118869266,0.0020854074568908334,0.0020928251703058354,0.002100258284512987,0.002107707201051557,0.002115172292527745,0.0021226539043998466,0.002130152356648802
41,0.0012522172789840493,0.001428017292183967,0.001496685938240219,0.0015473052353614796,0.0015884884155794496,0.0016236130322814868,0.0016544028162715555,0.0016819376433290661,0.001706910476467345,0.001729807216346321,0.001750984688380029,0.001770715623173778,0.0017892110619469345,0.0018066407943346924,0.001823143135016068,0.0018388325000641627,0.0018538079439727134,0.0018681476085010667,0.0018819210016068888,0.0018951880891572266,0.001908000985725789,0.0019204095970318182,0.0019324497794402974,0.0019441569958694148,0.001955562752109494,0.001966695155313158,0.001977674360600188,0.001988429346364836,0.0019989804634413942,0.0020093461093475535,0.0020195429594829523,0.002029586164839025,0.002039489521981324,0.0020492656199232033,0.0020589259676221604,0.0020684811051346745,0.002077940700915998,0.0020873136373140695,0.0020966080859563946,0.0021058315744458926,0.0021149910455523124,0.0021240929098983157,0.0021331430929853856,0.002142147077277736,0.0021511099399569183,0.0021600363868719166,0.002168930783136022,0.0021777971807597878,0.0021866393436572105,0.002195460770317852,0.0022042647144000873,0.0022130542034683232,0.002221832056069524,0.0022306008973206983,0.002239363173158502,0.0022481211633844566,0.0022568769936239584,0.0022656326463039154,0.002274389970742206,0.002283150692431979,0.0022919164215949427,0.0023006886610699574,0.002309468813596275,0.002318258188544828,0.0023270580081454872,0.0023358694132534705,0.002344693468693896,0.0023535311682196555,0.0023623834391145026,0.00237125114647015,0.002380135097163694,0.0023890360435590012,0.0023979546869538635,0.0024068916807925573,0.0024158476336618114,0.0024248231120866373,0.0024338186431410117,0.0024428347168871612,0.0024518717886560398,0.002460930281180533,0.0024700105865920444
42,0.0013283576026857193,0.0015074411307144067,0.0015771710639285634,0.001628501663184805,0.001670222098384575,0.0017057773277257579,0.001736932067765709,0.0017647804499806507,0.001790028088229094,0.001813169498955744,0.0018345676494544764,0.0018544994197996596,0.0018731796427340463,0.0018907807802836004,0.0019074432597385254,0.0019232831934600765,0.001938399950340745,0.0019528738120432555,0.001966775234182778,0.001980164977554198,0.0019930958287963096,0.002005616690858725,0.00201776541601048,0.0020295778920737225,0.002041085992913499,0.002052318146044234,0.002063357952392379,0.0020741701426801725,0.002084775315281831,0.002095192086119169,0.0021054373237606072,0.0021155263504185288,0.002125473114717313,0.0021352903409392818,0.0021449896585506254,0.0021545817151002573,0.002164076275024314,0.0021734823064433386,0.002182808057682034,0.002192061124953233,0.0022012485124139865,0.0022103766856105466,0.0022194516191723526,0.0022284788394856094,0.002237463462969736,0.002246410230490444,0.0022553235383682944,0.0022642074663785997,0.002273065803085305,0.002281902068806434,0.0022907195364703205,0.0022995212505890913,0.002308310044547831,0.0023170885563837218,0.0023258592432087105,0.0023346243944111925,0.002343386143756742,0.002352146480494231,0.002360907259561968,0.0023696702109780735,0.0023784369484903143,0.0023872089775526604,0.00239598770268879,0.0024047744342966413,0.0024135703949426527,0.0024223767251894237,0.002431194488996367,0.002440024678728981,0.002448868219809026,0.0024577259750349235,0.002466598748598803,0.002475487289824417,0.002484392296647776,0.0024933144188605443,0.0025022542611343574,0.0025112123858427476,0.0025201893156958375,0.002529185536201735,0.002538201497967394,0.002547237618850572,0.0025562942859736824
43,0.0014750308210197693,0.0016955613741375629,0.001782088535889542,0.0018459859185944378,0.0018980330663365473,0.001942460428474406,0.0019813604094455362,0.0020161514830251944,0.002047704412297965,0.002076630327906596,0.0021033784221100695,0.0021282955453257838,0.0021516447418699065,0.0021736402853559126,0.002194456864552318,0.002214239092532971,0.0022331204018422447,0.0022511917975064277,0.0022685412963188447,0.0022852448776923967,0.002301368610467229,0.002316987126126274,0.002332134876224916,0.0023468568763553147,0.0023611931366212817,0.0023751793657339443,0.0023892216029924914,0.0024029815160160695,0.0024164848567684574,0.002429754916507406,0.00244281281612657,0.00245567775453833,0.002468367222304552,0.0024808971862946816,0.002493282250041365,0.0025055357935942907,0.0025176700959858396,0.002529696442875572,0.0025416252215019254,0.002553466004715992,0.0025652276255848636,0.0025769182438174724,0.002588545405073065,0.0026001160940534594,0.0026116367821479897,0.0026231134702901057,0.0026345517275922453,0.0026459567262480947,0.0026573332731257894,0.0026686858384200375,0.0026800185816839303,0.0026913353755206636,0.002702639827181005,0.0027139352982823283,0.0027252249228395774,0.0027365116237761705,0.0027477981280636765,0.0027590869806223065,0.0027703805570996206,0.002781681075632109,0.002792990607683073,0.0028043110880404255,0.0028156443240492813,0.00282699200414664,0.0028383557057586896,0.0028497369026151513,0.002861136971529968,0.0028725571986926617,0.002883998785510693,0.0028954628540392067,0.0029069504520312897,0.002918462557638791,0.002930000083791115,0.0029415638822768418,0.00295315474755098,0.0029647734202886324,0.002976420590703984,0.002988096901652087,0.0029998029515293195,0.003011539296987113,0.003023306455472455
44,0.0015697900492060866,0.001789979375029989,0.0018759690918314965,0.001939354421390777,0.001990924306161222,0.0020349091646701812,0.0020734574641744826,0.0021079344229548943,0.002139207520567709,0.0021678849717118327,0.002194413386835089,0.00221913430156484,0.0022423115434170365,0.002264157588625625,0.0022848455178195743,0.002304518501277805,0.002323300570706032,0.0023412892777824987,0.0023585716024350535,0.0023752225847794932,0.0023913074414226203,0.002406888314201301,0.0024220102338612316,0.002436717590002646,0.0024510498215744546,0.0024650421157880998,0.0024788302806717285,0.0024923370056053698,0.0025055878390203806,0.0025186058775146436,0.002531412056026542,0.0025440253959809612,0.0025564632186370886,0.0025687413294344843,0.002580874178019974,0.0025928749977652105,0.002604755927895316,0.00261652812080033,0.002628201836661404,0.002639786527168935,0.0026512909098217463,0.0026627230340612825,0.0026740903403014546,0.002685399712755588,0.0026966575268292997,0.002707869691738103,0.002719041688916027,0.0027301786067039677,0.0027412851717408203,0.002752365777424898,0.002763424509765806,0.00277446517090657,0.002785491300561185,0.002796506195582955,0.002807512927853459,0.0028185143606596487,0.0028295131637074244,0.00284051182690328,0.0028515126730209923,0.0028625178693575874,0.0028735294384716267,0.002884549268087052,0.0028955791202371255,0.0029066206397154594,0.00291767536189427,0.002928744719964126,0.0029398300516440866,0.0029509326054064,0.002962053546255797,0.0029731939610995665,0.002984354863741336,0.002995537199528413,0.0030067418496798584,0.003017969635320105,0.0030292213212406026,0.003040497619410265,0.0030517991922533842,0.003063126655712444,0.003074480582111512,0.0030858615028347357,0.003097269910833312
45,0.0018729404201402178,0.0021110950851096657,0.0022031641087906315,0.002270687779443123,0.002325404089800158,0.002371911545502983,0.00241234572537189,0.0024483817738843987,0.0024809604831205713,0.002510740817177158,0.00253820616742589,0.002563734278891238,0.002587601776978103,0.002610037938253219,0.002631229345440808,0.0026513301884178962,0.002670494004413413,0.002688805734596434,0.00270635878013251,0.0027232336486404203,0.002739500246929273,0.0027552517779869676,0.0027705099535576564,0.002785322225950693,0.0027997307208420807,0.0028137729923269073,0.002828167204117977,0.002842260991590636,0.0028560814419061483,0.0028696530262054447,0.002882997910613143,0.002896136222047718,0.0029090862766301333,0.0029218647769357034,0.0029344869831322753,0.002946966862106178,0.002959317217933922,0.002971549806466057,0.002983675436315599,0.0029957040581612394,0.0030076448439652426,0.00301950625745271,0.003031296116990908,0.003043021651835854,0.0030546895525710256,0.003066306016444373,0.0030778767882107165,0.0030894071970029614,0.0031009021896852957,0.003112366361081711,0.003123803981422405,0.003135219021307443,0.003146615174449668,0.003157995878427194,0.0031693643336481656,0.003180723520706736,0.003192076216288641,0.0032034250077667484,0.0032147723066114258,0.003226120360726834,0.003237471265812372,0.003248826975837928,0.0032601893127124004,0.003271559975216766,0.003282940547265796,0.0032943325055560914,0.0033057372266525257,0.003317155993560027,0.00332859000182331,0.0033400403651930033,0.003351508120893135,0.0033629942345217404,0.003374499604613422,0.003386025066890216,0.0033975713982246285,0.0034091393203368814,0.0034207295032462125,0.0034323425684946304,0.003443979092159882,0.0034556396076729076,0.0034673246084540375
46,0.0019929762227337403,0.002256701826671842,0.0023591221620704907,0.002434402304515057,0.0024955071442869102,0.0025475182284013325,0.0025929329994405803,0.002633463873626868,0.002670152404545476,0.0027037285312442615,0.002734727996243665,0.0027635643946530473,0.0027905500307008318,0.0028159393850623656,0.0028399396451977196,0.002862722101819259,0.0028844457818217274,0.0029052169777602425,0.002925139556429118,0.0029443030749951127,0.00296278532101758,0.0029806756243668004,0.0029980128486275,0.0030148498257763444,0.003031233466194733,0.00304720559633079,0.0030632747669650847,0.0030790109929191376,0.0030944443593223635,0.0031096020517608057,0.0031245087004769492,0.0031391866746061023,0.003153656335057444,0.0031679362529393536,0.003182043399101474,0.003195993309326141,0.0032098002288806476,0.003223477239488321,0.003237036371252889,0.003250488701648164,0.003263844443342399,0.003277113022346644,0.0032903031477467815,0.003303422874089186,0.0033164796573326443,0.0033294804051481035,0.003342431522238024,0.003355338951254789,0.0033682082098198275,0.0033810444240789258,0.003393852359173136,0.003406636446956715,0.003419400811252393,0.0034321492908990763,0.0034448854608165273,0.0034576126512853443,0.0034703339656177294,0.003483052296374627,0.003495770340267624,0.0035084906118687943,0.003521215456238459,0.0035339470605692254,0.0035466874649343646,0.0035594385722196205,0.0035722021573095382,0.0035849798755922817,0.0035977732708407477,0.003610583782522005,0.003623412752582412,0.0036362614317509965,0.0036491309853999574,0.003662022498997554,0.0036749369831853124,0.0036878753785088685,0.003700838559828985,0.0037138273404370395,0.003726842475897253,0.0037398846676359246,0.0037529545662963,0.0037660527748761526,0.0037791798516637687
47,0.0021824934407103577,0.002480883692813961,0.0025969476541518326,0.0026822981520276405,0.0027515939852646634,0.0028105829980473083,0.0028619813160862227,0.0029078342641998254,0.0029493219260549597,0.0029872716967645897,0.0030222911143687648,0.003054854176291058,0.0030853106488141044,0.0031139494655551382,0.003141005953649965,0.003166674738861924,0.003191148029497622,0.0032145353791541405,0.0032369549117516982,0.0032585085077044117,0.003279284683270764,0.003299400420200714,0.0033188848250890303,0.003337798054976868,0.0033561935364869247,0.003374118916410775,0.003392484840367084,0.0034104732301554618,0.003428118282504333,0.003445450905740709,0.003462499109526093,0.003479288338085264,0.0034958417566555797,0.0035121804989547574,0.003528323881965961,0.0035442895931644754,0.0035600938543822814,0.0035757515657687173,0.003591276432713573,0.003606681078121716,0.003621977142040905,0.0036371753703279674,0.003652285693778802,0.0036673172989332304,0.0036822786915877265,0.0036971777539009393,0.0037120217958525443,0.0037268176017117836,0.0037415714720837588,0.0037562892620268467,0.00377097641567109,0.0037856379977130633,0.0038002787221162754,0.00381490297830618,0.00382951485511441,0.0038441181626969723,0.0038587164526255103,0.003873313036327996,0.003887911002035801,0.003902513230376949,0.0039171224087402,0.003931741044521689,0.003946371477353961,0.003961015890407184,0.0039756763208432366,0.003990354669495274,0.004005052709838395,0.004019772096310539,0.004034514372037222,0.004049280976008703,0.004064073249753539,0.004078892443548607,0.004093739722201969,0.004108616170441769,0.004123522797941347,0.004138460544008233,0.004153430281962279,0.004168432823225906,0.0041834689211478005,0.004198539274579261,0.004213644531221234
48,0.0023505126474088226,0.002653286295952157,0.0027706016326217112,0.0028567545256242654,0.0029266465011715667,0.0029861155693037588,0.0030380080043252208,0.0030843200688675213,0.0031262456970327906,0.0031646211906429193,0.0032000600570725474,0.003233035824811776,0.0032639054262846184,0.003292959920983631,0.003320436189849511,0.0033465300067188745,0.0033714220010765345,0.003395234171817618,0.0034180851610610685,0.003440077245398976,0.003461299245549007,0.0034818502903509333,0.0035017770568783824,0.003521139871584162,0.0035399922972487877,0.0035583820914267964,0.003576801814976279,0.003594838173961246,0.0036125257626701606,0.0036298958370081405,0.003646976711152258,0.003663794096590578,0.003680371393476207,0.003696729942255708,0.003712889241999978,0.003728867140665549,0.0037446800015669937,0.0037603428495870056,0.0037758695000468024,0.003791272672672154,0.003806564092695036,0.00382175458080793,0.0038368541334228646,0.003851871994468518,0.003866816719777277,0.003881696234962993,0.003896517887563565,0.003911288494116119,0.003926014382742665,0.0039407014317480935,0.003955355104667503,0.003969980482144653,0.003984582290975962,0.003999164930613794,0.004013732497387731,0.00402828880667208,0.004042837413201814,0.004057381629715998,0.004071924544088059,0.0040864690350847195,0.004101017786880166,0.004115573302438688,0.004130137915867142,0.004144713803828271,0.004159302996096677,0.0041739073853310675,0.004188528736129297,0.004203168693426086,0.004217828790287831,0.0042325104551535885,0.004247215018566898,0.004261943719438959,0.004276697710879997,0.004291478065632441,0.004306285781136501,0.004321121784256067,0.004335986935690529,0.004350882034095825,0.004365807819936199,0.00438076497908618,0.004395754146200952
49,0.002540159455392059,0.0028448691440198844,0.0029622521755351496,0.00304822105165877,0.0031178201125535688,0.0031769391972431295,0.0032283952318012663,0.0032742520704079885,0.0033157115769205277,0.0033536149690128942,0.003388578894229534,0.003421081123796939,0.0034514777009014854,0.0034800605321587963,0.0035070670215058644,0.003532693241263505,0.0035571250371881913,0.0035804793517408926,0.0036028747793919414,0.003624413494011628,0.0036451841752737297,0.0036652923474842438,0.0036847779265974743,0.003703701044322172,0.003722115062912898,0.003740067537201853,0.0037581889660636345,0.003775927467241105,0.0037933174412817924,0.003810389954727546,0.003827173137479008,0.003843692522309738,0.0038599713365173043,0.0038760307537135594,0.0038918901122150656,0.003907567105287025,0.003923077947540879,0.003938437521027454,0.003953659503959884,0.00396875648451087,0.003983740061731222,0.003998620935312254,0.004013408985648206,0.00402811334543534,0.004042742463862029,0.0040573041642923266,0.004071805696218646,0.004086253782152187,0.004100654660029764,0.0041150141216393064,0.004129337547501334,0.004143629938588332,0.0041578959452164945,0.004172139893403495,0.0041863658089509,0.004200577439479354,0.004214778274618409,0.00422897156453004,0.0042431603369247695,0.004257347412712115,0.004271535420411651,0.0042857268094376386,0.004299923862358397,0.004314128706221156,0.004328343323023973,0.004342569559408125,0.0043568091356372485,0.004371063653922936,0.004385334606150952,0.00439962338105701,0.004413931270896611,0.004428259477649144,0.004442609118793142,0.004456981232685987,0.00447137678357853,0.004485796666292491,0.004500241710586035,0.004514712685230734,0.004529210301821219,0.0045437352183370595,0.0045582880424748125
50,0.0027023858502970666,0.0030961229023321376,0.0032498788474269137,0.0033630622979601565,0.00345498361264058,0.003533223656028269,0.003601177937105147,0.003661706722254059,0.0037163763095182933,0.0037662864182797916,0.003812245627448828,0.0038548963504705606,0.0038946954750787187,0.003932028830385689,0.0039672109751819505,0.004000502298786325,0.0040321901132761495,0.00406239311461365,0.004091269582971024,0.004118956105665272,0.004145571405748897,0.004171316811771368,0.004196189048117123,0.004220268788577421,0.004243627688765219,0.004266329654008534,0.0042906375203161365,0.004314451655399502,0.00433781694822446,0.0043607739858932005,0.004383359562265706,0.004405607112967158,0.004427547089438382,0.00444920728217777,0.0044706131013737965,0.004491787821599452,0.004512752796033319,0.004533527644711421,0.004554130420544046,0.004574577756210696,0.00459488499454189,0.0046150663045848115,0.00463513478521124,0.004655102557847366,0.0046749808496729115,0.0046947800684442095,0.004714509869933826,0.0047341792188433564,0.004753796443931217,0.004773369287999607,0.004792904953302155,0.004812410142862842,0.004831891098136135,0.004851353633386204,0.004870803167118002,0.004890244750854181,0.0049096830955180915,0.004929122595653634,0.004948567351687342,0.004968021190415492,0.004987487683879579,0.005006970166776215,0.005026471752532308,0.00504599534816303,0.00506554366801828,0.005085119246512764,0.005104724449925619,0.005124361487347122,0.005144032420842761,0.005163739174898238,0.0051834835452031925,0.005203267206826081,0.005223091721827998,0.005242958546358867,0.005262869037275715,0.005282824458319264,0.0053028259858819045,0.005322874714397424,0.0053429716613801696,0.005363117772139196,0.005383313924190811
51,0.0031842741644869162,0.003564163798612369,0.0037100287145355472,0.0038166945741131067,0.0039029514248239135,0.003976152887621453,0.004039435458515412,0.0040957753116498035,0.004146668960554818,0.0041931633630790536,0.004236025651242451,0.004275863638026337,0.0043131055985122764,0.004348114351796524,0.004381184905145417,0.004412560861693289,0.004442501336290621,0.004471122124982911,0.0044985705998998185,0.004524973733582117,0.0045504417401186145,0.004575138773020679,0.004599080110920828,0.004622340580968595,0.004644986607509227,0.004667077407989432,0.004690025247749678,0.0047124897550954005,0.004734514391807552,0.004756138411367867,0.004777397360190783,0.00479832350591919,0.004818946205371499,0.004839292222226117,0.0048593860025872605,0.004879249915054357,0.0048989044607159,0.004918368457533059,0.004937659202812543,0.004956792616850815,0.0049757833703309275,0.00499464499764399,0.005013389997971738,0.0050320299256898645,0.0050505754714216455,0.005069036534880561,0.005087422290479881,0.005105741246553041,0.005124001298914554,0.005142209779395298,0.005160373499903818,0.005178498792495653,0.0051965915458726045,0.005214657238682712,0.0052327009699470505,0.005250727486901527,0.005268741210508287,0.005286746258862767,0.005304746468697081,0.005322745415158452,0.005340746430022332,0.005358752618482627,0.005376766874646893,0.0053947918958510005,0.00541283019589626,0.005430884117301848,0.005448955842655964,0.0054670474051414135,0.005485160698303803,0.005503297485124248,0.005521459406452754,0.005539647988853138,0.005557864651905978,0.005576110715011663,0.00559438740373215,0.005612695855706469,0.005631037126172109,0.005649412193121685,0.005667821962121684,0.00568626727081808,0.005704748893151379
52,0.0034968571126493576,0.003895921070720845,0.004048837690674801,0.004160504634490289,0.004250687031427923,0.004327120853372137,0.004393259212590577,0.0044520446112240025,0.004505055832369054,0.004553397608348989,0.004597879515817666,0.004639139791326639,0.004677634728348833,0.004713747154102751,0.004747788304923526,0.004780015135541002,0.004810698818969134,0.00483996537883822,0.0048679700127521545,0.004894846373466872,0.004920710412085348,0.004945738025904089,0.004969944031500281,0.004993406917554815,0.005016196303718173,0.00503837420275917,0.0050616020576062576,0.0050843338304737305,0.005106613951710336,0.005128482532639482,0.005149975881448981,0.005171126943854705,0.005191965681539706,0.005212519398784178,0.005232813025694054,0.005252869364863193,0.005272709307062999,0.0052923520205657715,0.00531181511791733,0.005331114803336912,0.005350266003404953,0.005369282483277281,0.005388176950317802,0.005406961146755962,0.005425645932738292,0.0054442413609461235,0.005462756743786107,0.005481200714021695,0.005499581279596353,0.005517905873300251,0.005536181397847693,0.005554414266860656,0.005572610442192089,0.0055907754679698106,0.005608914501696067,0.005627032342698591,0.005645133458194597,0.005663222007199719,0.005681301862487806,0.005699376630784966,0.005717449671361547,0.005735524113168166,0.005753602870646843,0.0057716886583345645,0.005789784004365037,0.00580789126296335,0.005826012626019545,0.005844150133818106,0.005862305684993598,0.005880481045775609,0.005898677858580511,0.005916897650002226,0.005935141838249392,0.005953411740072131,0.005971708577217777,0.005990033482451559,0.006008387505174954,0.00602677161667184,0.0060451867150098735,0.0060636336296223635,0.006082113125593733
53,0.0038848497732145927,0.0042943891194465135,0.004450299651076061,0.004563813665120891,0.004655283898673309,0.004732669335582046,0.0047993517742982265,0.0048585322346592795,0.004911829386247234,0.00496037479918054,0.005004996952937073,0.005046354466908449,0.005084907075355486,0.005121045563665597,0.005155087391645841,0.005187294459597611,0.005217955564379449,0.005247185770203942,0.005275142983376082,0.005301963112334773,0.005327764003084781,0.005352739155692614,0.005376888120966601,0.005400290586242545,0.005423017207712823,0.0054451308998953426,0.005468600281187547,0.005491561651251265,0.00551406033930041,0.005536137251464192,0.005557829400571995,0.005579170358528979,0.005600190644680294,0.005620918060894303,0.005641377982024534,0.005661593608788814,0.005681586188824159,0.0057013752106583535,0.005720978574524525,0.005740412743287593,0.005759692876219208,0.005778832947922645,0.0057978458543525725,0.005816743507580533,0.005835536920712824,0.0058542362841647695,0.0058728510343250395,0.005891389915501316,0.005909861035917863,0.005928271918433739,0.005946629546563612,0.00596494040630926,0.005983210524246322,0.0060014455022567885,0.006019650549250613,0.0060378305101795185,0.006055989892610885,0.0060741328910992815,0.006092263409566538,0.006110385081878039,0.006128501290782816,0.0061466151853669755,0.006164729697154426,0.006182847554975112,0.00620097129870865,0.006219103292000549,0.006237245734038516,0.006255400670467994,0.006273570003518331,0.006291755501404326,0.006309958807061899,0.006328181446270981,0.0063464248352143125,0.0063646902875160545,0.006382979020800494,0.00640129216280745,0.006419630757098013,0.006437995768381086,0.006456388087488903,0.006474808536027196,0.006493257870723676
54,0.004181332445998411,0.004673118299634856,0.004861668306911261,0.0049992667060027845,0.005110279394941784,0.005204251425222943,0.005285180801776303,0.005356923889326547,0.005421439478058615,0.0054800995726903,0.005533910546211777,0.005583681208214675,0.0056299662528805925,0.005673242559607988,0.005713898060624149,0.005752253195296044,0.0057886869681293245,0.0058233183334776345,0.005856340900166928,0.005887921430575862,0.005918204615661611,0.005947469911531344,0.005975678407029355,0.006002927925878821,0.006029305221918417,0.006054887550186333,0.006083145863998732,0.0061108022036966666,0.006137910522778317,0.0061645195337724085,0.006190673333920542,0.006216411939658935,0.0062417717456576625,0.006266785921041964,0.006291484752986709,0.006315895945969546,0.006340044883463752,0.006363954857654992,0.006387647271808023,0.006411141819136069,0.0064344566413991975,0.006457608469945738,0.006480612751491091,0.006503483760581966,0.006526234700406474,0.006548877793371542,0.006571424362668663,0.006593884905880825,0.006616269161541336,0.006638586169435084,0.00666084432533038,0.006683051430742278,0.0067052147382535635,0.006727340992855312,0.006749436469713711,0.006771507008721894,0.006793558046154262,0.006815594643704539,0.006837621515157705,0.006859643050918177,0.006881663340592905,0.006903686193806846,0.00692571515940971,0.006947753543216505,0.0069698044244100995,0.00699187067072105,0.007013954952488697,0.0070360597556974195,0.007058187394072995,0.00708034002031585,0.007102519636541112,0.007124728103988674,0.007146967152060839,0.0071692383867401335,0.007191543298434941,0.007213883269296657,0.007236259580048176,0.007258673416360261,0.007281125874809081,0.007303617968445614,0.0073261506320049605
55,0.004416374491539183,0.004987046869896794,0.005207685153679542,0.005369390036559449,0.005500300955471176,0.0056114491866348,0.005707732289386246,0.005793355864140095,0.0058705867993351585,0.005941014132240934,0.0060058043530642775,0.0060658829342784115,0.006121906237064682,0.006174428393916595,0.006223900546232078,0.00627069564607107,0.00631522283068191,0.00635765242814305,0.006398210367328395,0.00643709140216862,0.006474464642355178,0.006510611859729603,0.006545531903302826,0.006579339412620613,0.006612136131907664,0.006644012734062341,0.006678033057478804,0.006711343494018115,0.006744008053455794,0.0067760845640293076,0.006807625407293264,0.0068386781461920705,0.00686928606476079,0.006899488634209115,0.006929321917303818,0.006958818920740346,0.006988009903437692,0.007016922647292808,0.007045582695811154,0.007074013565126671,0.007102236931191419,0.007130272796316948,0.007158139637757727,0.0071858545406221505,0.007213433317059914,0.007240890613394596,0.007268240006635606,0.007295494091606597,0.00732266455976088,0.007349762270613285,0.0073767973165981306,0.007403779082060297,0.007430716296998844,0.0074576170861071975,0.007484489013588901,0.007511339124171829,0.00753817398069503,0.00756499969859991,0.007591821977620828,0.007618646130937577,0.007645477112024227,0.00767231953940385,0.00769917771949691,0.0077260556677316355,0.007752957128068047,0.007779885591071654,0.007806844310660197,0.007833836319634122,0.0078608644440915,0.007887931316818385,0.007915039389737068,0.007942190945487367,0.007969388108209094,0.007996632853587827,0.008023927018220686,0.008051272308353844,0.008078670308038887,0.008106122486751521,0.008133630206511954,0.008161194728543479,0.008188817219502568
56,0.004981372660719671,0.005581126454197611,0.005811129801861962,0.00597909789931498,0.006114731219104839,0.006229659506497013,0.006328455028810327,0.00641617763511965,0.00649520304733352,0.00656719433019926,0.00663337073015287,0.006694718260963181,0.0067518999338700295,0.006805493057364659,0.006855967185173105,0.0069037101490136065,0.006949185691291204,0.006992529227059906,0.007033975347699531,0.007073726172397657,0.007111957133743933,0.0071490025004717715,0.007184815899946701,0.007219516282269828,0.007253209210568765,0.007285988763161743,0.007321765930926606,0.007356789326668712,0.007391126724478092,0.007424839335487557,0.007457982589605347,0.007490606803489824,0.007522757754399284,0.007554477175648735,0.007585803186375653,0.00761677066594379,0.007647411581439918,0.00767775527522793,0.007707828718330536,0.007737656734445594,0.00776726219862292,0.007796666213989368,0.007825888269386261,0.0078549463803518,0.00788385721552206,0.007912636210226382,0.007941297668802645,0.007969854856948167,0.007998320085244762,0.008026704784845967,0.008055019576187284,0.008083274331470745,0.008111478231582172,0.008139639818018948,0.008167767040337441,0.008195867299568883,0.008223947488001315,0.008252014025679816,0.008280072893938,0.008308129666239665,0.008336189536579327,0.008364257345663973,0.008392337605075186,0.008420434519590417,0.008448552007823953,0.008476693721332224,0.008504863062313845,0.008533063200022105,0.00856129708599647,0.008589567468209621,0.008617876904217362,0.008646227773391118,0.00867462228830514,0.008703062505344248,0.008731550334592286,0.00876008754905583,0.008788675793273384,0.008817316591355819,0.008846011354499963,0.008874761388013772,0.008903567897888529
57,0.0052498999378115625,0.0059004648999296475,0.006151408043118921,0.0063351872830534756,0.006483914423452442,0.006610170425705643,0.006719731640682007,0.006817213942126103,0.006905195552485716,0.006985482540686309,0.007059399862779781,0.007127988610441726,0.007192002321043085,0.007252069344581761,0.007308700981612385,0.007362319713223114,0.007413364449654126,0.0074620513391903355,0.007508636053041157,0.007553338907960307,0.007596351151223107,0.007637957050103315,0.007678188537788517,0.007717175207562073,0.007755032053613624,0.007791861540618696,0.00783034959562014,0.007868027841658378,0.00790496911957337,0.007941239219259945,0.00797689771929777,0.008011998704422593,0.008046591381918523,0.008080720613823188,0.008114427378584583,0.008147749173260558,0.008180720365339962,0.008213372501664006,0.00824573458064412,0.008277833292938686,0.008309693234911798,0.008341337098512492,0.008372785840650288,0.008404058834679592,0.008435174006220158,0.008466147955220795,0.008496996065904865,0.008527732606010764,0.008558370816550278,0.008588922993146186,0.008619400559873636,0.008649814136412602,0.008680173599218292,0.00871048813733067,0.008740766303369603,0.008771016060198162,0.00880124482368093,0.008831459501915979,0.008861666531276567,0.008891871909562324,0.008922081226527132,0.008952299692022445,0.008982532161970386,0.009012783162358255,0.009043056911427327,0.009073357340211157,0.009103688111563578,0.009134052637802877,0.009164454097086685,0.009194895448621213,0.009225379446798836,0.009255908654349545,0.009286485454583786,0.009317112062797681,0.0093477905369048,0.009378522787353637,0.009409310586384443,0.009440155576674677,0.009471059279418112,0.00950202310187898,0.009533048344459111
58,0.00587202345863779,0.0065268514436453064,0.0067765208013915714,0.006958399214287701,0.007105008580434827,0.007229071403767507,0.007335499767968674,0.007429928274219654,0.007514945453563346,0.007592361482520668,0.007663502139321077,0.007729440418055988,0.00779089334076063,0.00784848699221332,0.007902730180656785,0.007954042835966945,0.00800292818177314,0.008049529877527703,0.00809410148398248,0.008136861337651543,0.008177998846347135,0.008217873535527102,0.008256435182014382,0.00829381209306901,0.008330118094503042,0.00836545459553873,0.008403950474185786,0.008441623876880843,0.008478548458747329,0.008514790714209514,0.008550410832375172,0.008585463427680818,0.008619998167359153,0.008654060312999558,0.008687691190143775,0.008720928597250339,0.00875380716330345,0.00878635866170431,0.008818612286771828,0.008850594898122144,0.008882331237338809,0.008913844120645298,0.008945154610717055,0.008976282170296739,0.009007244799882852,0.00903805916143517,0.009068740689766323,0.009099303693058584,0.009129761443751041,0.009160126260877515,0.009190409584795884,0.00922062204513011,0.009250773522644007,0.009280873205678004,0.009310929641704782,0.009340950784493781,0.00937094403731857,0.009400916292591252,0.009430873968265627,0.009460823041313064,0.009490769078542323,0.009520717265005835,0.009550672430209435,0.009580639072320367,0.009610621380548481,0.009640623255858228,0.009670648330153334,0.00970069998406254,0.009730781363442206,0.009760895394700955,0.009791044799041426,0.009821232105705782,0.009851459664303421,0.009881729656292706,0.009912044105681868,0.0099424048890085,0.009972813744652418,0.010003272281531318,0.010033781987225016,0.010064344235570002,0.010094960293762651
59,0.006098416824248784,0.006847896365444913,0.007136668154224005,0.007347920244742583,0.007518683544074461,0.007663471379255155,0.007788815552001287,0.007900124814600054,0.00800038281693418,0.008091680545469637,0.008175552567978191,0.008253215111273327,0.00832553295214228,0.008393234333857674,0.008456911938159119,0.008517055542557998,0.008574205064009481,0.008628582783630934,0.008680484940194797,0.008730166778752916,0.008777849829067251,0.008823912211879106,0.008868344991782746,0.008911298038678274,0.008952904290139176,0.008993282149598566,0.009036730594157744,0.00907926033555778,0.009120953890850715,0.00916188577832372,0.009202123470958664,0.00924172821106891,0.009280755710081436,0.009319256752667999,0.009357277720730493,0.009394861049847193,0.009432045628499355,0.009468867148577349,0.009505358414207896,0.009541549614768191,0.009577468566999092,0.00961314093035058,0.009648590399053967,0.009683838873887997,0.009718906616168801,0.009753812386129261,0.00978857356754866,0.009823206280237261,0.009857725481764015,0.009892145059632589,0.009926477914954972,0.009960736038539036,0.009994930580192457,0.010029071911947747,0.010063169685828495,0.010097232886704645,0.010131269880720821,0.01016528845972714,0.010199295882094282,0.010233298910252216,0.010267303845255926,0.01030131655864914,0.010335342521868454,0.01036938683340598,0.010403454243925836,0.01043754917951088,0.010471675763198468,0.010505837834948593,0.010540038970174356,0.01057428249695205,0.010608571512017611,0.010642908895646197,0.010677297325502808,0.010711739289544348,0.010746237098046004,0.010780792894818677,0.01081540866767858,0.01085008625822448,0.010884827370973967,0.010919633581905319,0.01095450634644805
60,0.00685681950662028,0.007598540222362996,0.007880416543683946,0.008085472215512373,0.008250604120191582,0.008390238673451669,0.008509638903671814,0.00861552363632855,0.008710819690034786,0.00879757258656469,0.0088772796255054,0.008951162028349537,0.009020017769470545,0.009084552966173111,0.009145341235766656,0.009202855825080536,0.009257682545790187,0.009309962626785193,0.009359981675606054,0.009407985577077149,0.00945418760566253,0.009499012222236309,0.00954238136695626,0.009584439555217525,0.009625314992664025,0.009665121905068212,0.009708833277967004,0.00975160741630725,0.009793528168247348,0.009834671222107317,0.009875105081818466,0.009914891900050262,0.009954088193622696,0.009992745460916103,0.010030910717189838,0.010068626960743813,0.010105933580507273,0.010142866713770312,0.010179459561276662,0.010215742665689927,0.010251744158465994,0.010287489979365938,0.010323004072187737,0.010358308559754965,0.01039342390075165,0.01042836903061967,0.010463161488422123,0.010497817531313885,0.010532352238038875,0.010566779602685938,0.010601112619775593,0.010635363361614105,0.01066954304873425,0.010703662114142636,0.010737730262006756,0.01077175652134064,0.0108057492951833,0.010839716405708086,0.01087366513565205,0.0109076022664119,0.01094153411311545,0.010975466556944775,0.011009405074958602,0.011043354767635353,0.011077320384336724,0.011111306346870596,0.011145316771315725,0.011179355488253521,0.01121342606153963,0.011247531805734477,0.011281675802301412,0.011315860914670926,0.011350089802260356,0.01138436493353088,0.011418688598155705,0.011453062918367675,0.011487489859548023,0.011521971240112899,0.011556508740749802,0.011591103913051216,0.011625758187589345
61,0.00721988333113981,0.008059123097855333,0.008380776481834959,0.00861545111063112,0.00880473752781243,0.008964928722313735,0.00910299168130167,0.009225347109306068,0.009335341035362052,0.009435317253696344,0.009526995012031553,0.009611751897547621,0.009690540298412542,0.00976417486436118,0.009833318278281263,0.00989851790447639,0.009960414451026427,0.010019218771867169,0.010075261452150468,0.010128827206178814,0.010180163035162051,0.01022974063639181,0.010277500022212107,0.010323608065805508,0.010368212729736676,0.010411445749950014,0.010459177961784293,0.010505889572235371,0.010551671959208352,0.010596607614976326,0.01064077120778412,0.01068423048862415,0.010727047069946724,0.010769277097743956,0.01081097183431298,0.010852178165767072,0.010892939045807985,0.010933293885240348,0.01097327889508106,0.011012927389804373,0.011052270056198391,0.011091335192440021,0.011130148921282085,0.011168735380658316,0.011207116894524213,0.011245314126345489,0.011283346217305902,0.011321230911020542,0.011358984666299799,0.011396622759304887,0.011434159376262135,0.011471607697755465,0.011508979975489149,0.011546287602304445,0.011583541176139677,0.011620750558542049,0.011657924928269524,0.011695072830459683,0.011732202221789395,0.011769320512002667,0.011806434602143123,0.011843550919791921,0.011880675451580766,0.011917813773221092,0.011954971077267203,0.011992152198808222,0.01202936163926553,0.01206660358845435,0.01210388194505383,0.012141200335615462,0.012178562132228296,0.012215970468948144,0.012253428257088313,0.012290938199460776,0.01232850280364868,0.012366124394384123,0.012403805125098708,0.01244154698870867,0.012479351827691035,0.01251722134350281,0.012555157105390539
62,0.008034372212675195,0.008956598646192849,0.009307777515049454,0.009563161174007042,0.009768619813726726,0.009942113377715292,0.010089559149729718,0.010219862881635058,0.01033669894807899,0.010442639336183918,0.010539569453721552,0.010629064884406578,0.010712100787307062,0.010789569286752823,0.01086219580762121,0.010930579348942206,0.010995561124191387,0.011057227146591297,0.011115939204146472,0.011172008878732776,0.011225706494733033,0.011277717219270423,0.011327801630328553,0.011376142627183058,0.011422902437127612,0.011468225555484763,0.011521863165173946,0.011574358674741912,0.01162581446108763,0.011676322957629427,0.011725967841276365,0.01177482504639629,0.011822963635671643,0.011870446551789995,0.011917331269301097,0.011963670362357114,0.012009512001199084,0.01205490038798278,0.012099876140718878,0.012144476632636734,0.012188736293091019,0.01223268687516083,0.01227635769429294,0.012319775841685057,0.012362966375558903,0.012405952493019732,0.012448755684818735,0.012491395875015493,0.012533891547268475,0.012576259859253132,0.012618516746513155,0.012660677016885028,0.012702754436493897,0.012744761808197306,0.012786711043248297,0.012828613226858509,0.012870478678263502,0.012912317005824129,0.012954137157638318,0.01299594746808523,0.013037755700678921,0.013079569087567803,0.013121394365981802,0.013163237811897316,0.01320510527116349,0.013247002188308262,0.01328893363322172,0.013330904325894658,0.013372918659373775,0.013414980721079156,0.01345709431261642,0.013499262968203798,0.01354148997182335,0.013583778373195807,0.013626131002669758,0.01366855048510802,0.0137110392528467,0.01375359955779622,0.013796233482747739,0.013838942951942814,0.013881729740959985
63,0.008598602739187952,0.00968710896863379,0.010105981261580682,0.010411969701431687,0.010658925446726279,0.010867967547237043,0.011047291368315462,0.011206039494863302,0.0113485690766609,0.011477935800373842,0.011596383701171102,0.011705750536559149,0.011807245641271896,0.011901935640040667,0.01199068902453327,0.012074223808879412,0.012153472849313488,0.012228623588599004,0.01230011060424089,0.012368308438271325,0.012433542235815246,0.012496557029304429,0.012557152187459723,0.012615547653259548,0.01267193854051388,0.0127264986438811,0.012789678767088654,0.012851531062025386,0.012912175004321843,0.012971718508180389,0.013030259302795156,0.013087886108548963,0.013144679647534222,0.013200713516080936,0.01325605494164489,0.013310765442233292,0.013364901403248168,0.013418514584005023,0.01347165256408263,0.013524359137965469,0.013576674665065142,0.013628636381084452,0.013680278675766116,0.013731633341308783,0.013782729795101051,0.013833595279900062,0.013884255044140733,0.013934732504692368,0.013985049394067405,0.014035225893822466,0.014085280755667175,0.014135231411604577,0.014185094074261995,0.014234883828430769,0.014284614714710693,0.014334299806050953,0.014383951277886681,0.014433580472492446,0.014483197958103803,0.014532813583298098,0.014582436527072874,0.014632075345013542,0.014681738011901417,0.014731431961076612,0.014781164120839395,0.014830940948144225,0.014880768459816661,0.014930652261500461,0.014980597574522643,0.015030609260846622,0.015080691846267424,0.015130849541989342,0.015181086264713269,0.015231405655349747,0.015281811096463514,0.015332305728546216,0.015382892465205382,0.015433574007350362,0.015484352856449415,0.015535231326925348,0.015586211557752421
64,0.009431765825266046,0.010559109453725016,0.010990954874822677,0.011306211903643164,0.01156073565586632,0.011776391213609832,0.011961541930356428,0.012125966562764713,0.012274123435336352,0.012409132454983943,0.012533280226802885,0.012648421705869866,0.012755792220884684,0.012856473751652078,0.012951346164055216,0.013041136079666683,0.013126720983555358,0.013208343658449992,0.01328644361843701,0.013361399531467732,0.013433540071401807,0.013503496447776289,0.013571174528962242,0.013636797303327475,0.013700562689212149,0.013762647100599166,0.013830364510709249,0.013896655864324843,0.013961649399848047,0.014025460939214614,0.014088195366717087,0.01414994789264404,0.01421080513887122,0.01427084607616172,0.014330142837201763,0.014388761424909708,0.014446762332011419,0.014504201085055997,0.014561128723786437,0.014617592224958674,0.014673634878224005,0.014729296620483914,0.014784614334134673,0.01483962211380375,0.014894351505500699,0.014948831721541543,0.015003089834132854,0.015057150950104261,0.015111038368943373,0.015164773726002166,0.015218377122503403,0.015271867243768384,0.015325261466911492,0.015378575959094918,0.015431825767306328,0.015485024900509068,0.015538186404916833,0.01559132243305903,0.015644444307229444,0.015697562577845343,0.015750687077187964,0.015803826968944685,0.015856990793930072,0.0159101865123237,0.01596342154272873,0.01601670279832466,0.01607003672036136,0.01612342930921653,0.01617688615321896,0.01623041245541928,0.016284013058474524,0.01633769246779629,0.016391454873099693,0.016445304168477413,0.016499243971112496,0.016553277638733516,0.016607408285906938,0.016661638799252945,0.01671597185166473,0.01677040991560333,0.016824955275535368
65,0.010121967876761836,0.011390372938869296,0.011877787322066518,0.012233630248778363,0.01252069916857313,0.0127636165354195,0.01297165856643503,0.01315578244676616,0.013321062166494438,0.013471055241671104,0.013608373618324591,0.013735165251285139,0.013852826998309736,0.013962599642016979,0.014065493310034607,0.014162342986525847,0.014254251448017558,0.014341417110518322,0.014424345245472005,0.014503471290837419,0.014579173235599062,0.014652336628124046,0.014722707235418258,0.014790540786734708,0.014856064145977094,0.014919479395487155,0.014993269833089658,0.015065508134566351,0.015136333923670909,0.0152058733097882,0.015274240497135837,0.015341539159851345,0.015407863623362656,0.015473299884413878,0.015537926495884351,0.015601815337656212,0.01566503229092975,0.01572763783031952,0.01578968754560572,0.015851232603034757,0.01591232015445425,0.015972993701255447,0.016033293419018355,0.01609325644786607,0.016152917152797347,0.01621230735765215,0.016271456555850997,0.016330392100616334,0.016389139377019586,0.01644772195788853,0.01650616174534661,0.016564479099531328,0.016622692955847167,0.016680820931942782,0.016738879425460543,0.01679688370348301,0.016854847984494412,0.016912785513583047,0.016970708631528744,0.017028628838349626,0.01708655685182076,0.01714450266142216,0.017202475578126517,0.01726048428039483,0.0173185368567105,0.017376640844949783,0.017434803268857425,0.017493030671869404,0.01755132914850295,0.01760970437351199,0.017668161628988516,0.017726705829573523,0.017785341545926443,0.01784407302658878,0.017902904218365212,0.017961838785335617,0.018020880126600348,0.01808003139285397,0.01813929550187308,0.0181986751529979,0.018258172840680365
66,0.011100327647733442,0.012512109028673477,0.013054120928923255,0.013449723525631925,0.01376884190883094,0.01403888712443091,0.014269180801731712,0.014473015605528503,0.01465602594186345,0.014822160938482593,0.014974319224082645,0.01511491714147635,0.015245468113611115,0.015367348508125767,0.015481678732290474,0.015589384892642116,0.015691752244027878,0.01578893353693439,0.01588148955963305,0.015969903676999818,0.016054595574859797,0.01613661273073782,0.016215603051265855,0.016291850965119387,0.016365608902327917,0.016437101824335738,0.016521252688424998,0.016603647542850417,0.016684444723298487,0.01676378727452049,0.01684180476811883,0.0169186148561875,0.016994324606349257,0.017069031654688052,0.017142825206052318,0.017215786905700317,0.017287991601914052,0.017359508015750865,0.017430399331330986,0.017500723717826083,0.017570534792499454,0.01763988203266939,0.017708811143250968,0.01777736438552947,0.017845580871986334,0.017913496831305786,0.01798114584710971,0.01804855907348105,0.018115765429923568,0.01818279177805762,0.01824966308205429,0.018316402554556917,0.018383031789622452,0.0184495708840281,0.018516038548128336,0.01858245220730832,0.018648828094959033,0.01871518133779532,0.01878152603424595,0.018847875326565424,0.018914241467247534,0.01898063588025885,0.01904706921755645,0.01911355141130675,0.019180091722180083,0.019246698784057884,0.019313380645457345,0.019380144807947558,0.019446998261806278,0.019513947519142184,0.019580998644686813,0.019648157284441952,0.01971542869235102,0.019782817755148268,0.01985032901552576,0.019917966693746392,0.01998573470781938,0.020053636692345656,0.02012167601613088,0.020189855798655877,0.02025817892548729
67,0.012031773911815003,0.01360788101200184,0.014215333658884211,0.014659504158226,0.015018291094401358,0.015322245156611434,0.01558261643446053,0.015813325445849,0.016020666171949877,0.01620905245663868,0.016381725740534734,0.01654135807665733,0.016689676586242156,0.01682822250319642,0.016958250952466038,0.017080799782785205,0.017197244025914417,0.017307823788401382,0.017413167959083882,0.017513818725786535,0.01761024693971697,0.017703550448604565,0.017793414955501546,0.017880159579602796,0.017964067556021753,0.01804539130639191,0.018139397568425225,0.018231450287429698,0.018321725829197267,0.018410383547418672,0.018497567804376454,0.018583409698188485,0.018668028547175426,0.018751533171885493,0.018834023007512187,0.01891558907333022,0.01899631482095027,0.019076276879354124,0.019155545711595303,0.019234186195569474,0.01931225813924476,0.019389816739098543,0.019466912989156593,0.019543594046917592,0.019619903561521164,0.019695881968747893,0.019771566756795256,0.019846992706231126,0.01992219210706931,0.019997194955523483,0.020072029132666515,0.02014672056693988,0.020221293382217682,0.020295770032921455,0.020370171427504153,0.020444517041466746,0.020518825020936857,0.02059311227772298,0.020667394576655482,0.02074168661593756,0.02081600210115105,0.020890353813494245,0.020964753672768205,0.02103921279557549,0.021113741549148336,0.02118834960118136,0.02126304596600789,0.02133783904742522,0.021412736678446065,0.021487746158226358,0.021562874286397235,0.021638127395007457,0.021713511378264383,0.021789031720244597,0.021864693520730148,0.021940501519313045,0.022016460117898057,0.02209257340172298,0.02216884515900566,0.022245278899317576,0.022321877870776174
68,0.012943501176868542,0.014702332144999816,0.0153822557048657,0.015880114479584175,0.016282695484286704,0.016624048257687332,0.016916757941420144,0.017176305854670195,0.017409715493300365,0.017621914366508017,0.01781652265588653,0.01799652387280137,0.018163850663077113,0.01832022643700739,0.01846705521997317,0.018605498420674223,0.01873708997404996,0.018862104421666144,0.018981246265306922,0.019095123081248565,0.019204262673535123,0.019309888148654083,0.019411655220793148,0.019509921926413196,0.019605006130075483,0.019697191191740297,0.019803434159722674,0.019907488129879764,0.02000955123943211,0.02010980255995315,0.02020840435805208,0.020305504028172487,0.020401235753964863,0.02049572194348986,0.02058907447480735,0.020681395781688212,0.020772779803800448,0.020863312821436143,0.020953074191411555,0.021042136998002517,0.02113056863052837,0.02121843129736218,0.02130578248463628,0.02139267536666918,0.02147915917410644,0.021565279524908183,0.02165107872259566,0.02173659602556309,0.021821867890750083,0.021906928194535918,0.021991808433348674,0.022076537906166916,0.02216114388082212,0.022245651745778087,0.022330085148863813,0.0224144661242632,0.022498815208915425,0.02258315154934917,0.022667492999860362,0.02275185621284374,0.022836256722001482,0.022920709019075846,0.023005226624685106,0.023089822153783007,0.023174507376209595,0.023259293272754167,0.023344190087110733,0.023429207374068613,0.023514354044249324,0.023599638405670524,0.02368506820239262,0.023770650650479848,0.023856392471486625,0.023942299923661748,0.02402837883104515,0.02411463461061768,0.024201072297649773,0.024287696569383146,0.02437451176716789,0.024461521917167415,0.02454873074973469
69,0.014525792193578644,0.016492453586017856,0.017248675841961804,0.017800626997124508,0.018245685836728198,0.01862205944684718,0.018940425807058646,0.01922160760427472,0.019473489469547828,0.019701602960681606,0.01991001193394894,0.020102205692801942,0.020280212689295692,0.020445967305684626,0.020601045391015496,0.020746750449888055,0.02088512487198365,0.021016154296930954,0.02114062934796503,0.02125923187809041,0.021372554225365905,0.02148238088758791,0.021587911482619584,0.021689547845936206,0.021787646751352512,0.02188252627088988,0.02200182366018706,0.022118669724816364,0.022233286531041122,0.022345874793378104,0.022456616404966833,0.022565676601086843,0.022673205818973637,0.02277934130455645,0.0228842085070105,0.02298792229438963,0.02309058801758274,0.023192302445044537,0.023293154586909358,0.02339322642399884,0.023492593554718128,0.023591325770781973,0.023689487571024556,0.023787138621155977,0.0238843341661722,0.023981125401163424,0.024077559805459163,0.02417368144437112,0.024269531242222257,0.024365147229865203,0.02446056476948113,0.02455581675909695,0.02465093381895743,0.02474594446162914,0.024840875247489166,0.02493575092705853,0.025030594571472022,0.025125427692230546,0.02522027035125459,0.025315141262146398,0.025410057883470987,0.025505036504780386,0.025600092326030242,0.025695239530971435,0.02579049135504065,0.025885860148221446,0.025981357433301953,0.026076993959912878,0.02617277975469459,0.02626872416790786,0.0263648359167746,0.02646112312580819,0.02655759336437009,0.02665425368166783,0.02675111063939076,0.02684817034216306,0.026945438465977644,0.0270429202847611,0.027140620695206986,0.027238544240003455,0.02733669512957107
70,0.016056718247253687,0.018185247735342178,0.019005784768204522,0.019606023209964404,0.02009113219934373,0.020502347605397434,0.020854303994347755,0.021166464637810543,0.021447303605822515,0.02170276160971622,0.02193720011590191,0.02215422501632959,0.02235614378776474,0.022545029264480113,0.02272256932166873,0.022890159575884403,0.023049655387124682,0.023201366208176318,0.023346138230148333,0.02348470109610599,0.023617688575470273,0.02374656413714898,0.02387091144596706,0.023991160725687005,0.024107693970819088,0.024220851766446533,0.02435047918202197,0.024477430568661432,0.02460194800256381,0.02472425025331627,0.02484453554853696,0.024962983937424205,0.025079759322290132,0.025195011213449255,0.02530887625218558,0.02542147953817783,0.02553293579117399,0.025643350371462495,0.025752820179486102,0.025861434451554956,0.025969275465864052,0.02607641917077464,0.02618293574547333,0.026288890101602423,0.026394342333189925,0.02649934812115708,0.02660395909779863,0.026708223175891072,0.026812184846458115,0.0269158854486921,0.027019363415079895,0.027122654494395805,0.02722579195489441,0.027328806769753338,0.02743172778657015,0.027534581882507715,0.027637394106497935,0.027740187809755082,0.02784298476571037,0.027945805280358598,0.028048668293900677,0.02815159147447287,0.02825459130467099,0.028357683161504964,0.028460881390356053,0.028564199373450564,0.02866764959331521,0.028771243691632704,0.028874992523877867,0.028978906210077322,0.02908299418200528,0.029187265227098403,0.029291727529347725,0.02939638870740244,0.029501255850099536,0.029606335549615042,0.029711633932415122,0.02981715668817113,0.02992290909678774,0.03002889605368206,0.03013512209343964
71,0.01727118340906356,0.01967179154602092,0.02060047318742616,0.021280286420800446,0.021829687786724616,0.022295181478801978,0.022693000090159676,0.023045123472760085,0.023361181675098087,0.023647935981147346,0.023910357334614354,0.02415259654185317,0.024377263714181432,0.024586729206707673,0.024782925029766284,0.02496745002128667,0.02514255586744953,0.025308489323763155,0.025466220674903037,0.02561658687832008,0.02576031510721975,0.02589929391977796,0.026032853850022398,0.026161487866751664,0.02628563360311728,0.02640568114664785,0.02654971022735663,0.026690780177611992,0.026829159076606286,0.02696508922857278,0.027098790217265106,0.027230461517607562,0.027360284740745096,0.027488425573599932,0.027615035462295632,0.02774025307960422,0.027864205609301723,0.027987009874532065,0.028108773332642317,0.028229594955212226,0.028349566008964173,0.028468770750761003,0.028587287047862273,0.028705186932930178,0.028822537101881412,0.028939399361519392,0.029055831032908673,0.029171885315634558,0.029287611617400493,0.0294030558528303,0.02951826071484391,0.029633265921549787,0.029748108441233215,0.029862822697705977,0.029977440758012983,0.030091992504258144,0.030206505791108538,0.03032100659036093,0.030435519123799683,0.0305500659854421,0.030664668254148864,0.030779345597474264,0.030894116367539703,0.031008997689633756,0.03112400554417156,0.031239154842582453,0.03135445949764039,0.03146993248870052,0.031585585922262516,0.031701431088240854,0.031817478512287396,0.03193373800447989,0.032050218704661806,0.03216692912469362,0.032283877187852174,0.03240107026559505,0.03251851521188747,0.03263621839527295,0.03275418572885333,0.03287242269833064,0.032990934388250306
72,0.01892560763987016,0.02148973305735124,0.02247916665541705,0.023203400086628724,0.023789047411720624,0.02428575351237555,0.02471044285946447,0.025087342062678132,0.025426643258805913,0.025735491343330343,0.02601913179085084,0.026281921550227547,0.02652661291685268,0.026755699373279533,0.02697121151918186,0.027174828561192126,0.027368814011393513,0.027553504263446355,0.027729918281253443,0.02789893489340272,0.02806131765491711,0.028218852221093278,0.028371009015112785,0.028518307083641024,0.028661207460612376,0.028800121369403832,0.028959124985033984,0.029114871974379026,0.029267657652238484,0.02941774896503312,0.029565387850505824,0.02971079411056759,0.0298541678810692,0.02999569176566285,0.030135532688010776,0.030273843506481348,0.03041076442748389,0.030546424247235013,0.030680941446652572,0.030814425159963313,0.03094697603427155,0.031078686994612106,0.031209643926771547,0.03133992628831558,0.03146960765672668,0.03159875622227942,0.031727435232210346,0.03185570339184022,0.031983615227546607,0.03211122141584077,0.032238569082255156,0.03236570207327992,0.03249266120418562,0.032619484485225954,0.03274620732841564,0.03287286273682322,0.03299948147809464,0.03312609224373031,0.03325272179546935,0.03337939509998641,0.03350613545297799,0.033632964593600594,0.033759902810123754,0.033886969037571546,0.03401418094804985,0.034141555034385415,0.03426910668764322,0.034396850269032476,0.03452479917666461,0.03465296590758135,0.03478136211543368,0.034909998664157074,0.03503888567795694,0.03516803258789112,0.03529744817530995,0.03542714061239281,0.03555711749999865,0.035687385903030326,0.035817952383495034,0.035948823031428614,0.03608000349383789
73,0.020969535314572393,0.02385254088697009,0.024962159959579653,0.025771891308634658,0.026424470966416817,0.02697593921152621,0.02744164928550965,0.027852254567915517,0.028219371836058663,0.028551157598731326,0.028853608706637616,0.02913190811912091,0.029389029719882127,0.029627832794764043,0.029850647789572936,0.03005940318728001,0.030257223497248485,0.030443997922846106,0.030620896390375563,0.03078892800527844,0.030948969453906135,0.031103830160002954,0.03125217012697999,0.03139458339822408,0.03153159730550812,0.031663681864232705,0.03183595512864694,0.03200468669742774,0.03217019736305871,0.03233277706919643,0.032492688566907395,0.03265017054078436,0.032805440296203546,0.032958696080878674,0.03311011909980603,0.033259875271672734,0.03340811676609703,0.033554983354143135,0.033700603599001164,0.03384509590924557,0.03398856947345028,0.03413112509197006,0.034272855919260825,0.03441384812809994,0.03455418150539795,0.03469392998790287,0.03483316214493279,0.034971941614293255,0.03511032749670948,0.03524837471340105,0.03538613433083245,0.03552365385616139,0.035660977506472305,0.03579814645450681,0.03593519905327935,0.03607217104168727,0.03620909573298163,0.03634600418775492,0.03648292537291684,0.036619886307969904,0.03675691219975486,0.03689402656671297,0.0370312513536025,0.03716860703751153,0.037306112725923914,0.037443786247519706,0.03758164423632529,0.03771970220976836,0.03785797464114065,0.03799647502692349,0.03813521594938959,0.03827420913485629,0.038413465507931996,0.03855299524206646,0.038692807806689086,0.038832912011193974,0.038973316046008455,0.03911402752096188,0.0392550535011531,0.03939640054049858,0.0395380747131285
74,0.023321340694725884,0.026545821405377007,0.027788721512411067,0.02869706334483376,0.02943027808775395,0.030050929418262363,0.030577272703606762,0.03104267043176486,0.03146003695062054,0.0318384340898155,0.032184520507198534,0.03250398067736318,0.03280017289672709,0.03307626854609272,0.033334851700656754,0.033578060261934245,0.033809161899158266,0.034028215150192394,0.03423651757245277,0.03443518842844059,0.03462520022966348,0.034809370848943144,0.03498649764471467,0.035157240806736864,0.03532218660374835,0.03548185780799759,0.035679208578639,0.03587252511340693,0.0360621734612544,0.036248484527280585,0.03643175823323981,0.03661226707532183,0.03679025918290408,0.03696596096141195,0.037139579386448324,0.03731130400383369,0.03748130868030865,0.037649753141781706,0.03781678432969648,0.03798253760100426,0.03814713779309661,0.03831070017167919,0.03847333127679695,0.038635129679934994,0.038796186663220815,0.038956586830173216,0.039116408656117325,0.039275724985272764,0.03943460348058054,0.03959310703153712,0.03975129412462647,0.039909219180360264,0.04006693286044164,0.04022448234813999,0.040381911604597434,0.04053926160346847,0.040696570546019446,0.040853874058573644,0.04101120537397883,0.04116859549859144,0.041326073366110654,0.04148366597945546,0.04164139854175337,0.04179929457740007,0.04195737604405308,0.0421156634363359,0.04227417588195429,0.042432931230857215,0.04259194613801628,0.042751236140342395,0.0429108157282112,0.04307069841202498,0.04323089678420104,0.043391422576941126,0.04355228671610517,0.043713499371485685,0.043875070003751876,0.04403700740831153,0.04419931975631658,0.04436201463302006,0.04452509907367595
75,0.02569021992361986,0.0292899164687978,0.03067971415771025,0.03169592483032338,0.03251639959061488,0.03321095913877747,0.033800631198933645,0.03432185410973102,0.03478907804803542,0.03521244771800906,0.03559942107029499,0.035956353935868365,0.03628703002049662,0.036595005349062126,0.036883178340304176,0.037153947633247,0.037410971768704476,0.03765433434736789,0.037885491521380925,0.038105699488325505,0.038316049811437096,0.03851972136482163,0.03871535824852456,0.038903701034459025,0.03908540731185419,0.039261063372038996,0.03947972391005217,0.039693916150568075,0.0399040455712548,0.0401104787242855,0.04031354784421481,0.04051355478835144,0.04071077442446761,0.04090545755791381,0.041097833472515936,0.04128811214576751,0.041476486187877804,0.04166313254552204,0.041848214004153964,0.04203188051710575,0.042214270385125215,0.042395511306264545,0.04257572131296536,0.042755009610654315,0.042933477330060206,0.04311121820371306,0.04328831917561849,0.043464860951866885,0.04364091849889623,0.04381656149524296,0.04399185474186579,0.04416685853548383,0.044341629008822464,0.0445162184411873,0.04469067554237817,0.04486504571260457,0.045039371280756954,0.04521369172312283,0.045388043864405515,0.04556246206269943,0.04573697837989971,0.04591162273886713,0.0460864230685321,0.04626140543800006,0.046436594180614986,0.04661201200883992,0.04678768012073299,0.046963618298718375,0.047139845001288636,0.04731637744821268,0.0474932316997716,0.04767042273049639,0.0478479644978393,0.04802587000617174,0.048204151366466816,0.04838281985199444,0.04856188595032777,0.048741359411934686,0.0489212492956058,0.049101564010948,0.04928231135815613
76,0.028456477897940792,0.03250971233410505,0.03407396377390854,0.03521714629074259,0.03613961254858829,0.036920037304985075,0.03757955835841312,0.038161785593296804,0.03868302100868951,0.039154712441040664,0.039585278020278315,0.03998199955238124,0.040349044589831004,0.04069042972002791,0.041009429456826334,0.041308754237300474,0.04159278361341477,0.04186136799871908,0.042116153610743216,0.04235856085206582,0.04258982416879651,0.04281385556716709,0.04302880494373359,0.04323551007956117,0.043434714983305936,0.04362708308465472,0.04387479251752868,0.04411746588189092,0.04435556091139913,0.044589491461828015,0.044819632699847727,0.04504632554071419,0.045269880464025476,0.045490580811095985,0.04570868564761043,0.045924432259629014,0.046138038338701885,0.04634970390204935,0.04655961298590869,0.04676793514381003,0.04697482677639777,0.0471804323152117,0.04738488527938943,0.04758830922140401,0.047790818575584676,0.047992519421199004,0.04819351017022315,0.04839388218853905,0.048593720358125876,0.04879310358681723,0.04899210527135212,0.04919079371872395,0.04938923253021321,0.04958748095195856,0.04978559419546031,0.04998362373101548,0.050181617556738056,0.0503796204455194,0.050577674172022656,0.05077581772157583,0.050974087482629965,0.05117251742427135,0.05137113926012302,0.051569982599833517,0.05176907508923139,0.051968442540115185,0.05216810905055574,0.0523680971165009,0.052568427735399964,0.05276912050249603,0.05297019370037516,0.0531716643823078,0.05337354844986881,0.053575860725280255,0.05377861501888067,0.05398182419209102,0.05418550021621433,0.054389654227378646,0.054594296577906105,0.0547994368843675,0.05500508407256211
77,0.031987761220321966,0.03649465116798012,0.03823039868299087,0.03949784341994845,0.04052000274169895,0.04138442218592641,0.042112842245316126,0.0427557243302835,0.043331169620279573,0.04385188387953405,0.04432720642480291,0.04476527171951327,0.04517063522619124,0.04554774881586822,0.0459002408678426,0.04623111400882752,0.046545328926384064,0.046842599303159566,0.0471247484452093,0.04739334941306468,0.04764976925277725,0.04789845233655668,0.04813722621537301,0.0483670191391029,0.048588655530869315,0.048802870614345004,0.049080320676094705,0.04935213195638315,0.049618817025367246,0.04988083932355295,0.05013861897122197,0.05039253773697223,0.05064294330996262,0.05089015299179112,0.05113445690166801,0.05137612077109298,0.05161538839045975,0.051852483759038705,0.052087612980993576,0.05232096594299287,0.05255271780321404,0.05278303031683607,0.05301205301924834,0.053239924285017955,0.053466772278006794,0.053692715805825846,0.053917865089964455,0.05414232246137911,0.05436618299001394,0.054589535055610636,0.0548124608662215,0.05503503693002807,0.0552573344853763,0.05547941989334374,0.05570135499663921,0.055923197448193185,0.05614500101240945,0.05636681584171588,0.05658868873075756,0.05681066335032133,0.057032780462856925,0.0572550781212617,0.05747759185242512,0.05770035482687308,0.057923398015720655,0.05814675033601857,0.058370438785475556,0.05859448856744094,0.05881892320695127,0.059043764658565936,0.05926903340665195,0.0594947485587173,0.05972092793233704,0.05994758813617004,0.06017474464551822,0.060402411872842565,0.06063060323361405,0.060859331207845084,0.061088607397619135,0.06131844258090879,0.061548846761949855
78,0.03605378944036046,0.04104318710932066,0.042961059363699886,0.04436003777773064,0.04548729699262435,0.046439853769662386,0.047241104229399276,0.0479476013773003,0.04857940303169661,0.04915058657606675,0.049671498129174055,0.05015118086537826,0.05059464796096986,0.05100682891924397,0.05139174077673197,0.051752707261993935,0.052095304082909376,0.052419130839890395,0.05272620466333737,0.053018265539402545,0.05329682531699197,0.05356691950022111,0.05382602693980877,0.05407517352737888,0.054315270238755604,0.05454712933370657,0.05485156580495654,0.05514978460341376,0.05544235005202932,0.055729772307810566,0.05601251377309826,0.05629099457817227,0.056565597294950365,0.05683667100986487,0.057104534859391654,0.057369481112417166,0.05763177786839487,0.05789167142811824,0.05814938838421806,0.05840513747065396,0.05865911120410286,0.058911487344951934,0.05916243020133208,0.059412091796108145,0.05966061291381492,0.059908124042094,0.06015474622014355,0.060400591804978816,0.060645765164850506,0.06089036330794042,0.06113447645340838,0.061378188550971845,0.06162157775443418,0.061864716853921885,0.062107673671021796,0.062350511420521254,0.06259328904202718,0.06283606150437224,0.06307888008539114,0.06332179262937082,0.06356484378422948,0.06380807522026284,0.0640515258321057,0.06429523192538644,0.06453922738940583,0.064783543857036,0.06502821085292208,0.06527325593096078,0.0655187048019408,0.06576458145214478,0.06601090825363928,0.06625770606691274,0.06650499433646186,0.06675279117987362,0.06700111347090122,0.06724997691699008,0.06749939613166982,0.06774938470219355,0.06799995525277364,0.0682511195037335,0.06850288832687075
79,0.04083320393521694,0.04634136920033688,0.048450937246520255,0.049986875612883355,0.051222630235520726,0.05226549733323559,0.05313847636028189,0.05390701299374272,0.05459326436703584,0.055212775604240365,0.05577696744010094,0.05629593290535677,0.056775085365525495,0.057219860904435565,0.05763468799155935,0.0580232296943612,0.05839188600190675,0.058739953960684724,0.0590696550193463,0.05938290497034589,0.05968136806297682,0.05997091109720897,0.06024842923864126,0.06051505128966713,0.06077177945847495,0.061019507229631606,0.0613538005164898,0.06168123333701804,0.06200242742314089,0.06231794474837366,0.06262829460792728,0.06293393967253216,0.06323530119262429,0.06353276349449916,0.06382667788282197,0.06411736604255032,0.0644051230164814,0.06469021982122754,0.0649729057536798,0.06525341043135187,0.0655319456029595,0.0658087067598463,0.06608387457414638,0.0663576161856833,0.06663008635636991,0.06690142850818402,0.06717177565853764,0.06744125126496171,0.06770996998942853,0.0679780383912741,0.0682455555565312,0.06851261367049534,0.0687792985395021,0.06904569006716908,0.06931186268972821,0.06957788577453357,0.06984382398536045,0.07010973761770319,0.07037568290692234,0.07064171231178168,0.07090787477564231,0.07117421596734136,0.07144077850357287,0.07170760215440031,0.07197472403336905,0.07224217877353728,0.07250999869061892,0.07277821393431258,0.07304685262879242,0.0733159410032419,0.07358550351323177,0.07385556295366953,0.07412614056398201,0.07439725612613425,0.07466892805603381,0.07494117348882338,0.07521400835851937,0.07548744747241759,0.07576150458064963,0.07603619244124321,0.07631152288101062
80,0.04599066422418259,0.052134906829641385,0.05448696505425557,0.05619864617993524,0.057575096062657455,0.05873606640574182,0.0597079223168083,0.06056277394768504,0.061325390387043474,0.062013152870460386,0.06263883340262699,0.06321371179095288,0.0637438601514423,0.06423535941258889,0.06469316366053526,0.06512137085824514,0.06552715686548484,0.06590973231201382,0.06627158139829624,0.06661484632070123,0.06694138778446744,0.06725782847860516,0.0675606473762654,0.0678511052450872,0.06813032120223858,0.06839929270358208,0.06876693312806413,0.06912699212054835,0.06948015572954062,0.06982704397233365,0.07016821866596332,0.07050419012223369,0.07083542290242222,0.07116234078846695,0.07148533109728515,0.07180474844125062,0.07212091801919515,0.07243413850745582,0.07274468460858804,0.07305280930576831,0.07335874586311965,0.07366270960583056,0.07396489950871477,0.07426549961754994,0.07456468032395441,0.0748625995115824,0.07515940358892124,0.07545522842187553,0.07575020017755286,0.07604443608916168,0.07633804515065666,0.07663112874867442,0.0769237812383687,0.07721609046895123,0.07750813826405156,0.07780000086141083,0.07809174931590458,0.07838344986943976,0.07867516429087505,0.07896695018877149,0.07925886129947841,0.07955094775279427,0.0798432563172095,0.08013583062653253,0.08042871138951897,0.08072193658396161,0.08101554163655768,0.08130955958974101,0.08160402125655505,0.08189895536454068,0.08219438868952252,0.0824903461800973,0.08278685107355392,0.0830839250038921,0.0833815881025443,0.08367985909235712,0.08397875537533693,0.0842782931146237,0.08457848731111803,0.08487935187514908,0.08518089969354313
81,0.052898989532348915,0.05958273777213307,0.06211868668097608,0.06395662180952683,0.06543005567515794,0.06666972618656707,0.06769435833294997,0.06859328843174346,0.06939338686031668,0.0701134832057431,0.07076739540934285,0.07136767400724608,0.07192048691809375,0.0724323916595769,0.07290872539957305,0.07335389911154706,0.07377637457844831,0.07417451712091873,0.07455099723513677,0.07490811665884882,0.07524787389777,0.07557823560205688,0.07589452117944206,0.07619808556899506,0.07649013144570661,0.0767717308006397,0.07717573927243845,0.07757137265023469,0.07795938759749725,0.07834046784148387,0.07871523283226613,0.07908424514473017,0.07944801684013628,0.07980701496082943,0.08016166629830421,0.08051236154866177,0.08085945894883664,0.08120328747053052,0.08154414963561599,0.0818823240061473,0.0822180673934903,0.0825516168240435,0.08288319129323694,0.08321299333473,0.08354121042776554,0.08386801626234285,0.08419357187910938,0.0845180266985493,0.08484151945208648,0.08516417902605924,0.08548612522811014,0.0858074694843278,0.08612831547444513,0.08644875971150898,0.08676889207167135,0.08708879627909039,0.08740855035035468,0.08772822700234653,0.08804789402702304,0.08836761463621479,0.08868744777920819,0.08900744843558547,0.08932766788553773,0.08964815395963947,0.08996895126987463,0.09029010142352058,0.09061164322134616,0.09093361284143213,0.09125604400980344,0.09157896815894678,0.09190241457518927,0.09222641053582482,0.09255098143679374,0.09287615091165001,0.09320194094248513,0.09352837196342062,0.09385546295722716,0.09418323154558095,0.09451169407342715,0.09484086568787772,0.09517076041203974
82,0.05968784054839288,0.06693120498037418,0.06968583266752157,0.07168533852858928,0.07329057535134216,0.07464297039673992,0.07577600641689544,0.07677267168467541,0.07766204889240672,0.07846451651090185,0.0791950277987009,0.07986665617875276,0.08048659442649429,0.0810619352619742,0.08159845034484095,0.08210090869198301,0.08257736033498733,0.08302715957696494,0.08345319027618184,0.08385793720684821,0.08424355698338909,0.08461731065279632,0.08497551060747553,0.0853196162107349,0.08565092216230563,0.0859705818477774,0.08639516388203562,0.08681081214760855,0.0872183302117854,0.08761844385623736,0.08801181033983914,0.08839902631382326,0.08878063462182421,0.08915713017116285,0.08952896502583885,0.08989655284358525,0.09026027275714749,0.09062047278229005,0.09097747282088957,0.09133156731606541,0.09168302760704128,0.09203210402387746,0.09237902775600697,0.0927240125233962,0.09306725607490211,0.09340894153486494,0.09374923861601346,0.09408830471427312,0.09442628589896747,0.09476331781012322,0.09509952647307704,0.09543502903929008,0.09576993446117048,0.09610434410775387,0.09643835232727264,0.09677204696193677,0.09710550981963563,0.0974388171067364,0.09777203982568942,0.09810524414074487,0.09843849171472904,0.09877184001951624,0.099105342622557,0.09943904945158022,0.09977300703937468,0.10010725875036221,0.10044184499051007,0.10077680340197669,0.1011121690437552,0.10144797455945746,0.10178425033327614,0.10212102463506759,0.1024583237554117,0.10279617213143023,0.10313459246407405,0.10347360582752933,0.1038132317713361,0.10415348841576182,0.10449439254092804,0.10483595967014475,0.10517820414787282
83,0.06735237174823162,0.07506502460096676,0.0779708610321807,0.08007024800277819,0.08174937580398323,0.08315946789185828,0.08432320114827077,0.08534282399654296,0.08624929277356337,0.08706427564620035,0.08780365588652646,0.08848180673379882,0.08910583519189201,0.08968325544472736,0.0902201772781121,0.0907216454283711,0.09119725531576453,0.09164520521337041,0.09206854172655073,0.09246988865563607,0.09285152238302821,0.09322243086907366,0.09357736111398557,0.09391785346073375,0.0942452742489874,0.09456084057412961,0.09501387201930915,0.09545730670192126,0.09589200613847021,0.09631874829136666,0.09673823753238502,0.0971511131550535,0.09755795668655279,0.09795929819988825,0.09835562178842412,0.09874737033456747,0.09913494968047301,0.09951873228961187,0.09989906047280529,0.1002762492400366,0.10065058882937909,0.10102234695624275,0.10139177081945726,0.10175908889520327,0.1021245125452289,0.10248823746198338,0.10285044497011361,0.10321130320108912,0.1035709681554635,0.10392958466536294,0.10428728726816598,0.10464420100094815,0.10500044212407543,0.10535611878130789,0.10571133160289425,0.10606617425737712,0.10642073395716721,0.10677509192237257,0.10712932380686858,0.10748350009015664,0.10783768643817813,0.10819194403591388,0.10854632989430378,0.10890089713375972,0.1092556952463173,0.10961077033826405,0.10996616535490515,0.11032192028896243,0.11067807237396401,0.11103465626384995,0.11139170419990709,0.11174924616604509,0.11210731003333149,0.11246592169462372,0.11282510519006062,0.11318488282411042,0.11354527527481094,0.11390630169578514,0.11426797981156403,0.11463032600670643,0.11499335540916511
84,0.07577668580035712,0.0838660254390513,0.08690808301888824,0.08910526111596238,0.09086280307851934,0.09233926338383455,0.0935664967953902,0.09464360402200964,0.09560293652514938,0.09646712046647221,0.09725272820670634,0.09797441595199671,0.09863991348585899,0.09925704419826499,0.0998321650315591,0.1003705214461866,0.10088133324386284,0.10136347548045568,0.10182011099454957,0.10225396226648768,0.1026673901212672,0.10306874769803394,0.10345355172320055,0.1038233978942547,0.10417970107209844,0.10452372108097238,0.10498977316480125,0.10544580384400608,0.10589270895275052,0.10633129707527574,0.10676229998214531,0.10718638154313481,0.10760414538023946,0.10801614147184237,0.10842287187838343,0.10882479572799038,0.10922233357537199,0.10961587122726439,0.11000576311169435,0.11039233525540446,0.11077588792330481,0.11115669796526292,0.11153502090852567,0.11191109282828239,0.11228513202407321,0.11265734052575677,0.11302790544940167,0.11339700022066004,0.11376478568080811,0.11413141108863185,0.11449701502962782,0.114861726242534,0.11522566437195582,0.11558894065478496,0.11595165854718284,0.11631391429810538,0.11667579747465306,0.11703739144393137,0.11739877381558267,0.11776001684869274,0.1181211878263776,0.11848234940100182,0.11884355991267379,0.11920487368338728,0.11956634128894296,0.11992800981056455,0.12028992306794105,0.12065212183525452,0.12101464404160528,0.12137752495711292,0.12174079736585146,0.12210449172667182,0.12246863632286803,0.12283325740155848,0.12319837930357597,0.1235640245845919,0.12393021412813536,0.12429696725111415,0.12466430180239114,0.12503223425492377,0.1254007797919353
85,0.08684422067895183,0.0952758177939648,0.09839027659675094,0.10061643450219583,0.10238103451842773,0.10385093344186512,0.10502753523578,0.10604717208968503,0.10694383895817851,0.10774129328441735,0.10845692253545168,0.10910740536216712,0.10969951796541404,0.11024144908691871,0.11073984744481806,0.11120019511323533,0.11163514513227193,0.11204048074539862,0.11241949993458403,0.11277503951711991,0.11310955777062848,0.11343565666439279,0.1137447410887622,0.11403846915024073,0.11431831011395693,0.11458557142865436,0.11506189663826086,0.11552784127588511,0.11598432988273587,0.11643219661409239,0.11687219608072555,0.11730501260459686,0.11773126816348536,0.11815152924448603,0.11856631278386097,0.11897609133747344,0.11938129759979614,0.11978232836862499,0.12017954803591821,0.12057329167172279,0.12096386775722309,0.12135156061404348,0.1217366325696215,0.12211932589244684,0.12249986452596001,0.12287845564574958,0.1232552910612016,0.12363054847983619,0.12400439265009663,0.12437697639626961,0.1247484415574396,0.12511891984086715,0.12548853359888273,0.1258573965372794,0.1262256143622224,0.12659328537187295,0.12696050099820078,0.12732734630383868,0.1276939004382901,0.128060237057324,0.1284264247089792,0.12879252718923448,0.12915860387007994,0.1295247100024435,0.12989089699617795,0.13025721267909016,0.13062370153680222,0.13099040493505687,0.13135736132592693,0.13172460643925005,0.13209217346048543,0.13246009319608062,0.13282839422733655,0.13319710305367072,0.1335662442260982,0.13393584047167906,0.134305912809615,0.13467648065962098,0.13504756194314357,0.1354191731779497,0.13579132956656975
86,0.09848870825552038,0.1080255605366845,0.11156234321874096,0.11409197501588811,0.1160966034169012,0.11776503611815133,0.11911189083948798,0.1202762582000359,0.12129708838859812,0.12220165386020675,0.12300994948898743,0.1237408002690778,0.12440248094107999,0.12500444164649022,0.12555436305797157,0.12605858344261192,0.12653116495755237,0.1269679300186366,0.1273726896205942,0.12774872234273726,0.1280988692711044,0.12843732277344103,0.12875465044203424,0.129052760643962,0.12933334342776723,0.12959790165347546,0.13010121704062708,0.13059343140137403,0.1310755303058594,0.13154840264779433,0.13201285226939347,0.13246960788286835,0.13291933158390126,0.1333626261936208,0.13380004161989872,0.13423208039300102,0.1346592025023962,0.1350818296390785,0.1355003489297935,0.13591511623507696,0.13632645907127203,0.13673467920711635,0.13714005497763154,0.13754284335157366,0.13794328178333343,0.1383415898757084,0.13873797087622997,0.1391326130265905,0.1395256907820685,0.13991736591560625,0.14030778851929296,0.14069709791437873,0.14108542347955688,0.14147288540605824,0.14185959538707202,0.14224565724812246,0.14263116752425933,0.14301621598925401,0.1434008861414104,0.1437852556500914,0.14416939676661913,0.14455337670281473,0.14493725798010212,0.14532109875179652,0.14570495310093434,0.14608887131576048,0.1464729001447844,0.14685708303312642,0.14724146034171268,0.14762606955072863,0.14801094544860846,0.14839612030772162,0.14878162404781006,0.14916748438813682,0.1495537269892194,0.14994037558494702,0.15032745210580933,0.15071497679390358,0.15110296831033018,0.1514914438355347,0.15188041916311137
87,0.10968885609677283,0.12026694065659126,0.12420025017377008,0.1270231798872466,0.1292690085799443,0.131146255620205,0.13268058012300724,0.13401806113750755,0.1352012149205051,0.1362597583036089,0.1372154432304466,0.13808819121050017,0.1388874428740432,0.1396234452728836,0.14030451900099522,0.14093752508735208,0.1415361866053777,0.14209736907764686,0.14262519955348948,0.14312322795361754,0.14359453042578577,0.14405222193337766,0.14448823546794845,0.14490464474951423,0.14530328714040885,0.14568579745902485,0.14627500845920474,0.14685131499946333,0.14741586488758815,0.14796969356222517,0.14851373758499137,0.14904884615766886,0.14957579100672264,0.15009527490918853,0.1506079390810494,0.15111436960777624,0.1516151030640102,0.15211063144336223,0.15260140649849027,0.15308784357483676,0.15357032500780382,0.1540492031420442,0.15452480302244018,0.15499742479883696,0.15546734588037275,0.15593482287006766,0.15640009330600016,0.15686337723175797,0.15732487861578226,0.1577847866366207,0.15824327684889883,0.15870051224293127,0.15915664420928333,0.15961181341820857,0.16006615062269308,0.16051977739280973,0.1609728067881904,0.1614253439746503,0.1618774867903226,0.16232932626607016,0.16278094710442834,0.16323242812087588,0.16368384265083502,0.16413525892544967,0.16458674041888113,0.16503834616958468,0.16549013107779023,0.16594214618118933,0.1663944389106433,0.16684705332755198,0.16730003034437074,0.16775340792962698,0.16820722129866225,0.1686615030912192,0.16911628353688948,0.16957159060935342,0.1700274501702588,0.17048388610351511,0.1709409204407138,0.1713985734783251,0.17185686388726992
88,0.12340249959182377,0.1341607368849777,0.13812737338507794,0.14096488750663003,0.14321756456023907,0.14509785528459265,0.14662331324339314,0.14795254512885855,0.1491284368985335,0.1501809059108696,0.15113181113161867,0.152001399065854,0.15279881617927227,0.1535343156330353,0.15421621224591464,0.1548513543377409,0.1554538527558941,0.15602007350946148,0.15655412977023067,0.15705955723413684,0.15753941809667021,0.1580071089958892,0.15845417309685117,0.1588826766813117,0.1592944503387258,0.1596911228610312,0.16029763523825716,0.16089072055300177,0.1614715697310392,0.16204125675619327,0.16260075274307673,0.1631509379465271,0.1636926120657094,0.1642265031294744,0.16475327519416197,0.16527353504167294,0.1657878380314184,0.16629669323255733,0.1668005679411596,0.16729989166938616,0.16779505967955347,0.16828643612434452,0.16877435684491202,0.16925913187077535,0.1697410476589088,0.17022036910400798,0.17069734134739362,0.17117219140821124,0.1716451296573789,0.17211635115201954,0.17258603684581192,0.17305435468872202,0.17352146062789892,0.1739874995200715,0.1744526059645386,0.17491690506477126,0.17538051312571576,0.1758435382930752,0.17630608114014673,0.17676823520717302,0.17723008749763275,0.17769171893541955,0.1781532047864458,0.1786146150478406,0.17907601480759072,0.17953746457718328,0.17999902059956205,0.18046073513447614,0.18092265672310812,0.18138483043368261,0.18184729808960248,0.18231009848151356,0.1827732675645733,0.18323683864208293,0.18370084253653995,0.18416530774907547,0.18463026060815665,0.18509572540835956,0.1855617245399495,0.1860282786099439,0.18649540655527855
89,0.13842546628526822,0.14972194464096666,0.15385422803383897,0.1567913592551574,0.15910806179496825,0.16102891548241063,0.16255781453543514,0.16387460563490824,0.16502514381448943,0.16604146218984345,0.16694699417801592,0.16776424685868074,0.16850234055382263,0.16917228857676464,0.16978302671655157,0.17034191723592798,0.1708662889572982,0.17135020248967983,0.17179807084504292,0.17221368627331965,0.17260033166081737,0.17297557530173366,0.17332726966108875,0.1736576179311987,0.17396857003988817,0.17426185900536478,0.17485305920453265,0.1754309408369044,0.17599668000304156,0.17655133675371162,0.1770958691065867,0.17763114500231353,0.17815795255814076,0.17867700890577112,0.1791889678446165,0.17969442649820752,0.18019393112725704,0.18068798222565488,0.18117703900388574,0.18166152334681274,0.18214182331854092,0.18261829627547815,0.18309127163919484,0.18356105337284992,0.1840279221984522,0.1844921375868235,0.18495393954761102,0.18541355024290193,0.18587117544479512,0.18632700585457768,0.18678121829885458,0.18723397681601806,0.18768543364476822,0.18813573012495632,0.18858499751978194,0.18903335776730762,0.18948092416832665,0.18992780201681608,0.19037408917850637,0.19081987662248737,0.19126524891023677,0.19171028464598724,0.19215505689193588,0.19259963355143675,0.1930440777229978,0.19348844802761636,0.19393279891174106,0.19437718092791906,0.1948216409949942,0.19526622263954044,0.19571096622005948,0.19615590913532868,0.1966010860181596,0.19704652891571395,0.1974922674574203,0.19793832901144554,0.19838473883058982,0.19883152018840075,0.19927869450623445,0.19972628147192975,0.20017429915070867
90,0.15470198100854807,0.16625415117506329,0.17047159984787613,0.17347524811325005,0.17585209110150493,0.1778308742892621,0.1794244604762822,0.18081007144544614,0.18203354086282117,0.18312678932355422,0.18411310244302853,0.18501423437976455,0.1858396535495667,0.1866002377899302,0.18730479740992897,0.18796058029501528,0.1885829523255747,0.18916758010028714,0.18971880615830258,0.19024036012315657,0.19073546956936555,0.1912187551957424,0.1916807567174329,0.1921236497166235,0.19254936054758998,0.1929596023538476,0.19360006396092772,0.19422605200563214,0.1948388435976326,0.1954395897201416,0.1960293304737593,0.19660900807819542,0.1971794780217383,0.19774151867047254,0.19829583958884334,0.1988430887758886,0.19938385898417563,0.19991869325884754,0.2004480898104728,0.20097250631629043,0.20149236372895873,0.2020080496592943,0.2025199213891325,0.20302830856191775,0.20353351559155733,0.20403582382419852,0.20453549348266845,0.2050327654191905,0.20552786269851123,0.2060209920306251,0.20651234506978688,0.20700209959436416,0.2074904205802623,0.20797746117908814,0.2084633636108688,0.20894825997998254,0.20943227302194792,0.20991551678784492,0.21039809727237946,0.21088011299093726,0.21136165551039446,0.21184280993793864,0.21232365537170866,0.21280426531666552,0.21328470806875846,0.21376504707014068,0.21424534123791966,0.2147256452686785,0.21520600992079503,0.21568648227638806,0.2161671059845516,0.21664792148738274,0.21712896623017158,0.21761027485699874,0.2180918793928738,0.21857380941345067,0.2190560922032628,0.21953875290334296,0.22002181464901713,0.22050529869859625,0.22098922455363168
91,0.1742257164148304,0.18579248821902897,0.189943831067384,0.19286528710559647,0.1951507456361464,0.1970318047653675,0.1984811382996712,0.1997162789556212,0.20078408362764275,0.20171721624945246,0.20253952342956338,0.2032751058975779,0.20393192482982475,0.20452112936600805,0.20505175095458172,0.2055312194687171,0.20597977186353061,0.20638857763563417,0.20676207639708558,0.20710407901935352,0.20741788113093804,0.20772458530944185,0.20800845309180935,0.2082716933184569,0.20851625953338454,0.2087438868579025,0.20934130993464856,0.20992496943345623,0.2104960742556216,0.21105571327260203,0.21160486989243552,0.21214443447722667,0.21267521498616196,0.21319794614361598,0.21371329737382508,0.2142218796981564,0.21472425175516838,0.21522092507519208,0.2157123687183879,0.21619901336689254,0.21668125494681087,0.21715945784369356,0.2176339577652122,0.21810506429656654,0.21857306318738276,0.2190382184032263,0.219500773970145,0.21996095563670418,0.2204189723746446,0.2208750177364764,0.22132927108592812,0.22178189871513307,0.22223305486068679,0.2226828826292201,0.2231315148418371,0.22357907480566455,0.2240256770197891,0.22447142782203205,0.22491642598227793,0.225360763247443,0.22580452484261573,0.22624778993241249,0.22669063204616724,0.2271331194701955,0.22757531561004452,0.22801727932534274,0.22845906523960718,0.22890072402713185,0.22934230267887853,0.2297838447491054,0.2302253905843085,0.23066697753590112,0.23110864015793137,0.23155041039101426,0.2319923177335544,0.232434389401239,0.23287665047569397,0.23331912404312244,0.23376183132367198,0.23420479179221576,0.23464802329117695
92,0.19288195248204376,0.20552693689254956,0.21010493770993846,0.21334266358908693,0.2158864710964491,0.21798855359150224,0.2196549831579123,0.22108546023801237,0.22233126045635992,0.22342815256872756,0.2244022661404625,0.225278645390843,0.226067449323014,0.22678090912279944,0.22742893621747517,0.22801968673892198,0.22857240304437984,0.22908045083177392,0.22954870183597606,0.22998133800359238,0.2303819758079788,0.230770162632042,0.23113232818979543,0.2314708920981046,0.23178799384951426,0.23208553323002082,0.23271597977563263,0.23333181370252154,0.2339343167026097,0.23452464299748513,0.23510383482777977,0.23567283565527825,0.23623250147659636,0.23678361056745315,0.2373268719146703,0.23786293254461302,0.23839238391861536,0.23891576753561042,0.23943357985792887,0.23994627665669824,0.24045427685745202,0.24095796595365823,0.2414576990453062,0.24195380355098833,0.24244658163469612,0.2429363123825575,0.24342325375972906,0.24390764437344983,0.24438970506472102,0.24486964034807604,0.2453476397163613,0.24582387882527795,0.24629852057058016,0.24677171606923656,0.24724360555449001,0.24771431919357126,0.24818397783579904,0.24865269369791249,0.24912057099270846,0.249587706506383,0.25005419012938823,0.25052010534509717,0.25098552968011817,0.2514505351196972,0.25191518849129896,0.2523795518191386,0.25284368265216944,0.2533076343677752,0.2537714564532094,0.25423519476661943,0.25469889177932753,0.255162586800881,0.2556263161882481,0.2560901135404098,0.2565540098794866,0.25701803381944033,0.25748221172329694,0.2579465678497584,0.25841112448999665,0.25887590209535366,0.25934091939661663
93,0.2099137746937987,0.2241113943884217,0.22925657627302787,0.23289568466558863,0.2357543396473661,0.23811579767601945,0.23998515061197587,0.241587992330767,0.24298207703497957,0.2442077133196757,0.24529436117042572,0.24627036647945114,0.24714711268556924,0.24793840521032767,0.24865543487837694,0.24930741340393692,0.24991635652184946,0.25047451820317285,0.25098740268989506,0.25145973570249763,0.2518956045622613,0.25231752733282287,0.252709767579565,0.2530750592238917,0.25341581979589045,0.2537341960309664,0.2544388143555188,0.25512714192142133,0.25580060843348174,0.2564605015043752,0.25710798391149814,0.257744108306562,0.25836982982197704,0.25898601692922957,0.25959346083556323,0.26019288365137094,0.26078494551821013,0.26137025085359467,0.26194935384171203,0.2625227632774655,0.26309094685362333,0.2636543349664954,0.26421332410378323,0.26476827986856183,0.26531953968531063,0.2658674152272418,0.2664121945985854,0.2669541443008104,0.2674935110078093,0.26803052317173814,0.2685653924783659,0.26909831516837074,0.26962947323895603,0.2701590355383855,0.2706871587645127,0.27121398837706245,0.2717396594322843,0.27226429734760854,0.272788018603075,0.2733109313855526,0.2738331361811142,0.2743547263203525,0.2748757884809203,0.2753964031511277,0.275916645058044,0.27643658356319495,0.2769562830286474,0.27747580315599174,0.27799519930049665,0.27851452276248856,0.2790338210578186,0.27955313816910515,0.2800725147792853,0.28059198848887273,0.2811115940181893,0.2816313633957323,0.28215132613373284,0.282671509391872,0.2831919381300412,0.28371263525095347,0.284233621733352
94,0.2323219831617639,0.2469681459744997,0.2522402019734003,0.2559652750565822,0.25889292823547916,0.2613149595896574,0.2632195314173218,0.2648604903754362,0.26629615044769595,0.2675670856539597,0.26870286640470825,0.26973228578390296,0.27066614972829445,0.2715182336620287,0.2722996847693879,0.273019665295894,0.2737004069033505,0.2743336087252444,0.2749247455810031,0.27547851557928954,0.27599898098939313,0.2765082708786104,0.27699074396090906,0.27744913124341736,0.2778858488662305,0.2783030437542506,0.2790889792048395,0.2798567793926928,0.2806080366161036,0.28134418500741687,0.28206651973399827,0.28277621336584813,0.2834743299036713,0.28416183686243546,0.28483961572883515,0.28550847105114857,0.2861691383727123,0.28682229118270597,0.2874685470278977,0.2881084729048227,0.28874259003226854,0.2893713780879689,0.2899952789803148,0.29061470021511,0.29123001790846337,0.29184157948948247,0.29244970613022336,0.29305469493514025,0.293656820917887,0.2942563387896071,0.29485348457969507,0.29544847710732136,0.29604151931971817,0.2966327995112469,0.2972224924355756,0.29781076032182663,0.2983977538042891,0.29898361277419033,0.2995684671610612,0.3001524376503972,0.3007356363435846,0.301318167365422,0.3019001274240018,0.3024816063272246,0.303062687459779,0.30364344822403216,0.30422396044793826,0.30480429076275967,0.30538450095313463,0.30596464828177655,0.30654478579087785,0.30712496258210026,0.3077052240768585,0.30828561225845164,0.30886616589745697,0.3094469207616777,0.3100279098118202,0.31060916338398026,0.31119070935992094,0.3117725733260442,0.3123547787218864
95,0.25054366258606287,0.26635739885489174,0.27213165698004577,0.2762351468183107,0.27947261543715246,0.28215821258476664,0.28434932132468177,0.28624291567457477,0.2879032108003932,0.28937503027131084,0.2906911366421087,0.2918810478041633,0.29295947701152464,0.2939417743148344,0.2948403815185129,0.29566553875656015,0.296437326624572,0.29715161127295747,0.2978145038498363,0.29843124963181844,0.299006383849543,0.2995594881646844,0.3000786014423432,0.300566750598142,0.3010266110275327,0.3014605572928986,0.3022125408968284,0.3029469343603932,0.3036652773678741,0.30436895608691333,0.3050592218595171,0.3057372071290245,0.3064039390855119,0.3070603514154831,0.3077072944667851,0.30834554408108983,0.3089758093000974,0.3095987391149296,0.3102149283988376,0.3108249231397321,0.31142922506989995,0.31202829577468394,0.3126225603491177,0.3132124106609913,0.31379820827009935,0.3143802870461863,0.3149589555220422,0.31553449901312364,0.31610718153079537,0.3166772475126662,0.3172449233904192,0.31781041901291945,0.31837392894014244,0.31893563362154814,0.3194957004708716,0.32005428484788023,0.320611530956409,0.3211675726669196,0.3217225342708965,0.32227653117357885,0.32282967053082035,0.32338205183524493,0.3239337674563189,0.32448490313847933,0.32503553846103433,0.32558574726317335,0.32613559803709596,0.32668515429196854,0.32723447489115953,0.32778361436496783,0.3283326232008501,0.3288815481129678,0.32943043229270647,0.3299793156416704,0.33052823498852213,0.33107722429091385,0.33162631482365046,0.33217553535412464,0.33272491230597667,0.33327446991184967,0.33382423035604214
96,0.27837243533045314,0.29204339841274335,0.2968641550703311,0.30025187662453967,0.3029099643986932,0.305110458960478,0.30679589109388383,0.30825811129065467,0.3095489661840051,0.3107042688368307,0.31174994719298305,0.31271245613061516,0.31359948864004566,0.31442295879510873,0.31519246934041606,0.3159158868449476,0.3166141527918301,0.3172777454063309,0.31791136976472056,0.3185190600405292,0.3191043034667212,0.3196870482962342,0.3202523912739704,0.32080270834356445,0.32134010521716794,0.32186645718792245,0.32270885090131146,0.3235316390637874,0.3243365397073506,0.32512509980369364,0.32589871606862275,0.3266586526923655,0.32740605653205745,0.3281419701953391,0.3288673433607593,0.3295830426155595,0.3302898600400798,0.3309885207272585,0.3316796893930716,0.3323639762075097,0.3330419419544054,0.33371410261109186,0.33438093342465947,0.33504287254988024,0.33570032430417146,0.3363536620869148,0.33700323100370994,0.33764935023049086,0.33829231514766994,0.3389323992704458,0.3395698559979959,0.34020492020135334,0.34083780966728294,0.34146872641333115,0.34209785788738734,0.34272537806350734,0.343351448444376,0.34397621897959685,0.34459982890795626,0.3452224075309076,0.34584407492373015,0.34646494259012195,0.3470851140653792,0.34770468547277633,0.3483237460372899,0.34894237856038784,0.34956065985923956,0.35017866117336727,0.3507964485414724,0.35141408315090755,0.3520316216620294,0.35264911650946634,0.3532666161821406,0.35388416548372703,0.35450180577507007,0.35511957519995635,0.3557375088955102,0.3563556391883757,0.35697399577774724,0.3575926059062203,0.35821149451935835
97,0.31788088315118085,0.3265664407628133,0.329529296532593,0.3315702521798379,0.3331431984700745,0.3344233258184688,0.33533092586655056,0.336095679328706,0.33675083494310937,0.3373193258521568,0.33781773107085544,0.3382647835763731,0.3386635558519029,0.33902163105629407,0.339345111619009,0.3396389885493478,0.3399209509607497,0.34018056560879334,0.3404208008293724,0.3406441968628842,0.3408529451863057,0.3410655052019552,0.3412666069656528,0.3414577331265553,0.3416401945863249,0.34181515588642747,0.34231518042320785,0.3428030125258381,0.3432797102813148,0.3437462250705172,0.3442034146772474,0.3446520544457952,0.34509284682928776,0.3455264296023092,0.34595338295799927,0.34637423566818265,0.34678947045228176,0.347199528674721,0.34760481446972286,0.34800569837565254,0.3484025205475138,0.34879559360516366,0.349185205165774,0.34957162010163506,0.3499550825582378,0.35033581776246103,0.3507140336464187,0.3510899223089451,0.3514636613336776,0.35183541498015486,0.3522053352621836,0.3525735629258891,0.3529402283382947,0.35330545229592547,0.35366934676177747,0.3540320155379929,0.3543935548807192,0.3547540540628833,0.3551135958899576,0.3554722571732316,0.3558301091646024,0.3561872179564694,0.35654364484993045,0.3568994466941467,0.35725467619944534,0.35760938222646865,0.35796361005344607,0.35831740162346226,0.3586707957734102,0.3590238284461572,0.35937653288730725,0.35972893982781184,0.36008107765356917,0.3604329725630446,0.36078464871385485,0.3611361283591732,0.36148743197473854,0.3618385783771828,0.36218958483433056,0.362540467168069,0.3628912398503367
98,0.33462218242745617,0.34905726894532474,0.3541307372781038,0.35760967725921,0.36025056666569255,0.36235107734382105,0.3638615214013117,0.3650540602440844,0.36599403545328,0.36672743893315995,0.3672881374609785,0.36771247518472316,0.36801075859541565,0.3681990730073816,0.36829051063023677,0.3682958849849004,0.3682518578845201,0.3681395088424111,0.3679652650103011,0.36773465054013577,0.36745244673305505,0.3671618230028627,0.3668284772444998,0.36645554571087113,0.366045800309725,0.3656017009482126,0.3660031898812031,0.3663947482390586,0.3667772355156995,0.36715142418913255,0.3675180104450023,0.3678776233000847,0.36823083240681614,0.36857815476340416,0.36892006051026655,0.36925697795931106,0.36958929797561574,0.36991737780968054,0.37024154446132773,0.3705620976425839,0.37087931239575306,0.37119344141383037,0.3715047171029947,0.3718133534208182,0.37211954751878484,0.37242348121351665,0.37272532230761174,0.3730252257780585,0.37332333484773017,0.37361978195336926,0.3739146896217105,0.3742081712638801,0.3745003318969251,0.37479126880022584,0.37508107211359615,0.3753698253830624,0.37565760605960163,0.3759444859555151,0.37623053166257436,0.37651580493561804,0.37680036304487213,0.37708425909991056,0.37736754234786285,0.37765025844820305,0.3779324497262103,0.3782141554069808,0.3784954118316809,0.3787762526575647,0.37905670904313066,0.37933680981965834,0.3796165816502516,0.3798960491774053,0.38017523516002233,0.38045416060071974,0.3807328448641898,0.3810113057873132,0.38128955978165874,0.381567621928951,0.3818455060700365,0.3821232248878325,0.382400789984707
99,0.33092227272150754,0.3552018959543219,0.36426699767585957,0.3707846623268628,0.3759764628591545,0.3803202344853888,0.38402367435213375,0.38726235194858405,0.390135048060316,0.3927108644129065,0.3950404123896286,0.39716474260906176,0.39911145063124287,0.40090436393466744,0.40256282308255525,0.4041027663587425,0.40554535585151696,0.4068945412576454,0.40815984962020696,0.4093494634940143,0.4104704614366782,0.4115409705126958,0.4125550465376118,0.4135174077954941,0.4144322246104782,0.4153031979176757,0.4164180810293754,0.4175070889144632,0.4185724904407332,0.4196163287438038,0.4206404486644077,0.421646520133258,0.42263605821022715,0.42361044034313644,0.4245709213017685,0.42551864615691565,0.4264546616066326,0.4273799258981314,0.42829531755077216,0.42920164305099723,0.4300996436620145,0.43099000146818517,0.43187334475533873,0.4327502528128173,0.4336212602302689,0.4344868607515906,0.43534751073953715,0.4362036322970644,0.43705561608519455,0.43790382387187987,0.4387485908418335,0.43959022769345135,0.44042902254566507,0.4412652426747488,0.44209913609867585,0.4429309330245307,0.44376084717267006,0.44458907698975586,0.44541580676141357,0.44624120763407615,0.44706543855453523,0.447888647134798,0.44871097044905284,0.4495325357688325,0.4503534612418461,0.45117385651938946,0.451993823336767,0.45281345605070983,0.45363284213740196,0.4544520626543722,0.4552711926692095,0.4560903016577798,0.45690945387438114,0.457728708696051,0.45854812094304115,0.45936774117730184,0.46018761598065017,0.4610077882141594,0.4618282972601708,0.462649179248213,0.4634704672660116
100,0.3596346095395619,0.3820580410753645,0.390084688435332,0.3957642986473315,0.40024380500799583,0.4039678752103606,0.40688133243665475,0.4094201283524296,0.4116701713396287,0.4136909473391326,0.41552562135693993,0.41721681172069724,0.41877901937286544,0.42023218616718633,0.421592412015303,0.4228729060662243,0.42410568193782194,0.4252781147129925,0.42639812165637836,0.4274724979285687,0.42850712268865876,0.4295319147193539,0.43052565642837665,0.43149235177144873,0.4324355512380889,0.43335841829000626,0.43474289832663676,0.4360959254075086,0.43742027130255845,0.43871843364192703,0.4399926690859469,0.44124502161235596,0.4424773467702665,0.4436913325806816,0.4448885176316797,0.44607030681335147,0.44723798505631596,0.4483927293730722,0.449535619449773,0.4506676469943903,0.4517897240135111,0.45290269016250057,0.45400731929122384,0.45510432528893957,0.4561943673165885,0.4572780545018934,0.4583559501619831,0.4594285756092655,0.4604964135887023,0.46155991138822033,0.46261948365855965,0.46367551497420884,0.46472836216311286,0.46577835642943355,0.4668258052907057,0.4678709943482079,0.46891418890716885,0.4699556354615334,0.47099556305635165,0.4720341845394105,0.4730716977124651,0.4741082863913143,0.47514412138299456,0.47617936138750155,0.47721415383070204,0.47824863563441256,0.47928293392904564,0.48031716671367974,0.48135144346795433,0.48238586571976183,0.48342052757234383,0.484455516194059,0.4854909122737951,0.486526790444728,0.4875632196788885,0.4886002636547846,0.4896379811001275,0.49067642611153617,0.4917156484529356,0.4927556938342183,0.4937966041716143
