Age,2020,2021,2022,2023,2024,2025,2026,2027,2028,2029,2030,2031,2032,2033,2034,2035,2036,2037,2038,2039,2040,2041,2042,2043,2044,2045,2046,2047,2048,2049,2050,2051,2052,2053,2054,2055,2056,2057,2058,2059,2060,2061,2062,2063,2064,2065,2066,2067,2068,2069,2070,2071,2072,2073,2074,2075,2076,2077,2078,2079,2080,2081,2082,2083,2084,2085,2086,2087,2088,2089,2090,2091,2092,2093,2094,2095,2096,2097,2098,2099,2100
0,0.001627904827512454,0.0019768869414972853,0.002120984260759131,0.002230485441204484,0.0023219127362489123,0.0024017633692972338,0.0024734171415796598,0.0025389084564893943,0.0025995788187422246,0.0026563699915054377,0.0027099739732855035,0.0027609171656553266,0.002809611019000361,0.002856384216404258,0.0029015040443743536,0.0029451911062068474,0.0029876297636055055,0.003028975740110963,0.0030693617817973825,0.003108901953469682,0.003147694954676116,0.003185826717506797,0.0032233724687894625,0.003260398386534904,0.00329696294463162,0.0033331180149392932,0.003368909778397356,0.0034043794841920215,0.0034395640868750527,0.00347449678457797,0.0035092074764240984,0.0035437231534318726,0.003578068234294833,0.00361226485518062,0.003646333120946396,0.003680291323797748,0.0037141561343345827,0.003747942769063386,0.00378166513776165,0.0038153359735199964,0.0038489669478317225,0.003882568772727008,0.003916151291642496,0.003949723560463763,0.003983293919967669,0.004016870060716067,0.004050459081305089,0.004084067540750284,0.004117701505683178,0.0041513665929459554,0.004185068008095225,0.004218810580261247,0.004252598793753554,0.004286436816756233,0.004320328527414942,0.0043542775375823165,0.004388287214457391,0.004422360700328011,0.004456500930601638,0.004490710650289639,0.004524992429092084,0.004559348675214556,0.004593781648034366,0.004628293469721608,0.0046628861359094935,0.004697561525499029,0.0047323214096744864,0.004767167460198642,0.0048021012570501455,0.004837124295459226,0.004872237992392768,0.004907443692534967,0.004942742673805448,0.0049781361524529584,0.005013625287759333,0.005049211186385188,0.0050848949063861835,0.0051206774609260566,0.005156559821710393,0.005192542922163048,0.005228627660365288
1,0.00031924875712210156,0.0003716537107892087,0.0003926895921314648,0.00040846719915318627,0.0004215117943159929,0.00043281346832431676,0.0004428855815222014,0.00045203606980964657,0.0004604672587403517,0.00046832066492703443,0.0004756998913017815,0.00048268346062184945,0.0004893325275120408,0.0004956957722109772,0.0005018126450981929,0.0005077155968214989,0.0005134316582045353,0.0005189835886248829,0.0005243907293637174,0.0005296696500009308,0.0005348346463429316,0.0005398981297151259,0.0005448709353579783,0.0005497625696313983,0.0005545814102763892,0.0005593348702043373,0.0005640295326203805,0.0005686712633786573,0.0005732653050794221,0.0005778163563952135,0.000582328639350084,0.0005868059566998459,0.0005912517411219174,0.0005956690975848721,0.0006000608400046796,0.0006044295230883276,0.0006087774701024949,0.0006131067971751353,0.000617419434633757,0.0006217171458002029,0.0006260015435935115,0.0006302741052367456,0.0006345361853179088,0.0006387890274172941,0.000643033774482279,0.000647271478104436,0.0006515031068319867,0.0006557295536321973,0.0006599516426028346,0.0006641701350186092,0.0006683857347873668,0.0006725990933812396,0.0006768108142997904,0.0006810214571151606,0.0006852315411431907,0.0006894415487792535,0.0006936519285330008,0.0006978630977923145,0.0007020754453433004,0.0007062893336701931,0.0007105051010564025,0.0007147230635056634,0.0007189435165001981,0.0007231667366110566,0.0007273929829742016,0.000731622498644544,0.0007358555118388843,0.000740092237077632,0.000744332876234208,0.0007485776195001692,0.0007528266462733158,0.0007570801259753628,0.0007613382188051418,0.0007656010764327327,0.0007698688426394471,0.0007741416539081257,0.0007784196399678205,0.0007827029242965642,0.0007869916245856106,0.0007912858531682266,0.0007955857174158572
2,0.00016415388732077488,0.00019309408654792385,0.00020479202831393892,0.0002135941409009953,0.00022088914333419555,0.00022722194008538836,0.00023287529898026327,0.00023801898499741962,0.0002427646404243483,0.0002471904243298196,0.0002513536079899142,0.0002552976372801185,0.0002590563781558796,0.00026265681166708,0.000266120821448858,0.0002694664228705078,0.00027270863419470584,0.00027586011008146185,0.00027893161256153215,0.00028193236796201116,0.00028487034198725693,0.00028775245489191846,0.0002905847520266028,0.0002933725406137689,0.0002961205006073821,0.0002988327754088619,0.00030151304674446377,0.0003041645969576217,0.00030679036120498545,0.00030939297148108104,0.00031197479397574183,0.00031453796095078757,0.0003170843980800208,0.0003196158480098738,0.0003221338907527945,0.00032463996141157204,0.00032713536564277793,0.0003296212931957835,0.00033209882980630924,0.0003345689676770442,0.0003370326147401466,0.0003394906028656415,0.00034194369515440414,0.00034439259243351675,0.0003468379390544422,0.00034928032807997664,0.0003517203059338515,0.0003541583765766352,0.00035659500526301254,0.0003590306219282018,0.00036146562424507663,0.0003639003803882674,0.000366335231536967,0.00036877049414428407,0.00037120646199761764,0.00037364340809162554,0.0003760815863328501,0.0003785212330928679,0.000380962568624938,0.00038340579835744625,0.00038585111407599777,0.00038829869500473034,0.0003907487087962923,0.0003932013124389476,0.0003956566530883895,0.00039811486883107634,0.0004005760893852172,0.00040304043674492215,0.00040550802577250106,0.0004079789647434013,0.0004104533558478555,0.00041293129565291535,0.0004154128755282177,0.0004178981820385033,0.00042038729730564927,0.0004228802993427132,0.00042537726236227335,0.0004278782570611409,0.00043038335088334316,0.0004328926082631033,0.00043540609084940927
3,0.00014590248182607505,0.00016622712917375724,0.0001742684066138699,0.0001802594328366651,0.00018518788063571283,0.00018944032987068234,0.00019321686127627097,0.00019663726866469704,0.0001997801122111763,0.00020270023666648206,0.0002054377178926053,0.00020802287408232172,0.00021047927484208907,0.00021282564907433994,0.00021507714880311495,0.00021724621708094023,0.00021934320226970862,0.00022137680410594875,0.00022335440483745527,0.00022528231979707252,0.000227165990223553,0.00022901013385578865,0.0002308188641069901,0.0002325957854910751,0.0002343440708459686,0.00023606652442568327,0.0002377656338951403,0.00023944361351842572,0.00024110244029098963,0.0002427438843683819,0.00024436953484738055,0.0002459808217314949,0.0002475790347421699,0.00024916533950562606,0.00025074079154319297,0.00025230634841299777,0.0002538628802877083,0.00025541117920275754,0.0002569519671691871,0.0002584859033127817,0.00026001359017477935,0.000261535579287937,0.0002630523761240576,0.0002645644444945194,0.0002660722104732498,0.00026757606590153694,0.00026907637152564004,0.00027057345981108035,0.00027206763747153484,0.00027355918774518814,0.000275048372447109,0.000276535433822547,0.0002780205962229144,0.00027950406762352497,0.00028098604099984154,0.0002824666955769816,0.0002839461979655076,0.0002854247031950076,0.00028690235565567566,0.00028837928995695614,0.0002898556317113085,0.000291331498250282,0.0002928069992793195,0.0002942822374770263,0.00029575730904404264,0.0002972323042061416,0.0002987073076756874,0.00030018239907519105,0.0003016576533263234,0.0003031331410074138,0.000304608928682181,0.00030608507920217276,0.00030756165198515665,0.0003090387032715008,0.0003105162863603908,0.0003119944518275618,0.0003134732477260752,0.00031495271977152376,0.0003164329115129455,0.0003179138644905848,0.00031939561838157645
4,0.000144281559051063,0.00016046183705136085,0.00016676039044183195,0.00017141805231918434,0.0001752281663621653,0.00017850061318778343,0.0001813954382054875,0.00018400825918910726,0.00018640164659440773,0.0001886191889099198,0.00019069266987428572,0.00019264608512042203,0.0001944980518111377,0.00019626333495971306,0.00019795385747227668,0.00019957939304226502,0.00020114805602838414,0.00020266665678629644,0.00020414096514838114,0.00020557590957004574,0.000206975730196641,0.00020834409826841552,0.00020968421050064653,0.0002109988645668772,0.00021229052011082769,0.0002135613485346606,0.00021481327398171742,0.0002160480073380605,0.0002172670746459049,0.00021847184100451457,0.00021966353079751552,0.00022084324490717332,0.00022201197544026766,0.0002231706183856219,0.00022431998454215896,0.0002254608089927763,0.00022659375934915016,0.0002277194429526894,0.00022883841318489969,0.00022995117501467552,0.0002310581898891511,0.000232159880057705,0.00023325663240475144,0.00023434880185541554,0.0002354367144086632,0.00023652066984449527,0.00023760094414518516,0.00023867779166495282,0.00023975144707777472,0.0002408221271290373,0.00024189003221337702,0.00024295534779815393,0.00024401824570956132,0.0002450788852962409,0.0002461374144834708,0.0002471939707294152,0.00024824868189357444,0.00024930166702638964,0.0002503530370879356,0.00025140289560274124,0.00025245133925699554,0.00025349845844371317,0.0002545443377608329,0.0002555890564666973,0.0002566326888968829,0.0002576753048459639,0.00025871696991739876,0.00025975774584442604,0.00026079769078456893,0.00026183685959007164,0.00026287530405639896,0.0002639130731506915,0.00026495021322191047,0.00026598676819423935,0.0002670227797451555,0.0002680582874694656,0.0002690933290304738,0.0002701279402993502,0.0002711621554836681,0.0002721960072459958,0.00027322952681334994
5,0.00013051155266879908,0.00014356291244132718,0.00014860601808891583,0.00015232262346657972,0.00015535516380457123,0.00015795432784971862,0.00016024946121124108,0.00016231776302868094,0.00016420970066492372,0.00016596039673585412,0.0001675954372910494,0.00016913412091174918,0.00017059140701911182,0.00017197914940734945,0.00017330691214208967,0.00017458252899385269,0.00017581249875786776,0.00017700227184953488,0.00017815646270399912,0.0001792790102287918,0.0001803733010638449,0.0001814422656825901,0.00018248845431109625,0.00018351409761372333,0.00018452115571790547,0.00018551135819893776,0.00018648623697551433,0.00018744715358724528,0.00018839532197719735,0.00018933182764624114,0.00019025764385504024,0.0001911736454056217,0.0001920806204248462,0.00019297928048780038,0.0001938702693536959,0.00019475417053563599,0.00019563151388519512,0.00019650278134063397,0.0001973684119618494,0.00019822880635444104,0.00019908433056848245,0.00019993531954387415,0.0002007820801629419,0.00020162489396166621,0.0002024640195432767,0.00020329969473155933,0.0002041321384958871,0.00020496155267551351,0.00020578812352689294,0.00020661202311460163,0.00020743341056372161,0.0002082524331892384,0.00020906922751604007,0.00020988392020139721,0.00021069662887036083,0.0002115074628732528,0.00021231652397333436,0.00021312390697180502,0.00021392970027645555,0.00021473398641958668,0.0002155368425301861,0.00021633834076480057,0.00021713854870106843,0.0002179375296974473,0.00021873534322231324,0.0002195320451552601,0.0002203276880631531,0.0002211223214532285,0.000221915992005298,0.00022270874378491583,0.00022350061843919256,0.0002242916553767615,0.00022508189193327742,0.0002258713635236858,0.00022666010378238734,0.00022744814469232276,0.00022823551670390603,0.0002290222488446484,0.00022980836882024338,0.00023059390310781625,0.00023137887704196988
6,0.00014599430286492545,0.0001592037597057195,0.00016427810831201757,0.0001680076660218592,0.00017104462119488256,0.00017364326470274696,0.0001759346955003835,0.000177997096447026,0.0001798815373847803,0.0001816235324959179,0.00018324893340084097,0.0001847772246133536,0.0001862234989316996,0.0001875997076490334,0.00018891548716206864,0.00019017872552236207,0.00019139596262268227,0.0001925726802001484,0.00019371351667080725,0.00019482242935273456,0.0001959028190327821,0.00019695762704477726,0.00019798941192760257,0.00019900041067523848,0.0001999925881963462,0.00020096767763654947,0.00020192721353764435,0.00020287255932227062,0.00020380493023997235,0.00020472541265112955,0.00020563498033195947,0.00020653450833816588,0.00020742478485390945,0.00020830652136750224,0.00020918036144906247,0.00021004688835357153,0.00021090663163193026,0.00021176007290014956,0.00021260765089082246,0.00021344976589010424,0.00021428678364646714,0.00021511903882365428,0.0002159468380589453,0.00021677046267848095,0.00021759017111367722,0.00021840620105631858,0.00021921877138454055,0.00022002808388740675,0.00022083432481197215,0.000221637666253527,0.00022243826740696133,0.00022323627569489408,0.00022403182778619609,0.0002248250505168547,0.00022561606172364946,0.00022640497099984995,0.00022719188038105299,0.00022797688496832853,0.00022876007349502243,0.00022954152884284123,0.0002303213285122207,0.00023109954505142944,0.00023187624644837543,0.00023265149648866562,0.00023342535508308224,0.00023419787856732749,0.00023496911997658023,0.00023573912929715873,0.0002365079536973558,0.0002372756377392966,0.00023804222357350926,0.0002388077511177069,0.00023957225822116647,0.00024033578081593716,0.00024109835305600202,0.00024186000744541686,0.00024262077495635595,0.00024338068513789733,0.0002441397662163244,0.00024489804518764037,0.00024565554790292795
7,0.00016318544929904598,0.00016904970569197488,0.00017122555249570015,0.00017279949452061015,0.00017406592183144475,0.00017513903574255854,0.00017607741980297132,0.00017691584035293425,0.00017767689847023217,0.00017837623793373592,0.00017902519500374864,0.0001796322768838803,0.00018020404591673398,0.0001807456778653833,0.00018126133014572014,0.00018175439359050387,0.00018222766984115707,0.00018268349957451457,0.00018312385725220424,0.00018355042248414025,0.00018396463468666317,0.00018436773557038355,0.00018476080260547962,0.00018514477569290096,0.00018552047864731156,0.00018588863666756645,0.00018624989066817508,0.0001866048091292239,0.00018695389796561748,0.0001872976088014485,0.00018763634594970864,0.00018797047233315073,0.00018830031453313646,0.00018862616711571415,0.00018894829635502188,0.000189266943451357,0.0001895823273233122,0.00018989464703914535,0.0001902040839411943,0.0001905108035079807,0.00019081495699126638,0.00019111668285928202,0.00019141610807243688,0.0001917133492137365,0.00019200851349280526,0.0001923016996396045,0.00019259299870162346,0.00019288249475636545,0.0001931702655493138,0.00019345638306618264,0.00019374091404707357,0.0001940239204491726,0.00019430545986375914,0.00019458558589258325,0.00019486434848802164,0.00019514179426090669,0.00019541796675943187,0.00019569290672215927,0.00019596665230778155,0.00019623923930400154,0.0001965107013176198,0.00019678106994768695,0.00019705037494338024,0.00019731864434807748,0.00019758590463094585,0.00019785218080723031,0.00019811749654829306,0.00019838187428235593,0.000198645335286797,0.00019890789977276816,0.00019916958696282412,0.0001994304151621864,0.00019969040182420418,0.0001999495636105218,0.00020020791644640977,0.00020046547557168285,0.00020072225558757464,0.00020097827049992052,0.0002012335337589533,0.00020148805829600083,0.0002017418565573401
8,0.00014226272689959001,0.00014732770252415514,0.00014920657769510048,0.00015056556363970307,0.00015165895077854586,0.00015258538143284668,0.0001533954559776955,0.00015411920219905812,0.0001547761401138568,0.0001553797804853216,0.0001559399136067712,0.00015646388632401662,0.00015695736574829693,0.00015742482145741473,0.00015786984354185346,0.00015829536005254767,0.0001587037902111179,0.0001590971551553147,0.00015947715976977615,0.00015984525431845146,0.00016020268164883535,0.0001605505138850179,0.00016088968132828502,0.000161220995489978,0.00016154516764355662,0.00016186282391137175,0.00016217451764053277,0.00016248073963569024,0.00016278192668131217,0.0001630784686866547,0.00016337071471269577,0.00016365897808468883,0.0001639435407516848,0.00016422465702191336,0.00016450255677773765,0.00016477744825424209,0.00016504952045002147,0.0001653189452264549,0.00016558587914191987,0.0001658504650595134,0.0001661128335604473,0.00016637310419008705,0.00016663138655933834,0.00016688778132059443,0.0001671423810345397,0.00016739527094172116,0.0001676465296507762,0.0001678962297535242,0.00016814443837572253,0.00016839121767108097,0.00016863662526512147,0.00016888071465461042,0.00016912353556754612,0.0001693651342880645,0.00016960555395007797,0.00016984483480300203,0.00017008301445251505,0.00017032012807895592,0.00017055620863566022,0.00017079128702926217,0.00017102539228377756,0.00017125855169006901,0.0001714907909421184,0.0001717221342613895,0.0001719526045104109,0.00017218222329660373,0.00017241101106726226,0.000172638987196511,0.00017286617006496906,0.00017309257713278646,0.00017331822500664976,0.00017354312950129073,0.00017376730569598875,0.0001739907679865014,0.00017421353013282405,0.00017443560530313554,0.0001746570061142594,0.00017487774466893322,0.00017509783259015817,0.00017531728105287412,0.00017553610081317848
9,0.00013846172484001127,0.00014391313945715203,0.0001459403552937897,0.0001474082903093523,0.00014859033323452617,0.0001495925751720534,0.00015046945742276308,0.00015125329860284662,0.0001519651151736505,0.00015261945850925576,0.00015322687633736564,0.00015379528632680078,0.00015433079769157544,0.00015483823003468834,0.0001553214556234546,0.00015578363344480575,0.00015622737414682495,0.00015665485928570487,0.00015706792945446583,0.00015746815067095704,0.000157856865233676,0.0001582352312604766,0.00015860425383613366,0.00015896480984041594,0.00015931766794967752,0.00015966350490527153,0.00016000291886104792,0.00016033644042141347,0.00016066454183583405,0.0001609876447086772,0.00016130612650370384,0.00016162032606261922,0.0001619305483115505,0.000162237068294343,0.00016254013464446528,0.00016283997258613044,0.00016313678653855334,0.0001634307623840324,0.00016372206944994622,0.00016401086224625882,0.00016429728199323133,0.00016458145796842757,0.0001648635086975125,0.00016514354300956957,0.0001654216609745262,0.00016569795473769854,0.000165972509264283,0.00016624540300482459,0.00016651670849114942,0.00016678649287097273,0.00016705481838828762,0.0001673217428157203,0.00016758731984423974,0.0001678515994349257,0.00016811462813692314,0.0001683764493752045,0.0001686371037113232,0.00016889662907997562,0.0001691550610038481,0.00016941243278895807,0.00016966877570243383,0.0001699241191344731,0.0001701784907460217,0.0001704319166035553,0.00017068442130218904,0.00017093602807822462,0.00017118675891211242,0.000171436634622725,0.00017168567495372877,0.00017193389865277503,0.00017218132354415602,0.00017242796659550552,0.00017267384397906934,0.0001729189711280259,0.0001731633627882809,0.00017340703306612876,0.00017364999547213526,0.00017389226296155938,0.00017413384797160898,0.00017437476245579369,0.00017461501791561567
10,0.00012591798299284234,0.00013243656039224554,0.0001348801842782367,0.00013665617186246046,0.00013809022648540072,0.0001393088947789315,0.00014037719171739536,0.00014133375742916742,0.00014220374737829413,0.00014300459759923316,0.0001437489600020839,0.00014444634128055883,0.00014510408375725703,0.0001457279851372934,0.00014632270758694352,0.0001468920576330203,0.00014743918352708843,0.00014796671801730254,0.00014847688392573963,0.00014897157372791825,0.00014945241055009718,0.00014992079562077255,0.00015037794567378083,0.0001508249227802041,0.00015126265839502878,0.00015169197292688906,0.00015211359180329596,0.0001525281587636621,0.0001529362469382971,0.00015333836814353832,0.00015373498072792472,0.0001541264962326047,0.00015451328507462604,0.00015489568141984834,0.00015527398737973685,0.00015564847664090113,0.00015601939761623236,0.00015638697619060307,0.00015675141812139726,0.00015711291114391666,0.00015747162682343502,0.00015782772218893615,0.00015818134117805184,0.00015853261591817342,0.00015888166786495636,0.00015922860881631241,0.00015957354181737914,0.00015991656196977073,0.00016025775715657503,0.0001605972086930093,0.00016093499191132654,0.00016127117668744757,0.00016160582791583235,0.0001619390059382873,0.00016227076693169803,0.00016260116325907405,0.00016293024378776373,0.00016325805417824574,0.00016358463714650674,0.00016391003270267514,0.00016423427836827475,0.0001645574093742079,0.00016487945884133948,0.00016520045794535685,0.00016552043606740026,0.00016583942093180337,0.00016615743873214098,0.00016647451424666387,0.00016679067094408807,0.00016710593108060784,0.00016742031578892075,0.00016773384515997246,0.00016804653831805895,0.0001683584134898718,0.00016866948806800182,0.0001689797786693837,0.0001692893011891101,0.0001695980708500057,0.00016990610224831859,0.00017021340939585237,0.00017052000575883377
11,0.0001442209152106362,0.00014789017565310092,0.00014924222248257116,0.00015021716488191817,0.0001509997659924301,0.0001516616227102139,0.00015223942510287015,0.0001527549249732595,0.00015322224910168088,0.00015365116646243217,0.00015404874978091699,0.00015442030216548285,0.0001547699110101014,0.00015510079755532747,0.0001554155473365447,0.00015571626766370752,0.00015600469852410185,0.0001562822927066522,0.00015655027497694455,0.00015680968662383453,0.0001570614195607169,0.0001573062428202014,0.00015754482341190417,0.00015777774293734733,0.00015800551096615577,0.00015822857590855989,0.00015844733393003768,0.00015866213631881597,0.00015887329561900312,0.00015908109077020528,0.00015928577144096848,0.00015948756170315083,0.00015968666316374237,0.00015988325764716287,0.00016007750950288344,0.0001602695675990102,0.00016045956705127573,0.0001606476307280078,0.00016083387056456134,0.00016101838871499058,0.00016120127856413024,0.00016138262561950207,0.00016156250829938893,0.0001617409986308922,0.0001619181628697054,0.0001620940620515953,0.00016226875248414222,0.00016244228618607324,0.00016261471128050948,0.00016278607234758086,0.00016295641074114012,0.00016312576487367985,0.0001632941704730374,0.00016346166081400622,0.00016362826692759962,0.000163794017790361,0.00016395894049584393,0.0001641230604101149,0.00016428640131293626,0.00016444898552607723,0.00016461083403005087,0.00016477196657042672,0.00016493240175473523,0.00016509215714088216,0.00016525124931788203,0.00016540969397964224,0.00016556750599244739,0.00016572469945672937,0.00016588128776364892,0.00016603728364696164,0.00016619269923059276,0.0001663475460723057,0.00016650183520380995,0.00016665557716762073,0.00016680878205095636,0.00016696145951692622,0.00016711361883324383,0.0001672652688986766,0.00016741641826742228,0.0001675670751715871,0.00016771724754192444
12,0.00016732888610961785,0.00016678333324933814,0.0001665861536191284,0.00016644521850555134,0.0001663328335326803,0.00016623830047156167,0.00016615615323657888,0.0001660831604872073,0.00016601722937207468,0.00016595691644214595,0.0001659011792663633,0.000165849238103662,0.00016580049333284129,0.00016575447341790966,0.00016571080065353692,0.0001656691677906298,0.00016562932159913516,0.00016559105100985596,0.00016555417836941372,0.00016551855286655673,0.00016548404550711536,0.00016545054521541287,0.00016541795576946973,0.00016538619336306775,0.00016535518464575756,0.00016532486513190676,0.00016529517789800078,0.00016526607250746115,0.00016523750411677696,0.00016520943272740386,0.000165181822555809,0.0001651546414999937,0.0001651278606853523,0.00016510145407618295,0.00016507539814186777,0.00016504967156881665,0.0001650242550109349,0.00016499913087266555,0.0001649742831197155,0.00016494969711339734,0.00016492535946521046,0.00016490125790882555,0.00016487738118708923,0.0001648537189520406,0.00016483026167622917,0.00016480700057388338,0.00016478392753068856,0.00016476103504110847,0.00016473831615233494,0.00016471576441407553,0.00016469337383349478,0.0001646711388347148,0.00016464905422235848,0.00016462711514868348,0.00016460531708391334,0.0001645836557894181,0.00016456212729344061,0.00016454072786910176,0.0001645194540144435,0.0001644983024343084,0.00016447727002386113,0.00016445635385359367,0.00016443555115566464,0.00016441485931144347,0.00016439427584014424,0.00016437379838844086,0.00016435342472097497,0.00016433315271167212,0.00016431298033578928,0.0001642929056626288,0.0001642729268488559,0.0001642530421323688,0.00016423324982666664,0.00016421354831567834,0.00016419393604900345,0.00016417441153753734,0.00016415497334943985,0.0001641356201064249,0.00016411635048033783,0.00016409716318999896,0.00016407805699829203
13,0.00010788080690640822,0.0001125544233561931,0.00011429687714810689,0.00011556009918080328,0.00011657819787816698,0.00011744205703843382,0.00011819833198899514,0.00011887472953561916,0.0001194892736101469,0.00012005444795758482,0.00012057930458708262,0.00012107064058144725,0.00012153370212489336,0.00012197262917796441,0.00012239074887860583,0.00012279077621366944,0.00012317495546116953,0.00012354516246750426,0.00012390298024920102,0.00012424975595513074,0.0001245866445101144,0.00012491464255282348,0.0001252346151762171,0.00012554731724664334,0.0001258534105817801,0.00012615347792498263,0.00012644803441269316,0.0001267375370594143,0.00012702239265991868,0.00012730296441663098,0.00012757957753185243,0.0001278525239531324,0.00012812206642102053,0.00012838844193842987,0.00012865186475758807,0.00012891252896237728,0.00012917061070954515,0.00012942627018090413,0.00012967965328955616,0.00012993089317586747,0.00013018011152300953,0.0001304274197170614,0.000130672919872729,0.0001309167057424916,0.00013115886352430307,0.00013139947258074543,0.00013163860608067157,0.00013187633157281706,0.00013211271149954308,0.0001323478036577723,0.00013258166161323156,0.00013281433507332166,0.00013304587022324943,0.00013327631002947455,0.00013350569451401785,0.00013373406100275142,0.0001339614443504128,0.00013418787714476323,0.00013441338989202898,0.00013463801118552163,0.0001348617678591173,0.00013508468512709045,0.0001353067867116313,0.00013552809495923706,0.0001357486309470354,0.00013596841457999093,0.0001361874646798434,0.0001364057990665454,0.00013662343463287916,0.0001368403874128771,0.0001370566726445968,0.0001372723048277555,0.00013748729777667687,0.00013770166466895852,0.00013791541809023345,0.00013812857007536108,0.00013834113214634982,0.0001385531153472943,0.00013876453027657172,0.00013897538711653339,0.0001391856956608919
14,0.00017749979202026414,0.00017605122893195403,0.0001755294292704975,0.00017515704114678173,0.00017486043094013093,0.00017461117019850262,0.00017439474152227706,0.0001742025671022185,0.00017402909399991413,0.00017387049408911003,0.00017372400398103012,0.0001735875575136903,0.0001734595664344473,0.0001733387822240238,0.00017322420515812053,0.0001731150222692712,0.0001730105637319846,0.0001729102714059831,0.00017281367564373894,0.00017272037786098348,0.000172630037216644,0.00017254236028129314,0.00017245709291720685,0.00017237401382081755,0.00017229292933237535,0.00017221366922388594,0.00017213608325100012,0.00017206003830777896,0.00017198541606179793,0.0001719121109753483,0.00017184002863951267,0.00017176908436368192,0.00017169920197508142,0.0001716303127920657,0.00017156235474206466,0.00017149527160061304,0.0001714290123322742,0.00017136353051771933,0.0001712987838540003,0.00017123473371726336,0.000171171344778954,0.00017110858466801588,0.000171046423672779,0.0001709848344772222,0.00017092379192708553,0.00017086327282200088,0.0001708032557303526,0.00017074372082405266,0.00017068464973081596,0.0001706260254018379,0.00017056783199307363,0.00017051005475854722,0.00017045267995432014,0.00017039569475193678,0.00017033908716029538,0.00017028284595503343,0.00017022696061462744,0.00017017142126249133,0.0001701162186144586,0.00017006134393108687,0.0001700067889743014,0.00016995254596794185,0.00016989860756182288,0.00016984496679896917,0.00016979161708571432,0.00016973855216439126,0.0001696857660883681,0.00016963325319920892,0.00016958100810576267,0.00016952902566500468,0.00016947730096446647,0.00016942582930611522,0.00016937460619155054,0.00016932362730840236,0.0001692728885178232,0.0001692223858429802,0.00016917211545846209,0.00016912207368051653,0.00016907225695805313,0.00016902266186434467,0.00016897328508936666
15,0.00014542527641245407,0.00015116599942199518,0.0001533009453662716,0.00015484693733519995,0.0001560918640491239,0.00015714744463668956,0.00015807100903241604,0.00015889659099910244,0.00015964632255069662,0.00016033552758815708,0.00016097531391210684,0.00016157401968155404,0.00016213807860959262,0.00016267256633797388,0.00016318156087593956,0.00016366838907733795,0.0001641358003368269,0.00016458609216678003,0.00016502120300458033,0.0001654427821253809,0.0001658522431982965,0.00016625080592477237,0.0001666395288403668,0.0001670193354615527,0.00016739103534978402,0.00016775534124416108,0.0001681128831180789,0.00016846421980378984,0.00016880984867549803,0.00016915021376893852,0.0001694857126315759,0.0001698167021344909,0.0001701435034290448,0.00017046640619460164,0.0001707856722950257,0.00017110153893937704,0.0001714142214246582,0.00017172391552451095,0.00017203079957662745,0.00017233503631267275,0.0001726367744672595,0.00017293615019661152,0.00017323328833271576,0.000173528303494786,0.00017382130107657085,0.00017411237812530532,0.0001744016241258229,0.00017468912170144152,0.00017497494724161316,0.0001752591714649878,0.0001755418599253748,0.00017582307346711537,0.00017610286863553836,0.00017638129804745732,0.00017665841072605625,0.00017693425240397246,0.00017720886579793786,0.00017748229085793625,0.00017775456499349653,0.00017802572327943388,0.00017829579864310225,0.00017856482203497623,0.00017883282258420035,0.000179099827740548,0.00017936586340409094,0.00017963095404374224,0.0001798951228057044,0.00018015839161276547,0.00018042078125527202,0.00018068231147454287,0.00018094300103939275,0.00018120286781638962,0.00018146192883439091,0.00018172020034386396,0.00018197769787144008,0.00018223443627011924,0.0001824904297654879,0.0001827456919982971,0.00018300023606370364,0.00018325407454745213,0.00018350721955925607
16,0.00014188980952941805,0.00015371610455492313,0.000158239041823447,0.00016155656213349593,0.00016425387452694397,0.00016655901377566872,0.0001685894704548586,0.00017041526905937717,0.00017208212271963995,0.00017362180176473476,0.0001750574192896443,0.00017640638608222526,0.00017768218139814227,0.00017889547334829075,0.0001800548594517278,0.0001811673740505585,0.00018223884661367948,0.0001832741613068547,0.00018427744922099704,0.00018525223347830603,0.00018620154061925465,0.0001871279873812495,0.00018803384920140713,0.00018892111493275867,0.00018979153101350544,0.00019064663746479565,0.00019148779748425697,0.00019231622196746965,0.0001931329899737771,0.0001939390659205109,0.00019473531411667752,0.00019552251111679814,0.00019630135627634406,0.00019707248081391303,0.00019783645562608773,0.00019859379805460913,0.0001993449777689493,0.00020009042189835917,0.00020083051952422723,0.000201565625624892,0.00020229606454988917,0.00020302213308825566,0.00020374410318540096,0.0002044622243546934,0.0002051767258230293,0.00020588781844388206,0.00020659569640654843,0.00020730053876627307,0.00020800251081654043,0.00020870176532196243,0.00020939844362774228,0.00021009267665963812,0.00021078458582656417,0.00021147428383645636,0.00021216187543472253,0.0002128474580734719,0.00021353112251873893,0.00021421295340208366,0.00021489302972220735,0.00021557142530158574,0.00021624820920256407,0.00021692344610687366,0.00021759719666208767,0.00021826951779817483,0.00021894046301696037,0.00021961008265702174,0.00022027842413628246,0.00022094553217433743,0.00022161144899634092,0.0002222762145201073,0.00022293986652790958,0.00022360244082431929,0.00022426397138130755,0.0002249244904716998,0.00022558402879198526,0.00022624261557538614,0.00022690027869600398,0.00022755704476479298,0.000228212939218038,0.00022886798639895574,0.0002295222096329832
17,0.00016840990030578823,0.00018072276620484474,0.00018540168264126876,0.00018882351685230606,0.0001915994986369609,0.0001939675854653838,0.000196050270050665,0.00019792049303503516,0.00019962582946046173,0.00020119931532881414,0.00020266496452319113,0.0002040408518478432,0.00020534095981599644,0.0002065763466356031,0.00020775591788736134,0.00020888695503036832,0.00020997548842941708,0.0002110265674670013,0.00021204446048549874,0.0002130328056455215,0.00021399472667396217,0.00021493292299777316,0.00021584974086179363,0.00021674723010709832,0.00021762718998354194,0.0002184912064695417,0.0002193406829383487,0.0002201768655568678,0.00022100086447418443,0.00022181367161507238,0.00022261617571363865,0.00022340917508660368,0.0002241933885424483,0.00022496946474331801,0.00022573799027499324,0.00022649949663210245,0.0002272544662877742,0.00022800333798677838,0.00022874651137706916,0.00022948435107523327,0.00023021719024560156,0.00023094533375997024,0.0002316690609943578,0.0002323886283105924,0.0002331042712633381,0.0002338162065672348,0.00023452463385384282,0.00023522973724390614,0.00023593168675694725,0.0002366306395772259,0.00023732674119257652,0.0002380201264204977,0.0002387109203340266,0.00023939923909836443,0.00024008519072787318,0.00024076887577188815,0.00024145038793679596,0.00024212981465095019,0.00024280723757823692,0.0002434827330854471,0.0002441563726680343,0.0002448282233383231,0.00024549834797981003,0.00024616680567078673,0.0002468336519801896,0.00024749893923827236,0.00024816271678442154,0.00024882503119421896,0.00024948592648761794,0.00025014544431993817,0.0002508036241572044,0.0002514605034372013,0.00025211611771750494,0.0002527705008116039,0.0002534236849141468,0.0002540757007162327,0.0002547265775115922,0.00025537634329442384,0.00025602502484957585,0.0002566726478357176,0.0002573192368620674
18,0.00015708604115501098,0.00017148113133163027,0.00017701490053416096,0.00018108346496307562,0.00018439729062624113,0.00018723341846160147,0.00018973469025406568,0.0001919863002682684,0.00019404390368813054,0.0001959462070581663,0.0001977213884158235,0.00019939068762177414,0.00020097055860371325,0.00020247403155868976,0.00020391161365102174,0.0002052919063740533,0.00020662204164858538,0.00020790799786650954,0.00020915483402829022,0.00021036686655103446,0.0002115478050417546,0.00021270085811466593,0.0002138288169545107,0.00021493412208741333,0.00021601891730135017,0.00021708509360748016,0.0002181343253938028,0.00021916810039336853,0.0002201877447050276,0.00022119444382198244,0.00022218926041278907,0.00022317314944073535,0.00022414697108668117,0.0002251115018475038,0.00022606744411017218,0.00022701543444503489,0.00022795605081738169,0.00022888981888095138,0.00022981721748873777,0.00023073868353364757,0.00023165461621305124,0.00023256538079621293,0.00023347131196122344,0.00023437271675787012,0.00023526987724445587,0.0002361630528395567,0.00023705248242384818,0.00023793838622221305,0.0002388209674921875,0.0002397004140413157,0.00024057689959298305,0.00024145058501778475,0.0002423216194453037,0.00024319014126932413,0.00024405627905790648,0.00024492015237836533,0.00024578187254601253,0.00024664154330448324,0.00024749926144456775,0.0002483551173676934,0.000249209195599505,0.0002500615752584098,0.00025091233048340887,0.0002517615308250903,0.0002526092416032411,0.0002534555242341822,0.0002543004365306063,0.000255144032976426,0.0002559863649788771,0.0002568274810999066,0.00025766742726868197,0.00025850624697686516,0.00025934398145815665,0.00026018066985345693,0.0002610163493628746,0.00026185105538569924,0.00026268482164934324,0.0002635176803281819,0.0002643496621531176,0.0002651807965126431,0.0002660111115460915
19,0.00022307634888472117,0.00023539694681029767,0.0002400258702934159,0.00024339353305254387,0.000246114897714728,0.0002484289773067005,0.0002504586076335947,0.00025227681643372527,0.0002539311608622866,0.0002554546141414502,0.00025687110916985646,0.0002581986342139983,0.000259451085880564,0.00026063944010954647,0.00026177252522890785,0.0002628575509775671,0.00026390048159326084,0.00026490630574553775,0.00026587923617929954,0.0002668228602219885,0.00026774025516554747,0.0002686340780399826,0.00026950663638791375,0.00027035994472198263,0.000271195770040916,0.0002720156688774883,0.0002728210177168079,0.00027361303816957674,0.00027439281795583185,0.0002751613285127139,0.00027591943985970287,0.0002766679332191939,0.00027740751178713835,0.00027813880996923495,0.0002788624013367232,0.0002795788055078083,0.0002802884941228788,0.00028099189605164187,0.00028168940194626485,0.0002823813682352776,0.0002830681206373272,0.0002837499572611434,0.0002844271513476059,0.00028509995370122154,0.00028576859485121206,0.00028643328697648836,0.00028709422562385835,0.00028775159124468655,0.000288405550571727,0.00028905625785491585,0.00028970385597241647,0.0002903484774310805,0.00029099024526867704,0.0002916292738686903,0.0002922656696971526,0.0002928995319698235,0.00029353095325703447,0.000294160020032668,0.00029478681317296945,0.0002954114084102663,0.00029603387674607447,0.00029665428482759693,0.00029727269529116336,0.00029788916707579625,0.00029850375570973235,0.00029911651357244926,0.00029972749013446607,0.00030033673217696945,0.0003009442839931016,0.00030155018757256326,0.00030215448277102325,0.0003027572074656886,0.00030335839769823707,0.0003039580878062251,0.00030455631054396217,0.0003051530971937539,0.00030574847766833295,0.0003063424806052282,0.0003069351334537371,0.0003075264625551292,0.0003081164932166316
20,0.00021858225657644403,0.00023935054570297854,0.0002473509500535613,0.0002532386821171854,0.0002580376589581106,0.00026214726349084677,0.00026577347564368575,0.0002690391818631605,0.0002720246833399015,0.0002747858426812447,0.0002773633383840904,0.0002797878408555045,0.00028208311560826594,0.00028426798760439827,0.00028635764027262875,0.00028836450601508394,0.00029029889534397125,0.0002921694528887595,0.0002939834952747045,0.0002957472663091684,0.0002974661329723965,0.0002991447381897118,0.00030078712149327947,0.0003023968154509718,0.0003039769235488312,0.0003055301836981781,0.00030705902047146967,0.0003085655884076662,0.00031005180817360686,0.00031151939696006444,0.00031296989418725394,0.000314404683365615,0.0003158250107832835,0.0003172320015575562,0.0003186266734835828,0.00032000994903204263,0.000321382665783309,0.0003227455855345017,0.00032409940227497603,0.0003254447491928244,0.00032678220484829936,0.0003281122986282777,0.0003294355155780464,0.00033075230069198994,0.00033206306273256037,0.0003333681776367988,0.0003346679915611923,0.00033596282360854766,0.00033725296827457013,0.0003385386976467747,0.0003398202633840456,0.00034109789850151104,0.0003423718189822504,0.0003436422252346807,0.0003449093034121469,0.00034617322660925986,0.0003474341559477916,0.00034869224156345457,0.0003499476235035768,0.00035120043254457045,0.0003524507909370844,0.0003536988130858758,0.00035494460617067235,0.00035618827071362487,0.0003574299010983645,0.00035866958604515565,0.00035990740904617716,0.000361143448764554,0.00036237777940040114,0.00036361047102682214,0.0003648415898985067,0.0003660711987353329,0.0003672993569831336,0.0003685261210535969,0.0003697515445450731,0.00037097567844590845,0.00037219857132177154,0.0003734202694883036,0.00037464081717030975,0.00037586025664859967,0.0003770786283954799
21,0.00018113042364903496,0.00020380870821473155,0.00021270640139073785,0.000219309943157599,0.00022472654851408237,0.00022938913510166616,0.00023352152531809427,0.00023725758030367018,0.00024068498824726802,0.00024386489891790202,0.0002468419468272216,0.00024964986301151637,0.0002523148431512402,0.0002548576820405484,0.00025729518677709335,0.00025964114671873565,0.0002619070196100249,0.00026410242953343833,0.00026623553634714175,0.00026831331507504646,0.00027034177077257836,0.00027232610623597995,0.00027427085463945997,0.00027617998567665557,0.00027805699140240624,0.0002799049563233258,0.00028172661512501483,0.0002835244005928114,0.00028530048367924655,0.0002870568072268126,0.0002887951145231792,0.00029051697361605496,0.0002922237981243855,0.0002939168651359692,0.00029559733066771465,0.0002972662430755566,0.0002989245547306453,0.0003005731322224014,0.0003022127653041559,0.00030384417476094405,0.00030546801934964345,0.00030708490193773094,0.0003086953749472595,0.0003102999451944804,0.00031189907820206893,0.00031349320204976546,0.00031508271081986255,0.0003166679676861215,0.0003182493076880817,0.0003198270402271018,0.0003214014513157231,0.00032297280560787147,0.0003245413482339441,0.0003261073064618417,0.0003276708912024421,0.0003292322983757988,0.0003307917101524199,0.00033234929608233027,0.00033390521412316447,0.00033545961157727496,0.0003370126259467368,0.0003385643857141645,0.0003401150110563967,0.0003416646144973732,0.00034321330150584875,0.00034476117104302297,0.0003463083160646381,0.0003478548239816427,0.000349400777083114,0.00035094625292476803,0.00035249132468606154,0.00035403606149861025,0.00035558052874837964,0.0003571247883538833,0.00035866889902240944,0.00036021291648611725,0.0003617568937196767,0.0003633008811409666,0.0003648449267962252,0.0003663890765309118,0.0003679333741474376
22,0.00019207223295369613,0.0002108689426317445,0.00021812255232061712,0.00022346500106820756,0.0002278221631372756,0.00023155526564779655,0.00023485065443355142,0.00023781952897913503,0.00024053457077980023,0.00024304635348865864,0.0002453917126223628,0.0002475984272165622,0.00024968802693596954,0.00025167756919276135,0.0002535808144882717,0.00025540903223289876,0.000257171570121451,0.000258876266875618,0.00026052975810396216,0.00026213770733524757,0.0002637049834816881,0.00026523579918693446,0.0002667338201094175,0.0002682022522691637,0.00026964391260398497,0.00027106128650988804,0.00027245657517517156,0.0002738317348269613,0.0002751885095073881,0.000276528458627525,0.00027785298027218253,0.0002791633310214159,0.00028046064289674073,0.00028174593791866235,0.00028302014066788775,0.0002842840891688493,0.00028553854435596764,0.00028678419833683176,0.0002880216816294516,0.0002892515695209142,0.00029047438767057835,0.0002916906170612511,0.0002929006983855981,0.00029410503594172824,0.00029530400110086097,0.00029649793540079627,0.0002976871533112288,0.0002988719447105255,0.00030005257710812657,0.0003012292976421699,0.00030240233487801855,0.0003035719004300569,0.00030473819042628345,0.00030590138683278767,0.0003070616586531154,0.0003082191630157028,0.00030937404616101653,0.0003105264443386656,0.00031167648462358555,0.0003128242856593532,0.00031396995833580897,0.0003151136064073661,0.0003162553270576976,0.00031739521141589005,0.00031853334502861236,0.0003196698082923853,0.0003208046768496011,0.0003219380219515936,0.00032306991079171895,0.0003242004068111144,0.00032532956997954237,0.00032645745705350534,0.00032758412181358994,0.000328709615282833,0.0003298339859277203,0.000330957279843285,0.0003320795409236481,0.0003332008110192014,0.00033432113008154666,0.00033544053629718814,0.0003365590662109038
23,0.00016294550195139362,0.0001865621280126221,0.00019593684483141543,0.00020293201535602357,0.0002086931195201725,0.00021366868379912757,0.0002180909476648248,0.0002220990191675689,0.00022578416443880242,0.00022921012629865874,0.00023242350259504064,0.00023545956040490107,0.00023834572791395735,0.00024110380883563941,0.00024375144958880418,0.0002463031470641656,0.0002487709620493063,0.00025116503740459415,0.0002534939828196456,0.0002557651660299587,0.0002579849369664624,0.00026015880285973494,0.00026229156684393274,0.00026438743896812003,0.0002664501260534323,0.0002684829051249265,0.0002704886839421318,0.00027247005128937555,0.0002744293190597532,0.0002763685577045253,0.00027828962627509757,0.00028019419802469435,0.00028208378233860344,0.00028395974360919074,0.0002858233175532922,0.00028767562537660536,0.00028951768611630736,0.000291350427434655,0.0002931746950895221,0.00029499126127003835,0.00029680083195483435,0.00029860405342536624,0.00030040151804624604,0.0003021937694075463,0.00030398130690998185,0.0003057645898621602,0.0003075440411492949,0.00030932005052452323,0.000311092977567025,0.0003128631543452639,0.0003146308878186472,0.000316396462006642,0.00031816013995074213,0.00031992216549152244,0.00032168276488032965,0.0003234421482428351,0.0003252005109096267,0.0003269580346272965,0.0003287148886619282,0.0003304712308055705,0.00033222720829510576,0.00033398295865191905,0.00033573861044984907,0.0003374942840181374,0.000339250092085378,0.0003410061403698593,0.0003427625281211451,0.0003445193486172518,0.0003462766896213578,0.0003480346338015836,0.0003497932591170533,0.00035155263917313845,0.00035331284354850323,0.0003550739380963397,0.0003568359852219541,0.000358599044138665,0.0003603631711038084,0.00036212841963647295,0.00036389484071844947,0.0003656624829797514,0.0003674313928699436
24,0.0001899771120480607,0.00021482304115699868,0.00022460367383491918,0.00023187364252495184,0.00023784375924520027,0.00024298764615895225,0.00024755027588833613,0.00025167822327463286,0.00025546754727522443,0.00025898526444847645,0.00026228031272143825,0.00026538969089579765,0.0002683421441966475,0.0002711605003696151,0.00027386321668540606,0.00027646544197057916,0.0002789797680325206,0.00028141677512526296,0.0002837854367335407,0.00028609342576640343,0.0002883473500929086,0.00029055293642945396,0.0002927151758071224,0.00029483844000874885,0.00029692657576018663,0.00029898298165698014,0.0003010106715371634,0.0003030123271011612,0.00030499034191877155,0.00030694685847636026,0.0003088837995544159,0.000310802894951805,0.0003127057043644053,0.0003145936370651611,0.00031646796890782584,0.00031832985707892954,0.0003201803529453007,0.0003220204132830942,0.00032385091012506346,0.0003256726394231733,0.0003274863286914344,0.00032929264376761557,0.0003310921948108949,0.0003328855416347622,0.00033467319845973515,0.0003364556381581733,0.0003382332960532187,0.00034000657332525203,0.0003417758400719889,0.00034354143806218277,0.0003453036832176502,0.00034706286785389734,0.00034881926270578486,0.0003505731187614095,0.0003523246689245453,0.00035407412952356495,0.00035582170168264654,0.00035756757256923924,0.00035931191653017946,0.0003610548961274441,0.0003627966630833257,0.0003645373591437461,0.00036627711686748496,0.0003680160603482826,0.00036975430587604517,0.0003714919625427481,0.0003732291327980496,0.00037496591295913987,0.00037670239367889214,0.00037843866037598814,0.00038017479363033153,0.00038191086954675546,0.00038364696008972947,0.0003853831333915411,0.00038711945403617113,0.0003888559833209047,0.00039059277949751893,0.00039232989799472395,0.0003940673916233958,0.0003958053107659913,0.00039754370355142056
25,0.00019601469499732341,0.00022128306775095935,0.00023121891534544811,0.0002386004602612756,0.0002446598649777018,0.00024987903577807294,0.0002545071941966988,0.0002586934354133405,0.0002625354556616399,0.0002661014037483498,0.00026944103721035094,0.0002725919691833401,0.0002755834181643359,0.00027843858465336445,0.0002811762248982096,0.0002838117312047002,0.0002863578962382038,0.0002888254677941901,0.00029122356045507505,0.0002935599669579236,0.0002958413976909827,0.0002980736676581523,0.00030026184436849647,0.0003024103662024317,0.0003045231381557224,0.0003066036100279275,0.00030865484082943126,0.00031067955225579574,0.000312680173405764,0.0003146588784240562,0.0003166176183808682,0.00031855814842154023,0.00032048205100760127,0.00032239075590705134,0.00032428555746485764,0.00032616762958523294,0.0003280380387787881,0.0003298977555652125,0.0003317476644721216,0.00033358857283037884,0.0003354212185334858,0.00033724627690192395,0.0003390643667714331,0.00034087605590612,0.0003426818658223346,0.00034448227609675094,0.00034627772822167223,0.0003480686290618046,0.0003498553539593511,0.00035163824952802377,0.0003534176361712447,0.000355193810355279,0.0003569670466641641,0.00035873759965996115,0.0003605057055690019,0.0003622715838123197,0.0003640354383963153,0.00036579745917785303,0.00036755782301636,0.00036931669482408955,0.0003710742285244795,0.00037283056792745744,0.00037458584752958165,0.0003763401932460897,0.00037809372308117125,0.000379846547742144,0.000381598771202626,0.00038335049121928836,0.000385101799806324,0.00038685278367135077,0.0003886035246161198,0.0003903540999050696,0.0003921045826044838,0.00039385504189474573,0.0003956055433579643,0.0003973561492430189,0.00039910691870990805,0.00040085790805509657,0.0004026091709194182,0.00040436075847995065,0.0004061127196271527
26,0.00019841791337729065,0.00022404195399197986,0.00023411904185187166,0.00024160599234039748,0.00024775221588173334,0.00025304637298734976,0.0002577411826947673,0.00026198783529005336,0.00026588540165818874,0.00026950299075971024,0.00027289106207084926,0.00027608776000932143,0.0002791227162837484,0.00028201945988528285,0.00028479701292943063,0.000287470986144822,0.00029005435392035855,0.0002925580168808633,0.00029499121933956917,0.00029736186505260854,0.00029967676009217537,0.000301941802448881,0.00030416213200935177,0.0003063422505948649,0.0003084861190591369,0.0003105972365831248,0.000312678705994062,0.00031473328799754626,0.0003167634465296498,0.00031877138693386345,0.00032075908829328013,0.00032272833096604324,0.00032468072015685786,0.0003266177061917092,0.0003285406020342508,0.00033045059848153943,0.0003323487773971934,0.00033423612327673644,0.00033611353338917156,0.0003379818266979284,0.0003398417517311503,0.00034169399354420227,0.00034353917989506387,0.0003453778867349463,0.0003472106431012716,0.00034903793548750995,0.00035086021175378073,0.0003526778846332335,0.0003544913348817291,0.00035630091411199306,0.00035810694734801727,0.000359909735330889,0.0003617095566032897,0.0003635066693965364,0.00036530131334111874,0.00036709371101919207,0.00036888406937529906,0.0003706725809997233,0.0003724594252972175,0.0003742447695524424,0.0003760287699021733,0.0003778115722232626,0.0003795933129443565,0.0003813741197885386,0.00038315411245331123,0.00038493340323366777,0.00038671209759342856,0.0003884902946894898,0.0003902680878531735,0.0003920455650324591,0.0003938228091985116,0.0003955998987195888,0.00039737690770512863,0.0003991539063225457,0.00040093096108903743,0.0004027081351404902,0.0004044854884793808,0.0004062630782034075,0.0004080409587164217,0.00040981918192309656,0.0004115977974086473
27,0.00027102295992925983,0.00029425310584365347,0.0003031505059053657,0.0003096810582008897,0.0003149934245761648,0.00031953528915314947,0.00032353735987496716,0.00032713716689031745,0.00033042451014881816,0.00033346181229629523,0.00033629449483713346,0.00033895677950897756,0.00034147516514895527,0.00034387062775427085,0.00034616007482083294,0.00034835734193368225,0.0003504738965678776,0.0003525193480046315,0.0003545018249970825,0.000356428260887034,0.00035830461249106214,0.00036013603064732804,0.00036192699485917393,0.0003636814208525094,0.00036540274741002295,0.00036709400714825794,0.0003687578847091212,0.00037039676498293577,0.00037201277335993237,0.0003736078095507531,0.0003751835761766457,0.0003767416030739579,0.0003782832680625624,0.0003798098147779395,0.0003813223680503337,0.00038282194722338343,0.00038430947773283755,0.0003857858012089342,0.00038725168432036656,0.00038870782654101225,0.00039015486699079305,0.00039159339047776376,0.0003930239328486161,0.0003944469857383846,0.0003958630007965685,0.000397272393455584,0.00039867554629802724,0.00040007281207131006,0.00040146451639155807,0.0004028509601730213,0.00040423242181445996,0.00040560915916988807,0.0004069814113275754,0.0004083494002182208,0.00040971333207063827,0.00041107339873108615,0.0004124297788604518,0.00041378263902184576,0.00041513213466970976,0.00041647841105029473,0.0004178216040222532,0.00041916184080513996,0.00042049924066276317,0.0004218339155275896,0.000423165970571748,0.00042449550472960923,0.00042582261117639407,0.0004271473777668217,0.0004284698874374051,0.0004297902185756411,0.0004311084453590225,0.0004324246380665275,0.00043373886336497394,0.0004350511845724076,0.0004363616619004913,0.00043767035267767274,0.00043897731155475455,0.0004402825906943342,0.00044158623994545364,0.0004428883070046823,0.00044418883756473684
28,0.00016626927323422255,0.00019288223277129715,0.0002035397665357029,0.0002115245526748279,0.0002181208004619371,0.00022383187935127853,0.0002289187104946541,0.00023353775882680578,0.00023779179622427247,0.0002417526843050251,0.00024547301611981497,0.0002489926409492907,0.00025234258477727464,0.00025554753774021825,0.0002586275030659352,0.00026159893030856086,0.00026447551805430596,0.00026726879728811734,0.0002699885648183934,0.00027264321153323937,0.00027523997521862746,0.00027778513818430196,0.00028028418379534234,0.0002827419219231547,0.0002851625905563811,0.0002875499388916498,0.0002899072958701611,0.0002922376271561277,0.00029454358284783605,0.0002968275376924086,0.00029909162518756006,0.000301337766661018,0.0003035676961950533,0.0003057829820916489,0.00030798504544020573,0.0003101751762448989,0.0003123545474860277,0.0003145242274237998,0.00031668519040012533,0.00031883832635139225,0.0003209844492105505,0.00032312430434855926,0.00032525857518204515,0.0003273878890548299,0.0003295128224850985,0.0003316339058567216,0.00033375162762215246,0.0003358664380749769,0.00033797875274234833,0.0003400889554408469,0.00034219740103363233,0.00034430441792193206,0.0003464103102997485,0.00034851536019712005,0.000350619829334192,0.0003527239608057251,0.0003548279806133485,0.0003569320990608981,0.00035903651202642145,0.0003611414021229305,0.00036324693975864955,0.00036535328410634946,0.0003674605839903271,0.0003695689786987017,0.0003716785987278888,0.0003737895664654296,0.0003759019968167137,0.0003780159977805873,0.00038013167097835303,0.0003822491121402233,0.0003843684115528946,0.0003864896544715812,0.0003886129214995053,0.00039073828893759316,0.0003928658291068461,0.00039499561064565235,0.00039712769878409444,0.00039926215559711673,0.00040139904023826946,0.00040353840915558045,0.0004056803162909819
29,0.00020542809885678307,0.0002320212472477881,0.00024248138700659996,0.0002502535953733097,0.00025663440261183227,0.0002621309101812835,0.0002670053804393408,0.00027141471683430707,0.0002754617364539432,0.00027921816324920736,0.0002827363672720741,0.0002860559381526292,0.00028920763098448426,0.00029221586731941146,0.000295100391288363,0.0002978774064833693,0.00030056038029984756,0.0003031606277838372,0.00030568774487443504,0.00030814993610587345,0.00031055426667392805,0.00031290685921776486,0.00031521304947870055,0.000317477510887598,0.0003197043553434545,0.000321897215515236,0.00032405931263886615,0.00032619351280742143,0.00032830237404497434,0.0003303881859333963,0.00033245300317286987,0.00033449867416379523,0.0003365268654744299,0.00033853908288665984,0.00034053668957876936,0.0003425209218994663,0.00034449290310480395,0.00034645365536394967,0.0003484041102870809,0.0003503451181862736,0.000352277456245782,0.0003542018357500254,0.000356118908494517,0.00035802927248596554,0.0003599334770219916,0.0003618320272277895,0.0003637253881160623,0.0003656139882273429,0.00036749822290002516,0.0003693784572128402,0.00037125502863691925,0.00037312824942980263,0.0003749984087996829,0.00037686577486464927,0.00037873059642869883,0.00038059310459366753,0.0003824535142239792,0.00038431202527915793,0.0003861688240273434,0.00038802408415156207,0.0003898779677592096,0.00039173062630406185,0.00039358220142913077,0.0003954328257378017,0.0003972826234999077,0.00039913171129872413,0.00040098019862424135,0.000402828188417547,0.000404675777570668,0.000406523057385796,0.0004083701139974378,0.00041021702876069873,0.00041206387860859923,0.0004139107363810545,0.0004157576711279073,0.00041760474838817817,0.0004194520304475085,0.0004212995765755898,0.00042314744324521627,0.0004249956843344475,0.00042684435131325194
30,0.0002749004670139001,0.0003058891757741593,0.00031795651855976933,0.000326881542906802,0.00033418338490498494,0.00034045544766783784,0.00034600422311952314,0.00035101283095197026,0.00035560110688902604,0.0003598525360562091,0.00036382799670495034,0.00036757345187719717,0.00037112456382866184,0.00037450961697816455,0.0003777514522127063,0.0003808687938621597,0.0003838771878959839,0.0003867896824584896,0.00038961733250090743,0.00039236958120789767,0.0003950545531753467,0.0003976792831193784,0.0004002498966573432,0.00040277175489636884,0.00040524957130502444,0.00040768750708792455,0.0004100892496944271,0.0004124580779554396,0.00041479691651643446,0.00041710838162671836,0.000419394819891813,0.00042165834125413025,0.000423900847206817,0.0004261240550453561,0.00042832951880602074,0.000430518647418493,0.00043269272050386294,0.0004348529021727993,0.00043700025311747614,0.0004391357412415395,0.00044126025103237085,0.0004433745918473015,0.000445479505258644,0.00044757567158036323,0.0004496637156809094,0.0004517442121715277,0.0004538176900466268,0.00045588463684210644,0.0004579455023685369,0.00046000070206845905,0.0004620506200405987,0.00046409561176827095,0.00046613600658453627,0.00046817210990261375,0.0004702042052365779,0.0004722325560343681,0.00047425740734251823,0.0004762789873197844,0.000478297508614858,0.00048031316962166557,0.000482326155624235,0.00048433663984182593,0.00048634478438383647,0.0004883507411230214,0.0004903546524946364,0.0004923566522283537,0.00049435686601908,0.0004963554121422043,0.0004983524020182436,0.0005003479407313714,0.0005023421275058693,0.000504335056144171,0.0005063268154297953,0.0005083174894981798,0.0005103071581781312,0.0005122958973063573,0.0005142837790173373,0.0005162708720105614,0.0005182572417970095,0.0005202429509265609,0.0005222280591978775
31,0.00023654461231540518,0.00026696989237101084,0.00027893145868997457,0.0002878172516571049,0.0002951110408178206,0.00030139312505701705,0.0003069636037616645,0.00031200200541040636,0.00031662596531867364,0.00032091753911448807,0.0003249366368038939,0.000328728545081246,0.0003323284426480845,0.00033576426204391993,0.00033905858464927386,0.00034222994151203407,0.00034529373364986524,0.0003482629000466815,0.00035114841332066217,0.00035395965463148844,0.00035670470204640225,0.00035939055565217896,0.000362023315617215,0.00036460832470512367,0.0003671502835496411,0.00036965334479162944,0.0003721211906226323,0.0003745570971651126,0.00037696398830986495,0.0003793444810348077,0.0003817009237847938,0.0003840354291567701,0.0003863499018790685,0.0003886460628769071,0.0003909254700634139,0.0003931895363757791,0.00039543954548166904,0.0003976766655058401,0.00039990196106667295,0.0004021164038638068,0.00040432088201863066,0.00040651620833726584,0.0004087031276392732,0.00041088232327357214,0.0004130544229250172,0.00041522000380005207,0.0004173795972673119,0.00041953369301846877,0.0004216827428057342,0.0004238271638048905,0.00042596734164630464,0.0004281036331509483,0.00043023636880374966,0.00043236585499261337,0.00043449237603797894,0.0004366161960348278,0.00043873756052645573,0.0004408566980270938,0.00044297382140852197,0.0004450891291641042,0.00044720280656220234,0.0004493150266996221,0.000451425951464591,0.0004535357324177781,0.00045564451159895705,0.00045775242226615555,0.0004598595895734132,0.0004619661311926727,0.00046407215788477594,0.00046617777402404984,0.00046828307808052615,0.0004703881630634695,0.0004724931169295218,0.00047459802295847145,0.00047670296009937746,0.0004788080032895237,0.00048091322374846005,0.0004830186892491796,0.0004851244643683009,0.0004872306107169602,0.0004893371871539715
32,0.0002685994950467161,0.00030133664577791007,0.00031415534585550487,0.00032366019361818635,0.0003314512514643227,0.00033815398023500856,0.000344091664889776,0.000349457600917002,0.00035437837651066306,0.0003589422453479131,0.00036321360902553474,0.0003672411246275144,0.00037106257022653794,0.000374707927915404,0.00037820142476514677,0.000381562933474788,0.0003848089630281202,0.00038795337755683786,0.0003910079296015427,0.00039398266333696155,0.0003968862246289003,0.00039972610300808734,0.0004025088230134536,0.0004052400972902338,0.00040792495038983047,0.00041056781983884555,0.0004131726393684158,0.0004157429079949897,0.0004182817477718828,0.00042079195238901916,0.00042327602831970123,0.0004257362298523917,0.0004281745890704851,0.00043059294163142104,0.00043299294903214214,0.0004353761179191712,0.0004377438168999564,0.0004400972912313162,0.0004424376756960651,0.0004447660059267199,0.0004470832283928522,0.00044939020923409737,0.0004516877420925109,0.0004539765550745715,0.000456257316953778,0.00045853064270864733,0.000460797098477443,0.0004630572059996265,0.000465311446604481,0.000467560264799264,0.00046980407150237985,0.0004720432469612077,0.00047427814338921425,0.00047650908735267253,0.00047873638193362785,0.00048096030869254234,0.000483181129451291,0.00048539908791479704,0.0004876144111474867,0.00048982731091894,0.0004920379849315149,0.0004942466179413352,0.0004964533827827991,0.0004986584413056943,0.0005008619452330575,0.0005030640369470685,0.000505264850209534,0.0005074645108228535,0.000509663137236777,0.0005118608411057408,0.0005140577278011003,0.0005162538968821813,0.0005184494425296696,0.0005206444539445675,0.0005228390157156046,0.0005250332081577645,0.0005272271076243165,0.0005294207867945478,0.0005316143149391798,0.0005338077581652913,0.0005360011796424031
33,0.00026004525113421925,0.00029807384079882357,0.00031318097266948226,0.00032445749654835566,0.0003337471088798502,0.0003417717974360466,0.00034890543121831745,0.0003553719744472847,0.0003613183804960414,0.00036684729599893777,0.0003720337660587216,0.0003769345932767094,0.0003815939588094927,0.0003860469871878304,0.000390322108319372,0.00039444267996533176,0.00039842813639283576,0.0004022948227088094,0.00040605661440311065,0.0004097253862971048,0.00041331137351332566,0.0004168234534783154,0.000420269369154719,0.00042365590784341985,0.00042698904592149557,0.00043027406712961813,0.00043351566008288216,0.00043671799928977705,0.00043988481295424307,0.00044301944009179743,0.0004461248789358303,0.0004492038281915023,0.0004522587223754558,0.00045529176223374566,0.0004583049410394026,0.0004613000674213353,0.00046427878525806077,0.0004672425910756194,0.0004701928493136315,0.0004731308057626127,0.0004760575994262727,0.000478974273022217,0.0004818817823013678,0.00048478100433910486,0.00048767274492848866,0.0004905577451870376,0.0004934366874727668,0.0004963102006918902,0.0004991788650694205,0.0005020432164444019,0.0005049037501434405,0.0005077609244793412,0.0005106151639157565,0.0005134668619337032,0.0005163163836314534,0.0005191640680855507,0.0005220102304974364,0.0005248551641473556,0.0005276991421747522,0.0005305424192021985,0.0005333852328180495,0.0005362278049313486,0.0005390703430110702,0.0005419130412205067,0.0005447560814564936,0.0005475996343021572,0.0005504438599010024,0.0005532889087593654,0.0005561349224835832,0.0005589820344575781,0.000561830370466042,0.0005646800492678939,0.0005675311831242374,0.0005703838782846722,0.0005732382354354383,0.0005760943501125628,0.0005789523130829041,0.000581812210695704,0.0005846741252070533,0.0005875381350794523,0.0005904043152584579
34,0.00029613693480391056,0.00033239132376696953,0.00034659187532122424,0.00035712292392723076,0.0003657561247186311,0.00037318404261617923,0.0003797646622625794,0.0003857120357296263,0.00039116635067748935,0.00039622534615048165,0.0004009603485442773,0.0004054252490322162,0.00040966189118642166,0.00041370348491831266,0.00041757686654408677,0.0004213040498344937,0.0004249033230712067,0.0004283900451359953,0.0004317772360724662,0.0004350760236496397,0.000438295986751699,0.0004414454233716932,0.0004445315625353383,0.0004475607338701104,0.0004505385047273321,0.00045346979212999595,0.0004563589549628576,0.0004592098704924797,0.0004620259983395035,0.00046481043431456155,0.00046756595599926784,0.0004702950615541058,0.00047300000293048924,0.0004756828144298933,0.00047834533737096117,0.0004809892414829022,0.00048361604353097735,0.0004862271235903397,0.0004888237393127904,0.0004914070384732302,0.0004939780700356708,0.0004965377939404393,0.0004990870897827975,0.000501626764527325,0.0005041575593809608,0.0005066801559297269,0.00050919518162923,0.0005117032147264774,0.000514204788679972,0.0005167003961360898,0.0005191904925121387,0.0005216754992300016,0.0005241558066387374,0.0005266317766597315,0.0005291037451839009,0.000531572024246931,0.0005340369040054363,0.0005364986545343081,0.0005389575274631843,0.0005414137574679602,0.0005438675636315031,0.0005463191506861961,0.0005487687101495491,0.0005512164213629694,0.0005536624524426821,0.0005561069611509006,0.0005585500956944985,0.0005609919954577176,0.0005634327916747896,0.0005658726080477872,0.0005683115613144789,0.0005707497617705353,0.00057318731375,0.0005756243160675786,0.0005780608624259753,0.0005804970417911996,0.0005829329387385113,0.0005853686337714226,0.0005878042036159682,0.0005902397214922537,0.0005926752573651188
35,0.00036273158467643995,0.00040341009925728234,0.00041924517814816414,0.00043095492527903855,0.00044053386942609384,0.0004487610750504857,0.00045603890904986774,0.0004626077621410783,0.00046862494146012726,0.0004742000319678022,0.00047941294054301367,0.0004843239941450297,0.0004889799978289373,0.0004934180720370471,0.00049766819192594,0.000501754929358444,0.0005056986844959982,0.0005095165791309551,0.0005132231190958394,0.0005168306949331647,0.0005203499667179784,0.000523790164251533,0.000527159324340559,0.0005304644805682269,0.0005337118166830251,0.0005369067917705073,0.0005400542432872132,0.0005431584725433169,0.0005462233161363076,0.0005492522060397947,0.000552248220456626,0.0005552141270969913,0.0005581524202004773,0.0005610653523581364,0.000563954961986521,0.0005668230971457799,0.0005696714362677801,0.0005725015062598988,0.0005753146983698004,0.0005781122821317866,0.0005808954176628021,0.0005836651665333432,0.0005864225014034112,0.000589168314584665,0.000591903425665961,0.0005946285883194649,0.0005973444963878476,0.0006000517893390282,0.0006027510571631248,0.0006054428447762662,0.0006081276559874058,0.0006108059570770651,0.0006134781800307108,0.0006161447254641866,0.000618805965274029,0.0006214622450415639,0.0006241138862162562,0.0006267611881008489,0.0006294044296582158,0.0006320438711576348,0.0006346797556762153,0.0006373123104694908,0.0006399417482236819,0.0006425682682008063,0.0006451920572866341,0.0006478132909504647,0.000650432134124778,0.0006530487420119938,0.000655663260824874,0.0006582758284664356,0.0006608865751546872,0.0006634956239969928,0.0006661030915183935,0.0006687090881478313,0.0006713137186658409,0.0006739170826169451,0.0006765192746897102,0.0006791203850671253,0.0006817204997497559,0.0006843197008538978,0.0006869180668867511
36,0.00036354222896053625,0.0004065893794694845,0.0004234100017947797,0.0004358702292943895,0.0004460764280658438,0.0004548517513102839,0.0004626215496595202,0.00046964007407766957,0.000476073785848109,0.00048203870505102007,0.0004876194724340697,0.0004928800194170272,0.0004978699705849286,0.0005026287001222062,0.0005071880168061145,0.0005115740063870127,0.0005158083344903704,0.0005199091919219817,0.0005238919958031268,0.0005277699196546226,0.0005315543009393783,0.000535254959067342,0.0005388804468227863,0.0005424382515062542,0.0005459349575593744,0.0005493763793100424,0.00055276767027024,0.0005561134138401913,0.0005594176991257914,0.0005626841847319564,0.0005659161527651309,0.0005691165548036297,0.0005722880512329,0.0005754330450645005,0.0005785537111415401,0.0005816520214640816,0.0005847297672344351,0.0005877885781160346,0.0005908299391144848,0.0005938552054208178,0.0005968656155013308,0.0005998623026730163,0.000602846305366349,0.0006058185762465016,0.0006087799903386134,0.0006117313522815519,0.0006146734028169065,0.0006176068246050574,0.0006205322474476379,0.0006234502529850854,0.0006263613789289533,0.0006292661228809853,0.0006321649457843572,0.0006350582750468712,0.000637946507371021,0.0006408300113216615,0.0006437091296583944,0.0006465841814566252,0.000649455464038519,0.0006523232547326965,0.0006551878124794056,0.0006580493792961132,0.0006609081816168073,0.0006637644315169338,0.0006666183278346137,0.0006694700571976988,0.0006723197949652524,0.0006751677060911708,0.0006780139459168995,0.0006808586608995099,0.0006837019892808021,0.0006865440617025464,0.0006893850017725023,0.0006922249265854062,0.0006950639472027397,0.0006979021690947382,0.0007007396925477775,0.0007035766130400089,0.0007064130215878387,0.0007092490050656361,0.0007120846465008321
37,0.0003932103177557516,0.0004408335778258034,0.00045947256913233094,0.0004732901332477231,0.0004846144920493826,0.0004943556886622613,0.0005029840730924375,0.0005107808553493574,0.0005179301870820742,0.0005245604457612647,0.0005307653070357475,0.0005366155411760527,0.0005421660921504947,0.0005474605631659502,0.0005525341859969223,0.0005574158586876726,0.0005621295867410513,0.0005666955288737636,0.0005711307727445774,0.0005754499215017564,0.0005796655447892092,0.000583788530707735,0.0005878283641225864,0.0005917933493361613,0.0005956907901419791,0.0005995271368140994,0.0006033081071474057,0.0006070387869183324,0.0006107237138673193,0.0006143669483703708,0.0006179721332709225,0.0006215425448182198,0.000625081136258397,0.0006285905753165604,0.0006320732765691294,0.0006355314295184065,0.0006389670230335686,0.0006423818667046559,0.0006457776095620047,0.0006491557565376419,0.0006525176829835868,0.0006558646475117609,0.0006591978033789959,0.0006625182086066319,0.0006658268349960281,0.0006691245761778611,0.0006724122548134624,0.0006756906290499708,0.0006789603983171989,0.0006822222085423374,0.0006854766568486335,0.0006887242957956872,0.0006919656372116934,0.0006952011556617325,0.0006984312915908256,0.000701656454175826,0.0007048770239162095,0.0007080933549903309,0.0007113057774006801,0.0007145145989290447,0.0007177201069201281,0.0007209225699102116,0.0007241222391155965,0.0007273193497940554,0.0007305141224911038,0.0007337067641817046,0.0007368974693169179,0.0007400864207840721,0.0007432737907881701,0.000746459741661479,0.0007496444266075984,0.000752827990385683,0.0007560105699399609,0.0007591922949792119,0.0007623732885104263,0.0007655536673305001,0.0007687335424794325,0.0007719130196582349,0.0007750921996144134,0.00077827117849769,0.00078145004818835
38,0.00045827384569934864,0.0005120266875685645,0.0005330164352707956,0.0005485602157699838,0.0005612892004970097,0.0005722315435856251,0.000581918479378072,0.0005906675217212596,0.0005986865322256991,0.0006061203732688438,0.0006130747178579301,0.0006196293768570171,0.0006258462956221522,0.0006317746202296795,0.0006374540507189952,0.0006429171419082383,0.000648190930420434,0.0006532981150980975,0.0006582579324780086,0.000663086818650534,0.0006677989180896888,0.0006724064806731437,0.0006769201755664867,0.0006813493423184293,0.0006857021938632364,0.0006899859822166949,0.0006942071348978424,0.000698371368137262,0.0007024837815006568,0.0007065489375020526,0.0007105709289950009,0.0007145534365375747,0.0007184997774753833,0.0007224129481393974,0.0007262956602855738,0.0007301503726919548,0.0007339793186621605,0.0007377845300515301,0.0007415678583259437,0.0007453309930777463,0.0007490754783537264,0.0007528027270934561,0.0007565140339298149,0.0007602105865652024,0.0007638934759051625,0.0007675637051047436,0.0007712221976607639,0.0007748698046646111,0.0007785073113145475,0.0007821354427732317,0.0007857548694449264,0.0007893662117372549,0.0007929700443641818,0.0007965669002398321,0.0008001572740067316,0.0008037416252367988,0.0008073203813389109,0.0008108939402029367,0.0008144626726067099,0.0008180269244094391,0.000821587018552454,0.0008251432568858914,0.0008286959218379366,0.0008322452779414648,0.00083579157323137,0.0008393350405245095,0.0008428758985929601,0.0008464143532402131,0.000849950598288982,0.0008534848164884388,0.000857017180347935,0.0008605478529035923,0.0008640769884235385,0.0008676047330570242,0.000871131225432161,0.0008746565972066087,0.0008781809735751118,0.0008817044737374707,0.0008852272113301772,0.0008887492948246978,0.0008922708278950851
39,0.0004490868799704456,0.0005087336751435603,0.0005322420965016042,0.0005497257044473011,0.0005640892947898655,0.0005764692809107267,0.0005874535438388016,0.0005973938872519619,0.0006065209053223577,0.0006149955001498225,0.0006229351867231091,0.0006304288241527491,0.0006375454594385517,0.0006443399335214458,0.0006508565939873905,0.0006571318440662437,0.0006631959462853259,0.0006690743318652695,0.0006747885724901512,0.0006803571154535445,0.0006857958492099024,0.0006911185449504141,0.0006963372059503056,0.0007014623472231932,0.000706503221766291,0.0007114680053527925,0.000716363948778639,0.0007211975042875767,0.0007259744313118884,0.0007306998854976638,0.0007353784941121974,0.0007400144202738479,0.0007446114179437924,0.0007491728792334632,0.000753701875281928,0.000758201191722781,0.0007626733595748101,0.0007671206822432487,0.0007715452592003167,0.0007759490068184986,0.0007803336767527076,0.0007847008722044176,0.0007890520623490678,0.0007933885951653554,0.0007977117088696033,0.0008020225421289424,0.0008063221432023533,0.0008106114781378954,0.0008148914381369882,0.0008191628461817965,0.0008234264630091933,0.0008276829925040633,0.0008319330865755296,0.0008361773495718064,0.0008404163422826109,0.000844650585572206,0.0008488805636810863,0.0008531067272299223,0.0008573294959555339,0.0008615492612053499,0.000865766388213862,0.0008699812181820575,0.0008741940701785118,0.0008784052428789148,0.0008826150161589849,0.0008868236525542479,0.0008910313985987363,0.0008952384860534925,0.0008994451330346742,0.0009036515450500745,0.0009078579159520619,0.0009120644288141455,0.0009162712567377002,0.0009204785635947857,0.0009246865047124298,0.0009288952275032583,0.0009331048720469325,0.0009373155716264147,0.0009415274532227638,0.0009457406379718233,0.0009499552415858546
40,0.000494352669350544,0.0005416985735654656,0.0005599457999106935,0.0005733773589706929,0.0005843269320698182,0.0005937048390111886,0.000601980603153699,0.0006094343573772145,0.0006162491684964685,0.0006225523973430286,0.0006284367922144622,0.000633972286753631,0.0006392130733717648,0.0006442020809066991,0.0006489739357832228,0.0006535569920219514,0.0006579747654728916,0.0006622469734026758,0.0006663903048026235,0.0006704190021917576,0.0006743453084743119,0.0006781798152711272,0.0006819317380464336,0.0006856091359875473,0.0006892190896006132,0.0006927678455310663,0.0006962609356853514,0.0006997032759903114,0.0007030992488631913,0.0007064527725354385,0.0007097673596807622,0.0007130461672758762,0.000716292039224807,0.000719507542971862,0.0007226950010911068,0.0007258565186544208,0.0007289940070337135,0.0007321092046763874,0.0007352036952999321,0.0007382789238764376,0.0007413362107169202,0.0007443767639157424,0.0007474016903746966,0.0007504120055927873,0.0007534086423799808,0.0007563924586300697,0.0007593642442684971,0.0007623247274747567,0.0007652745802653486,0.0007682144235116915,0.0007711448314576026,0.0007740663357925866,0.0007769794293300363,0.0007798845693333239,0.0007827821805274877,0.0007856726578296839,0.0007885563688276376,0.0007914336560319107,0.0007943048389248583,0.000797170215826546,0.0008000300655956404,0.0008028846491813318,0.0008057342110405762,0.0008085789804334624,0.0008114191726081133,0.0008142549898853969,0.0008170866226526283,0.0008199142502745381,0.0008227380419289511,0.0008255581573738768,0.0008283747476520643,0.0008311879557384965,0.000833997917135761,0.0008368047604217866,0.0008396086077539915,0.0008424095753335513,0.00084520777383311,0.0008480033087910004,0.0008507962809747294,0.0008535867867162647,0.000856374918221413
41,0.0006081800525458016,0.0006661396313040434,0.0006884708823098113,0.0007049064379030689,0.0007183035579751335,0.0007297767549370722,0.0007398898407699843,0.000748996499029721,0.0007573208674767919,0.0007650188755440985,0.0007722040726389974,0.0007788518023351313,0.0007851369253283544,0.0007911121222648901,0.0007968198854654951,0.0008022950098008565,0.0008075710045044787,0.0008126674704981957,0.0008176048840842368,0.0008224007194418685,0.0008270699969676927,0.00083163203768188,0.0008360918861846608,0.0008404594268888203,0.00084474334354082,0.0008489512969100276,0.0008532118482930875,0.0008574104019521715,0.0008615523076102922,0.0008656423482806899,0.0008696848118540596,0.0008736835519793355,0.0008776420401076506,0.0008815634101956542,0.0008854504972745528,0.0008893058708644153,0.0008931318640343115,0.0008969305987666345,0.0009007040081700864,0.0009044538559941323,0.0009081817538233336,0.0009118891762693981,0.0009155774744290686,0.0009192478878349974,0.0009229015550928874,0.0009265395233699051,0.0009301627568758125,0.0009337721444584642,0.000937368506418642,0.0009409526006350777,0.0009445251280785331,0.000948086737783626,0.0009516380313383474,0.0009551795669437333,0.0009587118630897367,0.0009622354018878029,0.0009657506320957995,0.000969257971866885,0.0009727578112501811,0.000976250514468022,0.0009797364219917809,0.0009832158524358426,0.0009866891042872178,0.00099015645748637,0.0009936181748732287,0.0009970745035109221,0.0010005256758984175,0.0010039719110821958,0.0010074134156760357,0.001010850384797083,0.0010142830029256037,0.0010177114446951025,0.0010211358756188203,0.0010245564527581027,0.0010279733253375826,0.0010313866353116826,0.0010347965178865185,0.0010382031020009178,0.0010416065107699494,0.0010450068618940314,0.0010484042680364313
42,0.00056768298106533,0.0006394395049495502,0.0006676129206395833,0.0006885290991235125,0.0007056900046048138,0.0007204650184485732,0.0007335630998995426,0.0007454060595956613,0.0007562714263103193,0.0007663527580720323,0.0007757913523950713,0.0007846861877403419,0.0007931223585309436,0.0008011660205962809,0.0008088706502418617,0.0008162801258849914,0.0008234317665784469,0.0008303555388635584,0.000837077402338738,0.0008436195457916197,0.0008500010704397687,0.0008562402891128088,0.0008623500915054194,0.0008683430935010056,0.0008742303903459792,0.0008800217796515892,0.0008857701438722816,0.0008914433078208782,0.0008970481163695065,0.00090259069527712,0.0009080765411959942,0.0009135105983140886,0.0009188973239549036,0.000924240744994414,0.0009295445065959078,0.0009348119144824148,0.0009400459717445679,0.0009452494110051679,0.0009504247226203615,0.0009555741794833438,0.0009606998589039722,0.0009658036619622742,0.0009708873306718664,0.0009759524632382341,0.000981000527654519,0.0009860328738421917,0.0009910507445145065,0.0009960552849158746,0.0010010475515694226,0.0010060285201472909,0.0010109990925632497,0.0010159601033743614,0.0010209123255675004,0.0010258564757971225,0.0010307932191325798,0.0010357231733663169,0.0010406469129282116,0.0010455649724460984,0.0010504778499879238,0.0010553860100170373,0.0010602898860885904,0.001065189883312004,0.0010700863806017724,0.0010749797327365017,0.0010798702722440213,0.0010847583111285512,0.0010896441424542902,0.0010945280417983512,0.0010994102685846622,0.0011042910673093665,0.00110917066866716,0.001114049290587176,0.001118927139186153,0.0011238044096459352,0.001128681287021689,0.0011335579469866157,0.0011384345565184665,0.0011433112745326184,0.0011481882524661093,0.001153065634816622,0.0011579435596400275
43,0.0006498991161851955,0.0007181404992266345,0.0007445900393953077,0.0007641099410258988,0.0007800539092157884,0.000793731151872512,0.0008058010712759212,0.0008166840164600216,0.0008266438340254982,0.000835864219442728,0.0008444790424291316,0.00085244330649517,0.0008599848616813703,0.0008671656225973467,0.0008740355595377393,0.00088063561544119,0.0008870053734248395,0.0008931676074053258,0.0008991464631410785,0.000904962559200747,0.0009106336300521915,0.0009161820357698271,0.000921613979869838,0.0009269411604328475,0.0009321738612768285,0.0009373211607456481,0.0009425156121165121,0.0009476371149327954,0.0009526920725681195,0.0009576862118960475,0.0009626246684781267,0.0009675120590429951,0.0009723525434718917,0.0009771498780639413,0.0009819074615116169,0.0009866283747481232,0.0009913154156165431,0.0009959711291420766,0.0010005978340537737,0.0010051976460935005,0.0010097724985616743,0.0010143241604774521,0.001018854252672089,0.0010233642620855817,0.0010278555544964497,0.0010323293858810142,0.0010367869125705138,0.001041229200350866,0.0010456572326300894,0.00105007191778162,0.0010544740957575004,0.001058864544053304,0.0010632439830962743,0.0010676130811192491,0.001071972458575309,0.0010763226921414544,0.0010806643183539182,0.001084997836912771,0.001089323713689132,0.0010936423834645847,0.001097954252429058,0.0011022597004606122,0.0011065590832079935,0.0011108527339946269,0.0011151409655607606,0.0011194240716587078,0.0011237023285146674,0.0011279759961691704,0.0011322453197070653,0.0011365105303868216,0.0011407718466780355,0.0011450294752151143,0.0011492836116743898,0.0011535344415812276,0.0011577821410530599,0.0011620268774837593,0.0011662688101742552,0.0011705080909138515,0.0011747448645163096,0.0011789792693144099,0.0011832114376163568
44,0.0006346358909694035,0.0007198257040178437,0.0007534295257092449,0.0007784309350362605,0.0007989767195925509,0.0008166893535548844,0.0008324004592902848,0.0008466182339542143,0.0008596722137895823,0.000871792374686667,0.0008831467037339661,0.0008937461812021803,0.0009037912916022349,0.0009133612524201547,0.0009225201362059133,0.0009313205440464663,0.0009398122915466684,0.0009480265392106401,0.0009559944380356278,0.0009637426226331751,0.0009712940275448501,0.0009786781505042674,0.0009859032815575642,0.0009929845694043387,0.0009999353378215329,0.001006767352627236,0.0010136993376281072,0.0010205430162881332,0.0010273065420637398,0.0010339972136702168,0.0010406215818284756,0.0010471855401891883,0.001053694403179666,0.0010601529729729509,0.0010665655973546254,0.001072936219930576,0.0010792684238566871,0.001085565470062694,0.001091830330775221,0.0010980657190102344,0.0011042741145956547,0.0011104577871956728,0.0011166188167349637,0.001122759111560562,0.0011288804246290677,0.001134984367965102,0.0011410724256019978,0.001147145965186411,0.001153206248403761,0.0011592544403605106,0.0011652916180414073,0.0011713187779447377,0.0011773368429855613,0.001183346668745811,0.001189349049140506,0.001195344721561073,0.0012013343715495692,0.0012073186370513982,0.0012132981122886784,0.0012192733512916961,0.0012252448711217317,0.0012312131548149667,0.001237178654073924,0.0012431417917301713,0.0012491029639994694,0.0012550625425484364,0.001261020876389809,0.0012669782936216916,0.0012729351030246717,0.0012788915955292753,0.0012848480455651037,0.001290804712301833,0.0012967618407913497,0.0013027196630194134,0.0013086783988744308,0.0013146382570402993,0.0013205994358195816,0.0013265621238927382,0.001332526501018654,0.0013384927386812042,0.001344461000686199
45,0.0008316390151915713,0.0009149174064788023,0.000947099245496441,0.0009708171278119407,0.0009901701392912678,0.0010067578283755158,0.0010213301551723593,0.001034456184390091,0.0010464578476663583,0.00105755918896249,0.0010679234174870164,0.0010769802731189033,0.0010855276046078484,0.0010936406259423098,0.0011013800164528704,0.0011087954754077144,0.0011159555447927776,0.0011228671535412733,0.0011295595918168067,0.0011360578664703417,0.001142383483394943,0.0011485900653786904,0.0011546583922702753,0.0011606026511298984,0.001166435314294151,0.001172167392990351,0.0011784468565479054,0.0011846370081667274,0.00119074563916272,0.0011967797169199757,0.0012027454887597192,0.0012086485702997385,0.0012144940210095313,0.0012202864091264785,0.0012260298676793218,0.0012317281430371443,0.0012373846371432024,0.0012430024443871744,0.0012485843839046512,0.0012541330279599847,0.0012596507269609402,0.001265139631565918,0.001270601712272463,0.0012760387768165256,0.0012814524856627867,0.0012868443658254477,0.0012922158232247538,0.001297568153755792,0.001302902553221929,0.001308220126264838,0.0013135218944056112,0.0013188088032967532,0.0013240817292721233,0.0013293414852710694,0.001334588826203675,0.0013398244538159639,0.0013450490211069617,0.0013502631363434437,0.0013554673667129896,0.0013606622416513282,0.001365848255875975,0.0013710258721547023,0.0013761955238342043,0.0013813576171517255,0.0013865125333499425,0.001391660630613343,0.001396802245842443,0.0014019376962805517,0.0014070672810063273,0.0014121912823040388,0.0014173099669223207,0.001422423587231136,0.0014275323822857554,0.0014326365788057394,0.0014377363920761296,0.001442832026777444,0.0014479236777504058,0.0014530115307008619,0.0014580957628498004,0.0014631765435330004,0.0014682540347543767
46,0.0011627511585175696,0.0012452918608534791,0.0012766155045842804,0.0012995093524235573,0.0013180735412438593,0.0013339039850699909,0.0013476603431088194,0.0013599946059214894,0.001371225550444471,0.001381574487764665,0.0013912022565190343,0.0013987176682099859,0.0014057378188820785,0.0014123362055398134,0.0014185719955537581,0.0014244935501015767,0.0014302012237302746,0.0014356677651812574,0.0014409215178052075,0.0014459866376273966,0.0014508838637134513,0.0014557093843541099,0.0014603999609040547,0.0014649692143997117,0.0014694291022477673,0.0014737901663139266,0.001479506791157865,0.0014851339035971225,0.0014906789768760825,0.001496148688351255,0.0015015490207033158,0.0015068853479308624,0.0015121625087937398,0.0015173848698394065,0.0015225563797313722,0.0015276806162744989,0.0015327608272763674,0.0015377999661808505,0.0015428007232476011,0.0015477655529203842,0.0015526966979212903,0.001557596210521495,0.0015624659713684953,0.0015673077061915596,0.0015721230006588113,0.0015769133136194033,0.0015816799889306055,0.0015864242660416634,0.0015911472894825614,0.0015958501173858452,0.0016005337291526793,0.001605199032359904,0.0016098468689924562,0.0016144780210750216,0.0016190932157676022,0.0016236931299819237,0.0016282783945688023,0.001632849598120707,0.0016374072904286705,0.001641951985628231,0.0016464841650652526,0.001651004279909006,0.001655512753536952,0.0016600099837130878,0.0016644963445792838,0.0016689721884771689,0.0016734378476161728,0.0016778936356018363,0.001682339848837047,0.001686776767807572,0.0016912046582622422,0.0016956237722969803,0.001700034349351159,0.001704436617123811,0.0017088307924166288,0.0017132170819099555,0.0017175956828774594,0.001721966783844629,0.0017263305651957792,0.0017306871997338354,0.0017350368531967608
47,0.0009952039262973822,0.001096127337938899,0.0011351582603230277,0.001163934202351388,0.0011874207421237555,0.0012075557548310906,0.0012253981729156913,0.0012414827746278676,0.0012562001459925786,0.0012698221615325938,0.0012825469079426686,0.0012950185250706593,0.0013068353156880385,0.0013180903213554876,0.001328858629663847,0.0013392017519749493,0.0013491527341505096,0.0013587731539705494,0.0013680992112101982,0.0013771617974329999,0.0013859874626492791,0.0013945779442259075,0.0014029754099275109,0.0014111972990020851,0.0014192589238655497,0.0014271737840839418,0.001434600072473564,0.0014419196298794217,0.001449141720511235,0.0014562746281128352,0.0014633257796786271,0.0014703018506834697,0.0014772088550521504,0.0014840522224505474,0.0014908368649806378,0.0014975672349702002,0.0015042473752393064,0.0015108809629802652,0.0015174713481912185,0.0015240215874453634,0.001530534473649361,0.0015370125623399597,0.0015434581949819992,0.001549873519660285,0.0015562605094992543,0.001562620979095603,0.0015689565992083592,0.0015752689099166146,0.00158155933242642,0.0015878291796838707,0.0015940796659307903,0.0016003119153217631,0.001606526969706174,0.0016127257956660263,0.0016189092908891652,0.0016250782899479392,0.0016312335695450833,0.0016373758532813346,0.0016435058159930973,0.001649624087703018,0.0016557312572214851,0.0016618278754330308,0.001667914458297799,0.001673991489595151,0.0016800594234335422,0.001686118686548356,0.0016921696804071502,0.0016982127831397637,0.001704248351309059,0.001710276721536452,0.0017162982119950552,0.0017223131237819615,0.0017283217421801829,0.0017343243378196717,0.0017403211677460397,0.001746312476404775,0.0017522984965480345,0.0017582794500704446,0.0017642555487798087,0.0017702269951080246,0.0017761939827671156
48,0.0011594213008171022,0.0012684038829964888,0.0013103600977022868,0.0013412280136742229,0.0013663824185554635,0.0013879195900140615,0.0014068084116395725,0.0014238047216374736,0.0014393300786574971,0.00145367772714597,0.0014670611906550306,0.0014785489007768228,0.0014893513303826144,0.001499567944275918,0.0015092789679352408,0.0015185500916809608,0.0015274808027464684,0.0015360719458291882,0.0015443621669693555,0.0015523844457996812,0.001560167130864161,0.0015677947654036517,0.0015752288556416707,0.0015824880513605995,0.0015895887378754164,0.0015965453713376833,0.001604506181651082,0.0016123508997260855,0.0016200895328834248,0.001627731028172079,0.0016352834063294369,0.0016427538757035971,0.0016501489296372935,0.0016574744301139045,0.0016647356799235522,0.001671937485182615,0.001679084209705051,0.0016861798224576845,0.001693227939118507,0.001700231858585379,0.0017071945951433706,0.0017141189068855167,0.0017210073208887855,0.0017278621555703228,0.0017346855405856512,0.0017414794345776362,0.0017482456410408543,0.0017549858225290663,0.001761701513402112,0.00176839413128234,0.0017750649873680472,0.0017817152957325378,0.0017883461817208787,0.001794958689542573,0.0018015537891462954,0.0018081323824524179,0.001814695309010117,0.0018212433511380587,0.0018277772386008477,0.0018342976528675967,0.0018408052309937025,0.001847300569162564,0.0018537842259198076,0.0018602567251292971,0.0018667185586770008,0.0018731701889461274,0.0018796120510845456,0.0018860445550833622,0.0018924680876836464,0.0018988830141266188,0.0019052896797611286,0.0019116884115208857,0.001918079519282762,0.0019244632971163749,0.0019308400244342175,0.0019372099670507794,0.0019435733781582656,0.00194993049922587,0.0019562815608289647,0.0019626267834139156,0.001968966378003818
49,0.001303988471770785,0.0014159715558291857,0.0014588666903648441,0.0014903525274892022,0.0015159660125367166,0.0015378651678169721,0.0015570595865836917,0.0015743145392076588,0.00159006297698785,0.0016046058623746156,0.0016181621925629986,0.0016299165805975493,0.0016409769077559266,0.0016514445112967265,0.0016614010748114182,0.0016709134427614954,0.0016800768801757628,0.0016888979263787387,0.0016974158561629254,0.0017056641710598576,0.0017136716566265027,0.0017215157742753583,0.0017291655557842111,0.0017366399271698774,0.0017439555117927017,0.0017511269721314905,0.001759151917310647,0.0017670566905231245,0.0017748515244469167,0.0017825455654847749,0.001790147011338232,0.0017976632279640065,0.0018051008495184727,0.0018124658641749736,0.001819763688139329,0.0018269992297511427,0.0018341769452132407,0.00184130088721724,0.0018483747475136355,0.0018554018942980419,0.001862385405141874,0.0018693280960789377,0.0018762325473636698,0.001883101126337849,0.0018899360077773188,0.0018967391920358821,0.0019035125212581662,0.0019102576938951296,0.0019169762777238087,0.0019236697215457546,0.0019303393657155558,0.0019369864516312722,0.0019436121303017632,0.0019502174700915967,0.001956803463731806,0.0019633710346741323,0.0019699210428571596,0.001976454289944784,0.0019829715240904633,0.0019894734442746733,0.0019959607042576923,0.002002433916185239,0.002008893653880331,0.0020153404558513077,0.002021774828042637,0.002028197246352536,0.0020346081589387773,0.002041007988332058,0.00204739713337426,0.0020537759709972413,0.0020601448578562763,0.0020665041318309097,0.0020728541134047256,0.002079195106934496,0.002085527401818141,0.002091851273570111,0.002098166984811975,0.00210447478618528,0.002110774917193193,0.002117067606976717,0.0021233530750308983
50,0.0013356107365696157,0.001470237137257871,0.001522282777988676,0.0015606473362335903,0.0015919559241846586,0.0016187939392087627,0.0016424322504584876,0.001663724267508578,0.0016831912722900394,0.0017011961033985671,0.001718003116350973,0.001733084320238622,0.0017472799706021948,0.0017607152941750096,0.0017734913699828522,0.0017856910155141356,0.0017974164534726206,0.0018086932158892055,0.0018195700436361296,0.0018300885392048146,0.001840284466643239,0.001850237436219542,0.0018599273354791344,0.0018693776551124044,0.0018786090280717405,0.0018876396516055408,0.0018974741437092965,0.0019071673555866604,0.0019167315528685852,0.0019261777031112563,0.0019355156395825309,0.0019447542005750077,0.0019539013485165777,0.0019629642722967114,0.0019719494755648806,0.001980862853239508,0.00198970975805714,0.0019984950586665598,0.0020072231905125834,0.0020158982005446893,0.0020245237866157533,0.0020331033322977003,0.0020416399377272683,0.0020501364470014416,0.0020585954725646865,0.002067019416965486,0.0020754104923058343,0.0020837707376620282,0.0020921020347169916,0.0021004061218121007,0.0021086846065990214,0.0021169389774488177,0.0021251706137555685,0.0021333807952546462,0.0021415707104610834,0.0021497414643207704,0.002157894085156231,0.002166029530979198,0.0021741486952339376,0.0021822524120280345,0.00219034146090104,0.0021984165711758904,0.002206478425933089,0.0022145276656434687,0.0022225648914914716,0.00223059066841771,0.0022386055279065013,0.0022466099705415257,0.0022546044683504803,0.0022625894669574542,0.002270565387560008,0.0022785326287462653,0.0022864915681658432,0.0022944425640672016,0.0023023859567127677,0.0023103220696821603,0.002318251211072903,0.002326173674607149,0.002334089740652197,0.0023419996771618426,0.0023499037405450675
51,0.0013595010178191892,0.001498884464812578,0.0015528261468013512,0.0015926076881540923,0.0016250845049587822,0.0016529322492951502,0.0016775036620002345,0.001699649820750966,0.0017199098698879316,0.0017386591088983667,0.0017561709940141165,0.001772357238152254,0.0017876634254912844,0.0018022169209746457,0.001816120511811382,0.0018294584070745641,0.0018423133082671242,0.001854731294007152,0.0018667619779294505,0.001878447715065589,0.0018898249250097951,0.0019009430207549078,0.001911811884572143,0.0019224554983520079,0.0019328949355780852,0.0019431487908294904,0.001953585515491184,0.001963873940911291,0.0019740270102461144,0.001984056298011867,0.001993972182607827,0.0020037839930803674,0.0020135001346206455,0.002023128196392086,0.002032675044587929,0.0020421469030741535,0.0020515494235433273,0.0020608877467630836,0.0020701665562293517,0.0020793901253140976,0.002088562358818458,0.0020976868296965737,0.0021067668115957367,0.002115805307760102,0.0021248050767634914,0.0021337686554689936,0.0021426983795562594,0.002151596401909721,0.0021604647091208757,0.0021693051363237048,0.0021781193805535206,0.002186909012794905,0.0021956754888634257,0.002204420159247776,0.002213144278023454,0.00222184901093577,0.0022305354427383716,0.002239204583863448,0.002247857376491,0.0022564947000770852,0.00226511737639408,0.002273726174130426,0.002282321813091976,0.0022909049680427886,0.0022994762722190177,0.00230803632054627,0.0023165856725875385,0.0023251248552461664,0.002333654365245819,0.0023421746714072846,0.002350686216739995,0.0023591894203644453,0.002367684679280112,0.002376172369992136,0.0023846528500087853,0.0023931264592205914,0.002401593521171068,0.002410054344228034,0.0024185092226637304,0.0024269584376512246,0.0024354022581839067
52,0.0014401203062382433,0.0015977129735420836,0.0016589587692740098,0.001704214583063132,0.001741214216549243,0.0017729778443824858,0.0018009542190125754,0.001826179827645327,0.0018492647763527692,0.001870634019474093,0.001890597375601688,0.0019082146904215412,0.0019248023985873018,0.001940506999003738,0.0019554468023956773,0.001969718795090236,0.001983454862326395,0.001996672481322663,0.002009428831683883,0.002021772743794655,0.002033746216705044,0.0020454574899546156,0.002056867804983093,0.002068004798527981,0.002078892757339831,0.002089553111786499,0.0021014223142644148,0.002113126426610162,0.0021246800094325722,0.0021360960861900456,0.002147386336593462,0.002158561261174989,0.002169630322046513,0.0021806020638696524,0.002191484218281588,0.002202283794411945,0.002213007157645414,0.0022236600984027223,0.0022342478924065635,0.002244775353652633,0.00225524688110593,0.0022656664999794024,0.0022760378983183813,0.0022863644595038394,0.0022966492911963175,0.002306895251166256,0.002317104970392904,0.0023272808737606833,0.002337425198636803,0.0023475400115759606,0.0023576272233655424,0.002367688602597283,0.0023777257879277164,0.002387740299169586,0.002397733547338991,0.002407706843768051,0.00241766140837987,0.0024275983772113923,0.0024375188092598363,0.0024474236927199727,0.002457313950671965,0.002467190446273012,0.0024770539875002395,0.0024869053314872836,0.002496745188492547,0.0025065742255331565,0.002516393069715194,0.0025262023112877004,0.002536002506445177,0.0025457941799008903,0.002555577827251153,0.002565353917148735,0.00257512289330192,0.002584885176314093,0.0025946411653774188,0.002604391239832871,0.002614135760607821,0.002623875071541285,0.0026336095006061176,0.0026433393610365975,0.002653064952369031
53,0.0017187253017158174,0.0018856102684989134,0.0019499805660558524,0.001997380511140939,0.0020360324021692256,0.002069143939964492,0.002098069228128806,0.002124094629239136,0.002147865727011487,0.0021698317138983776,0.002190319745343076,0.0022066877307707097,0.0022220117910551184,0.002236444391619696,0.002250108525433775,0.002263104917776279,0.0022756345910766233,0.0022876500511048374,0.0022992105897344994,0.002310366815469073,0.002321162239493468,0.002331789457093961,0.002342126134001928,0.0023522009183564964,0.002362038986638063,0.002371662557471192,0.002383994372285539,0.002396148907633101,0.00240814154939337,0.002419986055068867,0.0024316947592605935,0.002443278748439352,0.0024547480103712946,0.0024661115624863366,0.0024773775626476934,0.0024885534051308743,0.002499645804107596,0.0025106608665225816,0.0025216041559247304,0.0025324807485514406,0.002543295282751624,0.002554052002659187,0.002564754796886322,0.00257540723288846,0.002586012587555401,0.0025965738745024197,0.0026070938684672096,0.002617575127161937,0.0026280200108817916,0.0026384307001308407,0.002648809211491772,0.0026591574119366693,0.0026694770317511017,0.0026797696762221566,0.002690036836222749,0.0027002798978085,0.0027105001509297446,0.0027206987973493056,0.00273087695784616,0.0027410356787762667,0.002751175938053665,0.0027612986506082493,0.002771404673370363,0.0027814948098271266,0.002791569814190612,0.0028016303952138723,0.002811677219687106,0.0028217109156429996,0.0028317320752973764,0.0028417412577487057,0.0028517389914577435,0.002861725776526466,0.0028717020867937526,0.0028816683717634555,0.0028916250583792195,0.0029015725526589193,0.0029115112412005715,0.0029214414925703017,0.002931363658582247,0.002941278075479147,0.002951185065021795
54,0.0017024902780332705,0.001877358572813836,0.001945040733849074,0.0019949584011677564,0.0020357117546788584,0.0020706574752123196,0.0021015247314464056,0.002129347772104506,0.00215480313969654,0.002178361791133063,0.002200366891442301,0.0022209839640685175,0.0022404856478098344,0.0022590323255823113,0.0022767534385217535,0.0022937550353251297,0.0023101309420714,0.002325949872072278,0.002341274290748164,0.0023561575206203327,0.002370645407155655,0.0023847876619623584,0.002398609639367898,0.0024121415061863663,0.002425409765445262,0.002438437797289031,0.0024514751357916,0.002464326912557623,0.0024770093098141024,0.0024895367984234876,0.0025019223536404856,0.002514177638650878,0.0025263131615120794,0.002538338409993662,0.002550261967945446,0.002562091616139201,0.0025738344199923895,0.0025854968061547363,0.002597084629596286,0.0026086032325598673,0.0026200574965172716,0.0026314518880862317,0.0026427904997157153,0.002654077085823864,0.0026653150949708395,0.002676507698563954,0.00268765781652134,0.002698768140260955,0.002709841153331401,0.002720879149958566,0.002731884251746056,0.0027428584227365336,0.0027538034830149613,0.002764721121012006,0.002775612904646697,0.002786480291430488,0.0027973246376405522,0.00280814720665754,0.0028189491765520745,0.0028297316469948195,0.00284049564555655,0.0028512421334574724,0.002861972010818566,0.0028726861214620866,0.002883385257303541,0.0028940701623729023,0.002904741536499051,0.0029154000386880075,0.0029260462902224037,0.0029366808775070476,0.0029473043546828217,0.002957917246029276,0.002968520048174074,0.002979113232125921,0.002989697245145987,0.003000272512471406,0.003010839438903326,0.0030213984102706757,0.0030319497947799818,0.0030424939442605485,0.003053031195313512
55,0.001860795965609109,0.0020567325412961454,0.0021326888260977364,0.002188749597021879,0.002234543195233823,0.0022738283894969268,0.0023083107687345886,0.002339375559400986,0.0023677814369124466,0.0023940566656252774,0.0024185862605851476,0.0024392638853870277,0.0024586605332393634,0.0024769586249387353,0.0024943054482613994,0.002510821718542316,0.0025267096968566182,0.002541952971145443,0.0025566226621188595,0.0025707794974687338,0.0025844757032934206,0.0025978962873771582,0.0026109425884423137,0.0026236489564654543,0.0026360455771629915,0.0026481590863669142,0.0026627205622729543,0.002677076934085795,0.0026912461794179783,0.00270524437615945,0.0027190859417617914,0.002732783836817033,0.002746349739155926,0.0027597941934485665,0.002773126740326337,0.0027863560282893433,0.002799489911067967,0.0028125355326337437,0.0028254994016755444,0.0028383874570517944,0.0028512051254815903,0.002863957372535743,0.0028766487478230456,0.0028892834251305222,0.0029018652381633766,0.0029143977124361387,0.002926884093787876,0.002939327373928206,0.0029517303133652748,0.0029640954620196148,0.0029764251777879107,0.002988721643286516,0.0030009868809755405,0.0030132227668391636,0.0030254310427764762,0.0030376133278385547,0.0030497711284313213,0.003061905847590022,0.0030740187934188107,0.00308611118677859,0.0030981841682968247,0.0031102388047651434,0.003122276094983317,0.0031342969751020433,0.003146302323511421,0.0031582929653171323,0.0031702696764421435,0.0031822331873877603,0.0031941841866846453,0.0032061233240613446,0.0032180512133551066,0.003229968435187541,0.0032418755394253746,0.0032537730474447727,0.003265661454215863,0.003277541230222648,0.003289412823232094,0.0033012766599248974,0.0033131331473993204,0.003324982674558539,0.0033368256133909572
56,0.00193003828950641,0.002144306908059485,0.002227659122213386,0.0022892771578240595,0.0023396707666757085,0.00238294469772082,0.0024210856621801917,0.002455485371269034,0.0024869733243508864,0.002516127361877324,0.0025433688183096282,0.002567588028358959,0.0025904068345920022,0.0026120244444004324,0.0026326017508975026,0.0026522706597880683,0.002671203666464108,0.002689431442268415,0.002707031774513713,0.0027240710965916776,0.0027406065512809376,0.0027567762891502067,0.0027725367100100173,0.002787925422534117,0.0028029754776786506,0.002817716039919576,0.0028339307348981186,0.0028499210674694762,0.0028657068773217283,0.002881305910529092,0.0028967340828497555,0.0029120057037829747,0.002927133668220651,0.0029421296211657056,0.002957004099931633,0.0029717666574091634,0.0029864259693321623,0.0030009899279550174,0.0030154657241375565,0.0030298599194980257,0.003044178510022676,0.0030584269822985675,0.0030726103633542477,0.0030867332649428796,0.0031007999229781826,0.0031148142327299343,0.003128779780299451,0.0031426998708226545,0.003156577553787296,0.003170415645798892,0.003184216751086124,0.003197983279998785,0.003211717465719456,0.0032254213793824205,0.0032390969437698265,0.0032527459457345276,0.003266370047481535,0.0032799707968245093,0.0032935496365205405,0.0033071079127747335,0.003320646882995995,0.0033341677228765207,0.003347671532859671,0.0033611593440540026,0.0033746321236452206,0.003388090779852435,0.00340153616647037,0.003414969087034945,0.003428390298646017,0.0034418005154775912,0.003455200412003026,0.003468590625959987,0.0034819717610776388,0.0034953443895863632,0.003508709054528484,0.0035220662718867483,0.003535416532545757,0.0035487603041002,0.003562098032522551,0.0035754301437016063,0.003588757044862497
57,0.002171690585201694,0.00239799153316835,0.0024856603651298085,0.002550345932827064,0.0026031725914916664,0.002648482746415771,0.0026881725361455194,0.002723921587338165,0.0027566055749111747,0.002786834148098598,0.00281505158215788,0.0028382345527033143,0.0028599831479226914,0.0028805054727293346,0.002899969500474083,0.0029185128668082054,0.0029363877142319066,0.0029535523315233464,0.002970087832691675,0.0029860634792811345,0.0030015388406755003,0.0030167488909054524,0.003031555478474941,0.003045997844896566,0.0030601104841325518,0.003073923843672406,0.003090926383936944,0.003107689973319925,0.003124235579217849,0.0031405819537508096,0.0031567459127382967,0.0031727425730533566,0.0031885855556106047,0.003204287159796076,0.0032198585140234912,0.0032353097062217716,0.0032506498973645125,0.0032658874206003092,0.003281029868100852,0.0032960841673878812,0.0033110566486111957,0.003325953104014622,0.0033407788406336755,0.003355538727109527,0.003370237235372005,0.0033848784778346985,0.0033994662406533847,0.0034140040135220468,0.0034284950164159105,0.0034429422236358386,0.003457348385461916,0.003471716047684295,0.003486047569245336,0.0035003451381979953,0.0035146107861602814,0.0035288464014240927,0.0035430537408578143,0.003557234440726067,0.00357139002653571,0.003585521922004941,0.0035996314572415765,0.0036137198762072127,0.0036277883435355657,0.0036418379507662164,0.0036558697220483377,0.0036698846193635483,0.0036838835473117977,0.003697867357499952,0.0037118368525686425,0.003725792789889519,0.00373973588496192,0.0037536668145351122,0.0037675862194798356,0.0037814947074306595,0.003795392855218524,0.003809281211111271,0.003823160296878152,0.0038370306096929185,0.0038508926238888692,0.003864746792577905,0.0038785935491447085
58,0.0024000081846909022,0.002653324620820009,0.002751539664259899,0.0028240339787317724,0.0028832545516963037,0.002934060610820539,0.0029785638420861973,0.003018646633356202,0.0030552900786958615,0.0030891773347373756,0.0031208063220296203,0.0031465313304767572,0.003170589923245731,0.003193218974711601,0.0032146097560363106,0.0032349190435937898,0.0032544470570604195,0.0032731351450814706,0.003291075672857198,0.003308347512874319,0.003325018499917612,0.0033413790324248564,0.0033572510425272303,0.0033726791380958533,0.003387702521731811,0.003402355788190986,0.0034211350887185096,0.0034396502544036182,0.0034579244532650165,0.003475978405389713,0.0034938306912295617,0.003511498013899117,0.0035289954234935805,0.0035463365098459027,0.0035635335689002973,0.0035805977469073056,0.0035975391658782225,0.0036143670331268947,0.003631089737238511,0.0036477149324115007,0.003664249612799685,0.003680700178221535,0.0036970724923900225,0.0037133719346406652,0.0037296034459896373,0.003745771570232555,0.003761880490693131,0.0037779340631458433,0.003793935845364927,0.0038098891236914563,0.0038257969369585127,0.003841662098070808,0.0038574872134973046,0.00387327470090332,0.003889026805120903,0.003904745612632281,0.003920433064720548,0.003936090969423843,0.0039517210124135815,0.0039673247669038325,0.0039829037026868665,0.003998459194379675,0.00401399252895695,0.004029504912638119,0.004044997477188788,0.00406047128569088,0.004075927337829989,0.004091366574743748,0.004106789883470579,0.004122198101034252,0.0041375920181963635,0.00415297238290562,0.004168339903470167,0.00418369525147665,0.0041990390644775725,0.00421437194846642,0.00422969448015836,0.004245007209092661,0.004260310659571459,0.00427560533244837,0.004290891706779092
59,0.002520171103617854,0.002779102105341454,0.002879322291471132,0.002953238376642349,0.0030135846969709165,0.003065331521470226,0.0031108590384698056,0.0031518814569005565,0.0031894003465612213,0.0032241129116934906,0.003256527166568629,0.003285227526196512,0.003312299149334118,0.0033379786350477506,0.003362456927021972,0.0033858904607583502,0.003408483152839625,0.0034302700719657494,0.0034513434027937046,0.0034717818508152682,0.0034916531001190233,0.003511114554168691,0.0035301186840308086,0.0035487100804650912,0.003566927934492948,0.003584806834973524,0.003604246667886725,0.0036234112509072416,0.003642324648565386,0.0036610083814391852,0.0036794817467307884,0.0036977620909900543,0.003715865043329965,0.003733804715813558,0.003751593876399529,0.003769244098821713,0.003786765892979291,0.0038041688187797607,0.0038214615858685567,0.003838652141269747,0.003855747746630257,0.0038727550464893352,0.0038896801287729103,0.003906528578529498,0.003923305525772833,0.003940015688170028,0.003956663409208837,0.00397325269238891,0.003989787231907317,0.004006270440245675,0.004022705473012289,0.004039095251347387,0.004055442482160205,0.0040717496764333715,0.004088019165801111,0.004104253117583016,0.00412045354843356,0.0041366223367489945,0.004152761233956822,0.004168871874799215,0.0041849557867090475,0.0042010143983666785,0.004217049047515901,0.0042330609881092865,0.004249051396845599,0.004265021379155723,0.004280971974687394,0.004296904162334373,0.004312818864850797,0.004328716953087656,0.004344599249884548,0.0043604665336469325,0.004376319541635931,0.0043921589729953745,0.004407985491538493,0.0044237997283143845,0.004439602283972831,0.0044553937309441665,0.004471174615449429,0.004486945459354732,0.004502706761882565
60,0.0027336560962021032,0.003026599962472101,0.003140290911835708,0.003224246249113974,0.003292852618784083,0.0033517272129356774,0.0034033285239304825,0.003449812400171052,0.003492313804258159,0.0035316231557588344,0.0035683166386421316,0.003598267168384851,0.003626261197677896,0.003652574509339927,0.0036774298448233825,0.003701009812448849,0.003723661531009206,0.003745320174485801,0.0037660933378444845,0.0037860729063330383,0.0038053379111792998,0.0038242258738459076,0.0038425311505523732,0.0038603056858538,0.0038775951286697356,0.0038944397604531817,0.003916108060121336,0.003937472524872785,0.003958559845215544,0.00397939389220521,0.003999996072436137,0.004020385630078162,0.0040405799051888135,0.004060594555689819,0.004080443748967531,0.004100140327937816,0.00411969595553305,0.004139121240866721,0.004158425849769088,0.004177618601934447,0.004196707556553219,0.004215700088002635,0.0042346029529240405,0.0042534223498124565,0.0042721639720761425,0.004290833055384497,0.004309434420005686,0.004327972508737564,0.004346451420952784,0.004364874943209191,0.004383246576817054,0.004401569562704438,0.004419846903878451,0.004438081385743284,0.00445627559450384,0.004474431933856411,0.0044925526401439235,0.004510639796132653,0.004528695343549318,0.004546721094501883,0.004564718741893543,0.004582689868927539,0.004600635957789811,0.004618558397587316,0.004636458491611568,0.004654337463989878,0.004672196465780298,0.0046900365805606055,0.004707858829556768,0.004725664176351703,0.004743453531211257,0.004761227755060789,0.0047789876631424595,0.004796734028380717,0.004814467584480548,0.004832189028781266,0.004849899024886034,0.004867598205085942,0.004885287172595442,0.004902966503614605,0.004920636749232385
61,0.00297070017600527,0.0032989370396412435,0.0034265830679309204,0.0035209313902776385,0.0035980845795479497,0.0036643314848503537,0.003722414455368437,0.003774759826234161,0.0038226392322271577,0.0038669385088167824,0.003908303561272448,0.003942024130518544,0.0039735552464827415,0.004003205976611104,0.004031225994770621,0.0040578200286075505,0.0040833801224365905,0.004107830607654916,0.004131292185686005,0.004153867952466154,0.004175646596509884,0.004197009754936215,0.004217723581387813,0.004237846401258394,0.004257429478461629,0.00427651805557547,0.004301067600846458,0.004325277120661101,0.004349176667676434,0.0043727931229542985,0.004396150594862581,0.004419270758522108,0.004442173146155671,0.004464875396630823,0.004487393470885076,0.004509741838666522,0.004531933641032665,0.004553980832262215,0.004575894304204144,0.004597683995579819,0.004619358988342062,0.004640927592858557,0.004662397423411495,0.0046837754652778426,0.00470506813446642,0.004726281331031172,0.0047474204867488864,0.00476849060783963,0.00478949631331547,0.004810441869464379,0.0048313312209097466,0.004852168018628972,0.004872955645266136,0.004893697238032007,0.004914395709448801,0.00493505376616624,0.004955673926048544,0.004976258533709008,0.004996809774648301,0.005017329688135345,0.005037820178953901,0.005058283028124837,0.005078719902701947,0.0050991323647288905,0.005119521879435671,0.005139889822744896,0.00516023748815085,0.00518056609302824,0.00520087678442153,0.005221170644361054,0.005241448694747378,0.005261711901841527,0.005281961180395103,0.005302197397451045,0.005322421375842989,0.00534263389741864,0.005362835706010113,0.005383027510172346,0.0054032099857085104,0.005423383778000031,0.005443549504156906
62,0.0030237616878300054,0.0033860341966368604,0.0035277108190788016,0.0036327014084901604,0.0037187244372831217,0.0037927049114639864,0.0038580031994933143,0.003916956480865126,0.00397096793325117,0.004021015752118416,0.0040678137055230055,0.004109389794125543,0.004148530019628441,0.004185575622114305,0.004220802416816508,0.004254436678341248,0.004286781989259024,0.004317885407688843,0.004347880511719074,0.0043768814240659065,0.004404986336710776,0.004432448209135867,0.004459178785339969,0.004485242670637181,0.004510696643194022,0.004535590803523887,0.004563381877414004,0.0045907984660599485,0.004617874132535922,0.004644638905474014,0.004671119722552797,0.004697340808008346,0.00472332399564533,0.004749089006539408,0.004774653688846999,0.004800034225747899,0.00482524531644899,0.004850300334304254,0.004875211465407415,0.004899989830450099,0.00492464559218134,0.004949188050431485,0.004973625726357607,0.004997966437315484,0.005022217363554042,0.005046385107754342,0.005070475748289537,0.005094494886960124,0.005118447691855827,0.005142338935908191,0.005166173031623868,0.005189954062425619,0.005213685810973868,0.005237371784795408,0.005261015239506038,0.0052846191998794055,0.005308186478984678,0.005331719695589705,0.005355221290003958,0.005378693538515873,0.005402138566562081,0.0054255583607511005,0.005448954779850689,0.005472329564836629,0.0054956843480904495,0.005519020661824477,0.0055423399458046675,0.00556564355443462,0.005588932763257792,0.00561220877492939,0.005635472724704371,0.00565872568548359,0.005681968672456098,0.0057052026473720105,0.005728428522477281,0.00575164716413863,0.005774859396184579,0.005798066002985959,0.005821267732297271,0.005844465297878503,0.0058676593819150516
63,0.0033117637433448307,0.00370909208297509,0.0038644937789354384,0.00397966074632397,0.004074024954001413,0.004155181200631543,0.004226414313914107,0.004290691011537714,0.004349550206567925,0.004404064719554066,0.004455017366340974,0.00449650026486109,0.004535348140989983,0.004571935003359451,0.004606563152822504,0.004639480604031736,0.004671168339307126,0.0047015281084316725,0.0047307063947364305,0.004758828379046019,0.004786001802013716,0.0048126945365018665,0.0048386173810628106,0.004863841318036242,0.004888428764550641,0.004912434831023242,0.004943128874444542,0.00497341291829429,0.005003323875243638,0.0050328947734824495,0.005062155243767302,0.005091131934053625,0.0051198488643045695,0.005148327731561132,0.00517658817341116,0.005204647996469392,0.0052325233752769824,0.00526022902607128,0.005287778359109776,0.005315183612613945,0.005342455970897219,0.005369605668832196,0.005396642084476523,0.00542357382140021,0.005450408782027554,0.00547715423311612,0.0055038168643353185,0.005530402840773076,0.005556917850085974,0.0055833671449125235,0.0056097555810879435,0.005636087652129333,0.005662367520401177,0.005688599045319802,0.005714785808912052,0.005740931139005382,0.005767038130293954,0.005793109663497039,0.005819148422801107,0.005845156911755756,0.005871137467774424,0.005897092275374853,0.005923023378279094,0.0059489326904809065,0.005974822006376329,0.006000693010044082,0.006026547283752925,0.00605238631576589,0.006078211507504044,0.006104024180126383,0.0061298255805769825,0.006155616887145628,0.006181399214583687,0.006207173618813207,0.006232941101263578,0.006258702612866983,0.006284459057741056,0.006310211296584609,0.006335960149809847,0.00636170640043268,0.006387450796740599
64,0.00356304138002296,0.004006215703430285,0.004180006996192256,0.004308959254704158,0.004414715306967611,0.004505736902654712,0.004585751009766172,0.0046579922572282245,0.0047241776964164345,0.004785504784023204,0.004842847600022107,0.004890103685475148,0.004934359531531968,0.0049760359751144035,0.005015473317756941,0.005052950859812565,0.0050889925918529335,0.005123507514039927,0.0051566606667922815,0.005188593116062808,0.005219426292101157,0.005249669342458377,0.005279016627096705,0.005307548110456131,0.005335334106175417,0.005362436692875015,0.005396803243959146,0.005430716095948269,0.005464216347149822,0.005497340774971591,0.005530122377152571,0.005562590832584228,0.005594772895696864,0.005626692735603894,0.005658372229036586,0.005689831214409498,0.005721087713021114,0.005752158122331425,0.0057830573854071865,0.0058137991399395276,0.00584439584968169,0.005874858920700889,0.005905198804465325,0.0059354250894802785,0.005965546582932468,0.005995571383589714,0.006025506947025748,0.006055360144090774,0.006085137313423135,0.0061148443086906645,0.006144486541160365,0.00617406901811776,0.006203596377591525,0.006233072919782503,0.006262502635547363,0.006291889232245451,0.006321236157220804,0.0063505466191598565,0.006379823607537962,0.006409069910343753,0.006438288130249563,0.006467480699377901,0.0064966498927974264,0.006525797840868333,0.006554926540543927,0.006584037865724628,0.0066131335767505035,0.006642215329109982,0.006671284681434625,0.006700343102842948,0.00672939197969023,0.006758432621775773,0.006787466268054185,0.006816494091892944,0.006845517205914509,0.006874536666457812,0.006903553477690723,0.006932568595402331,0.006961582930501274,0.0069905973522438915,0.007019612691214335
65,0.004025089174791338,0.0045252546603320575,0.00472138114248253,0.004866901224621527,0.004986241906464652,0.00508895338571341,0.0051788363257220275,0.005259944211351138,0.005334215481225231,0.005403001986795015,0.005467290507934575,0.005516287199512087,0.005561897477562812,0.005604598622633338,0.005644776599393037,0.005682748206045236,0.0057192632737865364,0.0057540623279296295,0.0057873325724701365,0.005819234037413804,0.005849904497586864,0.005880124203066372,0.00590934267731113,0.005937650665154701,0.005965127979405028,0.005991845105055067,0.006030573027655442,0.006068791729609281,0.00610654743667663,0.006143881516212342,0.006180831085518376,0.0062174295298381395,0.006253706945693746,0.006289690522141725,0.0063254048700959725,0.0063608723079656825,0.006396113110355139,0.00643114572537849,0.006465986965186347,0.006500652173530219,0.006535155373565312,0.006569509398581964,0.00660372600793727,0.006637815990113151,0.0066717892545409075,0.006705654913593972,0.006739421355951366,0.006773096312366668,0.006806686914736536,0.00684019974924298,0.006873640904242085,0.006907016013485562,0.006940330295187229,0.006973588587383002,0.0070067953799784685,0.007039954843830693,0.007073070857170171,0.007106147029633451,0.007139186724145867,0.007172193076867189,0.007205169015389151,0.007238117275353588,0.007271040415641371,0.0073039408322668,0.007336820771097675,0.007369682339509251,0.007402527517068902,0.007435358165338813,0.007468176036875397,0.00750098278349614,0.007533779963878012,0.0075665690505453695,0.00759935143629966,0.007632128440138459,0.007664901312706975,0.007697671241321161,0.007730439354597934,0.007763206726725077,0.007795974381400112,0.007828743295465256,0.007861514402262914
66,0.00437464424580793,0.004933254164231654,0.0051527473667524765,0.005315758799170905,0.005449538937762385,0.005564744636837334,0.005665932307466703,0.0057573129491845796,0.005841051156318641,0.005918656907039346,0.005991232697493259,0.006049709063782181,0.006104380890221659,0.006155781080066885,0.006204340677201352,0.006250413553143019,0.006294718812253833,0.0063370864062647775,0.006377725554740139,0.006416815124474115,0.006454509117495105,0.00649152640025,0.0065274064984446704,0.006562250855865478,0.006596148689938201,0.006629178783703704,0.006672804864902657,0.006715862297565847,0.006758402941193523,0.006800473208594102,0.006842114747402754,0.006883365020432194,0.006924257802427728,0.006964823607301773,0.007005090057208049,0.007045082202687821,0.007084822801441533,0.0071243325619429945,0.0071636303570428725,0.0072027334118458615,0.007241657469445394,0.007280416937528804,0.007319025018396999,0.007357493824556216,0.007395834481718913,0.007434057220783994,0.0074721714601435505,0.007510185879475544,0.007548108486024044,0.007585946674234543,0.007623707279498381,0.007661396626663073,0.0076990205738827755,0.007736584552311489,0.00777409360208078,0.0078115524049506375,0.00784896531397633,0.007886336380494604,0.007923669378697634,0.00796096782803338,0.007998235013644245,0.008035474005033188,0.008072687673125783,0.008109878705879217,0.008147049622573085,0.008184202786903363,0.008221340418988095,0.008258464606382953,0.008295577314194636,0.0083326803943718,0.008369775594245189,0.008406864564382135,0.00844394886581406,0.008481029976690367,0.008518109298407066,0.00855518816125416,0.00859226782962155,0.008629349506800044,0.008666434339410452,0.00870352342149109,0.008740617798271086
67,0.004586872275497548,0.0052169544712358336,0.005465956529149655,0.005651373749072254,0.005803844680613297,0.0059353597192900375,0.006051348937382517,0.006156247158423746,0.006252496028041136,0.006341800120773984,0.006425404967733014,0.00649573974958421,0.00656167814099485,0.0066238264190637795,0.0066826753449274745,0.0067386280862567404,0.006792400080707506,0.006843905186142808,0.006893382065139523,0.006941034827323876,0.006987039256256147,0.0070320875633533295,0.007075786535843094,0.0071182519539250404,0.0071595856403619765,0.007199877499750459,0.007249983034681759,0.007299453868712021,0.007348348785551249,0.00739672040936717,0.007444615973681126,0.0074920779763346336,0.0075391447402893275,0.007585850896094086,0.007632227798801366,0.007678303889723689,0.0077241050115328565,0.0077696546837023915,0.007814974344089511,0.007860083561483145,0.007905000223155828,0.0079497407008154,0.007994319997824002,0.008038751880117394,0.008083048992896127,0.00812722296486003,0.008171284501505807,0.008215243468796362,0.00825910896833234,0.008302889405005485,0.008346592547985025,0.008390225585779388,0.008433795176021506,0.008477307490546053,0.008520768256257652,0.008564182792229532,0.0086075560434202,0.008650892611351237,0.008694196782049952,0.008737472551526633,0.008780723649026446,0.008823953558269959,0.00886716553687307,0.008910362634117213,0.008953547707222835,0.008996723436263279,0.009039892337842479,0.009083056777647189,0.009126218981974025,0.009169381048321166,0.009212544955126377,0.009255712570724956,0.009298885661594383,0.009342065899946052,0.009385254870719116,0.009428454078026262,0.009471664951096708,0.009514888849757928,0.009558127069493463,0.009601380846111418,0.009644651360054796
68,0.005140836764527604,0.0058240499342695345,0.006093335777099303,0.0062936126375035505,0.006458152063295647,0.0065999706179052575,0.0067243686634742466,0.006836775559772269,0.006939837084224852,0.007035399557693491,0.007124811550140469,0.007194776655091017,0.007260213834164534,0.007321769654207131,0.007379967149902937,0.007435235778496547,0.007488529415187952,0.007539556193756536,0.007588570356156656,0.007635789335590343,0.007681400412454386,0.007726369274394082,0.0077700392227512405,0.007812533918069924,0.007853962178568444,0.007894420153887177,0.007949320821769065,0.008003525788546932,0.008057099474425206,0.008110099549249558,0.008162577775180176,0.008214580724500884,0.008266150394224112,0.008317324734845359,0.008368138107256307,0.008418621679204609,0.008468803770619399,0.008518710155474583,0.008568364326542921,0.008617787728330118,0.008666999962614885,0.008716018970316168,0.00876486119283079,0.008813541715507479,0.008862074395528094,0.008910471976137022,0.008958746188884774,0.009006907845319661,0.009054966919366638,0.009102932621466914,0.009150813465411158,0.009198617328679753,0.009246351507000743,0.009294022763748173,0.009341637374727691,0.009389201168831265,0.009436719564985513,0.009484197605769839,0.009531639988037171,0.009579051090832874,0.00962643500087502,0.009673795535830369,0.009721136265595315,0.009768460531768912,0.00981577146548565,0.009863072003758397,0.009910364904466564,0.009957652760111057,0.01000493801044563,0.010052222954083345,0.010099509759167546,0.01014680047318793,0.01019409703201501,0.010241401268219116,0.010288714918734133,0.010336039631920731,0.01038337697407862,0.010430728435453285,0.010478095435778313,0.010525479329390967,0.010572881409955357
69,0.005746757908891193,0.006488279925229586,0.006779877145443853,0.0069965179880056745,0.007174359850590661,0.007327544242254393,0.007461760709996875,0.007582969913841509,0.00769404393737402,0.007796986430168306,0.007893260446918024,0.00796774238802905,0.008037303374914612,0.008102645296072993,0.008164335806807635,0.008222840895855028,0.008279224645193149,0.008333141353048787,0.008384866684525216,0.008434636345069173,0.008482653312018707,0.00853000458715153,0.008575938275685703,0.008620588306223854,0.008664072510974157,0.008706494985602732,0.008765334379648828,0.008823416948524468,0.008880812206322251,0.00893758237409328,0.008993783291384276,0.00904946519257801,0.009104673371505053,0.009159448753127216,0.009213828387467754,0.00926784587812269,0.009321531755445556,0.009374913802712999,0.009428017342149844,0.009480865486539668,0.00953347936121145,0.009585878300430204,0.009638080021592907,0.009690100780114657,0.009741955507461722,0.009793657934431557,0.009845220701481529,0.00989665545765751,0.009947972949462206,0.009999183100823943,0.010050295085174908,0.01010131739051781,0.010152257878249365,0.010203123836413606,0.010253922027976039,0.010304658734639262,0.010355339796658815,0.010405970649065642,0.01045655635465457,0.010507101634058276,0.01055761089319083,0.010608088248313904,0.010658537548951606,0.010708962398856058,0.010759366175204609,0.01080975204619108,0.010860122987156797,0.010910481795392717,0.010960831103730766,0.011011173393031022,0.011061511003661078,0.011111846146054696,0.011162180910428548,0.011212517275728702,0.01126285711787143,0.01131320221733765,0.011363554266174329,0.011413914874451704,0.011464285576220807,0.011514667835011885,0.011565063048910591
70,0.006238796803684678,0.007104656408877824,0.007447122196339097,0.007702235024995051,0.007912078462966977,0.008093123606424673,0.008252097557157185,0.008395796370204276,0.008527578817104227,0.008649790145014062,0.00876414430009429,0.008852657120009197,0.008934930387622931,0.009011814159141845,0.00908399691389114,0.009152044542243047,0.009217271636389914,0.009279251412123232,0.009338318953784834,0.009394760948951008,0.009448824398115644,0.009501902845048534,0.009553027065982567,0.009602359640769656,0.009650043609023173,0.009696205323786015,0.009764186634562036,0.009831310233062218,0.009897655731367846,0.009963294402295802,0.010028290220050081,0.010092700746716084,0.010156577891333929,0.01021996856297182,0.010282915235093266,0.010345456435276394,0.010407627171789963,0.010469459306497765,0.010530981881934987,0.010592221409086963,0.010653202121334755,0.010713946199162737,0.010774473969509034,0.010834804083050991,0.010894953672229807,0.010954938492411333,0.011014773048240264,0.01107447070695889,0.011134043800220525,0.011193503715723453,0.01125286097981788,0.011312125332090464,0.01137130579280401,0.011430410723961873,0.011489447884672406,0.011548424481408519,0.011607347213687282,0.011666222315633638,0.011725055593839882,0.011783852461885916,0.011842617971845305,0.01190135684306701,0.011960073488490855,0.012018772038728538,0.012077456364116845,0.012136130094929243,0.012194796639912566,0.012253459203299174,0.012312120800429933,0.012370784272110122,0.012429452297808476,0.012488127407799433,0.012546811994338714,0.012605508321954275,0.01266421853692698,0.012722944676028487,0.012781688674577992,0.012840452373873556,0.012899237528049083,0.012958045810403645,0.01301687881924519
71,0.006728174396404024,0.0076976139591091765,0.008082245344954006,0.0083691813079096,0.008605456114133585,0.008809485492083617,0.008989085715031875,0.009151598041325724,0.009300779099899853,0.0094392528690168,0.009568937682474733,0.009673108599876051,0.009770496652156513,0.009862040241373394,0.009948499365476595,0.010030498692330877,0.010109347477132007,0.010184711123768364,0.01025695989884056,0.010326410620805557,0.010393336277697143,0.010459071321041883,0.010522744311107026,0.010584535269112502,0.010644602598345251,0.010703086237158524,0.01078164400400406,0.010859235681524122,0.010935952227295879,0.011011875091470051,0.01108707740073957,0.011161624967201397,0.011235577152446599,0.01130898761118817,0.011381904934055604,0.011454373205516778,0.011526432489990402,0.01159811925690664,0.011669466753625967,0.011740505333635999,0.011811262746236431,0.011881764392934965,0.01195203355496653,0.012022091595679301,0.012091958140976519,0.012161651240541155,0.012231187512183871,0.01230058227132985,0.012369849647386164,0.01243900268849908,0.012508053456013397,0.012577013109778074,0.012645891985297647,0.012714699663606195,0.012783445034633363,0.012852136354740775,0.012920781299026827,0.012989387008929513,0.013057960135596125,0.0131265068794365,0.01319503302623047,0.01326354398012009,0.013332044793781457,0.013400540196040285,0.013469034617167443,0.013537532212066885,0.013606036881546435,0.013674552291843032,0.013743081892557265,0.01381162893313641,0.013880196478032347,0.01394878742064828,0.014017404496177556,0.014086050293428342,0.014154727265719163,0.014223437740922523,0.014292183930727098,0.014360967939182321,0.014429791770583766,0.014498657336752756,0.014567566463758423
72,0.007315963647461564,0.008415016414142832,0.008852642010379067,0.009179653883561966,0.00944926445895503,0.009682317407441188,0.009887435137197219,0.010073145909780876,0.010243709227189922,0.010402101794027733,0.010550500872212456,0.010667470554679183,0.010776626067051718,0.010879041153877519,0.010975585911999909,0.011066975874793987,0.011154810461032031,0.011238609990688719,0.0113187989880035,0.011395740832613771,0.011469748740284507,0.011542491071404657,0.011612833713416943,0.011680983259793174,0.011747121539437154,0.011811409221983439,0.011901402128341072,0.011990312733633235,0.012078244236051982,0.012165289067153591,0.01225153023025782,0.012337042441171193,0.012421893105445626,0.012506143159593463,0.012589847798403778,0.012673057106369305,0.012755816607966743,0.012838167748933193,0.012920148318597544,0.01300179282164492,0.01308313280632746,0.013164197155020875,0.013245012342111234,0.013325602663442078,0.013405990440925638,0.01348619620540034,0.013566238860380685,0.013646135828978313,0.013725903185963673,0.013805555776675691,0.013885107324263556,0.013964570526555212,0.014043957143683597,0.014123278077462931,0.01420254344338595,0.014281762636010175,0.014360944388410159,0.014440096826295604,0.014519227517326299,0.014598343516096039,0.014677451405205153,0.014756557332796596,0.0148356670468894,0.014914785926809115,0.014993919011982944,0.015073071028340386,0.015152246412535434,0.015231449334184962,0.01531068371629886,0.015389953254059955,0.01546926143209698,0.01554861154038005,0.0156280066888558,0.0157074498209285,0.015786943725884003,0.015866491050343826,0.015946094308829654,0.01602575589351076,0.016105478083200713,0.01618526305166372,0.016265112875286224
73,0.008377349915559447,0.009627211633463695,0.010124587525473275,0.01049614396046705,0.010802416127056113,0.011067114377694283,0.011298927759553344,0.011508678314195843,0.011701210989811263,0.01187991134447212,0.012047255491256029,0.012168354365336132,0.012280685094190311,0.012385470622104686,0.012483701824104796,0.012576193483804496,0.012665175535951551,0.012749686301752203,0.012830209166291103,0.012907157928338903,0.012980889309972692,0.01305382149522412,0.013124136260080679,0.013192069056790691,0.013257827184556257,0.01332159389152578,0.013424104991427025,0.013525390800304763,0.01362556856447398,0.013724743304362545,0.013823009333572776,0.01392045155366758,0.014017146563485829,0.014113163614090917,0.014208565434473018,0.014303408948435061,0.014397745899387662,0.014491623396829325,0.014585084395924323,0.014678168119684427,0.014770910431712162,0.014863344166199978,0.014955499420841777,0.015047403817456874,0.015139082734416758,0.015230559514372435,0.015321855650285805,0.015412990952351435,0.015503983698044491,0.015594850767232653,0.0156856077640371,0.015776269126911834,0.015866848228225976,0.015957357464474787,0.016047808338109336,0.016138211531855757,0.01622857697629371,0.016318913911374633,0.016409230942483068,0.0164995360915769,0.016589836843883633,0.016680140190577897,0.01677045266781975,0.016860780392493967,0.0169511290949543,0.017041504149046448,0.017131910599654836,0.017222353187994806,0.017312836374849053,0.017403364361928426,0.01749394111151939,0.017584570364565646,0.01767525565731665,0.01776600033666423,0.017856807574276785,0.017947680379631112,0.018038621612032273,0.01812963399170436,0.018220720110027473,0.01831188243898958,0.01840312333991623
74,0.009156618949956381,0.010595373034535492,0.011170565507997911,0.0116011705685503,0.01195668483794696,0.012264343445919316,0.012535071882545507,0.012780337394152188,0.013005717487382178,0.013215112131210885,0.01341137546641852,0.013562522004468754,0.013703189251913783,0.01383480146755112,0.013958513606641368,0.014075276083404042,0.014187371236508605,0.01429401074256412,0.014395759073554266,0.014493099621025563,0.014586449220553938,0.014678249574785349,0.014766776315056603,0.014852304384785561,0.014935075839357279,0.015015304623927894,0.015134097125161786,0.015251494678435793,0.015367632145668959,0.015482630347296661,0.015596597804501875,0.015709632224495725,0.015821821773272064,0.015933246171449304,0.01604397764196613,0.016154081733028857,0.016263618035468365,0.01637264081028848,0.01648119953948109,0.01658933941100181,0.016697101747025052,0.016804524383152383,0.016911642005057834,0.017018486448073848,0.01712508696440763,0.017231470461999528,0.01733766171846784,0.017443683573107216,0.017549557099505158,0.01765530176100037,0.017760935550916464,0.017866475119257222,0.01797193588733788,0.01807733215164509,0.01818267717806124,0.018287983287454162,0.018393261933515297,0.018498523773628258,0.01860377873346054,0.018709036065894354,0.018814304404844072,0.01891959181444951,0.0190249058340808,0.019130253519545993,0.019235641480850833,0.01934107591682518,0.01944656264689828,0.01955210714027714,0.01965771454275716,0.019763389701371863,0.019869137187068633,0.019974961315579864,0.02008086616664249,0.020186855601705307,0.02029293328025001,0.020399102674841085,0.020505367085008663,0.020611729650059953,0.020718193360905364,0.020824761070979237,0.020931435506326923
75,0.010537457035983846,0.01211088072751672,0.012737060954861644,0.013204853912049869,0.013590462891523568,0.0139237353629918,0.014215613555587895,0.014479775158539349,0.014722313692390129,0.014947486959307093,0.015158408873021818,0.015312429397033157,0.015455870075638308,0.015590243123618978,0.015716773245398052,0.015836467133259566,0.015952026196201376,0.016062302376920565,0.016167893174529914,0.016269310052694767,0.01636699393638848,0.016463821407598268,0.016557642582914922,0.01664874914009147,0.01673739795230284,0.01682381616424513,0.016955559686205827,0.017085745863054922,0.01721452467435468,0.01734203047528197,0.017468383936266013,0.017593693696447702,0.017718057780452042,0.017841564818147367,0.017964295099436048,0.018086321490139057,0.018207710230313826,0.01832852163258254,0.01844881069503389,0.01856862764082958,0.018688018394671553,0.018807025004674564,0.01892568601686415,0.019044036808427964,0.019162109884942123,0.019279935146038946,0.01939754012335074,0.019514950194032606,0.01963218877271948,0.01974927748439237,0.019866236320306024,0.01998308377885505,0.020099836993019354,0.020216511845827515,0.020333123075102173,0.020449684368601246,0.02056620845053766,0.020682707160347744,0.020799191524479236,0.020915671821883777,0.02103215764382372,0.02114865794853694,0.021265181111244764,0.021381734969937945,0.02149832686732957,0.02161496368932462,0.021731651900319993,0.021848397575617958,0.021965206431207765,0.02208208385114557,0.02219903491274037,0.02231606440973448,0.022433176873648677,0.022550376593446775,0.022667667633660096,0.022785053851099215,0.022902538910269582,0.023020126297596262,0.023137819334554673,0.02325562118979512,0.02337353489034157
76,0.011783193148693425,0.013547886789027469,0.01425037033481065,0.014775229470385383,0.015207918085803681,0.015581907981089155,0.015909886428696746,0.016206712661765377,0.016479226615798148,0.016732208108235305,0.01696915312367255,0.01714480989042047,0.017308059438978413,0.017460626856101252,0.01760390993508411,0.01773905810882788,0.017869061329133764,0.017992720960679203,0.018110719001159275,0.01822363927414861,0.01833198507307485,0.018438968577769957,0.018542226779250784,0.01864209186602308,0.01873885629302872,0.018832778569266954,0.018977699175097177,0.019120887581658766,0.019262509540721725,0.01940271352025336,0.01954163285192361,0.019679387561550996,0.019816085937347683,0.019951825879935207,0.020086696069644285,0.020220776979980242,0.020354141760899017,0.020486857011369146,0.020618983457353628,0.020750576548650493,0.020881686985841988,0.02101236118681623,0.021142641700857775,0.02127256757709325,0.021402174693074236,0.021531496048442674,0.021660562027924365,0.02178940063730727,0.021918037715565067,0.022046497125865688,0.0221748009278468,0.02230296953323568,0.022431021846629064,0.022558975393025323,0.02268684643350718,0.022814650070307446,0.022942400342345074,0.023070110312193838,0.023197792145336543,0.023325457182462327,0.023453116005481396,0.02358077849785852,0.023708453899801668,0.023836150858786858,0.023963877475848955,0.024091641348025217,0.024219449607298497,0.024347308956352808,0.024475225701422885,0.024603205782492074,0.0247312548010681,0.024859378045745076,0.024987580515739675,0.025115866942572534,0.02524424181005004,0.025372709372687253,0.02550127367270062,0.025629938555687026,0.02575870768509582,0.025887584555591075,0.02601657250539276
77,0.01320153004155927,0.015221401236143621,0.01602698413665,0.016629398813519207,0.01712634868460717,0.01755611215854958,0.01793279164833035,0.018273745711402528,0.018586807514454982,0.018877452547463425,0.019149686739431963,0.019346784835465106,0.01952930061878601,0.019699235985640003,0.01985821387615565,0.020007569498450724,0.02015096958276514,0.020286838364147172,0.02041596839632544,0.020539038337388283,0.020656633381738343,0.020772768011449613,0.020884425192560813,0.020991990919671247,0.02109580506319248,0.021196168079567042,0.021361386477884353,0.021524646040909267,0.02168613508976786,0.021846022321945137,0.02200445924796038,0.022161582268465947,0.022317514453962885,0.02247236707698718,0.022626240937033124,0.02277922751096314,0.022931409955716773,0.023082863985405037,0.02323365864108778,0.023383856968476436,0.02353351661632214,0.023682690366224623,0.023831426602932807,0.023979769732835908,0.024127760557204822,0.024275436605795075,0.02442283243562842,0.02456997989910244,0.02471690838501469,0.024863645035610674,0.025010214942358902,0.025156641322810792,0.025302945680606672,0.025449147950434747,0.025595266629530832,0.025741318897117664,0.025887320723018338,0.026033286966536423,0.02617923146657112,0.026325167123827976,0.0264711059758903,0.026617059265834683,0.02676303750499974,0.02690905053045405,0.02705510755765181,0.027201217228715387,0.027347387656738806,0.027493626466467448,0.027639940831673884,0.02778633750951878,0.027932822872157828,0.02807940293583118,0.02822608338764913,0.028372869610268445,0.02851976670463552,0.02866677951095646,0.028813912628040218,0.028961170431147355,0.029108557088465502,0.029256076576322294,0.02940373269323632
78,0.015199569394999673,0.01748305048000368,0.01839230038957956,0.01907173058942377,0.019631899278633624,0.020116112879699936,0.020539161017867087,0.020921877416171755,0.021273116037854676,0.02159906443844558,0.02190424845000374,0.0221143573644795,0.022308409962724363,0.022488652440518293,0.022656904940175665,0.022814664285580568,0.02296643466271411,0.023110039046045406,0.02324636549448212,0.02337617429245919,0.02350012091473188,0.02362317629962441,0.023741467735777726,0.02385542785127272,0.023965437589656927,0.024071833739629137,0.024259203540798184,0.02444434988638448,0.02462748642677733,0.024808804547634174,0.024988476134695313,0.025166655930576994,0.02534348355411813,0.02551908523885317,0.02569357533630343,0.02586705762124933,0.026039626429409112,0.02621136765258571,0.026382359612044905,0.02655267382742021,0.026722375695623826,0.026891525091944573,0.027060176903626155,0.027228381504660996,0.027396185179243294,0.02756363050024789,0.02773075666820101,0.027897599815450914,0.028064193279607824,0.02823056784978114,0.028396751988681263,0.028562772033260915,0.028728652376235023,0.028894415630529087,0.029060082778457612,0.029225673307219605,0.0293912053321121,0.029556695708701015,0.02972216013504821,0.029887613244970905,0.03005306869320194,0.03021853923322561,0.03038403678848082,0.030549572517550506,0.03071515687389178,0.030880799660605175,0.031046510080689673,0.031212296783186922,0.03137816790557753,0.031544131112757126,0.031710193632888274,0.031876362290396615,0.032042643536353714,0.03220904347646696,0.032375567896876616,0.032542222287941604,0.032709011866179714,0.03287594159451264,0.03304301620095339,0.03321024019586132,0.03337761788787942
79,0.017697780949599066,0.02035175945518175,0.02140836840054552,0.02219785362331326,0.022848723346784044,0.02341131419564887,0.023901501904606888,0.0243447288296899,0.02475129536648203,0.02512840017280657,0.025481308790522805,0.02570939909777461,0.025918283913556005,0.026110619978485967,0.026288560975007418,0.026453878641417412,0.026612446274687642,0.02676115599691198,0.02690105879011232,0.027033054588391236,0.027157919392749277,0.02728228161144453,0.027400822839295628,0.027514054610890508,0.027622427393490172,0.02772633948070948,0.027940364714637515,0.0281518367625197,0.028361000211320042,0.028568074147889123,0.02877325532685482,0.028976720870858643,0.029178630584045257,0.029379128943658534,0.02957834682212158,0.02977640298219941,0.029973405380118796,0.03016945230537072,0.03036463338099257,0.030559030444152563,0.030752718323630215,0.03094576552815239,0.031138234857380275,0.031330183945557664,0.03152166574634954,0.03171272896616609,0.03190341845223523,0.03209377554081749,0.03228383837022575,0.032473642162691635,0.03266321947859243,0.03285260044610297,0.0330418129689517,0.03323088291462931,0.033419834285113394,0.033608689371926896,0.03379746889713503,0.03398619214170005,0.03417487706245223,0.03436354039879528,0.03455219777014042,0.03474086376495683,0.03492955202222976,0.03511827530603613,0.035307045573871494,0.03549587403929968,0.03568477122943613,0.03587374703772708,0.03606281077244,0.0362519712012401,0.036441236592192415,0.036630614751496406,0.036820113058230325,0.03700973849635835,0.03719949768422872,0.03738939690177125,0.03757944211558358,0.03776963900207842,0.03795999296884913,0.038150509174397156,0.03834119254635209
80,0.020060650995167118,0.02308949172345217,0.024296061525612016,0.025197844186480616,0.025941448363773954,0.026584304676403533,0.027146199190157264,0.027654527441305914,0.028121039025811014,0.02855394586989284,0.02895925503510187,0.029238695147050794,0.029496319244005587,0.029735137566632763,0.029957590258027623,0.030165684648084452,0.03036544552763419,0.03055398511017836,0.030732494467642466,0.03090199346254996,0.031063361480378655,0.031223290446603453,0.03137657905130618,0.03152380722842636,0.031665485641001356,0.03180206576605567,0.03204822902726454,0.032291460801651566,0.03253204219757662,0.03277022501996836,0.033006235410207196,0.033240276948733154,0.0334725333133241,0.0337031705675479,0.03393233913956064,0.03416017554018993,0.03438680386036829,0.034612337080918494,0.034836878222030784,0.03506052135520593,0.03528335249672865,0.03550545039870995,0.035726887251250734,0.03594772930722761,0.036168037439500755,0.03638786763892592,0.036607271460366415,0.03682629642290294,0.03704498636959869,0.03726338179146352,0.037481520119655075,0.037699435989438285,0.0379171614789814,0.0381347263256873,0.03835215812243151,0.03856948249579526,0.038786723268137854,0.039003902605139314,0.039221041150259664,0.039438158147399316,0.039655271552903645,0.039872398137931614,0.040089553582097946,0.04030675255920457,0.04052400881578974,0.040741335243151364,0.04095874394343232,0.041176246290298,0.04139385298468441,0.041611574106047176,0.041829419159501495,0.04204739711920622,0.04226551646831054,0.04248378523575385,0.042702211030181576,0.04292080107121602,0.043139562218300107,0.04335850099731215,0.0435776236251321,0.043796936032324554,0.0440164438840889
81,0.023266219849316417,0.0266854124809025,0.028044285003108137,0.029058795656459017,0.02989467295056797,0.03061681911471336,0.031245843335052537,0.03181449194369072,0.03233602725718406,0.03281971534779785,0.033272332171486126,0.03356757324590534,0.03383882672535233,0.03408946369686755,0.03432221523216855,0.0345393267955828,0.03474814037534436,0.034944797393963965,0.035130629125267585,0.03530677510322692,0.035474217613225424,0.03564116466449617,0.03580104490612688,0.03595450629715203,0.036102119332069374,0.03624438833863992,0.03652196554972989,0.036796215076238696,0.03706745479539986,0.037335969429358594,0.037602014665642225,0.037865820669171706,0.038127595091104804,0.03838752565890459,0.03864578241579068,0.03890251966500373,0.03915787766425979,0.03941198410777077,0.03966495542679228,0.03991689793448863,0.04016790883670266,0.040418077126791345,0.04066748437987112,0.0409162054594949,0.04116430914785484,0.04141185870900057,0.0416589123932184,0.04190552388958751,0.042151742732777185,0.04239761466934119,0.0426431819880796,0.04288848381845309,0.043133556400533686,0.04337843332954585,0.04362314577768097,0.04386772269554936,0.04411219099535521,0.04435657571764109,0.04460090018323745,0.04484518613187096,0.045089453848724294,0.04533372228010175,0.045578009139228805,0.04582233100310864,0.04606670340125988,0.04631114089707729,0.046555657162480855,0.046800265046453036,0.047044976638004166,0.04728980332405386,0.04753475584266884,0.04777984433205636,0.04802507837567379,0.048270467043782836,0.048516018931744946,0.04876174219532893,0.0490076445832766,0.0492537334673504,0.04950001587006745,0.049746498490306025,0.049993187726955414
82,0.026653298764084482,0.030600190414700343,0.032169814453080564,0.033342024109850356,0.03430805304148048,0.035142797624757555,0.035870049795893325,0.0365274609469439,0.03713035270996089,0.03768943151860692,0.038212527673254955,0.03855109941660689,0.038860923428268704,0.03914595944068062,0.0394094173801783,0.03965393787864284,0.03988823421249018,0.04010772109451633,0.04031396455131588,0.04050830550228672,0.04069190017343098,0.040874594022527924,0.04104850078118686,0.041214382306987964,0.04137290948740127,0.04152467549340107,0.041840142745232616,0.04215180927213823,0.04246003710688495,0.04276515050578204,0.04306744064532841,0.04336716962511001,0.04366457389702183,0.04395986721705586,0.04425324319737689,0.044544877521892866,0.04483492987706125,0.04512354564054715,0.045410857363034636,0.045696986072594516,0.0459820424262203,0.04626612772923638,0.04654933484007037,0.04683174897523405,0.047113448427159206,0.047394505205705234,0.047674985612623066,0.047954950756972085,0.04823445701840152,0.04851355646428687,0.04879229722592954,0.04907072383836162,0.04934887754772581,0.04962679658971055,0.049904516442097736,0.05018207005411699,0.05045948805498232,0.05073679894371571,0.05101402926212045,0.05129120375256096,0.05156834550202163,0.05184547607375948,0.05212261562772274,0.05239978303078559,0.052676995957739024,0.052954270983882286,0.053231623669972944,0.053509068640218364,0.05378661965392457,0.05406428967135691,0.05434209091431515,0.054620034921876816,0.0548981326017201,0.05517639427739972,0.05545482973191387,0.05573344824787078,0.056012258644534726,0.05629126931200642,0.056570488242770625,0.05684992306082321,0.05712958104857099
83,0.03174030225217667,0.03612916012381597,0.03786452160391328,0.03915706303760532,0.04022013358122845,0.04113723291205385,0.041931259634705585,0.04264800068119055,0.04330447749854132,0.043912574137677116,0.04448097495652911,0.04481541114985494,0.04512026971122104,0.045399819934134535,0.04565751674981939,0.0458961978207583,0.04612642811470157,0.04634199411640412,0.046544574940675716,0.04673560676389446,0.04691632669237681,0.04709866675690909,0.04727270184313589,0.04743924771120962,0.04759902225161384,0.0477526598108472,0.048104992495957684,0.04845300544613237,0.04879710606445914,0.049137659180712355,0.04947499235175115,0.049809400378147295,0.05014114917280074,0.05047047909034098,0.05079760780516485,0.05112273280954421,0.051446033590273235,0.051767673532004545,0.052087801587154904,0.052406553745593255,0.052724054331908,0.05304041715363332,0.053355746520185404,0.053670138149266904,0.05398367997501512,0.05429645287010263,0.054608531292267844,0.054919983864299235,0.055230873895270344,0.05554125984978415,0.05585119577110066,0.0561607316632708,0.056469913836752816,0.056778785221435514,0.057087385650515195,0.057395752118262575,0.05770391901435825,0.058011918337167845,0.05831977988805657,0.05862753144860902,0.058935198942414314,0.059242806582896504,0.05955037700851086,0.059857931406489165,0.060165489626191775,0.060473070283017585,0.060780690853725325,0.061088367763934746,0.06139611646850071,0.06170395152538457,0.06201188666358779,0.06231993484565916,0.06262810832523774,0.06293641870005144,0.06324487696075233,0.06355349353593456,0.06386227833365025,0.06417124077970988,0.06448038985302852,0.0647897341182568,0.06509928175591399
84,0.03747868788500185,0.04239948852546617,0.04433715789474624,0.04577763460076817,0.046960682405398926,0.0479800910545508,0.04886065750345892,0.049654604252540036,0.05038102715354829,0.051053251701365404,0.05168101061731058,0.052036008987217844,0.052357402947394494,0.052650007379225185,0.05291771793183239,0.053163733553199505,0.05340037504594499,0.053620237382301365,0.053825211170276485,0.05401691306653647,0.054196735282978595,0.05437870628981445,0.05455106784474846,0.05471473645760539,0.054870518461643314,0.05501912616303899,0.055402941732255344,0.05578190166949852,0.056156456003759674,0.05652700761358377,0.05689391811224022,0.05725751286094391,0.05761808526136969,0.057975900448637464,0.058331198482591294,0.05868419711689539,0.059035094211020794,0.059384069838699476,0.05973128813720858,0.06007689893442306,0.060421039184542585,0.06076383423848239,0.06110539897087696,0.06144583878231661,0.06178525049267386,0.062123723139077575,0.06246133869016775,0.06279817268664739,0.063134294816784,0.06346976943435938,0.06380465602558344,0.06413900963065257,0.0644728812249166,0.06480631806400339,0.06513936399672147,0.06547205974910454,0.06580444318256573,0.06613654952878599,0.0664684116036638,0.06680006000238949,0.06713152327748305,0.06746282810143223,0.06779399941539194,0.06812506056525414,0.06845603342625668,0.06878693851718434,0.06911779510510328,0.06944862130148038,0.06977943415045132,0.07011024970992792,0.07044108312616917,0.07077194870237885,0.0711028599618416,0.07143382970606012,0.07176487006831342,0.07209599256301873,0.07242720813124405,0.0727585271826875,0.07308995963441155,0.07342151494659543,0.07375320215554491
85,0.04354225689659852,0.04896373982439921,0.05108994549684849,0.05266763585810101,0.05396156272570493,0.055075237791506255,0.0560372578423554,0.05690405983220178,0.057696674304420485,0.058429768558750636,0.05911404945906084,0.05951129244105716,0.05987210729035622,0.06020173708051072,0.06050442133813516,0.06078363944827503,0.06105236359894051,0.06130295766234415,0.06153747603049094,0.06175767471404614,0.06196506537993806,0.06217431924760472,0.062373222739846766,0.0625627708253308,0.06274383863422817,0.06291719905927855,0.06333516407950697,0.06374770632668827,0.06415532157277662,0.06455845353943974,0.06495750040834543,0.06535282036532171,0.06574473634616257,0.06613354011847117,0.06651949580801103,0.06690284295772456,0.06728379919154624,0.06766256254238075,0.06803931349339827,0.0684142167735624,0.06878742294161888,0.06915906978732232,0.06952928357419916,0.06989818014445502,0.07026586590357489,0.07063243869961505,0.07099798861005507,0.07136259864728763,0.07172634539231318,0.0720892995649293,0.07245152653761709,0.07281308679940166,0.0731740363751715,0.07353442720526142,0.07389430748951797,0.07425372199956283,0.07461271236252955,0.07497131731917284,0.07532957295891576,0.07568751293411512,0.07604516865557072,0.07640256947108581,0.07675974282869005,0.07711671442596696,0.07747350834677653,0.0778301471865315,0.07818665216706651,0.07854304324203691,0.07889933919368997,0.07925555772176815,0.07961171552523216,0.0799678283774247,0.08032391119523638,0.08067997810278504,0.08103604249006949,0.08139211706701854,0.0817482139133177,0.0821043445243604,0.08246051985364147,0.08281675035188137,0.08317304600314454
86,0.050876463091031915,0.057027931408302146,0.05943522402232647,0.06121971128142253,0.06268214833687297,0.06394009093402725,0.06502220093939282,0.06599610937469008,0.06688570746573021,0.06770765411589177,0.06847410738541193,0.06887361829741351,0.06923040764964629,0.06955054893479265,0.06983895468052348,0.07009965764279129,0.07034919695105521,0.07057724396376815,0.07078617811830837,0.07097803344276783,0.07115456105885969,0.07133482155517568,0.07150262423458686,0.07165911943747559,0.07180531896634615,0.07194211643861442,0.07240172574354872,0.07285525839911547,0.07330326443000315,0.07374623602679564,0.07418461479110831,0.07461879790422336,0.07504914340632761,0.07547597473620656,0.07589958465232591,0.07632023863357291,0.07673817784004446,0.07715362170004281,0.0775667701780427,0.07797780576921036,0.07838689525859939,0.07879419127707069,0.07919983368099333,0.07960395077866987,0.08000666042301917,0.08040807098721175,0.08080828223757694,0.08120738611610763,0.08160546744320615,0.08200260454989215,0.08239886984748258,0.08279433034172415,0.08318904809747617,0.08358308065928577,0.08397648143254394,0.08436930002935265,0.08476158258274226,0.08515337203246026,0.08554470838518187,0.08593562895167443,0.08632616856316647,0.08671635976892705,0.08710623301684543,0.08749581681861193,0.08788513790093125,0.08827422134405594,0.08866309070879193,0.08905176815301548,0.08944027453863734,0.08982862952985594,0.09021685168346238,0.09060495853188652,0.09099296665960577,0.09138089177348346,0.09176874876754872,0.0921565517826829,0.09254431426163727,0.09293204899976591,0.09331976819182582,0.09370748347516342,0.09409520596958018
87,0.058691262845755224,0.06572130471896986,0.06847054872614963,0.07050788180782079,0.07217714116400258,0.07361271024329748,0.07484833243211277,0.07596022070354991,0.0769756894808227,0.07791378344176092,0.07878840096017446,0.0792505663872089,0.07966299940172186,0.08003269501177093,0.08036531257125104,0.08066549905046524,0.08095199268985132,0.08121324389077075,0.08145199486298466,0.08167059020423141,0.08187104880815374,0.0820750036670244,0.08226416500861108,0.08243985858015013,0.08260325069062324,0.08275537163087365,0.0832742698136634,0.08378624784861627,0.08429192928293165,0.0847918720535948,0.08528657671266608,0.08577649342973952,0.0862620279841922,0.08674354691750694,0.0872213819830733,0.08769583400511904,0.08816717623809708,0.0886356573016859,0.08910150375360937,0.0895649223520471,0.09002610205093593,0.09048521576455643,0.09094242193213017,0.09139786590847929,0.09185168120292764,0.09230399058539632,0.09275490707595144,0.0932045348317946,0.09365296994377836,0.09410030115291282,0.09454661049595318,0.09499197388799165,0.09543646164897261,0.09588013898019229,0.09632306639610454,0.09676530011611632,0.09720689242050348,0.09764789197410019,0.09808834412099515,0.09852829115310734,0.09896777255519296,0.09940682522856044,0.0998454836955207,0.10028378028638983,0.10072174531066756,0.10115940721384946,0.10159679272118104,0.10203392696953092,0.10247083362844372,0.10290753501132802,0.10334405217764302,0.10378040502686474,0.10421661238493818,0.10465269208385539,0.1050886610349412,0.10552453529637326,0.10596033013541697,0.10639606008581101,0.10683173900070163,0.10726738010148806,0.10770299602290945
88,0.06803986459723148,0.07566096255674012,0.07862741244843661,0.08082096414214004,0.0826153079768867,0.084156406111618,0.08548034181207523,0.08667090417505213,0.08775764663474954,0.08876115948985244,0.08969645824858351,0.09019077896426052,0.09063536996919343,0.09103750188958845,0.09140304688099228,0.0917368188867228,0.09205839488927284,0.09235552388038608,0.0926310413352634,0.09288736872320014,0.09312658877615951,0.0933710074427313,0.093601647897409,0.09381987916679772,0.09402690453325153,0.09422378597570585,0.09479517821202152,0.09535883590276173,0.09591545063944508,0.09646564115772453,0.09700996248260975,0.09754891371274772,0.09808294468056492,0.09861246167789675,0.09913783240009855,0.09965939023294214,0.10017743798395869,0.1006922511418804,0.1012040807334106,0.10171315583492999,0.10221968578731591,0.10272386215436256,0.10322586045897802,0.10372584172613442,0.1042239538572343,0.10472033285696859,0.10521510393074084,0.1057083824682103,0.1062002749263843,0.10669087962389077,0.10718028745653378,0.107668582542934,0.10815584280794314,0.10864214051056413,0.10912754272228842,0.10961211176105279,0.11009590558540178,0.11057897815291268,0.11106137974647316,0.11154315727159962,0.11202435452762949,0.1125050124553142,0.11298516936306238,0.11346486113385014,0.11394412141459874,0.11442298178963783,0.11490147193970512,0.11537961978778781,0.11585745163298267,0.11633499227343314,0.1168122651193024,0.1172892922966465,0.11776609474297182,0.11824269229518586,0.11871910377058512,0.11919534704146553,0.11967143910388588,0.12014739614106852,0.12062323358187724,0.12109896615477436,0.12157460793762276
89,0.08021014770257894,0.08888100037459579,0.09224806566977028,0.09473513700088423,0.09676791591699695,0.09851262801813937,0.09999960965548865,0.10133443185219296,0.10255078459749178,0.10367213566503655,0.1047155954885233,0.10514396392897071,0.1055129014506615,0.10583097521693381,0.10610510857115224,0.10634097999129424,0.10656574063932064,0.10676091918624395,0.10692985716040589,0.10707540878183493,0.10720002941006859,0.10733548280998483,0.10745395587072112,0.10755705785356293,0.10764620330119028,0.10772264075000926,0.10834402055914685,0.10895681066138233,0.10956177098628134,0.1101595812766906,0.11075085117236427,0.11133612879087172,0.11191590806752531,0.11249063506388432,0.11306071341387744,0.1136265090448632,0.11418835428591241,0.11474655145569004,0.11530137600637287,0.11585307928719626,0.11640189098080284,0.11694802125707157,0.11749166268213398,0.1180329919145413,0.1185721712157841,0.11910934979840515,0.11964466503163233,0.12017824352167711,0.12071020208150063,0.12124064860286399,0.12176968284179375,0.12229739712716016,0.12282387700083475,0.12334920179684278,0.12387344516601792,0.12439667555188667,0.12491895662283053,0.12544034766499082,0.1259609039398661,0.12648067701010934,0.12699971503664323,0.12751806304986876,0.12803576319744558,0.12855285497085733,0.12906937541274333,0.1295853593067748,0.13010083935166938,0.13061584632077905,0.131130409208543,0.13164455536497005,0.13215831061920127,0.1326716993931036,0.13318474480575462,0.1336974687695959,0.13420989207896375,0.1347220344916372,0.13523391480398636,0.135745550920253,0.13625695991644413,0.13676815809928117,0.13727916106060412
90,0.09253910968161522,0.10142776256459238,0.1048540600698075,0.10737631502509859,0.10943261051194618,0.11119383749519775,0.11269960697811408,0.11405106892544145,0.11528261016039386,0.11641815408624889,0.11747512271202833,0.11800675888729711,0.11848568125344107,0.11891995229743914,0.11931606904277493,0.11967934657979484,0.12003245405680038,0.12036065204449316,0.12066706262041885,0.12095434803874251,0.12122479495444505,0.12150400306094296,0.12176986963771137,0.1220238990248007,0.122267412110895,0.1225015735629638,0.12316276778760915,0.12381458380871288,0.12445784084874616,0.12509327151557317,0.12572153271887118,0.12634321495684475,0.12695885025745296,0.12756891900165032,0.12817385581212193,0.12877405465652172,0.12936987328703384,0.12996163711645228,0.13054964261366836,0.13113416028751165,0.13171543731657795,0.1322936998734633,0.1328691551842551,0.1334419933579043,0.1340123890149365,0.1345805027406648,0.1351464823844753,0.1357104642237413,0.13627257400838097,0.1368329278999251,0.13739163331713267,0.13794878969864066,0.13850448919180208,0.13905881727572655,0.13961185332555678,0.1401636711241683,0.14071433932674643,0.14126392188306136,0.14181247842170744,0.14236006460009296,0.14290673242354476,0.1434525305365252,0.14399750448863213,0.14454169697777222,0.1450851480726433,0.14562789541644242,0.14616997441351903,0.14671141840051924,0.14725225880341344,0.14779252528166148,0.14833224586064736,0.14887144705340818,0.14941015397258114,0.14994839043340896,0.15048617904856323,0.1510235413154759,0.1515604976968069,0.1520970676946174,0.15263326991876866,0.15316912215001982,0.15370464139825588
91,0.10863259715668837,0.1181893287696244,0.1218548038011985,0.12454694146567102,0.12673795796881077,0.12861193273341098,0.13019593482446745,0.1316137811583507,0.1329025090594016,0.1340878719351783,0.13518861430244716,0.13556419526698243,0.13588027737500266,0.1361458213564787,0.1363680488378775,0.136552867624742,0.13673141978287662,0.1368814090981968,0.1370062968701848,0.13710903340599404,0.13719215153716233,0.13729204993018848,0.13737622627301546,0.13744633866934652,0.1375038419447289,0.13755001784381926,0.13822099137040497,0.1388821095928824,0.13953421920026282,0.14017807712718947,0.14081436190126623,0.14144368329217535,0.1420665905592765,0.14268357953509897,0.14329509873613686,0.14390155465634907,0.1445033163703684,0.14510071955084575,0.14569406998629317,0.1462836466712353,0.14686970452868264,0.14745247681532306,0.14803217725194423,0.1486090019151028,0.1491831309206758,0.14975472992545444,0.15032395146919925,0.15089093617643556,0.15145581383462545,0.15201870436311277,0.1525797186853396,0.15313895951521497,0.15369652206713397,0.1542524946979588,0.1548069594882551,0.15535999276919663,0.15591166560079056,0.1564620442064178,0.15701119036810637,0.15755916178645887,0.1581060124087153,0.15865179272805463,0.159196550056897,0.1597403287766789,0.1602831705663094,0.1608251146112894,0.1613661977952695,0.16190645487564426,0.1624459186446208,0.1629846200770563,0.16352258846623308,0.16405985154862826,0.16459643561863135,0.16513236563407663,0.16566766531337204,0.1662023572249381,0.1667364628696013,0.16727000275653126,0.16780299647325447,0.16833546275023417,0.1688674195204582
92,0.12162076368997232,0.1326051992248297,0.13682439326244902,0.13992528421299952,0.14245023260907605,0.14461070407948215,0.14645363097453368,0.14810437755313896,0.14960563601270205,0.15098710331258228,0.15227040197306888,0.1528468741428328,0.15334540256233445,0.15377690915633233,0.15415021737469595,0.15447256225997552,0.1547758582324963,0.15503939148632084,0.1552674132637698,0.15546355469166198,0.15563093962922417,0.15580694507654555,0.15595938910565166,0.15609031610229873,0.1562015236841785,0.15629459922820257,0.1570290398413738,0.15775256532290052,0.1584661083228769,0.15917050253861062,0.159866495238145,0.16055475790796073,0.16123589535278146,0.16191045350985514,0.16257892618922318,0.16324176091168044,0.16389936398473692,0.16455210493193662,0.1652003203709242,0.16584431741956823,0.16648437669641172,0.16712075497109838,0.16775368751170924,0.16838339016877021,0.16901006122974574,0.16963388307289234,0.1702550236452129,0.17087363778578632,0.17148986841282698,0.17210384759035896,0.1727156974882901,0.17332553124789027,0.17393345376314714,0.17453956238716767,0.17514394757166554,0.17574669344660748,0.17634787834624902,0.17694757528706467,0.17754585240244436,0.1781427733384757,0.1787383976146503,0.1793327809529123,0.17992597557809345,0.1805180304924585,0.18110899172679268,0.18169890257021507,0.18228780378067322,0.1828757337778789,0.18346272882026818,0.1840488231674111,0.18463404922915871,0.18521843770268878,0.18580201769850288,0.18638481685632555,0.1869668614517683,0.18754817649454214,0.18812878581892897,0.18870871216715882,0.1892879772662801,0.18986660189906096,0.19044460596940754
93,0.13621289429356584,0.14801745628631713,0.15254140253131335,0.15586280916975268,0.15856520258211965,0.16087602741920504,0.16285020999966876,0.16461908720954957,0.1662284130928503,0.16770999943425963,0.16908699836514976,0.16976822172070205,0.17037285717733455,0.17091204929179468,0.17139478577329223,0.17182842439517068,0.17224383661157963,0.17262135439963414,0.172965294697762,0.1732793399763876,0.17356665421900225,0.17386266184048696,0.17413702015629853,0.17439180231298387,0.17462882894062265,0.17484970562575164,0.17566898618990487,0.17647608004476822,0.17727202807123965,0.17805776070716667,0.17883411192619422,0.17960183112267458,0.1803615932687125,0.18111400763623484,0.18185962532019884,0.18259894575461216,0.1833324223779904,0.18406046757702407,0.18478345701493504,0.18550173343305373,0.18621560999959075,0.18692537326772113,0.1876312857953714,0.1883335884710906,0.1890325025837519,0.18972823166831235,0.1904209631552478,0.1911108698474091,0.19179811124478657,0.1924828347349131,0.19316517666429273,0.19384526330425286,0.19452321172291054,0.1951991305734853,0.19587312080793293,0.19654527632379423,0.19721568455121283,0.19788442698626665,0.1985515796760495,0.19921721366032497,0.19988139537403554,0.20054418701448254,0.20120564687657402,0.20186582965918076,0.2025247867453144,0.20318256645856514,0.20383921429798005,0.20449477315334832,0.20514928350265788,0.20580278359331605,0.20645530960856925,0.20710689582042058,0.2077575747302171,0.20840737719796976,0.2090563325613685,0.20970446874536597,0.2103518123631241,0.2109983888090443,0.21164422234453756,0.2122893361771337,0.21293375253347316
94,0.15763256217943686,0.16956432878012287,0.17410579500163106,0.17742958461102976,0.18012753596017497,0.18243011077745952,0.1843733824215403,0.18611085461949017,0.1876886302655304,0.18913872856690678,0.1904844282461076,0.1909645049225406,0.19137683209384174,0.1917320005659462,0.1920385283942347,0.1923033709606375,0.1925630808967528,0.1927913489106468,0.19299224213772453,0.19316922264933198,0.1933252588948724,0.19350261629649562,0.19366343359777327,0.19380965679542736,0.19394299163071918,0.1940649394648007,0.19490655481669358,0.19573536614549908,0.19655245597743898,0.19735879178826043,0.19815524059514733,0.1989425813592761,0.1997215155822245,0.20049267640277005,0.20125663644113828,0.2020139145912187,0.20276498192456627,0.20351026684084367,0.2042501595760269,0.20498501616091058,0.2057151619072188,0.20644089448622147,0.20716248665458417,0.2078801886738009,0.2085942304626232,0.2093048235161304,0.2100121626202647,0.21071642738661134,0.21141778362879818,0.21211638459900886,0.21281237210065743,0.21350587749119376,0.21419702258722756,0.21488592048263566,0.2155726762890056,0.2162573878066392,0.2169401461333609,0.21762103621753048,0.21830013736092005,0.2189775236764771,0.21965326450543127,0.22032742479771472,0.22100006545923281,0.2216712436691458,0.22234101316998578,0.2230094245331431,0.22367652540198998,0.22434236071468533,0.22500697290849483,0.2256704021072804,0.2263326862936516,0.22699386146712597,0.22765396178951683,0.2283130197186516,0.22897106613141954,0.22962813043705668,0.23028424068148995,0.23093942364349052,0.2315937049233157,0.23224710902446113,0.23289965942908722
95,0.19272904963825777,0.20204066376978755,0.20552354415757534,0.20805226359080642,0.2100925620857469,0.21182533451760938,0.21323159153356439,0.21448242976253254,0.21561327385154086,0.21664864824643143,0.21760632908322822,0.21751925160723212,0.21740968323635576,0.21728342729822536,0.21714508742147323,0.21699837361449736,0.21688285218394343,0.21676333673437173,0.21664197681639272,0.21652058290268797,0.21640069119217759,0.21632836615961032,0.21625870022775118,0.2161927171286023,0.21613130610526085,0.2160752426678462,0.21681004529637954,0.21753300101316422,0.21824508685505042,0.2189471755941785,0.2196400490336396,0.2203244092995538,0.2210008884813738,0.22167005690167246,0.22233243024197016,0.22298847570837171,0.2236386173870617,0.22428324091292662,0.22492269755315106,0.22555730779040392,0.2261873644762595,0.22681313561413205,0.22743486682168026,0.22805278351496855,0.22866709285032388,0.22927798545454856,0.2298856369697442,0.23049020943530452,0.23109185252652487,0.231690704666647,0.2322868940269246,0.2328805394273992,0.23347175114945382,0.2340606316698208,0.23464727632452784,0.23523177391023695,0.23581420722954152,0.23639465358601583,0.23697318523414176,0.23754986978865406,0.23812477059733636,0.23869794708085526,0.23926945504282773,0.23983934695297426,0.24040767220590853,0.2409744773578467,0.2415398063432835,0.2421037006734739,0.2426661996183743,0.24322734037353116,0.24378715821325925,0.24434568663132222,0.24490295747020904,0.24545900103999746,0.2460138462277022,0.24656752059792042,0.24712005048551394,0.24767146108099822,0.24822177650924832,0.24877101990207706,0.24931921346519145
96,0.19909372318932245,0.21483180090496165,0.22083464272812067,0.22523222535553547,0.22880437390107836,0.23185484293876468,0.23446001730203267,0.23678489720104515,0.23889131559776441,0.2408222751160552,0.24260907776413604,0.24334500845098828,0.24392664512443157,0.24437289162996093,0.2446991184986924,0.24491801065793184,0.24508227982277342,0.24516019901061675,0.2451592943835252,0.24508603906742418,0.24494604324286204,0.24480412208064217,0.24460612306404778,0.24435574138126429,0.24405625670546358,0.24371059482859464,0.24451277813258113,0.24530194316343265,0.24607916069534713,0.24684538718326451,0.24760147934973084,0.24834820657249249,0.2490862614591329,0.24981626891757291,0.25053879397117707,0.25125434852021705,0.25196339721441396,0.2526663625718706,0.2533636294561863,0.25405554900462307,0.25474244208485725,0.2554246023453685,0.2561022989142861,0.25677577879309266,0.2574452689846172,0.25811097838895697,0.25877309949613025,0.2594318099002071,0.2600872736562506,0.2607396424985156,0.2613890569359025,0.26203564723858397,0.2626795343279404,0.2633208305804158,0.263959640554597,0.264596061649691,0.265230184702596,0.2658620945299215,0.26649187042057315,0.26711958658388296,0.26774531255770206,0.26836911358039056,0.26899105093020403,0.2696111822352052,0.2702295617564942,0.2708462406472601,0.27146126718989705,0.2720746870131989,0.2726865432914459,0.2732968769270118,0.27390572671796287,0.27451312951197687,0.2751191203477797,0.2757237325851859,0.2763269980247248,0.27692894701774423,0.27752960856779946,0.2781290104240627,0.27872717916742,0.279324140289865,0.2799199182677413
97,0.22997986613065632,0.24319498390690983,0.24816709173683504,0.2517868030345311,0.254713284345854,0.2572027835747955,0.25929286258052303,0.2611597477598244,0.26285400228674893,0.2644106698877368,0.2658551780548549,0.26638869558960593,0.266872042460379,0.2673148738204416,0.2677249114117167,0.26810842885026737,0.2685010228655068,0.26887556950547165,0.2692357385097038,0.2695846452679442,0.2699249549462966,0.2702961057420798,0.2706618181104401,0.27102386568260334,0.2713838021656824,0.27174299471817204,0.2727504189664189,0.273741900850282,0.27471876539849177,0.2756821964215935,0.27663325448825715,0.2775728921965047,0.27850196721434656,0.2794212534692364,0.28033145079202154,0.2812331932633806,0.2821270564652792,0.28301356380384984,0.2838931920412195,0.2847663761505541,0.28563351358974687,0.28649496807383273,0.28735107291363343,0.28820213397778294,0.2890484323267131,0.2898902265600513,0.2907277549129322,0.2915612371317327,0.2923908761555368,0.2932168596260834,0.29403936124593477,0.29485854200203987,0.29567455126967207,0.29648752780984255,0.2972976006716777,0.29810489000985674,0.2989095078259999,0.29971155864186116,0.3005111401112652,0.3013083435769464,0.30210325457775344,0.30289595331108343,0.30368651505487654,0.3044750105530428,0.3052615063677757,0.3060460652018548,0.30682874619371087,0.3076096051877521,0.3083886949821938,0.3091660655564117,0.3099417642796437,0.31071583610268255,0.3114883237340484,0.31225926780198615,0.3130287070035066,0.31379667824157687,0.31456321675146465,0.3153283562171462,0.3160921288786097,0.31685456563080694,0.3176156961149422
98,0.2448366261297713,0.26033701828220884,0.266190754188406,0.27045959370002476,0.2739153200128056,0.27685812528755777,0.2793673929604758,0.28160725293757305,0.2836379206780118,0.28550118954686654,0.28722742399311985,0.2880705878577431,0.2888013327610158,0.2894350640173665,0.28998421057811213,0.29045895141931394,0.29090021870251526,0.2912830032795905,0.29161326373152474,0.2918960852173082,0.2921358393552133,0.29238045482991804,0.29258949549241003,0.29276581423567277,0.29291191889728596,0.29303002371336895,0.2939704301171693,0.2948954999433304,0.2958064921462934,0.29670453122546814,0.2975906243893947,0.2984656761310718,0.29933050066931793,0.30018583261977394,0.30103233618839925,0.30187061312498203,0.30270120963057595,0.3035246223781492,0.3043413037780326,0.30515166659748344,0.3059560880256173,0.3067549132602719,0.30754845868131625,0.3083370146650131,0.30912084808583346,0.3099002045453078,0.31067531036180424,0.3114463743503502,0.31221358941759597,0.31297713399362287,0.31373717331941675,0.31449386060637763,0.3152473380821423,0.31599773793520197,0.3167451831692569,0.31748978837692254,0.31823166044125045,0.3189708991725379,0.3197075978870309,0.3204418439333761,0.3211737191720172,0.3219033004121618,0.322630659810433,0.32335586523488435,0.3240789805976629,0.32480006615926166,0.32551917880699865,0.32623637231009195,0.3269516975534589,0.3276652027521566,0.3283769336481927,0.3290869336912657,0.32979524420484374,0.33050190453885897,0.3312069522101694,0.3319104230318376,0.33261235123217553,0.3333127695644179,0.33401170940781016,0.33470920086082384,0.3354052728271505
99,0.2731363644360898,0.2910614602783537,0.29784086779879926,0.3027880959838177,0.3067950251798632,0.3102086351208622,0.31307860135835847,0.31563713320357545,0.3179538436729221,0.3200770564029399,0.3220418859110771,0.32259412059738385,0.3230219563302212,0.32334308268196654,0.32357176762334494,0.3237196929728363,0.32384919206613044,0.32391589051235803,0.32392662441505965,0.3238872260825626,0.32380270780533277,0.323747392693146,0.3236551672808366,0.32352930263808,0.323372673038385,0.3231878150917083,0.32429758854242,0.3253895053133873,0.3264650392879317,0.3275255070852165,0.3285720881105139,0.3296058415844719,0.33062772108177646,0.3316385870032519,0.3326392173229757,0.33363031688748085,0.3346125254932842,0.3355864249286003,0.3365525451328103,0.33751136960127104,0.33846334014198987,0.3394088610735509,0.3403483029396235,0.3412820058038207,0.3422102821791027,0.3431334196379615,0.34405168314298246,0.3449653171317991,0.3458745473857735,0.3467795827077645,0.3476806164309826,0.34857782777806945,0.3494713830870939,0.3503614369190586,0.3512481330597145,0.35213160542692795,0.35301197889349845,0.35388937003417303,0.3547638878045835,0.3556356341589573,0.35650470461268546,0.35737118875515833,0.35823517071768773,0.35909672960082256,0.35995593986490015,0.36081287168728243,0.3616675912893625,0.36252016123611697,0.3633706407106986,0.3642190857663147,0.36506554955741544,0.36591008255202206,0.3667527327268455,0.3675935457466901,0.36843256512949674,0.36926983239825273,0.37010538722088226,0.3709392675391304,0.37177150968736,0.3726021485020996,0.3734312174231067
100,0.331067249097703,0.33400104214520426,0.3350701694269619,0.33583720879365464,0.33645058917435927,0.3369677256911468,0.33732745257978464,0.33765544811839543,0.3379604662409006,0.3382484549438358,0.3385236529507382,0.3382842199732982,0.33815203630581137,0.33811928685251696,0.33817963221986264,0.33832787737504905,0.3385697548130551,0.3388880171160505,0.3392798808773823,0.3397430143524971,0.34027546144809223,0.34087750270458844,0.3415416775937706,0.34226697325795075,0.34305255137750584,0.3438977250340538,0.3446498452562866,0.3453889530206017,0.34611609252174824,0.34683219599747694,0.3475380981026362,0.34823454810507404,0.34892222028738196,0.34960172286127794,0.35027360564156945,0.3509383666798492,0.3515964580212343,0.3522482907182036,0.3528942392122187,0.3535346451750118,0.3541698208862063,0.35480005221154304,0.35542560123584815,0.35604670859652887,0.35666359555648364,0.3572764658495796,0.3578855073270666,0.35849089342928164,0.3590927845036331,0.3596913289869948,0.36028666446822943,0.3608789186445047,0.36146821018331093,0.36205464950058713,0.36263833946407126,0.3632193760298828,0.36379784881938054,0.36437384164251346,0.36494743297315413,0.3655186963812822,0.3660877009263313,0.36665451151553846,0.36721918923071095,0.3677817916264579,0.3683423730026107,0.36890098465326665,0.36945767509463967,0.3700124902736763,0.3705654737591994,0.37111666691716116,0.3716661090714341,0.3722138376514272,0.37275988832769014,0.3733042951365563,0.37384709059477556,0.3743883058050014,0.3749279705529109,0.3754661133966702,0.37600276174938885,0.376537941955151,0.377071679359156
