MESH4_ID,mesh_id,inund_area,water_vol,mesh_area,inund_ratio,mean_wd,eff_wd
483015273,1,0.0,0.0,2.604167030957203e-05,0.0,0.0,0.0
483015443,2,0.0,0.0,2.6041664688823327e-05,0.0,0.0,0.0
483015642,3,0.0,0.0,2.6041660941776756e-05,0.0,0.0,0.0
483015641,4,0.0,0.0,2.6041664689178596e-05,0.0,0.0,0.0
483015644,5,0.0,0.0,2.604166656216938e-05,0.0,0.0,0.0
483015643,6,0.0,0.0,2.604167030957203e-05,0.0,0.0,0.0
483025044,7,0.0,0.0,2.6041660941421483e-05,0.0,0.0,0.0
483025232,8,0.0,0.0,2.604166094225045e-05,0.0,0.0,0.0
483025113,9,0.0,0.0,2.604167030957203e-05,0.0,0.0,0.0
483025103,10,0.0,0.0,2.604167030957203e-05,0.0,0.0,0.0
483025104,11,0.0,0.0,2.6041666562643074e-05,0.0,0.0,0.0
483025201,12,0.0,0.0,2.6041664689178596e-05,0.0,0.0,0.0
483015372,13,0.0,0.0,2.604166094189518e-05,0.0,0.0,0.0
483015371,14,0.0,0.0,2.6041664688823327e-05,0.0,0.0,0.0
483015444,15,0.0,0.0,2.6041660941421483e-05,0.0,0.0,0.0
483015463,16,0.0,0.0,2.604166468929702e-05,0.0,0.0,0.0
483015551,17,0.0,0.0,2.6041670310045727e-05,0.0,0.0,0.0
483015561,18,0.0,0.0,2.6041670310045727e-05,0.0,0.0,0.0
483015573,19,0.0,0.0,2.604167030957203e-05,0.0,0.0,0.0
483015564,20,0.0,0.0,2.604166656216938e-05,0.0,0.0,0.0
483025151,21,0.0,0.0,2.6041670310045727e-05,0.0,0.0,0.0
483025152,22,0.0,0.0,2.604166656216938e-05,0.0,0.0,0.0
483025153,23,0.0,0.0,2.6041670310045727e-05,0.0,0.0,0.0
483025154,24,0.0,0.0,2.604166656216938e-05,0.0,0.0,0.0
483025274,25,0.0,0.0,2.6041666562643074e-05,0.0,0.0,0.0
483025253,26,0.0,0.0,2.6041670310045727e-05,0.0,0.0,0.0
483025283,27,0.0,0.0,2.604167030957203e-05,0.0,0.0,0.0
483025372,28,0.0,0.0,2.6041666562643074e-05,0.0,0.0,0.0
483025371,29,0.0,0.0,2.604167030957203e-05,0.0,0.0,0.0
483025351,30,0.0,0.0,2.6041670310045727e-05,0.0,0.0,0.0
483025364,31,0.0,0.0,2.6041660941421483e-05,0.0,0.0,0.0
483025373,32,0.0,0.0,2.6041664688823327e-05,0.0,0.0,0.0
483025234,33,0.0,0.0,2.6041666562643074e-05,0.0,0.0,0.0
483025214,34,0.0,0.0,2.6041666562643074e-05,0.0,0.0,0.0
483025244,35,0.0,0.0,2.604166656216938e-05,0.0,0.0,0.0
483025312,36,0.0,0.0,2.6041666562643074e-05,0.0,0.0,0.0
483025342,37,0.0,0.0,2.604166656216938e-05,0.0,0.0,0.0
483025412,38,0.0,0.0,2.6041666562998347e-05,0.0,0.0,0.0
483025432,39,0.0,0.0,2.6041666562998347e-05,0.0,0.0,0.0
483025423,40,0.0,0.0,2.604167030957203e-05,0.0,0.0,0.0
483025443,41,0.0,0.0,2.604167030957203e-05,0.0,0.0,0.0
483025514,42,0.0,0.0,2.6041666562643074e-05,0.0,0.0,0.0
483016212,43,0.0,0.0,2.6041670309927302e-05,0.0,0.0,0.0
483016223,44,0.0,0.0,2.6041666562643074e-05,0.0,0.0,0.0
483016224,45,0.0,0.0,2.604167030957203e-05,0.0,0.0,0.0
483016421,46,0.0,0.0,2.6041666562998347e-05,0.0,0.0,0.0
483016433,47,0.0,0.0,2.604166094189518e-05,0.0,0.0,0.0
483016423,48,0.0,0.0,2.604166094189518e-05,0.0,0.0,0.0
483016424,49,0.0,0.0,2.6041664688823327e-05,0.0,0.0,0.0
483016551,50,0.0,0.0,2.604166656216938e-05,0.0,0.0,0.0
483016644,51,0.0,0.0,2.6041670310045727e-05,0.0,0.0,0.0
483016742,52,0.0,0.0,2.6041670310045727e-05,0.0,0.0,0.0
483016211,53,0.0,0.0,2.6041670309927302e-05,0.0,0.0,0.0
483016214,54,0.0,0.0,2.604167030957203e-05,0.0,0.0,0.0
483016213,55,0.0,0.0,2.604167030957203e-05,0.0,0.0,0.0
483016314,56,0.0,0.0,2.604167030957203e-05,0.0,0.0,0.0
483016414,57,0.0,0.0,2.6041664688823327e-05,0.0,0.0,0.0
483016511,58,0.0,0.0,2.604167030957203e-05,0.0,0.0,0.0
483016512,59,0.0,0.0,2.604167030957203e-05,0.0,0.0,0.0
483016611,60,0.0,0.0,2.6041664689178596e-05,0.0,0.0,0.0
483015791,61,0.0,0.0,2.604167030957203e-05,0.0,0.0,0.0
483015782,62,0.0,0.0,2.6041666562643074e-05,0.0,0.0,0.0
483026051,63,0.0,0.0,2.6041666562524652e-05,0.0,0.0,0.0
483026052,64,0.0,0.0,2.6041670309927302e-05,0.0,0.0,0.0
483026054,65,0.0,0.0,2.6041664688823327e-05,0.0,0.0,0.0
483026053,66,0.0,0.0,2.6041660941421483e-05,0.0,0.0,0.0
483027164,67,0.0,0.0,2.604167030957203e-05,0.0,0.0,0.0
483027163,68,0.0,0.0,2.6041666562643074e-05,0.0,0.0,0.0
483027261,69,0.0,0.0,2.604166094225045e-05,0.0,0.0,0.0
483027262,70,0.0,0.0,2.6041664689178596e-05,0.0,0.0,0.0
483027264,71,0.0,0.0,2.604167030957203e-05,0.0,0.0,0.0
483027263,72,0.0,0.0,2.6041666562643074e-05,0.0,0.0,0.0
483027362,73,0.0,0.0,2.604167030957203e-05,0.0,0.0,0.0
483027212,74,0.0,0.0,2.6041664689652294e-05,0.0,0.0,0.0
483026293,75,0.0,0.0,2.6041666562643074e-05,0.0,0.0,0.0
483027214,76,0.0,0.0,2.6041670310045727e-05,0.0,0.0,0.0
483027302,77,0.0,0.0,2.604167030957203e-05,0.0,0.0,0.0
483027321,78,0.0,0.0,2.604166656216938e-05,0.0,0.0,0.0
483026391,79,0.0,0.0,2.6041666562643074e-05,0.0,0.0,0.0
483027322,80,0.0,0.0,2.6041670310045727e-05,0.0,0.0,0.0
483027342,81,0.0,0.0,2.604167030957203e-05,0.0,0.0,0.0
483027354,82,0.0,0.0,2.6041664688823327e-05,0.0,0.0,0.0
483027353,83,0.0,0.0,2.604166094189518e-05,0.0,0.0,0.0
483027442,84,0.0,0.0,2.6041670309927302e-05,0.0,0.0,0.0
483027422,85,0.0,0.0,2.6041670310400997e-05,0.0,0.0,0.0
483027312,86,0.0,0.0,2.6041670310045727e-05,0.0,0.0,0.0
483027311,87,0.0,0.0,2.604166656216938e-05,0.0,0.0,0.0
483027303,88,0.0,0.0,2.604166094189518e-05,0.0,0.0,0.0
483027314,89,0.0,0.0,2.604166468929702e-05,0.0,0.0,0.0
483027304,90,0.0,0.0,2.6041664688823327e-05,0.0,0.0,0.0
483027323,91,0.0,0.0,2.6041660941421483e-05,0.0,0.0,0.0
483026393,92,0.0,0.0,2.604166094189518e-05,0.0,0.0,0.0
483026394,93,0.0,0.0,2.6041664688823327e-05,0.0,0.0,0.0
483027313,94,0.0,0.0,2.6041660941421483e-05,0.0,0.0,0.0
483027412,95,0.0,0.0,2.6041670310400997e-05,0.0,0.0,0.0
483027421,96,0.0,0.0,2.6041666562524652e-05,0.0,0.0,0.0
483026492,97,0.0,0.0,2.6041670309927302e-05,0.0,0.0,0.0
483026491,98,0.0,0.0,2.6041666562998347e-05,0.0,0.0,0.0
483027411,99,0.0,0.0,2.6041666562524652e-05,0.0,0.0,0.0
483027413,100,0.0,0.0,2.604166656216938e-05,0.0,0.0,0.0
483027404,101,0.0,0.0,2.604167030957203e-05,0.0,0.0,0.0
483027403,102,0.0,0.0,2.6041666562643074e-05,0.0,0.0,0.0
483027423,103,0.0,0.0,2.604166656216938e-05,0.0,0.0,0.0
483026494,104,0.0,0.0,2.604167030957203e-05,0.0,0.0,0.0
483026493,105,0.0,0.0,2.6041666562643074e-05,0.0,0.0,0.0
483027432,106,0.0,0.0,2.6041670309927302e-05,0.0,0.0,0.0
483027433,107,0.0,0.0,2.604166656216938e-05,0.0,0.0,0.0
483027424,108,0.0,0.0,2.6041670310045727e-05,0.0,0.0,0.0
483027434,109,0.0,0.0,2.604167030957203e-05,0.0,0.0,0.0
483027443,110,0.0,0.0,2.6041666562643074e-05,0.0,0.0,0.0
483027444,111,0.0,0.0,2.604167030957203e-05,0.0,0.0,0.0
483027522,112,0.0,0.0,2.604166468929702e-05,0.0,0.0,0.0
483027532,113,0.0,0.0,2.6041664688823327e-05,0.0,0.0,0.0
483027541,114,0.0,0.0,2.604166094189518e-05,0.0,0.0,0.0
483027531,115,0.0,0.0,2.6041660941421483e-05,0.0,0.0,0.0
483027414,116,0.0,0.0,2.6041670310045727e-05,0.0,0.0,0.0
483027501,117,0.0,0.0,2.604166094189518e-05,0.0,0.0,0.0
483027521,118,0.0,0.0,2.6041660941421483e-05,0.0,0.0,0.0
483026591,119,0.0,0.0,2.604166094189518e-05,0.0,0.0,0.0
483027504,120,0.0,0.0,2.604167030957203e-05,0.0,0.0,0.0
483027513,121,0.0,0.0,2.604166656216938e-05,0.0,0.0,0.0
483027523,122,0.0,0.0,2.604166656216938e-05,0.0,0.0,0.0
483026594,123,0.0,0.0,2.604167030957203e-05,0.0,0.0,0.0
483027514,124,0.0,0.0,2.6041670310045727e-05,0.0,0.0,0.0
483026593,125,0.0,0.0,2.6041666562643074e-05,0.0,0.0,0.0
483027533,126,0.0,0.0,2.604166656216938e-05,0.0,0.0,0.0
483027534,127,0.0,0.0,2.604167030957203e-05,0.0,0.0,0.0
483027543,128,0.0,0.0,2.6041666562643074e-05,0.0,0.0,0.0
483027622,129,0.0,0.0,2.6041670310400997e-05,0.0,0.0,0.0
483027652,130,0.0,0.0,2.6041670309927302e-05,0.0,0.0,0.0
483027642,131,0.0,0.0,2.6041670309927302e-05,0.0,0.0,0.0
483027641,132,0.0,0.0,2.6041666562998347e-05,0.0,0.0,0.0
483027632,133,0.0,0.0,2.6041670309927302e-05,0.0,0.0,0.0
483027631,134,0.0,0.0,2.6041666562524652e-05,0.0,0.0,0.0
483027624,135,0.0,0.0,2.6041670310045727e-05,0.0,0.0,0.0
483027361,136,0.0,0.0,2.6041666562643074e-05,0.0,0.0,0.0
483027761,137,0.0,0.0,2.604166094189518e-05,0.0,0.0,0.0
483027763,138,0.0,0.0,2.6041666562643074e-05,0.0,0.0,0.0
483027861,139,0.0,0.0,2.6041666562643074e-05,0.0,0.0,0.0
483027864,140,0.0,0.0,2.6041664689178596e-05,0.0,0.0,0.0
483027863,141,0.0,0.0,2.604166094225045e-05,0.0,0.0,0.0
483027972,142,0.0,0.0,2.604167030957203e-05,0.0,0.0,0.0
483027962,143,0.0,0.0,2.604167030957203e-05,0.0,0.0,0.0
483027952,144,0.0,0.0,2.604167030957203e-05,0.0,0.0,0.0
483027961,145,0.0,0.0,2.6041666562643074e-05,0.0,0.0,0.0
483027503,146,0.0,0.0,2.6041666562643074e-05,0.0,0.0,0.0
483027611,147,0.0,0.0,2.6041666562524652e-05,0.0,0.0,0.0
483027601,148,0.0,0.0,2.6041666562998347e-05,0.0,0.0,0.0
483027621,149,0.0,0.0,2.6041666562524652e-05,0.0,0.0,0.0
483027602,150,0.0,0.0,2.6041670309927302e-05,0.0,0.0,0.0
483026692,151,0.0,0.0,2.6041670309927302e-05,0.0,0.0,0.0
483026691,152,0.0,0.0,2.6041666562998347e-05,0.0,0.0,0.0
483027623,153,0.0,0.0,2.604166656216938e-05,0.0,0.0,0.0
483026694,154,0.0,0.0,2.604167030957203e-05,0.0,0.0,0.0
483027604,155,0.0,0.0,2.604167030957203e-05,0.0,0.0,0.0
483016743,156,0.0,0.0,2.6041660941421483e-05,0.0,0.0,0.0
483016734,157,0.0,0.0,2.6041664688823327e-05,0.0,0.0,0.0
483016723,158,0.0,0.0,2.604166094189518e-05,0.0,0.0,0.0
483016821,159,0.0,0.0,2.6041666562998347e-05,0.0,0.0,0.0
483016832,160,0.0,0.0,2.6041670309927302e-05,0.0,0.0,0.0
483016843,161,0.0,0.0,2.604166656216938e-05,0.0,0.0,0.0
483016824,162,0.0,0.0,2.604167030957203e-05,0.0,0.0,0.0
483016834,163,0.0,0.0,2.604167030957203e-05,0.0,0.0,0.0
483016823,164,0.0,0.0,2.6041666562643074e-05,0.0,0.0,0.0
483016844,165,0.0,0.0,2.6041670310045727e-05,0.0,0.0,0.0
483015794,166,0.0,0.0,2.604166094189518e-05,0.0,0.0,0.0
483015793,167,0.0,0.0,2.6041664688823327e-05,0.0,0.0,0.0
483015891,168,0.0,0.0,2.6041670309927302e-05,0.0,0.0,0.0
483016814,169,0.0,0.0,2.604167030957203e-05,0.0,0.0,0.0
483016813,170,0.0,0.0,2.604167030957203e-05,0.0,0.0,0.0
483015894,171,0.0,0.0,2.6041666562643074e-05,0.0,0.0,0.0
483015992,172,0.0,0.0,2.604166094189518e-05,0.0,0.0,0.0
483015991,173,0.0,0.0,2.6041664688823327e-05,0.0,0.0,0.0
483016912,174,0.0,0.0,2.6041664688823327e-05,0.0,0.0,0.0
483015993,175,0.0,0.0,2.604167030957203e-05,0.0,0.0,0.0
483016833,176,0.0,0.0,2.6041666562643074e-05,0.0,0.0,0.0
483016932,177,0.0,0.0,2.6041664688823327e-05,0.0,0.0,0.0
483016941,178,0.0,0.0,2.6041660941421483e-05,0.0,0.0,0.0
483016942,179,0.0,0.0,2.604166468929702e-05,0.0,0.0,0.0
483016921,180,0.0,0.0,2.604166094189518e-05,0.0,0.0,0.0
483016922,181,0.0,0.0,2.6041664688823327e-05,0.0,0.0,0.0
483016944,182,0.0,0.0,2.6041670310045727e-05,0.0,0.0,0.0
483016934,183,0.0,0.0,2.604167030957203e-05,0.0,0.0,0.0
483016943,184,0.0,0.0,2.604166656216938e-05,0.0,0.0,0.0
483016953,185,0.0,0.0,2.604166656216938e-05,0.0,0.0,0.0
483016904,186,0.0,0.0,2.6041666562643074e-05,0.0,0.0,0.0
483015984,187,0.0,0.0,2.6041666562643074e-05,0.0,0.0,0.0
483016913,188,0.0,0.0,2.604167030957203e-05,0.0,0.0,0.0
483026012,189,0.0,0.0,2.6041670309927302e-05,0.0,0.0,0.0
483026011,190,0.0,0.0,2.6041670309927302e-05,0.0,0.0,0.0
483025082,191,0.0,0.0,2.6041666562998347e-05,0.0,0.0,0.0
483026002,192,0.0,0.0,2.6041666562998347e-05,0.0,0.0,0.0
483026013,193,0.0,0.0,2.6041664688823327e-05,0.0,0.0,0.0
483026004,194,0.0,0.0,2.604166094189518e-05,0.0,0.0,0.0
483026014,195,0.0,0.0,2.6041664688823327e-05,0.0,0.0,0.0
483026041,196,0.0,0.0,2.6041666562524652e-05,0.0,0.0,0.0
483026032,197,0.0,0.0,2.6041670309927302e-05,0.0,0.0,0.0
483026042,198,0.0,0.0,2.6041670310400997e-05,0.0,0.0,0.0
483026034,199,0.0,0.0,2.6041664688823327e-05,0.0,0.0,0.0
483026044,200,0.0,0.0,2.604166468929702e-05,0.0,0.0,0.0
483026043,201,0.0,0.0,2.6041660941421483e-05,0.0,0.0,0.0
483026131,202,0.0,0.0,2.6041666562643074e-05,0.0,0.0,0.0
483026132,203,0.0,0.0,2.604167030957203e-05,0.0,0.0,0.0
483026144,204,0.0,0.0,2.6041670310045727e-05,0.0,0.0,0.0
483026133,205,0.0,0.0,2.6041666562643074e-05,0.0,0.0,0.0
483026063,206,0.0,0.0,2.604166094189518e-05,0.0,0.0,0.0
483026151,207,0.0,0.0,2.604166656216938e-05,0.0,0.0,0.0
483026152,208,0.0,0.0,2.604167030957203e-05,0.0,0.0,0.0
483026171,209,0.0,0.0,2.6041666562643074e-05,0.0,0.0,0.0
483026162,210,0.0,0.0,2.604167030957203e-05,0.0,0.0,0.0
483026161,211,0.0,0.0,2.6041666562643074e-05,0.0,0.0,0.0
483026164,212,0.0,0.0,2.604167030957203e-05,0.0,0.0,0.0
483026154,213,0.0,0.0,2.604167030957203e-05,0.0,0.0,0.0
483026153,214,0.0,0.0,2.604166656216938e-05,0.0,0.0,0.0
483026173,215,0.0,0.0,2.6041666562643074e-05,0.0,0.0,0.0
483026112,216,0.0,0.0,2.604167030957203e-05,0.0,0.0,0.0
483026102,217,0.0,0.0,2.6041666562643074e-05,0.0,0.0,0.0
483026111,218,0.0,0.0,2.604167030957203e-05,0.0,0.0,0.0
483025194,219,0.0,0.0,2.6041666562643074e-05,0.0,0.0,0.0
483026114,220,0.0,0.0,2.604167030957203e-05,0.0,0.0,0.0
483026113,221,0.0,0.0,2.604167030957203e-05,0.0,0.0,0.0
483026211,222,0.0,0.0,2.6041664689178596e-05,0.0,0.0,0.0
483026212,223,0.0,0.0,2.6041664689178596e-05,0.0,0.0,0.0
483025291,224,0.0,0.0,2.6041664689178596e-05,0.0,0.0,0.0
483025284,225,0.0,0.0,2.6041666562643074e-05,0.0,0.0,0.0
483026163,226,0.0,0.0,2.6041666562643074e-05,0.0,0.0,0.0
483026262,227,0.0,0.0,2.6041664689178596e-05,0.0,0.0,0.0
483026271,228,0.0,0.0,2.604166094225045e-05,0.0,0.0,0.0
483026252,229,0.0,0.0,2.6041664689178596e-05,0.0,0.0,0.0
483026251,230,0.0,0.0,2.6041660941776756e-05,0.0,0.0,0.0
483026261,231,0.0,0.0,2.604166094225045e-05,0.0,0.0,0.0
483026272,232,0.0,0.0,2.6041664689178596e-05,0.0,0.0,0.0
483026274,233,0.0,0.0,2.604167030957203e-05,0.0,0.0,0.0
483026273,234,0.0,0.0,2.6041666562643074e-05,0.0,0.0,0.0
483026263,235,0.0,0.0,2.6041666562643074e-05,0.0,0.0,0.0
483026124,236,0.0,0.0,2.604167030957203e-05,0.0,0.0,0.0
483026143,237,0.0,0.0,2.604166656216938e-05,0.0,0.0,0.0
483026134,238,0.0,0.0,2.604167030957203e-05,0.0,0.0,0.0
483026242,239,0.0,0.0,2.6041664689652294e-05,0.0,0.0,0.0
483026232,240,0.0,0.0,2.6041664689178596e-05,0.0,0.0,0.0
483026222,241,0.0,0.0,2.6041664689178596e-05,0.0,0.0,0.0
483026231,242,0.0,0.0,2.604166094225045e-05,0.0,0.0,0.0
483026221,243,0.0,0.0,2.604166094225045e-05,0.0,0.0,0.0
483026223,244,0.0,0.0,2.6041666562643074e-05,0.0,0.0,0.0
483026243,245,0.0,0.0,2.604166656216938e-05,0.0,0.0,0.0
483026264,246,0.0,0.0,2.604167030957203e-05,0.0,0.0,0.0
483026253,247,0.0,0.0,2.604166656216938e-05,0.0,0.0,0.0
483026254,248,0.0,0.0,2.604167030957203e-05,0.0,0.0,0.0
483026283,249,0.0,0.0,2.6041666562643074e-05,0.0,0.0,0.0
483026361,250,0.0,0.0,2.6041666562643074e-05,0.0,0.0,0.0
483026382,251,0.0,0.0,2.604167030957203e-05,0.0,0.0,0.0
483026381,252,0.0,0.0,2.6041666562643074e-05,0.0,0.0,0.0
483026371,253,0.0,0.0,2.6041666562643074e-05,0.0,0.0,0.0
483026351,254,0.0,0.0,2.604166656216938e-05,0.0,0.0,0.0
483026362,255,0.0,0.0,2.604167030957203e-05,0.0,0.0,0.0
483120102,256,0.0,0.0,2.604166656216938e-05,0.0,0.0,0.0
483120203,257,0.0,0.0,2.604167030957203e-05,0.0,0.0,0.0
483120204,258,0.0,0.0,2.604166656216938e-05,0.0,0.0,0.0
483120313,259,0.0,0.0,2.604166468929702e-05,0.0,0.0,0.0
483120421,260,0.0,0.0,2.6041670309927302e-05,0.0,0.0,0.0
483120412,261,0.0,0.0,2.6041666562524652e-05,0.0,0.0,0.0
483120414,262,0.0,0.0,2.604166656216938e-05,0.0,0.0,0.0
483120054,263,0.0,0.0,2.604166094189518e-05,0.0,0.0,0.0
483120152,264,0.0,0.0,2.6041666562643074e-05,0.0,0.0,0.0
483120154,265,0.0,0.0,2.6041666562643074e-05,0.0,0.0,0.0
483120251,266,0.0,0.0,2.6041664689178596e-05,0.0,0.0,0.0
483120242,267,0.0,0.0,2.604166094225045e-05,0.0,0.0,0.0
483120253,268,0.0,0.0,2.604167030957203e-05,0.0,0.0,0.0
483120244,269,0.0,0.0,2.6041666562643074e-05,0.0,0.0,0.0
483120243,270,0.0,0.0,2.604167030957203e-05,0.0,0.0,0.0
483120254,271,0.0,0.0,2.6041666562643074e-05,0.0,0.0,0.0
483120341,272,0.0,0.0,2.604167030957203e-05,0.0,0.0,0.0
483120423,273,0.0,0.0,2.604167030957203e-05,0.0,0.0,0.0
483120413,274,0.0,0.0,2.6041670310045727e-05,0.0,0.0,0.0
483120512,275,0.0,0.0,2.6041660941421483e-05,0.0,0.0,0.0
483120502,276,0.0,0.0,2.6041660941421483e-05,0.0,0.0,0.0
483120514,277,0.0,0.0,2.604166656216938e-05,0.0,0.0,0.0
483037194,278,0.0,0.0,2.604166468929702e-05,0.0,0.0,0.0
483037193,279,0.0,0.0,2.6041660941421483e-05,0.0,0.0,0.0
483130114,280,0.0,0.0,2.6041660941421483e-05,0.0,0.0,0.0
483130113,281,0.0,0.0,2.604166468929702e-05,0.0,0.0,0.0
483037292,282,0.0,0.0,2.6041670310045727e-05,0.0,0.0,0.0
483120351,283,0.0,0.0,2.604167030957203e-05,0.0,0.0,0.0
483120332,284,0.0,0.0,2.6041666562643074e-05,0.0,0.0,0.0
483120333,285,0.0,0.0,2.6041664688823327e-05,0.0,0.0,0.0
483120324,286,0.0,0.0,2.604166094189518e-05,0.0,0.0,0.0
483120422,287,0.0,0.0,2.6041666562998347e-05,0.0,0.0,0.0
483130222,288,0.0,0.0,2.6041666562643074e-05,0.0,0.0,0.0
483130233,289,0.0,0.0,2.6041670309927302e-05,0.0,0.0,0.0
483130741,290,0.0,0.0,2.604167030957203e-05,0.0,0.0,0.0
483130732,291,0.0,0.0,2.6041666562643074e-05,0.0,0.0,0.0
483026214,292,0.0,0.0,2.604167030957203e-05,0.0,0.0,0.0
483026213,293,0.0,0.0,2.604167030957203e-05,0.0,0.0,0.0
483025293,294,0.0,0.0,2.604167030957203e-05,0.0,0.0,0.0
483026301,295,0.0,0.0,2.604167030957203e-05,0.0,0.0,0.0
483026312,296,0.0,0.0,2.604167030957203e-05,0.0,0.0,0.0
483025382,297,0.0,0.0,2.6041666562643074e-05,0.0,0.0,0.0
483026311,298,0.0,0.0,2.604167030957203e-05,0.0,0.0,0.0
483025381,299,0.0,0.0,2.604167030957203e-05,0.0,0.0,0.0
483026302,300,0.0,0.0,2.6041666562643074e-05,0.0,0.0,0.0
483025391,301,0.0,0.0,2.604167030957203e-05,0.0,0.0,0.0
483026224,302,0.0,0.0,2.604167030957203e-05,0.0,0.0,0.0
483026244,303,0.0,0.0,2.6041670310045727e-05,0.0,0.0,0.0
483026234,304,0.0,0.0,2.604167030957203e-05,0.0,0.0,0.0
483026233,305,0.0,0.0,2.6041666562643074e-05,0.0,0.0,0.0
483026331,306,0.0,0.0,2.6041666562643074e-05,0.0,0.0,0.0
483026342,307,0.0,0.0,2.6041670310045727e-05,0.0,0.0,0.0
483026322,308,0.0,0.0,2.604167030957203e-05,0.0,0.0,0.0
483026332,309,0.0,0.0,2.604167030957203e-05,0.0,0.0,0.0
483026341,310,0.0,0.0,2.604166656216938e-05,0.0,0.0,0.0
483026321,311,0.0,0.0,2.6041666562643074e-05,0.0,0.0,0.0
483026372,312,0.0,0.0,2.604167030957203e-05,0.0,0.0,0.0
483026352,313,0.0,0.0,2.604167030957203e-05,0.0,0.0,0.0
483026373,314,0.0,0.0,2.604166094189518e-05,0.0,0.0,0.0
483026383,315,0.0,0.0,2.604166094189518e-05,0.0,0.0,0.0
483026363,316,0.0,0.0,2.604166094189518e-05,0.0,0.0,0.0
483026354,317,0.0,0.0,2.6041664688823327e-05,0.0,0.0,0.0
483026374,318,0.0,0.0,2.6041664688823327e-05,0.0,0.0,0.0
483026353,319,0.0,0.0,2.6041660941421483e-05,0.0,0.0,0.0
483026364,320,0.0,0.0,2.6041664688823327e-05,0.0,0.0,0.0
483026384,321,0.0,0.0,2.6041664688823327e-05,0.0,0.0,0.0
483025384,322,0.0,0.0,2.604166094189518e-05,0.0,0.0,0.0
483025393,323,0.0,0.0,2.6041664688823327e-05,0.0,0.0,0.0
483025383,324,0.0,0.0,2.6041664688823327e-05,0.0,0.0,0.0
483026313,325,3.2389728337680004e-06,1.130722317033839e-07,2.6041664688823327e-05,0.12437656626298996,0.03490990431427712,0.0043419740271793275
483026304,326,0.0,0.0,2.604166094189518e-05,0.0,0.0,0.0
483026303,327,0.0,0.0,2.6041664688823327e-05,0.0,0.0,0.0
483026314,328,0.0,0.0,2.6041664688823327e-05,0.0,0.0,0.0
483026412,329,0.0,0.0,2.6041670309927302e-05,0.0,0.0,0.0
483026411,330,6.709300869948e-06,1.9865284735814125e-06,2.6041670309927302e-05,0.25763711736225914,0.2960857639399333,0.07628268271348675
483026402,331,0.0,0.0,2.6041666562998347e-05,0.0,0.0,0.0
483026333,332,0.0,0.0,2.604166094189518e-05,0.0,0.0,0.0
483026334,333,0.0,0.0,2.6041664688823327e-05,0.0,0.0,0.0
483026344,334,0.0,0.0,2.604166468929702e-05,0.0,0.0,0.0
483026343,335,0.0,0.0,2.6041660941421483e-05,0.0,0.0,0.0
483026324,336,0.0,0.0,2.6041664688823327e-05,0.0,0.0,0.0
483026323,337,0.0,0.0,2.604166094189518e-05,0.0,0.0,0.0
483026432,338,0.0,0.0,2.6041670309927302e-05,0.0,0.0,0.0
483026422,339,0.0,0.0,2.6041670309927302e-05,0.0,0.0,0.0
483026442,340,0.0,0.0,2.6041670310400997e-05,0.0,0.0,0.0
483026431,341,0.0,0.0,2.6041666562998347e-05,0.0,0.0,0.0
483025482,342,0.0,0.0,2.6041666562998347e-05,0.0,0.0,0.0
483025491,343,0.0,0.0,2.6041670309927302e-05,0.0,0.0,0.0
483025492,344,0.0,0.0,2.6041666562998347e-05,0.0,0.0,0.0
483026401,345,0.0,0.0,2.6041670309927302e-05,0.0,0.0,0.0
483026414,346,0.0,0.0,2.604167030957203e-05,0.0,0.0,0.0
483025494,347,0.0,0.0,2.6041666562643074e-05,0.0,0.0,0.0
483026403,348,0.0,0.0,2.604167030957203e-05,0.0,0.0,0.0
483025493,349,0.0,0.0,2.604167030957203e-05,0.0,0.0,0.0
483025484,350,0.0,0.0,2.6041666562643074e-05,0.0,0.0,0.0
483026404,351,0.0,0.0,2.6041666562643074e-05,0.0,0.0,0.0
483026461,352,0.0,0.0,2.6041666562998347e-05,0.0,0.0,0.0
483026481,353,0.0,0.0,2.6041666562998347e-05,0.0,0.0,0.0
483026471,354,0.0,0.0,2.6041666562998347e-05,0.0,0.0,0.0
483026452,355,0.0,0.0,2.6041670309927302e-05,0.0,0.0,0.0
483026462,356,0.0,0.0,2.6041670309927302e-05,0.0,0.0,0.0
483026451,357,0.0,0.0,2.6041666562524652e-05,0.0,0.0,0.0
483026472,358,0.0,0.0,2.6041670309927302e-05,0.0,0.0,0.0
483026482,359,0.0,0.0,2.6041670309927302e-05,0.0,0.0,0.0
483026474,360,0.0,0.0,2.604167030957203e-05,0.0,0.0,0.0
483026463,361,0.0,0.0,2.6041666562643074e-05,0.0,0.0,0.0
483026421,362,0.0,0.0,2.6041666562998347e-05,0.0,0.0,0.0
483026441,363,0.0,0.0,2.6041666562524652e-05,0.0,0.0,0.0
483026434,364,3.8559200402e-07,8.305651447355896e-09,2.604167030957203e-05,0.014806730883090457,0.021539999172091484,0.00031893697096314986
483026433,365,0.0,0.0,2.6041666562643074e-05,0.0,0.0,0.0
483026423,366,0.0,0.0,2.6041666562643074e-05,0.0,0.0,0.0
483026424,367,0.0,0.0,2.604167030957203e-05,0.0,0.0,0.0
483026522,368,0.0,0.0,2.6041664688823327e-05,0.0,0.0,0.0
483026542,369,0.0,0.0,2.604166468929702e-05,0.0,0.0,0.0
483026532,370,0.0,0.0,2.6041664688823327e-05,0.0,0.0,0.0
483026541,371,0.0,0.0,2.6041660941421483e-05,0.0,0.0,0.0
483026484,372,0.0,0.0,2.604167030957203e-05,0.0,0.0,0.0
483026483,373,0.0,0.0,2.6041666562643074e-05,0.0,0.0,0.0
483026464,374,0.0,0.0,2.604167030957203e-05,0.0,0.0,0.0
483026473,375,0.0,0.0,2.6041666562643074e-05,0.0,0.0,0.0
483026582,376,0.0,0.0,2.6041664688823327e-05,0.0,0.0,0.0
483026571,377,0.0,0.0,2.604166094189518e-05,0.0,0.0,0.0
483026572,378,0.0,0.0,2.6041664688823327e-05,0.0,0.0,0.0
483026581,379,0.0,0.0,2.604166094189518e-05,0.0,0.0,0.0
483026562,380,0.0,0.0,2.6041664688823327e-05,0.0,0.0,0.0
483026561,381,0.0,0.0,2.604166094189518e-05,0.0,0.0,0.0
483025374,382,0.0,0.0,2.604166094189518e-05,0.0,0.0,0.0
483025354,383,0.0,0.0,2.6041660941421483e-05,0.0,0.0,0.0
483025452,384,0.0,0.0,2.6041666562524652e-05,0.0,0.0,0.0
483025471,385,0.0,0.0,2.6041670309927302e-05,0.0,0.0,0.0
483025472,386,0.0,0.0,2.6041666562998347e-05,0.0,0.0,0.0
483025481,387,0.0,0.0,2.6041670309927302e-05,0.0,0.0,0.0
483025483,388,0.0,0.0,2.604167030957203e-05,0.0,0.0,0.0
483025573,389,0.0,0.0,2.604167030957203e-05,0.0,0.0,0.0
483025574,390,0.0,0.0,2.6041666562643074e-05,0.0,0.0,0.0
483025681,391,0.0,0.0,2.6041670309927302e-05,0.0,0.0,0.0
483025213,392,0.0,0.0,2.604167030957203e-05,0.0,0.0,0.0
483024481,393,0.0,0.0,2.6041670310400997e-05,0.0,0.0,0.0
483024483,394,0.0,0.0,2.6041670310045727e-05,0.0,0.0,0.0
483025413,395,0.0,0.0,2.604167030957203e-05,0.0,0.0,0.0
483024581,396,0.0,0.0,2.604166468929702e-05,0.0,0.0,0.0
483025511,397,0.0,0.0,2.6041664688823327e-05,0.0,0.0,0.0
483024582,398,0.0,0.0,2.6041660941421483e-05,0.0,0.0,0.0
483025504,399,0.0,0.0,2.6041666562643074e-05,0.0,0.0,0.0
483025503,400,0.0,0.0,2.604167030957203e-05,0.0,0.0,0.0
483025602,401,0.0,0.0,2.6041666562998347e-05,0.0,0.0,0.0
483025642,402,0.0,0.0,2.6041666562524652e-05,0.0,0.0,0.0
483025672,403,0.0,0.0,2.6041666562998347e-05,0.0,0.0,0.0
483025671,404,0.0,0.0,2.6041670309927302e-05,0.0,0.0,0.0
483025673,405,0.0,0.0,2.604167030957203e-05,0.0,0.0,0.0
483025664,406,0.0,0.0,2.604166656216938e-05,0.0,0.0,0.0
483025674,407,0.0,0.0,2.6041666562643074e-05,0.0,0.0,0.0
483025762,408,0.0,0.0,2.6041660941421483e-05,0.0,0.0,0.0
483025761,409,0.0,0.0,2.604166468929702e-05,0.0,0.0,0.0
483025772,410,0.0,0.0,2.604166094189518e-05,0.0,0.0,0.0
483025771,411,0.0,0.0,2.6041664688823327e-05,0.0,0.0,0.0
483025641,412,0.0,0.0,2.6041670309927302e-05,0.0,0.0,0.0
483025632,413,0.0,0.0,2.6041666562998347e-05,0.0,0.0,0.0
483025633,414,0.0,0.0,2.604167030957203e-05,0.0,0.0,0.0
483025644,415,0.0,0.0,2.604166656216938e-05,0.0,0.0,0.0
483025643,416,0.0,0.0,2.604167030957203e-05,0.0,0.0,0.0
483025721,417,0.0,0.0,2.6041664688823327e-05,0.0,0.0,0.0
483025731,418,0.0,0.0,2.6041664688823327e-05,0.0,0.0,0.0
483025722,419,0.0,0.0,2.604166094189518e-05,0.0,0.0,0.0
483025742,420,0.0,0.0,2.6041660941421483e-05,0.0,0.0,0.0
483025733,421,0.0,0.0,2.604167030957203e-05,0.0,0.0,0.0
483025752,422,0.0,0.0,2.6041660941421483e-05,0.0,0.0,0.0
483025764,423,0.0,0.0,2.604166656216938e-05,0.0,0.0,0.0
483025753,424,0.0,0.0,2.6041670310045727e-05,0.0,0.0,0.0
483025774,425,0.0,0.0,2.6041666562643074e-05,0.0,0.0,0.0
483025754,426,0.0,0.0,2.604166656216938e-05,0.0,0.0,0.0
483025773,427,0.0,0.0,2.604167030957203e-05,0.0,0.0,0.0
483025763,428,0.0,0.0,2.6041670310045727e-05,0.0,0.0,0.0
483025862,429,0.0,0.0,2.604166656216938e-05,0.0,0.0,0.0
483025871,430,0.0,0.0,2.604167030957203e-05,0.0,0.0,0.0
483025872,431,0.0,0.0,2.6041666562643074e-05,0.0,0.0,0.0
483025724,432,0.0,0.0,2.6041666562643074e-05,0.0,0.0,0.0
483025842,433,0.0,0.0,2.604166656216938e-05,0.0,0.0,0.0
483025812,434,0.0,0.0,2.6041666562643074e-05,0.0,0.0,0.0
483025833,435,0.0,0.0,2.6041664689178596e-05,0.0,0.0,0.0
483025814,436,0.0,0.0,2.604166094225045e-05,0.0,0.0,0.0
483025931,437,0.0,0.0,2.604167030957203e-05,0.0,0.0,0.0
483025932,438,0.0,0.0,2.6041666562643074e-05,0.0,0.0,0.0
483025912,439,0.0,0.0,2.6041666562643074e-05,0.0,0.0,0.0
483025942,440,0.0,0.0,2.604166656216938e-05,0.0,0.0,0.0
483025922,441,0.0,0.0,2.6041666562643074e-05,0.0,0.0,0.0
483024782,442,0.0,0.0,2.6041660941421483e-05,0.0,0.0,0.0
483024791,443,0.0,0.0,2.6041664688823327e-05,0.0,0.0,0.0
483024793,444,0.0,0.0,2.604167030957203e-05,0.0,0.0,0.0
483025713,445,0.0,0.0,2.604167030957203e-05,0.0,0.0,0.0
483024794,446,0.0,0.0,2.6041666562643074e-05,0.0,0.0,0.0
483025811,447,0.0,0.0,2.604167030957203e-05,0.0,0.0,0.0
483025802,448,0.0,0.0,2.6041666562643074e-05,0.0,0.0,0.0
483025911,449,0.0,0.0,2.604167030957203e-05,0.0,0.0,0.0
483025902,450,0.0,0.0,2.6041666562643074e-05,0.0,0.0,0.0
483025903,451,0.0,0.0,2.604167030957203e-05,0.0,0.0,0.0
483025861,452,0.0,0.0,2.6041670310045727e-05,0.0,0.0,0.0
483025851,453,0.0,0.0,2.6041670310045727e-05,0.0,0.0,0.0
483025852,454,0.0,0.0,2.604166656216938e-05,0.0,0.0,0.0
483025854,455,0.0,0.0,2.6041660941776756e-05,0.0,0.0,0.0
483025874,456,0.0,0.0,2.604166094225045e-05,0.0,0.0,0.0
483025853,457,0.0,0.0,2.6041664689652294e-05,0.0,0.0,0.0
483025951,458,0.0,0.0,2.6041670310045727e-05,0.0,0.0,0.0
483025954,459,0.0,0.0,2.604166656216938e-05,0.0,0.0,0.0
483025963,460,0.0,0.0,2.6041670310045727e-05,0.0,0.0,0.0
483035081,461,0.0,0.0,2.6041664688823327e-05,0.0,0.0,0.0
483025924,462,0.0,0.0,2.6041666562643074e-05,0.0,0.0,0.0
483025914,463,0.0,0.0,2.6041666562643074e-05,0.0,0.0,0.0
483035032,464,0.0,0.0,2.604166094189518e-05,0.0,0.0,0.0
483035012,465,0.0,0.0,2.604166094189518e-05,0.0,0.0,0.0
483035021,466,0.0,0.0,2.6041664688823327e-05,0.0,0.0,0.0
483035044,467,0.0,0.0,2.6041666562524652e-05,0.0,0.0,0.0
483035023,468,0.0,0.0,2.6041670309927302e-05,0.0,0.0,0.0
483035024,469,0.0,0.0,2.6041666562998347e-05,0.0,0.0,0.0
483035033,470,0.0,0.0,2.6041670309927302e-05,0.0,0.0,0.0
483035034,471,0.0,0.0,2.6041666562998347e-05,0.0,0.0,0.0
483024993,472,0.0,0.0,2.604167030957203e-05,0.0,0.0,0.0
483024994,473,0.0,0.0,2.6041666562643074e-05,0.0,0.0,0.0
483035011,474,0.0,0.0,2.6041664688823327e-05,0.0,0.0,0.0
483034092,475,0.0,0.0,2.604166094189518e-05,0.0,0.0,0.0
483035004,476,0.0,0.0,2.6041666562998347e-05,0.0,0.0,0.0
483035003,477,0.0,0.0,2.6041670309927302e-05,0.0,0.0,0.0
483035101,478,0.0,0.0,2.604167030957203e-05,0.0,0.0,0.0
483034193,479,0.0,0.0,2.6041664688823327e-05,0.0,0.0,0.0
483034184,480,0.0,0.0,2.6041660941421483e-05,0.0,0.0,0.0
483035103,481,0.0,0.0,2.6041664688823327e-05,0.0,0.0,0.0
483034194,482,0.0,0.0,2.604166094189518e-05,0.0,0.0,0.0
483034282,483,0.0,0.0,2.604166656216938e-05,0.0,0.0,0.0
483034281,484,0.0,0.0,2.6041670310045727e-05,0.0,0.0,0.0
483034384,485,0.0,0.0,2.604166656216938e-05,0.0,0.0,0.0
483034383,486,0.0,0.0,2.6041670310045727e-05,0.0,0.0,0.0
483034394,487,0.0,0.0,2.6041666562643074e-05,0.0,0.0,0.0
483034272,488,0.0,0.0,2.604166656216938e-05,0.0,0.0,0.0
483035141,489,0.0,0.0,2.604167030957203e-05,0.0,0.0,0.0
483035121,490,0.0,0.0,2.604167030957203e-05,0.0,0.0,0.0
483035131,491,0.0,0.0,2.604167030957203e-05,0.0,0.0,0.0
483035133,492,0.0,0.0,2.6041664688823327e-05,0.0,0.0,0.0
483035222,493,0.0,0.0,2.6041666562643074e-05,0.0,0.0,0.0
483035224,494,0.0,0.0,2.6041666562998347e-05,0.0,0.0,0.0
483035412,495,0.0,0.0,2.6041666562643074e-05,0.0,0.0,0.0
483035612,496,0.0,0.0,2.604166094189518e-05,0.0,0.0,0.0
483035623,497,0.0,0.0,2.6041670309927302e-05,0.0,0.0,0.0
483035721,498,0.0,0.0,2.604167030957203e-05,0.0,0.0,0.0
483035063,499,0.0,0.0,2.6041670310400997e-05,0.0,0.0,0.0
483035083,500,0.0,0.0,2.6041670309927302e-05,0.0,0.0,0.0
483035261,501,0.0,0.0,2.6041670310045727e-05,0.0,0.0,0.0
483035263,502,0.0,0.0,2.6041670310400997e-05,0.0,0.0,0.0
483035361,503,0.0,0.0,2.604166468929702e-05,0.0,0.0,0.0
483035363,504,0.0,0.0,2.6041670310045727e-05,0.0,0.0,0.0
483035364,505,0.0,0.0,2.604166656216938e-05,0.0,0.0,0.0
483035461,506,0.0,0.0,2.6041670310045727e-05,0.0,0.0,0.0
483035462,507,0.0,0.0,2.604166656216938e-05,0.0,0.0,0.0
483035853,508,0.0,0.0,2.6041670310400997e-05,0.0,0.0,0.0
483034492,509,0.0,0.0,2.6041666562643074e-05,0.0,0.0,0.0
483035511,510,0.0,0.0,2.604167030957203e-05,0.0,0.0,0.0
483035513,511,0.0,0.0,2.604167030957203e-05,0.0,0.0,0.0
483034583,512,0.0,0.0,2.6041670310045727e-05,0.0,0.0,0.0
483035503,513,0.0,0.0,2.604167030957203e-05,0.0,0.0,0.0
483034682,514,0.0,0.0,2.6041660941421483e-05,0.0,0.0,0.0
483034684,515,0.0,0.0,2.6041666562524652e-05,0.0,0.0,0.0
483034791,516,0.0,0.0,2.604167030957203e-05,0.0,0.0,0.0
483034793,517,0.0,0.0,2.6041664688823327e-05,0.0,0.0,0.0
483034794,518,0.0,0.0,2.604166094189518e-05,0.0,0.0,0.0
483034892,519,0.0,0.0,2.6041666562643074e-05,0.0,0.0,0.0
483035803,520,0.0,0.0,2.6041670309927302e-05,0.0,0.0,0.0
483034883,521,0.0,0.0,2.6041670310400997e-05,0.0,0.0,0.0
483035911,522,0.0,0.0,2.6041664688823327e-05,0.0,0.0,0.0
483035902,523,0.0,0.0,2.604166094189518e-05,0.0,0.0,0.0
483034981,524,0.0,0.0,2.604166468929702e-05,0.0,0.0,0.0
483034983,525,0.0,0.0,2.6041670310045727e-05,0.0,0.0,0.0
483044083,526,0.0,0.0,2.6041664689652294e-05,0.0,0.0,0.0
483044181,527,0.0,0.0,2.6041670310045727e-05,0.0,0.0,0.0
483045103,528,0.0,0.0,2.604167030957203e-05,0.0,0.0,0.0
483045201,529,0.0,0.0,2.6041664688823327e-05,0.0,0.0,0.0
483045202,530,0.0,0.0,2.604166094189518e-05,0.0,0.0,0.0
483035842,531,0.0,0.0,2.604166656216938e-05,0.0,0.0,0.0
483035844,532,0.0,0.0,2.6041666562524652e-05,0.0,0.0,0.0
483045121,533,0.0,0.0,2.604167030957203e-05,0.0,0.0,0.0
483045122,534,0.0,0.0,2.6041666562643074e-05,0.0,0.0,0.0
483045241,535,0.0,0.0,2.6041664688823327e-05,0.0,0.0,0.0
483045232,536,0.0,0.0,2.604166094189518e-05,0.0,0.0,0.0
483045332,537,0.0,0.0,2.6041666562643074e-05,0.0,0.0,0.0
483045412,538,0.0,0.0,2.6041666562643074e-05,0.0,0.0,0.0
483045414,539,0.0,0.0,2.6041666562643074e-05,0.0,0.0,0.0
483045423,540,0.0,0.0,2.604167030957203e-05,0.0,0.0,0.0
483045411,541,0.0,0.0,2.604167030957203e-05,0.0,0.0,0.0
483045532,542,0.0,0.0,2.6041666562998347e-05,0.0,0.0,0.0
483045521,543,0.0,0.0,2.6041670309927302e-05,0.0,0.0,0.0
483045523,544,0.0,0.0,2.6041664688823327e-05,0.0,0.0,0.0
483045544,545,0.0,0.0,2.6041660941421483e-05,0.0,0.0,0.0
483045543,546,0.0,0.0,2.6041664688823327e-05,0.0,0.0,0.0
483045621,547,0.0,0.0,2.604167030957203e-05,0.0,0.0,0.0
483045622,548,0.0,0.0,2.6041666562643074e-05,0.0,0.0,0.0
483045642,549,0.0,0.0,2.604166656216938e-05,0.0,0.0,0.0
483045623,550,0.0,0.0,2.604167030957203e-05,0.0,0.0,0.0
483045624,551,0.0,0.0,2.6041666562643074e-05,0.0,0.0,0.0
483044772,552,0.0,0.0,2.6041660941776756e-05,0.0,0.0,0.0
483044782,553,0.0,0.0,2.6041660941776756e-05,0.0,0.0,0.0
483044784,554,0.0,0.0,2.604166656216938e-05,0.0,0.0,0.0
483044783,555,0.0,0.0,2.6041670310045727e-05,0.0,0.0,0.0
483044774,556,0.0,0.0,2.604166656216938e-05,0.0,0.0,0.0
483044882,557,0.0,0.0,2.604166656216938e-05,0.0,0.0,0.0
483044881,558,0.0,0.0,2.6041670310045727e-05,0.0,0.0,0.0
483044872,559,0.0,0.0,2.604166656216938e-05,0.0,0.0,0.0
483044891,560,0.0,0.0,2.604167030957203e-05,0.0,0.0,0.0
483044892,561,0.0,0.0,2.6041666562643074e-05,0.0,0.0,0.0
483044422,562,0.0,0.0,2.604167030957203e-05,0.0,0.0,0.0
483044424,563,0.0,0.0,2.604167030957203e-05,0.0,0.0,0.0
483044522,564,0.0,0.0,2.6041670309927302e-05,0.0,0.0,0.0
483044664,565,0.0,0.0,2.6041666562643074e-05,0.0,0.0,0.0
483044673,566,0.0,0.0,2.604167030957203e-05,0.0,0.0,0.0
483044663,567,0.0,0.0,2.604167030957203e-05,0.0,0.0,0.0
483044532,568,0.0,0.0,2.6041670309927302e-05,0.0,0.0,0.0
483044521,569,0.0,0.0,2.6041666562998347e-05,0.0,0.0,0.0
483044523,570,0.0,0.0,2.604166094189518e-05,0.0,0.0,0.0
483044524,571,0.0,0.0,2.6041664688823327e-05,0.0,0.0,0.0
483044533,572,0.0,0.0,2.604166094189518e-05,0.0,0.0,0.0
483044631,573,0.0,0.0,2.6041666562643074e-05,0.0,0.0,0.0
483044633,574,0.0,0.0,2.6041666562643074e-05,0.0,0.0,0.0
483044634,575,0.0,0.0,2.604167030957203e-05,0.0,0.0,0.0
483044771,576,0.0,0.0,2.6041664689178596e-05,0.0,0.0,0.0
483044742,577,0.0,0.0,2.604166094225045e-05,0.0,0.0,0.0
483044762,578,0.0,0.0,2.604166094225045e-05,0.0,0.0,0.0
483044773,579,0.0,0.0,2.604167030957203e-05,0.0,0.0,0.0
483044743,580,0.0,0.0,2.604167030957203e-05,0.0,0.0,0.0
483044744,581,0.0,0.0,2.6041666562643074e-05,0.0,0.0,0.0
483044841,582,0.0,0.0,2.604167030957203e-05,0.0,0.0,0.0
483044861,583,0.0,0.0,2.604167030957203e-05,0.0,0.0,0.0
483044842,584,0.0,0.0,2.6041666562643074e-05,0.0,0.0,0.0
483044852,585,0.0,0.0,2.6041666562643074e-05,0.0,0.0,0.0
483044731,586,0.0,0.0,2.604166094225045e-05,0.0,0.0,0.0
483044732,587,0.0,0.0,2.6041664689178596e-05,0.0,0.0,0.0
483044741,588,0.0,0.0,2.6041664689178596e-05,0.0,0.0,0.0
483044734,589,0.0,0.0,2.604167030957203e-05,0.0,0.0,0.0
483044941,590,0.0,0.0,2.6041670309927302e-05,0.0,0.0,0.0
483044943,591,0.0,0.0,2.604167030957203e-05,0.0,0.0,0.0
483044871,592,0.0,0.0,2.604167030957203e-05,0.0,0.0,0.0
483044851,593,0.0,0.0,2.604167030957203e-05,0.0,0.0,0.0
483044863,594,0.0,0.0,2.6041664688823327e-05,0.0,0.0,0.0
483044844,595,0.0,0.0,2.604166094189518e-05,0.0,0.0,0.0
483044853,596,0.0,0.0,2.6041664688823327e-05,0.0,0.0,0.0
483044854,597,0.0,0.0,2.604166094189518e-05,0.0,0.0,0.0
483044864,598,0.0,0.0,2.604166094189518e-05,0.0,0.0,0.0
483044843,599,0.0,0.0,2.6041664688823327e-05,0.0,0.0,0.0
483044951,600,0.0,0.0,2.6041670309927302e-05,0.0,0.0,0.0
483044942,601,0.0,0.0,2.6041666562998347e-05,0.0,0.0,0.0
483046161,602,0.0,0.0,2.6041666562643074e-05,0.0,0.0,0.0
483046174,603,0.0,0.0,2.604167030957203e-05,0.0,0.0,0.0
483046281,604,0.0,0.0,2.604166094189518e-05,0.0,0.0,0.0
483046283,605,0.0,0.0,2.6041666562998347e-05,0.0,0.0,0.0
483046372,606,0.0,0.0,2.604167030957203e-05,0.0,0.0,0.0
483046373,607,0.0,0.0,2.604166094189518e-05,0.0,0.0,0.0
483046462,608,0.0,0.0,2.604167030957203e-05,0.0,0.0,0.0
483046472,609,0.0,0.0,2.604167030957203e-05,0.0,0.0,0.0
483046571,610,0.0,0.0,2.6041666562998347e-05,0.0,0.0,0.0
483046662,611,0.0,0.0,2.604167030957203e-05,0.0,0.0,0.0
483036951,612,0.0,0.0,2.6041660941421483e-05,0.0,0.0,0.0
483036921,613,0.0,0.0,2.604166094189518e-05,0.0,0.0,0.0
483046253,614,0.0,0.0,2.6041666562524652e-05,0.0,0.0,0.0
483046753,615,0.0,0.0,2.604166656216938e-05,0.0,0.0,0.0
483046734,616,0.0,0.0,2.604167030957203e-05,0.0,0.0,0.0
483046744,617,0.0,0.0,2.6041670310045727e-05,0.0,0.0,0.0
483046832,618,0.0,0.0,2.604167030957203e-05,0.0,0.0,0.0
483046851,619,0.0,0.0,2.604166656216938e-05,0.0,0.0,0.0
483046822,620,0.0,0.0,2.604167030957203e-05,0.0,0.0,0.0
483046824,621,0.0,0.0,2.6041664688823327e-05,0.0,0.0,0.0
483045083,622,0.0,0.0,2.6041664689178596e-05,0.0,0.0,0.0
483045172,623,0.0,0.0,2.6041666562643074e-05,0.0,0.0,0.0
483045171,624,0.0,0.0,2.604167030957203e-05,0.0,0.0,0.0
483045183,625,0.0,0.0,2.604167030957203e-05,0.0,0.0,0.0
483045481,626,0.0,0.0,2.604167030957203e-05,0.0,0.0,0.0
483045763,627,0.0,0.0,2.6041670310045727e-05,0.0,0.0,0.0
483045754,628,0.0,0.0,2.604166656216938e-05,0.0,0.0,0.0
483045852,629,0.0,0.0,2.604166656216938e-05,0.0,0.0,0.0
483045854,630,0.0,0.0,2.6041660941421483e-05,0.0,0.0,0.0
483055062,631,0.0,0.0,2.6041660941421483e-05,0.0,0.0,0.0
483045084,632,0.0,0.0,2.604166094225045e-05,0.0,0.0,0.0
483045382,633,0.0,0.0,2.6041666562643074e-05,0.0,0.0,0.0
483045384,634,0.0,0.0,2.604166094189518e-05,0.0,0.0,0.0
483045491,635,0.0,0.0,2.604167030957203e-05,0.0,0.0,0.0
483055184,636,0.0,0.0,2.604166094189518e-05,0.0,0.0,0.0
483055282,637,0.0,0.0,2.6041666562643074e-05,0.0,0.0,0.0
483056213,638,0.0,0.0,2.604167030957203e-05,0.0,0.0,0.0
483056312,639,0.0,0.0,2.6041664689178596e-05,0.0,0.0,0.0
483055382,640,0.0,0.0,2.604166094225045e-05,0.0,0.0,0.0
483055394,641,0.0,0.0,2.6041666562643074e-05,0.0,0.0,0.0
483046761,642,0.0,0.0,2.604166094225045e-05,0.0,0.0,0.0
483046752,643,0.0,0.0,2.6041664689178596e-05,0.0,0.0,0.0
483046754,644,0.0,0.0,2.604167030957203e-05,0.0,0.0,0.0
483046763,645,0.0,0.0,2.6041666562643074e-05,0.0,0.0,0.0
483046852,646,0.0,0.0,2.604167030957203e-05,0.0,0.0,0.0
483046861,647,0.0,0.0,2.6041666562643074e-05,0.0,0.0,0.0
483046874,648,0.0,0.0,2.6041664688823327e-05,0.0,0.0,0.0
483046883,649,0.0,0.0,2.604166094189518e-05,0.0,0.0,0.0
483046981,650,0.0,0.0,2.6041666562998347e-05,0.0,0.0,0.0
483046972,651,0.0,0.0,2.6041670309927302e-05,0.0,0.0,0.0
483046984,652,0.0,0.0,2.604167030957203e-05,0.0,0.0,0.0
483056062,653,0.0,0.0,2.6041664688823327e-05,0.0,0.0,0.0
483056081,654,0.0,0.0,2.604166094189518e-05,0.0,0.0,0.0
483056083,655,0.0,0.0,2.6041666562643074e-05,0.0,0.0,0.0
483056182,656,0.0,0.0,2.6041670309927302e-05,0.0,0.0,0.0
483056183,657,0.0,0.0,2.604166094189518e-05,0.0,0.0,0.0
483056281,658,0.0,0.0,2.6041666562643074e-05,0.0,0.0,0.0
483056282,659,0.0,0.0,2.604167030957203e-05,0.0,0.0,0.0
483056283,660,0.0,0.0,2.6041666562643074e-05,0.0,0.0,0.0
483056284,661,0.0,0.0,2.604167030957203e-05,0.0,0.0,0.0
483046931,662,0.0,0.0,2.6041666562998347e-05,0.0,0.0,0.0
483046943,663,0.0,0.0,2.604166656216938e-05,0.0,0.0,0.0
483046933,664,0.0,0.0,2.6041666562643074e-05,0.0,0.0,0.0
483056034,665,0.0,0.0,2.604167030957203e-05,0.0,0.0,0.0
483056033,666,0.0,0.0,2.6041666562643074e-05,0.0,0.0,0.0
483056131,667,0.0,0.0,2.6041666562998347e-05,0.0,0.0,0.0
483056133,668,0.0,0.0,2.604166094189518e-05,0.0,0.0,0.0
483056243,669,0.0,0.0,2.604166656216938e-05,0.0,0.0,0.0
483056323,670,0.0,0.0,2.6041666562643074e-05,0.0,0.0,0.0
483056324,671,0.0,0.0,2.604167030957203e-05,0.0,0.0,0.0
483056381,672,0.0,0.0,2.604166094225045e-05,0.0,0.0,0.0
483056382,673,0.0,0.0,2.6041664689178596e-05,0.0,0.0,0.0
483056383,674,0.0,0.0,2.6041666562643074e-05,0.0,0.0,0.0
483056482,675,0.0,0.0,2.604167030957203e-05,0.0,0.0,0.0
483056484,676,0.0,0.0,2.6041664688823327e-05,0.0,0.0,0.0
483056762,677,0.0,0.0,2.6041670309927302e-05,0.0,0.0,0.0
483056771,678,0.0,0.0,2.6041666562998347e-05,0.0,0.0,0.0
483056773,679,0.0,0.0,2.604166094189518e-05,0.0,0.0,0.0
483056774,680,0.0,0.0,2.6041664688823327e-05,0.0,0.0,0.0
483056872,681,0.0,0.0,2.604167030957203e-05,0.0,0.0,0.0
483056314,682,0.0,0.0,2.604167030957203e-05,0.0,0.0,0.0
483055393,683,0.0,0.0,2.604167030957203e-05,0.0,0.0,0.0
483056313,684,0.0,0.0,2.604167030957203e-05,0.0,0.0,0.0
483055384,685,0.0,0.0,2.6041666562643074e-05,0.0,0.0,0.0
483056804,686,0.0,0.0,2.6041666562643074e-05,0.0,0.0,0.0
483056902,687,0.0,0.0,2.604166094189518e-05,0.0,0.0,0.0
483056904,688,0.0,0.0,2.6041666562998347e-05,0.0,0.0,0.0
483066002,689,0.0,0.0,2.6041666562643074e-05,0.0,0.0,0.0
483065084,690,0.0,0.0,2.604166094189518e-05,0.0,0.0,0.0
483065182,691,0.0,0.0,2.6041666562643074e-05,0.0,0.0,0.0
483056431,692,0.0,0.0,2.6041666562643074e-05,0.0,0.0,0.0
483056433,693,0.0,0.0,2.604166094189518e-05,0.0,0.0,0.0
483056832,694,0.0,0.0,2.604167030957203e-05,0.0,0.0,0.0
483056834,695,0.0,0.0,2.604167030957203e-05,0.0,0.0,0.0
483056843,696,0.0,0.0,2.604166656216938e-05,0.0,0.0,0.0
483066221,697,0.0,0.0,2.604166094189518e-05,0.0,0.0,0.0
483066244,698,0.0,0.0,2.6041670310045727e-05,0.0,0.0,0.0
483066223,699,0.0,0.0,2.6041666562643074e-05,0.0,0.0,0.0
483066341,700,0.0,0.0,2.604166656216938e-05,0.0,0.0,0.0
483066342,701,0.0,0.0,2.6041670310045727e-05,0.0,0.0,0.0
483044874,702,0.0,0.0,2.6041660941421483e-05,0.0,0.0,0.0
483045803,703,0.0,0.0,2.6041664688823327e-05,0.0,0.0,0.0
483044894,704,0.0,0.0,2.604166094189518e-05,0.0,0.0,0.0
483044883,705,0.0,0.0,2.604166468929702e-05,0.0,0.0,0.0
483044893,706,0.0,0.0,2.6041664688823327e-05,0.0,0.0,0.0
483044972,707,0.0,0.0,2.6041666562524652e-05,0.0,0.0,0.0
483045902,708,0.0,0.0,2.6041666562998347e-05,0.0,0.0,0.0
483045901,709,0.0,0.0,2.6041670309927302e-05,0.0,0.0,0.0
483044994,710,0.0,0.0,2.6041666562643074e-05,0.0,0.0,0.0
483045904,711,0.0,0.0,2.6041666562643074e-05,0.0,0.0,0.0
483045721,712,0.0,0.0,2.6041664689178596e-05,0.0,0.0,0.0
483045814,713,0.0,0.0,2.604166094189518e-05,0.0,0.0,0.0
483045912,714,0.0,0.0,2.6041666562998347e-05,0.0,0.0,0.0
483045914,715,0.0,0.0,2.6041666562643074e-05,0.0,0.0,0.0
483055012,716,0.0,0.0,2.604166094189518e-05,0.0,0.0,0.0
483055014,717,0.0,0.0,2.6041666562643074e-05,0.0,0.0,0.0
483055112,718,0.0,0.0,2.6041666562998347e-05,0.0,0.0,0.0
483055121,719,0.0,0.0,2.6041670309927302e-05,0.0,0.0,0.0
483055114,720,0.0,0.0,2.604166094189518e-05,0.0,0.0,0.0
483055123,721,0.0,0.0,2.6041664688823327e-05,0.0,0.0,0.0
483044993,722,0.0,0.0,2.604167030957203e-05,0.0,0.0,0.0
483045913,723,0.0,0.0,2.604167030957203e-05,0.0,0.0,0.0
483045903,724,0.0,0.0,2.604167030957203e-05,0.0,0.0,0.0
483054092,725,0.0,0.0,2.604166094189518e-05,0.0,0.0,0.0
483054091,726,0.0,0.0,2.6041664688823327e-05,0.0,0.0,0.0
483055013,727,0.0,0.0,2.604167030957203e-05,0.0,0.0,0.0
483054093,728,0.0,0.0,2.604167030957203e-05,0.0,0.0,0.0
483055111,729,0.0,0.0,2.6041670309927302e-05,0.0,0.0,0.0
483055113,730,0.0,0.0,2.6041664688823327e-05,0.0,0.0,0.0
483055211,731,0.0,0.0,2.604167030957203e-05,0.0,0.0,0.0
483055064,732,0.0,0.0,2.604166656216938e-05,0.0,0.0,0.0
483055161,733,0.0,0.0,2.6041670310400997e-05,0.0,0.0,0.0
483055152,734,0.0,0.0,2.6041666562524652e-05,0.0,0.0,0.0
483055154,735,0.0,0.0,2.6041660941421483e-05,0.0,0.0,0.0
483055153,736,0.0,0.0,2.604166468929702e-05,0.0,0.0,0.0
483055163,737,0.0,0.0,2.604166468929702e-05,0.0,0.0,0.0
483055252,738,0.0,0.0,2.604166656216938e-05,0.0,0.0,0.0
483055261,739,0.0,0.0,2.6041670310045727e-05,0.0,0.0,0.0
483055251,740,0.0,0.0,2.6041670310045727e-05,0.0,0.0,0.0
483055263,741,0.0,0.0,2.6041670310045727e-05,0.0,0.0,0.0
483055222,742,0.0,0.0,2.6041666562643074e-05,0.0,0.0,0.0
483055232,743,0.0,0.0,2.6041666562643074e-05,0.0,0.0,0.0
483055242,744,0.0,0.0,2.604166656216938e-05,0.0,0.0,0.0
483055241,745,0.0,0.0,2.604167030957203e-05,0.0,0.0,0.0
483055221,746,0.0,0.0,2.604167030957203e-05,0.0,0.0,0.0
483055231,747,0.0,0.0,2.604167030957203e-05,0.0,0.0,0.0
483055233,748,0.0,0.0,2.604167030957203e-05,0.0,0.0,0.0
483055234,749,0.0,0.0,2.6041666562643074e-05,0.0,0.0,0.0
483055223,750,0.0,0.0,2.604167030957203e-05,0.0,0.0,0.0
483055224,751,0.0,0.0,2.6041666562643074e-05,0.0,0.0,0.0
483054252,752,0.0,0.0,2.6041666562643074e-05,0.0,0.0,0.0
483054262,753,0.0,0.0,2.6041666562643074e-05,0.0,0.0,0.0
483054264,754,0.0,0.0,2.6041666562643074e-05,0.0,0.0,0.0
483054254,755,0.0,0.0,2.6041666562643074e-05,0.0,0.0,0.0
483054263,756,0.0,0.0,2.604167030957203e-05,0.0,0.0,0.0
483054273,757,0.0,0.0,2.604167030957203e-05,0.0,0.0,0.0
483054362,758,0.0,0.0,2.604166094225045e-05,0.0,0.0,0.0
483054361,759,0.0,0.0,2.6041664689178596e-05,0.0,0.0,0.0
483054352,760,0.0,0.0,2.604166094225045e-05,0.0,0.0,0.0
483054371,761,0.0,0.0,2.6041664689178596e-05,0.0,0.0,0.0
483055341,762,0.0,0.0,2.6041664689178596e-05,0.0,0.0,0.0
483055342,763,0.0,0.0,2.6041660941776756e-05,0.0,0.0,0.0
483055322,764,0.0,0.0,2.604166094225045e-05,0.0,0.0,0.0
483055321,765,0.0,0.0,2.6041664689178596e-05,0.0,0.0,0.0
483055331,766,0.0,0.0,2.6041664689178596e-05,0.0,0.0,0.0
483055332,767,0.0,0.0,2.604166094225045e-05,0.0,0.0,0.0
483055323,768,0.0,0.0,2.604167030957203e-05,0.0,0.0,0.0
483055324,769,0.0,0.0,2.6041666562643074e-05,0.0,0.0,0.0
483055421,770,0.0,0.0,2.604167030957203e-05,0.0,0.0,0.0
483055423,771,0.0,0.0,2.6041664688823327e-05,0.0,0.0,0.0
483054364,772,0.0,0.0,2.6041666562643074e-05,0.0,0.0,0.0
483054373,773,0.0,0.0,2.604167030957203e-05,0.0,0.0,0.0
483054363,774,0.0,0.0,2.604167030957203e-05,0.0,0.0,0.0
483054472,775,0.0,0.0,2.604166656216938e-05,0.0,0.0,0.0
483054471,776,0.0,0.0,2.604167030957203e-05,0.0,0.0,0.0
483054452,777,0.0,0.0,2.6041666562643074e-05,0.0,0.0,0.0
483054462,778,0.0,0.0,2.6041666562643074e-05,0.0,0.0,0.0
483054461,779,0.0,0.0,2.604167030957203e-05,0.0,0.0,0.0
483054474,780,0.0,0.0,2.6041660941421483e-05,0.0,0.0,0.0
483054464,781,0.0,0.0,2.604166094189518e-05,0.0,0.0,0.0
483055202,782,0.0,0.0,2.6041666562643074e-05,0.0,0.0,0.0
483054483,783,0.0,0.0,2.604166468929702e-05,0.0,0.0,0.0
483055413,784,0.0,0.0,2.6041664688823327e-05,0.0,0.0,0.0
483054581,785,0.0,0.0,2.6041670310400997e-05,0.0,0.0,0.0
483054584,786,0.0,0.0,2.604166656216938e-05,0.0,0.0,0.0
483054583,787,0.0,0.0,2.6041670310045727e-05,0.0,0.0,0.0
483054682,788,0.0,0.0,2.6041660941421483e-05,0.0,0.0,0.0
483054681,789,0.0,0.0,2.604166468929702e-05,0.0,0.0,0.0
483055611,790,0.0,0.0,2.6041664688823327e-05,0.0,0.0,0.0
483054684,791,0.0,0.0,2.604166656216938e-05,0.0,0.0,0.0
483054473,792,0.0,0.0,2.6041664688823327e-05,0.0,0.0,0.0
483054463,793,0.0,0.0,2.6041664688823327e-05,0.0,0.0,0.0
483054454,794,0.0,0.0,2.604166094189518e-05,0.0,0.0,0.0
483054561,795,0.0,0.0,2.6041670309927302e-05,0.0,0.0,0.0
483054552,796,0.0,0.0,2.6041666562998347e-05,0.0,0.0,0.0
483054571,797,0.0,0.0,2.6041670309927302e-05,0.0,0.0,0.0
483054562,798,0.0,0.0,2.6041666562998347e-05,0.0,0.0,0.0
483054572,799,0.0,0.0,2.6041666562524652e-05,0.0,0.0,0.0
483054563,800,0.0,0.0,2.604167030957203e-05,0.0,0.0,0.0
483054574,801,0.0,0.0,2.604166656216938e-05,0.0,0.0,0.0
483026413,802,4.781340849848e-06,7.434774601459558e-06,2.604167030957203e-05,0.18360346295032168,1.554955991413144,0.28549530475880375
483026501,803,0.0,0.0,2.6041664688823327e-05,0.0,0.0,0.0
483026502,804,3.2389728337680004e-06,2.63396051452776e-07,2.604166094189518e-05,0.12437658415854808,0.08132085848536094,0.010114410599249871
483025581,805,0.0,0.0,2.6041664688823327e-05,0.0,0.0,0.0
483025582,806,0.0,0.0,2.604166094189518e-05,0.0,0.0,0.0
483026511,807,5.398288056280001e-07,1.7037042989939457e-07,2.6041664688823327e-05,0.02072942771049833,0.31560084997909144,0.006542225005013403
483025591,808,0.0,0.0,2.6041664688823327e-05,0.0,0.0,0.0
483026512,809,0.0,0.0,2.6041664688823327e-05,0.0,0.0,0.0
483025592,810,0.0,0.0,2.604166094189518e-05,0.0,0.0,0.0
483025583,811,0.0,0.0,2.604167030957203e-05,0.0,0.0,0.0
483026521,812,0.0,0.0,2.604166094189518e-05,0.0,0.0,0.0
483026531,813,0.0,0.0,2.604166094189518e-05,0.0,0.0,0.0
483026524,814,0.0,0.0,2.604167030957203e-05,0.0,0.0,0.0
483026533,815,0.0,0.0,2.6041666562643074e-05,0.0,0.0,0.0
483026534,816,0.0,0.0,2.604167030957203e-05,0.0,0.0,0.0
483026523,817,0.0,0.0,2.6041666562643074e-05,0.0,0.0,0.0
483026622,818,0.0,0.0,2.6041670309927302e-05,0.0,0.0,0.0
483026642,819,0.0,0.0,2.6041670310400997e-05,0.0,0.0,0.0
483026641,820,0.0,0.0,2.6041666562524652e-05,0.0,0.0,0.0
483026632,821,0.0,0.0,2.6041670309927302e-05,0.0,0.0,0.0
483026563,822,0.0,0.0,2.6041666562643074e-05,0.0,0.0,0.0
483026554,823,0.0,0.0,2.604167030957203e-05,0.0,0.0,0.0
483026583,824,0.0,0.0,2.6041666562643074e-05,0.0,0.0,0.0
483026573,825,0.0,0.0,2.6041666562643074e-05,0.0,0.0,0.0
483026584,826,0.0,0.0,2.604167030957203e-05,0.0,0.0,0.0
483026564,827,0.0,0.0,2.604167030957203e-05,0.0,0.0,0.0
483026574,828,0.0,0.0,2.604167030957203e-05,0.0,0.0,0.0
483026661,829,0.0,0.0,2.6041666562998347e-05,0.0,0.0,0.0
483026652,830,0.0,0.0,2.6041670309927302e-05,0.0,0.0,0.0
483026681,831,0.0,0.0,2.6041666562998347e-05,0.0,0.0,0.0
483026503,832,0.0,0.0,2.604167030957203e-05,0.0,0.0,0.0
483025584,833,0.0,0.0,2.6041666562643074e-05,0.0,0.0,0.0
483025594,834,0.0,0.0,2.6041666562643074e-05,0.0,0.0,0.0
483026514,835,2.390670424924e-06,6.827514248857772e-06,2.604167030957203e-05,0.09180173147516084,2.855899406993675,0.26217651048090457
483025593,836,0.0,0.0,2.604167030957203e-05,0.0,0.0,0.0
483026513,837,0.0,0.0,2.604167030957203e-05,0.0,0.0,0.0
483026504,838,0.0,0.0,2.6041666562643074e-05,0.0,0.0,0.0
483025682,839,0.0,0.0,2.6041666562998347e-05,0.0,0.0,0.0
483026611,840,0.0,0.0,2.6041670309927302e-05,0.0,0.0,0.0
483026602,841,0.0,0.0,2.6041666562998347e-05,0.0,0.0,0.0
483025692,842,0.0,0.0,2.6041666562998347e-05,0.0,0.0,0.0
483025691,843,0.0,0.0,2.6041670309927302e-05,0.0,0.0,0.0
483026601,844,0.0,0.0,2.6041670309927302e-05,0.0,0.0,0.0
483026612,845,0.0,0.0,2.6041670309927302e-05,0.0,0.0,0.0
483025683,846,0.0,0.0,2.604167030957203e-05,0.0,0.0,0.0
483025684,847,0.0,0.0,2.6041666562643074e-05,0.0,0.0,0.0
483026613,848,0.0,0.0,2.604167030957203e-05,0.0,0.0,0.0
483026604,849,0.0,0.0,2.6041666562643074e-05,0.0,0.0,0.0
483025693,850,0.0,0.0,2.604167030957203e-05,0.0,0.0,0.0
483025694,851,0.0,0.0,2.6041666562643074e-05,0.0,0.0,0.0
483026621,852,0.0,0.0,2.6041666562998347e-05,0.0,0.0,0.0
483026631,853,0.0,0.0,2.6041666562998347e-05,0.0,0.0,0.0
483026643,854,0.0,0.0,2.604166656216938e-05,0.0,0.0,0.0
483026653,855,0.0,0.0,2.604166656216938e-05,0.0,0.0,0.0
483026633,856,0.0,0.0,2.6041666562643074e-05,0.0,0.0,0.0
483026624,857,0.0,0.0,2.604167030957203e-05,0.0,0.0,0.0
483026644,858,0.0,0.0,2.6041670310045727e-05,0.0,0.0,0.0
483026634,859,0.0,0.0,2.604167030957203e-05,0.0,0.0,0.0
483026623,860,0.0,0.0,2.6041666562643074e-05,0.0,0.0,0.0
483026741,861,0.0,0.0,2.6041660941421483e-05,0.0,0.0,0.0
483026672,862,0.0,0.0,2.6041670309927302e-05,0.0,0.0,0.0
483026682,863,0.0,0.0,2.6041670309927302e-05,0.0,0.0,0.0
483026654,864,0.0,0.0,2.604167030957203e-05,0.0,0.0,0.0
483026684,865,0.0,0.0,2.604167030957203e-05,0.0,0.0,0.0
483026673,866,0.0,0.0,2.6041666562643074e-05,0.0,0.0,0.0
483026683,867,0.0,0.0,2.6041666562643074e-05,0.0,0.0,0.0
483026663,868,0.0,0.0,2.6041666562643074e-05,0.0,0.0,0.0
483026674,869,0.0,0.0,2.604167030957203e-05,0.0,0.0,0.0
483026664,870,0.0,0.0,2.604167030957203e-05,0.0,0.0,0.0
483026781,871,0.0,0.0,2.604166094189518e-05,0.0,0.0,0.0
483026603,872,0.0,0.0,2.604167030957203e-05,0.0,0.0,0.0
483026614,873,0.0,0.0,2.604167030957203e-05,0.0,0.0,0.0
483026711,874,0.0,0.0,2.6041664688823327e-05,0.0,0.0,0.0
483026702,875,0.0,0.0,2.604166094189518e-05,0.0,0.0,0.0
483025792,876,0.0,0.0,2.604166094189518e-05,0.0,0.0,0.0
483026701,877,0.0,0.0,2.6041664688823327e-05,0.0,0.0,0.0
483025781,878,0.0,0.0,2.6041664688823327e-05,0.0,0.0,0.0
483026712,879,0.0,0.0,2.6041664688823327e-05,0.0,0.0,0.0
483025782,880,0.0,0.0,2.604166094189518e-05,0.0,0.0,0.0
483025791,881,0.0,0.0,2.6041664688823327e-05,0.0,0.0,0.0
483026762,882,0.0,0.0,2.6041664688823327e-05,0.0,0.0,0.0
483026761,883,0.0,0.0,2.604166094189518e-05,0.0,0.0,0.0
483026752,884,0.0,0.0,2.6041664688823327e-05,0.0,0.0,0.0
483026782,885,0.0,0.0,2.6041664688823327e-05,0.0,0.0,0.0
483026772,886,0.0,0.0,2.6041664688823327e-05,0.0,0.0,0.0
483026771,887,0.0,0.0,2.604166094189518e-05,0.0,0.0,0.0
483026774,888,0.0,0.0,2.604167030957203e-05,0.0,0.0,0.0
483026764,889,0.0,0.0,2.604167030957203e-05,0.0,0.0,0.0
483026783,890,0.0,0.0,2.6041666562643074e-05,0.0,0.0,0.0
483026763,891,0.0,0.0,2.6041666562643074e-05,0.0,0.0,0.0
483026732,892,0.0,0.0,2.6041664688823327e-05,0.0,0.0,0.0
483026742,893,0.0,0.0,2.604166468929702e-05,0.0,0.0,0.0
483026721,894,0.0,0.0,2.604166094189518e-05,0.0,0.0,0.0
483026722,895,0.0,0.0,2.6041664688823327e-05,0.0,0.0,0.0
483026751,896,0.0,0.0,2.6041660941421483e-05,0.0,0.0,0.0
483026731,897,0.0,0.0,2.604166094189518e-05,0.0,0.0,0.0
483026734,898,0.0,0.0,2.604167030957203e-05,0.0,0.0,0.0
483026724,899,0.0,0.0,2.604167030957203e-05,0.0,0.0,0.0
483026723,900,0.0,0.0,2.6041666562643074e-05,0.0,0.0,0.0
483026744,901,0.0,0.0,2.6041670310045727e-05,0.0,0.0,0.0
483027614,902,0.0,0.0,2.6041670310045727e-05,0.0,0.0,0.0
483027603,903,0.0,0.0,2.6041666562643074e-05,0.0,0.0,0.0
483027613,904,0.0,0.0,2.604166656216938e-05,0.0,0.0,0.0
483026693,905,0.0,0.0,2.6041666562643074e-05,0.0,0.0,0.0
483027721,906,0.0,0.0,2.6041660941421483e-05,0.0,0.0,0.0
483026791,907,0.0,0.0,2.604166094189518e-05,0.0,0.0,0.0
483026792,908,0.0,0.0,2.6041664688823327e-05,0.0,0.0,0.0
483027702,909,0.0,0.0,2.6041664688823327e-05,0.0,0.0,0.0
483027712,910,0.0,0.0,2.604166468929702e-05,0.0,0.0,0.0
483027701,911,0.0,0.0,2.604166094189518e-05,0.0,0.0,0.0
483027654,912,0.0,0.0,2.604167030957203e-05,0.0,0.0,0.0
483027644,913,0.0,0.0,2.604167030957203e-05,0.0,0.0,0.0
483027634,914,0.0,0.0,2.604167030957203e-05,0.0,0.0,0.0
483027643,915,0.0,0.0,2.6041666562643074e-05,0.0,0.0,0.0
483027653,916,0.0,0.0,2.6041666562643074e-05,0.0,0.0,0.0
483027633,917,0.0,0.0,2.604166656216938e-05,0.0,0.0,0.0
483027742,918,0.0,0.0,2.6041664688823327e-05,0.0,0.0,0.0
483027752,919,0.0,0.0,2.6041664688823327e-05,0.0,0.0,0.0
483027722,920,0.0,0.0,2.604166468929702e-05,0.0,0.0,0.0
483027741,921,0.0,0.0,2.604166094189518e-05,0.0,0.0,0.0
483027732,922,0.0,0.0,2.6041664688823327e-05,0.0,0.0,0.0
483027731,923,0.0,0.0,2.6041660941421483e-05,0.0,0.0,0.0
483027751,924,0.0,0.0,2.604166094189518e-05,0.0,0.0,0.0
483027743,925,0.0,0.0,2.6041666562643074e-05,0.0,0.0,0.0
483027753,926,0.0,0.0,2.6041666562643074e-05,0.0,0.0,0.0
483027754,927,0.0,0.0,2.604167030957203e-05,0.0,0.0,0.0
483027734,928,0.0,0.0,2.604167030957203e-05,0.0,0.0,0.0
483027744,929,0.0,0.0,2.604167030957203e-05,0.0,0.0,0.0
483027724,930,0.0,0.0,2.6041670310045727e-05,0.0,0.0,0.0
483027733,931,0.0,0.0,2.604166656216938e-05,0.0,0.0,0.0
483027711,932,0.0,0.0,2.6041660941421483e-05,0.0,0.0,0.0
483027703,933,0.0,0.0,2.6041666562643074e-05,0.0,0.0,0.0
483026794,934,0.0,0.0,2.604167030957203e-05,0.0,0.0,0.0
483027713,935,0.0,0.0,2.604166656216938e-05,0.0,0.0,0.0
483027704,936,0.0,0.0,2.604167030957203e-05,0.0,0.0,0.0
483027714,937,0.0,0.0,2.6041670310045727e-05,0.0,0.0,0.0
483027723,938,0.0,0.0,2.604166656216938e-05,0.0,0.0,0.0
483027812,939,0.0,0.0,2.6041670310045727e-05,0.0,0.0,0.0
483027811,940,0.0,0.0,2.604166656216938e-05,0.0,0.0,0.0
483026892,941,0.0,0.0,2.604167030957203e-05,0.0,0.0,0.0
483026891,942,0.0,0.0,2.6041666562643074e-05,0.0,0.0,0.0
483027802,943,0.0,0.0,2.604167030957203e-05,0.0,0.0,0.0
483027821,944,0.0,0.0,2.604166656216938e-05,0.0,0.0,0.0
483026882,945,0.0,0.0,2.604167030957203e-05,0.0,0.0,0.0
483027803,946,0.0,0.0,2.604166094225045e-05,0.0,0.0,0.0
483026894,947,0.0,0.0,2.6041664689178596e-05,0.0,0.0,0.0
483027804,948,0.0,0.0,2.6041664689178596e-05,0.0,0.0,0.0
483026893,949,0.0,0.0,2.604166094225045e-05,0.0,0.0,0.0
483027823,950,0.0,0.0,2.6041660941776756e-05,0.0,0.0,0.0
483027813,951,0.0,0.0,2.6041660941776756e-05,0.0,0.0,0.0
483027851,952,0.0,0.0,2.6041666562643074e-05,0.0,0.0,0.0
483027831,953,0.0,0.0,2.604166656216938e-05,0.0,0.0,0.0
483027841,954,0.0,0.0,2.6041666562643074e-05,0.0,0.0,0.0
483027832,955,0.0,0.0,2.604167030957203e-05,0.0,0.0,0.0
483027842,956,0.0,0.0,2.604167030957203e-05,0.0,0.0,0.0
483027822,957,0.0,0.0,2.6041670310045727e-05,0.0,0.0,0.0
483027852,958,0.0,0.0,2.604167030957203e-05,0.0,0.0,0.0
483027843,959,0.0,0.0,2.604166094225045e-05,0.0,0.0,0.0
483027853,960,0.0,0.0,2.604166094225045e-05,0.0,0.0,0.0
483027833,961,0.0,0.0,2.6041660941776756e-05,0.0,0.0,0.0
483027824,962,0.0,0.0,2.6041664689652294e-05,0.0,0.0,0.0
483027854,963,0.0,0.0,2.6041664689178596e-05,0.0,0.0,0.0
483027834,964,0.0,0.0,2.6041664689178596e-05,0.0,0.0,0.0
483027844,965,0.0,0.0,2.6041664689178596e-05,0.0,0.0,0.0
483027942,966,0.0,0.0,2.604167030957203e-05,0.0,0.0,0.0
483027951,967,0.0,0.0,2.6041666562643074e-05,0.0,0.0,0.0
483027941,968,0.0,0.0,2.6041666562643074e-05,0.0,0.0,0.0
483027932,969,0.0,0.0,2.604167030957203e-05,0.0,0.0,0.0
483027922,970,0.0,0.0,2.6041670310045727e-05,0.0,0.0,0.0
483027931,971,0.0,0.0,2.604166656216938e-05,0.0,0.0,0.0
483027814,972,0.0,0.0,2.6041664689652294e-05,0.0,0.0,0.0
483026884,973,0.0,0.0,2.6041664689178596e-05,0.0,0.0,0.0
483027921,974,0.0,0.0,2.604166656216938e-05,0.0,0.0,0.0
483027901,975,0.0,0.0,2.6041666562643074e-05,0.0,0.0,0.0
483027911,976,0.0,0.0,2.604166656216938e-05,0.0,0.0,0.0
483026992,977,0.0,0.0,2.604167030957203e-05,0.0,0.0,0.0
483026991,978,0.0,0.0,2.6041666562643074e-05,0.0,0.0,0.0
483027902,979,0.0,0.0,2.604167030957203e-05,0.0,0.0,0.0
483027912,980,0.0,0.0,2.6041670310045727e-05,0.0,0.0,0.0
483027904,981,0.0,0.0,2.604167030957203e-05,0.0,0.0,0.0
483027973,982,0.0,0.0,2.6041666562643074e-05,0.0,0.0,0.0
483027963,983,0.0,0.0,2.6041666562643074e-05,0.0,0.0,0.0
483027954,984,0.0,0.0,2.604167030957203e-05,0.0,0.0,0.0
483027964,985,0.0,0.0,2.604167030957203e-05,0.0,0.0,0.0
483037072,986,0.0,0.0,2.6041664688823327e-05,0.0,0.0,0.0
483037071,987,0.0,0.0,2.604166094189518e-05,0.0,0.0,0.0
483037052,988,0.0,0.0,2.6041664688823327e-05,0.0,0.0,0.0
483037061,989,0.0,0.0,2.604166094189518e-05,0.0,0.0,0.0
483037081,990,0.0,0.0,2.6041660941421483e-05,0.0,0.0,0.0
483037062,991,0.0,0.0,2.6041664688823327e-05,0.0,0.0,0.0
483027924,992,0.0,0.0,2.6041670310045727e-05,0.0,0.0,0.0
483027943,993,0.0,0.0,2.6041666562643074e-05,0.0,0.0,0.0
483027934,994,0.0,0.0,2.604167030957203e-05,0.0,0.0,0.0
483027953,995,0.0,0.0,2.6041666562643074e-05,0.0,0.0,0.0
483027944,996,0.0,0.0,2.604167030957203e-05,0.0,0.0,0.0
483027933,997,0.0,0.0,2.604166656216938e-05,0.0,0.0,0.0
483037042,998,0.0,0.0,2.6041664688823327e-05,0.0,0.0,0.0
483037031,999,0.0,0.0,2.6041660941421483e-05,0.0,0.0,0.0
483037041,1000,0.0,0.0,2.604166094189518e-05,0.0,0.0,0.0
483037051,1001,0.0,0.0,2.604166094189518e-05,0.0,0.0,0.0
483025783,1002,0.0,0.0,2.604167030957203e-05,0.0,0.0,0.0
483026703,1003,0.0,0.0,2.604167030957203e-05,0.0,0.0,0.0
483026704,1004,0.0,0.0,2.6041666562643074e-05,0.0,0.0,0.0
483026713,1005,0.0,0.0,2.604167030957203e-05,0.0,0.0,0.0
483025793,1006,0.0,0.0,2.604167030957203e-05,0.0,0.0,0.0
483026714,1007,0.0,0.0,2.604167030957203e-05,0.0,0.0,0.0
483025784,1008,0.0,0.0,2.6041666562643074e-05,0.0,0.0,0.0
483025794,1009,0.0,0.0,2.6041666562643074e-05,0.0,0.0,0.0
483025891,1010,0.0,0.0,2.604167030957203e-05,0.0,0.0,0.0
483026812,1011,0.0,0.0,2.604167030957203e-05,0.0,0.0,0.0
483026754,1012,0.0,0.0,2.604167030957203e-05,0.0,0.0,0.0
483026784,1013,0.0,0.0,2.604167030957203e-05,0.0,0.0,0.0
483026773,1014,0.0,0.0,2.6041666562643074e-05,0.0,0.0,0.0
483026881,1015,0.0,0.0,2.6041666562643074e-05,0.0,0.0,0.0
483026872,1016,0.0,0.0,2.604167030957203e-05,0.0,0.0,0.0
483026851,1017,0.0,0.0,2.604166656216938e-05,0.0,0.0,0.0
483026852,1018,0.0,0.0,2.604167030957203e-05,0.0,0.0,0.0
483026854,1019,0.0,0.0,2.6041664689178596e-05,0.0,0.0,0.0
483026883,1020,0.0,0.0,2.604166094225045e-05,0.0,0.0,0.0
483026863,1021,0.0,0.0,2.604166094225045e-05,0.0,0.0,0.0
483026753,1022,0.0,0.0,2.604166656216938e-05,0.0,0.0,0.0
483026733,1023,0.0,0.0,2.6041666562643074e-05,0.0,0.0,0.0
483026743,1024,0.0,0.0,2.604166656216938e-05,0.0,0.0,0.0
483026831,1025,0.0,0.0,2.6041666562643074e-05,0.0,0.0,0.0
483026821,1026,0.0,0.0,2.6041666562643074e-05,0.0,0.0,0.0
483026822,1027,0.0,0.0,2.604167030957203e-05,0.0,0.0,0.0
483026842,1028,0.0,0.0,2.6041670310045727e-05,0.0,0.0,0.0
483026841,1029,0.0,0.0,2.604166656216938e-05,0.0,0.0,0.0
483026832,1030,0.0,0.0,2.604167030957203e-05,0.0,0.0,0.0
483026843,1031,0.0,0.0,2.6041660941776756e-05,0.0,0.0,0.0
483026811,1032,0.0,0.0,2.604167030957203e-05,0.0,0.0,0.0
483025892,1033,0.0,0.0,2.6041666562643074e-05,0.0,0.0,0.0
483026801,1034,0.0,0.0,2.604167030957203e-05,0.0,0.0,0.0
483025881,1035,0.0,0.0,2.604167030957203e-05,0.0,0.0,0.0
483025882,1036,0.0,0.0,2.6041666562643074e-05,0.0,0.0,0.0
483025883,1037,0.0,0.0,2.6041664689178596e-05,0.0,0.0,0.0
483025893,1038,0.0,0.0,2.6041664689178596e-05,0.0,0.0,0.0
483026814,1039,0.0,0.0,2.6041664689178596e-05,0.0,0.0,0.0
483025894,1040,0.0,0.0,2.604166094225045e-05,0.0,0.0,0.0
483026813,1041,0.0,0.0,2.6041664689178596e-05,0.0,0.0,0.0
483026823,1042,0.0,0.0,2.604166094225045e-05,0.0,0.0,0.0
483026833,1043,0.0,0.0,2.604166094225045e-05,0.0,0.0,0.0
483026824,1044,0.0,0.0,2.6041664689178596e-05,0.0,0.0,0.0
483026844,1045,0.0,0.0,2.6041664689652294e-05,0.0,0.0,0.0
483026834,1046,0.0,0.0,2.6041664689178596e-05,0.0,0.0,0.0
483026942,1047,0.0,0.0,2.6041670310045727e-05,0.0,0.0,0.0
483026941,1048,0.0,0.0,2.604166656216938e-05,0.0,0.0,0.0
483026922,1049,0.0,0.0,2.604167030957203e-05,0.0,0.0,0.0
483026931,1050,0.0,0.0,2.6041666562643074e-05,0.0,0.0,0.0
483026912,1051,0.0,0.0,2.604167030957203e-05,0.0,0.0,0.0
483025884,1052,0.0,0.0,2.604166094225045e-05,0.0,0.0,0.0
483025992,1053,0.0,0.0,2.6041666562643074e-05,0.0,0.0,0.0
483025991,1054,0.0,0.0,2.604167030957203e-05,0.0,0.0,0.0
483026911,1055,0.0,0.0,2.604167030957203e-05,0.0,0.0,0.0
483026902,1056,0.0,0.0,2.6041666562643074e-05,0.0,0.0,0.0
483025981,1057,0.0,0.0,2.604167030957203e-05,0.0,0.0,0.0
483025982,1058,0.0,0.0,2.6041666562643074e-05,0.0,0.0,0.0
483025994,1059,0.0,0.0,2.6041666562643074e-05,0.0,0.0,0.0
483026913,1060,0.0,0.0,2.604167030957203e-05,0.0,0.0,0.0
483026904,1061,0.0,0.0,2.6041666562643074e-05,0.0,0.0,0.0
483026853,1062,0.0,0.0,2.6041660941776756e-05,0.0,0.0,0.0
483026962,1063,0.0,0.0,2.604167030957203e-05,0.0,0.0,0.0
483026982,1064,0.0,0.0,2.604167030957203e-05,0.0,0.0,0.0
483026961,1065,0.0,0.0,2.6041666562643074e-05,0.0,0.0,0.0
483026951,1066,0.0,0.0,2.604166656216938e-05,0.0,0.0,0.0
483026971,1067,0.0,0.0,2.6041666562643074e-05,0.0,0.0,0.0
483026952,1068,0.0,0.0,2.604167030957203e-05,0.0,0.0,0.0
483026954,1069,0.0,0.0,2.604167030957203e-05,0.0,0.0,0.0
483026974,1070,0.0,0.0,2.604167030957203e-05,0.0,0.0,0.0
483026963,1071,0.0,0.0,2.6041666562643074e-05,0.0,0.0,0.0
483026921,1072,0.0,0.0,2.6041666562643074e-05,0.0,0.0,0.0
483026932,1073,0.0,0.0,2.604167030957203e-05,0.0,0.0,0.0
483026943,1074,0.0,0.0,2.604166656216938e-05,0.0,0.0,0.0
483026933,1075,0.0,0.0,2.6041666562643074e-05,0.0,0.0,0.0
483026934,1076,0.0,0.0,2.604167030957203e-05,0.0,0.0,0.0
483026914,1077,0.0,0.0,2.604167030957203e-05,0.0,0.0,0.0
483026944,1078,0.0,0.0,2.6041670310045727e-05,0.0,0.0,0.0
483026924,1079,0.0,0.0,2.604167030957203e-05,0.0,0.0,0.0
483026923,1080,0.0,0.0,2.6041666562643074e-05,0.0,0.0,0.0
483036051,1081,0.0,0.0,2.6041660941421483e-05,0.0,0.0,0.0
483025984,1082,0.0,0.0,2.6041666562643074e-05,0.0,0.0,0.0
483025993,1083,0.0,0.0,2.604167030957203e-05,0.0,0.0,0.0
483025983,1084,0.0,0.0,2.604167030957203e-05,0.0,0.0,0.0
483035091,1085,0.0,0.0,2.6041664688823327e-05,0.0,0.0,0.0
483035082,1086,0.0,0.0,2.604166094189518e-05,0.0,0.0,0.0
483035092,1087,0.0,0.0,2.604166094189518e-05,0.0,0.0,0.0
483036011,1088,0.0,0.0,2.6041664688823327e-05,0.0,0.0,0.0
483035084,1089,0.0,0.0,2.6041666562998347e-05,0.0,0.0,0.0
483036013,1090,0.0,0.0,2.6041670309927302e-05,0.0,0.0,0.0
483035094,1091,0.0,0.0,2.6041666562998347e-05,0.0,0.0,0.0
483026984,1092,0.0,0.0,2.604167030957203e-05,0.0,0.0,0.0
483026973,1093,0.0,0.0,2.6041666562643074e-05,0.0,0.0,0.0
483036072,1094,0.0,0.0,2.6041664688823327e-05,0.0,0.0,0.0
483036081,1095,0.0,0.0,2.604166094189518e-05,0.0,0.0,0.0
483036082,1096,0.0,0.0,2.6041664688823327e-05,0.0,0.0,0.0
483036052,1097,0.0,0.0,2.6041664688823327e-05,0.0,0.0,0.0
483036061,1098,0.0,0.0,2.604166094189518e-05,0.0,0.0,0.0
483036084,1099,0.0,0.0,2.6041670309927302e-05,0.0,0.0,0.0
483036064,1100,0.0,0.0,2.6041670309927302e-05,0.0,0.0,0.0
483036083,1101,0.0,0.0,2.6041666562998347e-05,0.0,0.0,0.0
483026994,1102,0.0,0.0,2.604167030957203e-05,0.0,0.0,0.0
483026993,1103,0.0,0.0,2.6041666562643074e-05,0.0,0.0,0.0
483027903,1104,0.0,0.0,2.6041666562643074e-05,0.0,0.0,0.0
483027914,1105,0.0,0.0,2.6041670310045727e-05,0.0,0.0,0.0
483027923,1106,0.0,0.0,2.604166656216938e-05,0.0,0.0,0.0
483027913,1107,0.0,0.0,2.604166656216938e-05,0.0,0.0,0.0
483037012,1108,0.0,0.0,2.604166468929702e-05,0.0,0.0,0.0
483037001,1109,0.0,0.0,2.604166094189518e-05,0.0,0.0,0.0
483036091,1110,0.0,0.0,2.604166094189518e-05,0.0,0.0,0.0
483037011,1111,0.0,0.0,2.6041660941421483e-05,0.0,0.0,0.0
483037032,1112,0.0,0.0,2.6041664688823327e-05,0.0,0.0,0.0
483037022,1113,0.0,0.0,2.604166468929702e-05,0.0,0.0,0.0
483037043,1114,0.0,0.0,2.6041666562998347e-05,0.0,0.0,0.0
483037044,1115,0.0,0.0,2.6041670309927302e-05,0.0,0.0,0.0
483037053,1116,0.0,0.0,2.6041666562998347e-05,0.0,0.0,0.0
483037024,1117,0.0,0.0,2.6041670310400997e-05,0.0,0.0,0.0
483037034,1118,0.0,0.0,2.6041670309927302e-05,0.0,0.0,0.0
483037033,1119,0.0,0.0,2.6041666562524652e-05,0.0,0.0,0.0
483037142,1120,0.0,0.0,2.604167030957203e-05,0.0,0.0,0.0
483037122,1121,0.0,0.0,2.6041670310045727e-05,0.0,0.0,0.0
483036092,1122,0.0,0.0,2.6041664688823327e-05,0.0,0.0,0.0
483037021,1123,0.0,0.0,2.6041660941421483e-05,0.0,0.0,0.0
483036094,1124,0.0,0.0,2.6041670309927302e-05,0.0,0.0,0.0
483037023,1125,0.0,0.0,2.6041666562524652e-05,0.0,0.0,0.0
483037013,1126,0.0,0.0,2.6041666562524652e-05,0.0,0.0,0.0
483036093,1127,0.0,0.0,2.6041666562998347e-05,0.0,0.0,0.0
483037014,1128,0.0,0.0,2.6041670310400997e-05,0.0,0.0,0.0
483037102,1129,0.0,0.0,2.604167030957203e-05,0.0,0.0,0.0
483037121,1130,0.0,0.0,2.604166656216938e-05,0.0,0.0,0.0
483037112,1131,0.0,0.0,2.6041670310045727e-05,0.0,0.0,0.0
483037074,1132,0.0,0.0,2.6041670309927302e-05,0.0,0.0,0.0
483037063,1133,0.0,0.0,2.6041666562998347e-05,0.0,0.0,0.0
483037064,1134,0.0,0.0,2.6041670309927302e-05,0.0,0.0,0.0
483037084,1135,0.0,0.0,2.6041670310400997e-05,0.0,0.0,0.0
483037054,1136,0.0,0.0,2.6041670309927302e-05,0.0,0.0,0.0
483037073,1137,0.0,0.0,2.6041666562998347e-05,0.0,0.0,0.0
483037083,1138,0.0,0.0,2.6041666562524652e-05,0.0,0.0,0.0
483037152,1139,0.0,0.0,2.604167030957203e-05,0.0,0.0,0.0
483037171,1140,0.0,0.0,2.6041666562643074e-05,0.0,0.0,0.0
483037181,1141,0.0,0.0,2.604166656216938e-05,0.0,0.0,0.0
483037172,1142,0.0,0.0,2.604167030957203e-05,0.0,0.0,0.0
483037162,1143,0.0,0.0,2.604167030957203e-05,0.0,0.0,0.0
483037182,1144,0.0,0.0,2.6041670310045727e-05,0.0,0.0,0.0
483037161,1145,0.0,0.0,2.6041666562643074e-05,0.0,0.0,0.0
483037174,1146,0.0,0.0,2.6041664688823327e-05,0.0,0.0,0.0
483037164,1147,0.0,0.0,2.6041664688823327e-05,0.0,0.0,0.0
483037173,1148,0.0,0.0,2.604166094189518e-05,0.0,0.0,0.0
483037163,1149,0.0,0.0,2.604166094189518e-05,0.0,0.0,0.0
483037184,1150,0.0,0.0,2.604166468929702e-05,0.0,0.0,0.0
483037183,1151,0.0,0.0,2.6041660941421483e-05,0.0,0.0,0.0
483037151,1152,0.0,0.0,2.6041666562643074e-05,0.0,0.0,0.0
483037132,1153,0.0,0.0,2.604167030957203e-05,0.0,0.0,0.0
483037141,1154,0.0,0.0,2.6041666562643074e-05,0.0,0.0,0.0
483037124,1155,0.0,0.0,2.604166468929702e-05,0.0,0.0,0.0
483037143,1156,0.0,0.0,2.604166094189518e-05,0.0,0.0,0.0
483037134,1157,0.0,0.0,2.6041664688823327e-05,0.0,0.0,0.0
483037153,1158,0.0,0.0,2.604166094189518e-05,0.0,0.0,0.0
483037133,1159,0.0,0.0,2.6041660941421483e-05,0.0,0.0,0.0
483037144,1160,0.0,0.0,2.6041664688823327e-05,0.0,0.0,0.0
483037251,1161,0.0,0.0,2.6041666562643074e-05,0.0,0.0,0.0
483037111,1162,0.0,0.0,2.604166656216938e-05,0.0,0.0,0.0
483036191,1163,0.0,0.0,2.6041666562643074e-05,0.0,0.0,0.0
483037114,1164,0.0,0.0,2.604166468929702e-05,0.0,0.0,0.0
483037123,1165,0.0,0.0,2.6041660941421483e-05,0.0,0.0,0.0
483037104,1166,0.0,0.0,2.6041664688823327e-05,0.0,0.0,0.0
483036193,1167,0.0,0.0,2.604166094189518e-05,0.0,0.0,0.0
483037103,1168,0.0,0.0,2.604166094189518e-05,0.0,0.0,0.0
483037113,1169,0.0,0.0,2.6041660941421483e-05,0.0,0.0,0.0
483037202,1170,0.0,0.0,2.604167030957203e-05,0.0,0.0,0.0
483037212,1171,0.0,0.0,2.6041670310045727e-05,0.0,0.0,0.0
483037154,1172,0.0,0.0,2.6041664688823327e-05,0.0,0.0,0.0
483037252,1173,0.0,0.0,2.604167030957203e-05,0.0,0.0,0.0
483037262,1174,0.0,0.0,2.604167030957203e-05,0.0,0.0,0.0
483037281,1175,0.0,0.0,2.604166656216938e-05,0.0,0.0,0.0
483037272,1176,0.0,0.0,2.604167030957203e-05,0.0,0.0,0.0
483037282,1177,0.0,0.0,2.6041670310045727e-05,0.0,0.0,0.0
483037261,1178,0.0,0.0,2.6041666562643074e-05,0.0,0.0,0.0
483037271,1179,0.0,0.0,2.6041666562643074e-05,0.0,0.0,0.0
483037283,1180,0.0,0.0,2.6041666562524652e-05,0.0,0.0,0.0
483037273,1181,0.0,0.0,2.6041666562998347e-05,0.0,0.0,0.0
483037222,1182,0.0,0.0,2.6041670310045727e-05,0.0,0.0,0.0
483037232,1183,0.0,0.0,2.604167030957203e-05,0.0,0.0,0.0
483037242,1184,0.0,0.0,2.604167030957203e-05,0.0,0.0,0.0
483037241,1185,0.0,0.0,2.6041666562643074e-05,0.0,0.0,0.0
483037231,1186,0.0,0.0,2.604166656216938e-05,0.0,0.0,0.0
483037224,1187,0.0,0.0,2.6041670310400997e-05,0.0,0.0,0.0
483037233,1188,0.0,0.0,2.6041666562524652e-05,0.0,0.0,0.0
483037244,1189,0.0,0.0,2.6041670309927302e-05,0.0,0.0,0.0
483037234,1190,0.0,0.0,2.6041670309927302e-05,0.0,0.0,0.0
483037253,1191,0.0,0.0,2.6041666562998347e-05,0.0,0.0,0.0
483130201,1192,0.0,0.0,2.604167030957203e-05,0.0,0.0,0.0
483037291,1193,0.0,0.0,2.604166656216938e-05,0.0,0.0,0.0
483130204,1194,0.0,0.0,2.6041666562524652e-05,0.0,0.0,0.0
483130213,1195,0.0,0.0,2.6041670310400997e-05,0.0,0.0,0.0
483037284,1196,0.0,0.0,2.6041670310400997e-05,0.0,0.0,0.0
483037293,1197,0.0,0.0,2.6041666562524652e-05,0.0,0.0,0.0
483037294,1198,0.0,0.0,2.6041670310400997e-05,0.0,0.0,0.0
483037392,1199,0.0,0.0,2.604166468929702e-05,0.0,0.0,0.0
483130302,1200,0.0,0.0,2.6041660941421483e-05,0.0,0.0,0.0
483130301,1201,0.0,0.0,2.6041664688823327e-05,0.0,0.0,0.0
483037263,1202,0.0,0.0,2.6041666562998347e-05,0.0,0.0,0.0
483037274,1203,0.0,0.0,2.6041670309927302e-05,0.0,0.0,0.0
483037254,1204,0.0,0.0,2.6041670309927302e-05,0.0,0.0,0.0
483037264,1205,0.0,0.0,2.6041670309927302e-05,0.0,0.0,0.0
483037362,1206,0.0,0.0,2.6041664688823327e-05,0.0,0.0,0.0
483037361,1207,0.0,0.0,2.604166094189518e-05,0.0,0.0,0.0
483037352,1208,0.0,0.0,2.6041664688823327e-05,0.0,0.0,0.0
483037381,1209,0.0,0.0,2.6041660941421483e-05,0.0,0.0,0.0
483037371,1210,0.0,0.0,2.604166094189518e-05,0.0,0.0,0.0
483037372,1211,0.0,0.0,2.6041664688823327e-05,0.0,0.0,0.0
483037243,1212,0.0,0.0,2.6041666562998347e-05,0.0,0.0,0.0
483037332,1213,0.0,0.0,2.6041664688823327e-05,0.0,0.0,0.0
483037322,1214,0.0,0.0,2.604166468929702e-05,0.0,0.0,0.0
483037341,1215,0.0,0.0,2.604166094189518e-05,0.0,0.0,0.0
483037342,1216,0.0,0.0,2.6041664688823327e-05,0.0,0.0,0.0
483037351,1217,0.0,0.0,2.604166094189518e-05,0.0,0.0,0.0
483037343,1218,0.0,0.0,2.6041666562643074e-05,0.0,0.0,0.0
483037344,1219,0.0,0.0,2.604167030957203e-05,0.0,0.0,0.0
483037353,1220,0.0,0.0,2.6041666562643074e-05,0.0,0.0,0.0
483037333,1221,0.0,0.0,2.604166656216938e-05,0.0,0.0,0.0
483037221,1222,0.0,0.0,2.604166656216938e-05,0.0,0.0,0.0
483037223,1223,0.0,0.0,2.6041666562524652e-05,0.0,0.0,0.0
483037214,1224,0.0,0.0,2.6041670310400997e-05,0.0,0.0,0.0
483037312,1225,0.0,0.0,2.604166468929702e-05,0.0,0.0,0.0
483037321,1226,0.0,0.0,2.6041660941421483e-05,0.0,0.0,0.0
483037314,1227,0.0,0.0,2.6041670310045727e-05,0.0,0.0,0.0
483037413,1228,0.0,0.0,2.6041660941776756e-05,0.0,0.0,0.0
483037414,1229,0.0,0.0,2.6041664689652294e-05,0.0,0.0,0.0
483037404,1230,0.0,0.0,2.6041664689178596e-05,0.0,0.0,0.0
483037521,1231,0.0,0.0,2.604166656216938e-05,0.0,0.0,0.0
483037382,1232,0.0,0.0,2.604166468929702e-05,0.0,0.0,0.0
483037391,1233,0.0,0.0,2.6041660941421483e-05,0.0,0.0,0.0
483037384,1234,0.0,0.0,2.6041670310045727e-05,0.0,0.0,0.0
483037394,1235,0.0,0.0,2.6041670310045727e-05,0.0,0.0,0.0
483130303,1236,0.0,0.0,2.604167030957203e-05,0.0,0.0,0.0
483130304,1237,0.0,0.0,2.604166656216938e-05,0.0,0.0,0.0
483037393,1238,0.0,0.0,2.604166656216938e-05,0.0,0.0,0.0
483037491,1239,0.0,0.0,2.604166656216938e-05,0.0,0.0,0.0
483130401,1240,0.0,0.0,2.604167030957203e-05,0.0,0.0,0.0
483130402,1241,0.0,0.0,2.604166656216938e-05,0.0,0.0,0.0
483037373,1242,0.0,0.0,2.6041666562643074e-05,0.0,0.0,0.0
483037363,1243,0.0,0.0,2.6041666562643074e-05,0.0,0.0,0.0
483037354,1244,0.0,0.0,2.604167030957203e-05,0.0,0.0,0.0
483037383,1245,0.0,0.0,2.604166656216938e-05,0.0,0.0,0.0
483037364,1246,0.0,0.0,2.604167030957203e-05,0.0,0.0,0.0
483037374,1247,0.0,0.0,2.604167030957203e-05,0.0,0.0,0.0
483037462,1248,0.0,0.0,2.604167030957203e-05,0.0,0.0,0.0
483037481,1249,0.0,0.0,2.604166656216938e-05,0.0,0.0,0.0
483037461,1250,0.0,0.0,2.6041666562643074e-05,0.0,0.0,0.0
483037452,1251,0.0,0.0,2.604167030957203e-05,0.0,0.0,0.0
483037471,1252,0.0,0.0,2.6041666562643074e-05,0.0,0.0,0.0
483037472,1253,0.0,0.0,2.604167030957203e-05,0.0,0.0,0.0
483037482,1254,0.0,0.0,2.6041670310045727e-05,0.0,0.0,0.0
483037454,1255,0.0,0.0,2.6041664689178596e-05,0.0,0.0,0.0
483037463,1256,0.0,0.0,2.604166094225045e-05,0.0,0.0,0.0
483037473,1257,0.0,0.0,2.604166094225045e-05,0.0,0.0,0.0
483037484,1258,0.0,0.0,2.6041664689652294e-05,0.0,0.0,0.0
483037483,1259,0.0,0.0,2.6041660941776756e-05,0.0,0.0,0.0
483037474,1260,0.0,0.0,2.6041664689178596e-05,0.0,0.0,0.0
483037464,1261,0.0,0.0,2.6041664689178596e-05,0.0,0.0,0.0
483037334,1262,0.0,0.0,2.604167030957203e-05,0.0,0.0,0.0
483037451,1263,0.0,0.0,2.6041666562643074e-05,0.0,0.0,0.0
483037431,1264,0.0,0.0,2.604166656216938e-05,0.0,0.0,0.0
483037441,1265,0.0,0.0,2.6041666562643074e-05,0.0,0.0,0.0
483037432,1266,0.0,0.0,2.604167030957203e-05,0.0,0.0,0.0
483037442,1267,0.0,0.0,2.604167030957203e-05,0.0,0.0,0.0
483037453,1268,0.0,0.0,2.604166094225045e-05,0.0,0.0,0.0
483037443,1269,0.0,0.0,2.604166094225045e-05,0.0,0.0,0.0
483037542,1270,0.0,0.0,2.604167030957203e-05,0.0,0.0,0.0
483037532,1271,0.0,0.0,2.604167030957203e-05,0.0,0.0,0.0
483037492,1272,0.0,0.0,2.6041670310045727e-05,0.0,0.0,0.0
483037493,1273,0.0,0.0,2.6041660941776756e-05,0.0,0.0,0.0
483037494,1274,0.0,0.0,2.6041664689652294e-05,0.0,0.0,0.0
483130403,1275,0.0,0.0,2.6041664689178596e-05,0.0,0.0,0.0
483037592,1276,0.0,0.0,2.6041670310045727e-05,0.0,0.0,0.0
483037591,1277,0.0,0.0,2.604166656216938e-05,0.0,0.0,0.0
483037594,1278,0.0,0.0,2.6041670310045727e-05,0.0,0.0,0.0
483037593,1279,0.0,0.0,2.604166656216938e-05,0.0,0.0,0.0
483037682,1280,0.0,0.0,2.604166468929702e-05,0.0,0.0,0.0
483037692,1281,0.0,0.0,2.604166468929702e-05,0.0,0.0,0.0
483037552,1282,0.0,0.0,2.604167030957203e-05,0.0,0.0,0.0
483037582,1283,0.0,0.0,2.6041670310045727e-05,0.0,0.0,0.0
483037561,1284,0.0,0.0,2.6041666562643074e-05,0.0,0.0,0.0
483037562,1285,0.0,0.0,2.604167030957203e-05,0.0,0.0,0.0
483037581,1286,0.0,0.0,2.604166656216938e-05,0.0,0.0,0.0
483037564,1287,0.0,0.0,2.604167030957203e-05,0.0,0.0,0.0
483037554,1288,0.0,0.0,2.604167030957203e-05,0.0,0.0,0.0
483037573,1289,0.0,0.0,2.6041666562643074e-05,0.0,0.0,0.0
483037563,1290,0.0,0.0,2.6041666562643074e-05,0.0,0.0,0.0
483037584,1291,0.0,0.0,2.6041670310045727e-05,0.0,0.0,0.0
483037541,1292,0.0,0.0,2.6041666562643074e-05,0.0,0.0,0.0
483037551,1293,0.0,0.0,2.6041666562643074e-05,0.0,0.0,0.0
483037544,1294,0.0,0.0,2.604167030957203e-05,0.0,0.0,0.0
483037534,1295,0.0,0.0,2.604167030957203e-05,0.0,0.0,0.0
483037524,1296,0.0,0.0,2.6041670310045727e-05,0.0,0.0,0.0
483037543,1297,0.0,0.0,2.6041666562643074e-05,0.0,0.0,0.0
483037651,1298,0.0,0.0,2.604166094189518e-05,0.0,0.0,0.0
483037622,1299,0.0,0.0,2.604166468929702e-05,0.0,0.0,0.0
483037631,1300,0.0,0.0,2.6041660941421483e-05,0.0,0.0,0.0
483037641,1301,0.0,0.0,2.604166094189518e-05,0.0,0.0,0.0
483036042,1302,0.0,0.0,2.604166468929702e-05,0.0,0.0,0.0
483036031,1303,0.0,0.0,2.604166094189518e-05,0.0,0.0,0.0
483036021,1304,0.0,0.0,2.604166094189518e-05,0.0,0.0,0.0
483036012,1305,0.0,0.0,2.6041664688823327e-05,0.0,0.0,0.0
483036022,1306,0.0,0.0,2.6041664688823327e-05,0.0,0.0,0.0
483036053,1307,0.0,0.0,2.6041666562524652e-05,0.0,0.0,0.0
483036023,1308,0.0,0.0,2.6041666562998347e-05,0.0,0.0,0.0
483036024,1309,0.0,0.0,2.6041670309927302e-05,0.0,0.0,0.0
483036033,1310,0.0,0.0,2.6041666562998347e-05,0.0,0.0,0.0
483036014,1311,0.0,0.0,2.6041670309927302e-05,0.0,0.0,0.0
483035093,1312,0.0,0.0,2.6041670309927302e-05,0.0,0.0,0.0
483035192,1313,0.0,0.0,2.6041666562643074e-05,0.0,0.0,0.0
483036111,1314,0.0,0.0,2.604167030957203e-05,0.0,0.0,0.0
483036112,1315,0.0,0.0,2.604167030957203e-05,0.0,0.0,0.0
483036101,1316,0.0,0.0,2.604167030957203e-05,0.0,0.0,0.0
483036114,1317,0.0,0.0,2.6041664688823327e-05,0.0,0.0,0.0
483036103,1318,0.0,0.0,2.6041664688823327e-05,0.0,0.0,0.0
483035194,1319,0.0,0.0,2.604166094189518e-05,0.0,0.0,0.0
483036113,1320,0.0,0.0,2.6041664688823327e-05,0.0,0.0,0.0
483036212,1321,0.0,0.0,2.604167030957203e-05,0.0,0.0,0.0
483036054,1322,0.0,0.0,2.6041670309927302e-05,0.0,0.0,0.0
483036172,1323,0.0,0.0,2.604167030957203e-05,0.0,0.0,0.0
483036152,1324,0.0,0.0,2.604167030957203e-05,0.0,0.0,0.0
483036181,1325,0.0,0.0,2.6041666562643074e-05,0.0,0.0,0.0
483036163,1326,0.0,0.0,2.604166094189518e-05,0.0,0.0,0.0
483036154,1327,0.0,0.0,2.6041664688823327e-05,0.0,0.0,0.0
483036184,1328,0.0,0.0,2.6041664688823327e-05,0.0,0.0,0.0
483036183,1329,0.0,0.0,2.604166094189518e-05,0.0,0.0,0.0
483036261,1330,0.0,0.0,2.6041666562643074e-05,0.0,0.0,0.0
483036282,1331,0.0,0.0,2.604167030957203e-05,0.0,0.0,0.0
483036044,1332,0.0,0.0,2.6041670310400997e-05,0.0,0.0,0.0
483036122,1333,0.0,0.0,2.604167030957203e-05,0.0,0.0,0.0
483036151,1334,0.0,0.0,2.604166656216938e-05,0.0,0.0,0.0
483036121,1335,0.0,0.0,2.6041666562643074e-05,0.0,0.0,0.0
483036124,1336,0.0,0.0,2.6041664688823327e-05,0.0,0.0,0.0
483036133,1337,0.0,0.0,2.604166094189518e-05,0.0,0.0,0.0
483036222,1338,0.0,0.0,2.604167030957203e-05,0.0,0.0,0.0
483036231,1339,0.0,0.0,2.6041666562643074e-05,0.0,0.0,0.0
483036224,1340,0.0,0.0,2.6041670309927302e-05,0.0,0.0,0.0
483036233,1341,0.0,0.0,2.6041666562998347e-05,0.0,0.0,0.0
483036262,1342,0.0,0.0,2.604167030957203e-05,0.0,0.0,0.0
483036271,1343,0.0,0.0,2.6041666562643074e-05,0.0,0.0,0.0
483036252,1344,0.0,0.0,2.604167030957203e-05,0.0,0.0,0.0
483036264,1345,0.0,0.0,2.6041670309927302e-05,0.0,0.0,0.0
483036273,1346,0.0,0.0,2.6041666562998347e-05,0.0,0.0,0.0
483036372,1347,0.0,0.0,2.6041664688823327e-05,0.0,0.0,0.0
483036362,1348,0.0,0.0,2.6041664688823327e-05,0.0,0.0,0.0
483036371,1349,0.0,0.0,2.604166094189518e-05,0.0,0.0,0.0
483036373,1350,0.0,0.0,2.6041666562643074e-05,0.0,0.0,0.0
483036374,1351,0.0,0.0,2.604167030957203e-05,0.0,0.0,0.0
483036201,1352,0.0,0.0,2.604167030957203e-05,0.0,0.0,0.0
483036211,1353,0.0,0.0,2.604167030957203e-05,0.0,0.0,0.0
483036203,1354,0.0,0.0,2.6041670309927302e-05,0.0,0.0,0.0
483036301,1355,0.0,0.0,2.6041664688823327e-05,0.0,0.0,0.0
483035392,1356,0.0,0.0,2.604166094189518e-05,0.0,0.0,0.0
483035394,1357,0.0,0.0,2.6041666562643074e-05,0.0,0.0,0.0
483035492,1358,0.0,0.0,2.6041666562643074e-05,0.0,0.0,0.0
483035494,1359,0.0,0.0,2.604166094225045e-05,0.0,0.0,0.0
483035594,1360,0.0,0.0,2.6041666562643074e-05,0.0,0.0,0.0
483036513,1361,0.0,0.0,2.604167030957203e-05,0.0,0.0,0.0
483036472,1362,0.0,0.0,2.604167030957203e-05,0.0,0.0,0.0
483036471,1363,0.0,0.0,2.6041666562643074e-05,0.0,0.0,0.0
483036474,1364,0.0,0.0,2.6041664689178596e-05,0.0,0.0,0.0
483036483,1365,0.0,0.0,2.604166094225045e-05,0.0,0.0,0.0
483036572,1366,0.0,0.0,2.604167030957203e-05,0.0,0.0,0.0
483036571,1367,0.0,0.0,2.6041666562643074e-05,0.0,0.0,0.0
483036671,1368,0.0,0.0,2.604166094189518e-05,0.0,0.0,0.0
483036672,1369,0.0,0.0,2.6041664688823327e-05,0.0,0.0,0.0
483036674,1370,0.0,0.0,2.6041670309927302e-05,0.0,0.0,0.0
483036664,1371,0.0,0.0,2.6041670309927302e-05,0.0,0.0,0.0
483036321,1372,0.0,0.0,2.604166094189518e-05,0.0,0.0,0.0
483036324,1373,0.0,0.0,2.604167030957203e-05,0.0,0.0,0.0
483036432,1374,0.0,0.0,2.604167030957203e-05,0.0,0.0,0.0
483036434,1375,0.0,0.0,2.6041664689178596e-05,0.0,0.0,0.0
483036541,1376,0.0,0.0,2.604166656216938e-05,0.0,0.0,0.0
483036641,1377,0.0,0.0,2.6041660941421483e-05,0.0,0.0,0.0
483036632,1378,0.0,0.0,2.6041664688823327e-05,0.0,0.0,0.0
483036644,1379,0.0,0.0,2.6041670310400997e-05,0.0,0.0,0.0
483036821,1380,0.0,0.0,2.6041666562643074e-05,0.0,0.0,0.0
483036823,1381,0.0,0.0,2.6041666562998347e-05,0.0,0.0,0.0
483036514,1382,0.0,0.0,2.604167030957203e-05,0.0,0.0,0.0
483035692,1383,0.0,0.0,2.604166094189518e-05,0.0,0.0,0.0
483036612,1384,0.0,0.0,2.6041664688823327e-05,0.0,0.0,0.0
483035694,1385,0.0,0.0,2.6041666562998347e-05,0.0,0.0,0.0
483036713,1386,0.0,0.0,2.6041664688823327e-05,0.0,0.0,0.0
483036811,1387,0.0,0.0,2.604167030957203e-05,0.0,0.0,0.0
483036812,1388,0.0,0.0,2.604167030957203e-05,0.0,0.0,0.0
483035992,1389,0.0,0.0,2.604166094189518e-05,0.0,0.0,0.0
483036901,1390,0.0,0.0,2.6041664688823327e-05,0.0,0.0,0.0
483045082,1391,0.0,0.0,2.6041666562643074e-05,0.0,0.0,0.0
483036762,1392,0.0,0.0,2.604167030957203e-05,0.0,0.0,0.0
483036771,1393,0.0,0.0,2.6041666562643074e-05,0.0,0.0,0.0
483036773,1394,0.0,0.0,2.604166094189518e-05,0.0,0.0,0.0
483036774,1395,0.0,0.0,2.6041664688823327e-05,0.0,0.0,0.0
483036872,1396,0.0,0.0,2.604167030957203e-05,0.0,0.0,0.0
483036862,1397,0.0,0.0,2.604167030957203e-05,0.0,0.0,0.0
483036871,1398,0.0,0.0,2.6041666562643074e-05,0.0,0.0,0.0
483036873,1399,0.0,0.0,2.6041666562998347e-05,0.0,0.0,0.0
483036952,1400,0.0,0.0,2.6041664688823327e-05,0.0,0.0,0.0
483036971,1401,0.0,0.0,2.604166094189518e-05,0.0,0.0,0.0
483037684,1402,0.0,0.0,2.6041670310400997e-05,0.0,0.0,0.0
483037694,1403,0.0,0.0,2.6041670310400997e-05,0.0,0.0,0.0
483130603,1404,0.0,0.0,2.6041670309927302e-05,0.0,0.0,0.0
483130702,1405,0.0,0.0,2.604166656216938e-05,0.0,0.0,0.0
483130701,1406,0.0,0.0,2.604167030957203e-05,0.0,0.0,0.0
483130704,1407,0.0,0.0,2.6041660941421483e-05,0.0,0.0,0.0
483130703,1408,0.0,0.0,2.6041664688823327e-05,0.0,0.0,0.0
483130802,1409,0.0,0.0,2.604166656216938e-05,0.0,0.0,0.0
483130812,1410,0.0,0.0,2.604166656216938e-05,0.0,0.0,0.0
483130811,1411,0.0,0.0,2.6041670310045727e-05,0.0,0.0,0.0
483130744,1412,0.0,0.0,2.604166094189518e-05,0.0,0.0,0.0
483130733,1413,0.0,0.0,2.6041664688823327e-05,0.0,0.0,0.0
483130743,1414,0.0,0.0,2.6041664688823327e-05,0.0,0.0,0.0
483130734,1415,0.0,0.0,2.604166094189518e-05,0.0,0.0,0.0
483130821,1416,0.0,0.0,2.604167030957203e-05,0.0,0.0,0.0
483130851,1417,0.0,0.0,2.604167030957203e-05,0.0,0.0,0.0
483130822,1418,0.0,0.0,2.6041666562643074e-05,0.0,0.0,0.0
483130841,1419,0.0,0.0,2.604167030957203e-05,0.0,0.0,0.0
483130832,1420,0.0,0.0,2.6041666562643074e-05,0.0,0.0,0.0
483130831,1421,0.0,0.0,2.604167030957203e-05,0.0,0.0,0.0
483130963,1422,0.0,0.0,2.604167030957203e-05,0.0,0.0,0.0
483140061,1423,0.0,0.0,2.604167030957203e-05,0.0,0.0,0.0
483140062,1424,0.0,0.0,2.6041666562643074e-05,0.0,0.0,0.0
483130842,1425,0.0,0.0,2.6041666562643074e-05,0.0,0.0,0.0
483130833,1426,0.0,0.0,2.6041670309927302e-05,0.0,0.0,0.0
483130844,1427,0.0,0.0,2.6041666562998347e-05,0.0,0.0,0.0
483130834,1428,0.0,0.0,2.6041666562998347e-05,0.0,0.0,0.0
483130853,1429,0.0,0.0,2.6041670309927302e-05,0.0,0.0,0.0
483130843,1430,0.0,0.0,2.6041670309927302e-05,0.0,0.0,0.0
483130951,1431,0.0,0.0,2.6041664688823327e-05,0.0,0.0,0.0
483130942,1432,0.0,0.0,2.604166094189518e-05,0.0,0.0,0.0
483130931,1433,0.0,0.0,2.6041664688823327e-05,0.0,0.0,0.0
483130934,1434,0.0,0.0,2.6041666562643074e-05,0.0,0.0,0.0
483130954,1435,0.0,0.0,2.6041666562643074e-05,0.0,0.0,0.0
483130953,1436,0.0,0.0,2.604167030957203e-05,0.0,0.0,0.0
483140052,1437,0.0,0.0,2.6041666562643074e-05,0.0,0.0,0.0
483140031,1438,0.0,0.0,2.604167030957203e-05,0.0,0.0,0.0
483140051,1439,0.0,0.0,2.604167030957203e-05,0.0,0.0,0.0
483140054,1440,0.0,0.0,2.604166094225045e-05,0.0,0.0,0.0
483140332,1441,0.0,0.0,2.6041666562643074e-05,0.0,0.0,0.0
483140334,1442,0.0,0.0,2.604166094189518e-05,0.0,0.0,0.0
483140343,1443,0.0,0.0,2.6041664688823327e-05,0.0,0.0,0.0
483140432,1444,0.0,0.0,2.6041666562643074e-05,0.0,0.0,0.0
483140013,1445,0.0,0.0,2.6041664689652294e-05,0.0,0.0,0.0
483140102,1446,0.0,0.0,2.604166656216938e-05,0.0,0.0,0.0
483140111,1447,0.0,0.0,2.6041670310045727e-05,0.0,0.0,0.0
483140113,1448,0.0,0.0,2.6041670310045727e-05,0.0,0.0,0.0
483140213,1449,0.0,0.0,2.6041670310400997e-05,0.0,0.0,0.0
483140311,1450,0.0,0.0,2.6041670310045727e-05,0.0,0.0,0.0
483140313,1451,0.0,0.0,2.604166468929702e-05,0.0,0.0,0.0
483140414,1452,0.0,0.0,2.604166656216938e-05,0.0,0.0,0.0
483140512,1453,0.0,0.0,2.6041666562524652e-05,0.0,0.0,0.0
483140514,1454,0.0,0.0,2.6041660941421483e-05,0.0,0.0,0.0
483140611,1455,0.0,0.0,2.6041670310045727e-05,0.0,0.0,0.0
483140612,1456,0.0,0.0,2.604166656216938e-05,0.0,0.0,0.0
483140613,1457,0.0,0.0,2.6041670310045727e-05,0.0,0.0,0.0
483140711,1458,0.0,0.0,2.6041664689652294e-05,0.0,0.0,0.0
483047791,1459,0.0,0.0,2.6041660941776756e-05,0.0,0.0,0.0
483047784,1460,0.0,0.0,2.6041670310045727e-05,0.0,0.0,0.0
483140703,1461,0.0,0.0,2.604167030957203e-05,0.0,0.0,0.0
483140713,1462,0.0,0.0,2.6041670310045727e-05,0.0,0.0,0.0
483140704,1463,0.0,0.0,2.604166656216938e-05,0.0,0.0,0.0
483140801,1464,0.0,0.0,2.604167030957203e-05,0.0,0.0,0.0
483037642,1465,0.0,0.0,2.6041664688823327e-05,0.0,0.0,0.0
483037632,1466,0.0,0.0,2.6041664688823327e-05,0.0,0.0,0.0
483037653,1467,0.0,0.0,2.6041666562998347e-05,0.0,0.0,0.0
483037643,1468,0.0,0.0,2.6041666562998347e-05,0.0,0.0,0.0
483037634,1469,0.0,0.0,2.6041670309927302e-05,0.0,0.0,0.0
483037633,1470,0.0,0.0,2.6041666562524652e-05,0.0,0.0,0.0
483037741,1471,0.0,0.0,2.6041666562643074e-05,0.0,0.0,0.0
483037732,1472,0.0,0.0,2.604167030957203e-05,0.0,0.0,0.0
483037751,1473,0.0,0.0,2.6041666562643074e-05,0.0,0.0,0.0
483037731,1474,0.0,0.0,2.604166656216938e-05,0.0,0.0,0.0
483037662,1475,0.0,0.0,2.6041664688823327e-05,0.0,0.0,0.0
483037661,1476,0.0,0.0,2.604166094189518e-05,0.0,0.0,0.0
483037654,1477,0.0,0.0,2.6041670309927302e-05,0.0,0.0,0.0
483037664,1478,0.0,0.0,2.6041670309927302e-05,0.0,0.0,0.0
483037663,1479,0.0,0.0,2.6041666562998347e-05,0.0,0.0,0.0
483037673,1480,0.0,0.0,2.6041666562998347e-05,0.0,0.0,0.0
483037761,1481,0.0,0.0,2.6041666562643074e-05,0.0,0.0,0.0
483037782,1482,0.0,0.0,2.6041670310045727e-05,0.0,0.0,0.0
483037754,1483,0.0,0.0,2.6041664688823327e-05,0.0,0.0,0.0
483037784,1484,0.0,0.0,2.604166468929702e-05,0.0,0.0,0.0
483037733,1485,0.0,0.0,2.6041660941421483e-05,0.0,0.0,0.0
483037753,1486,0.0,0.0,2.604166094189518e-05,0.0,0.0,0.0
483037734,1487,0.0,0.0,2.6041664688823327e-05,0.0,0.0,0.0
483037851,1488,0.0,0.0,2.6041666562643074e-05,0.0,0.0,0.0
483037831,1489,0.0,0.0,2.604166656216938e-05,0.0,0.0,0.0
483037842,1490,0.0,0.0,2.604167030957203e-05,0.0,0.0,0.0
483037833,1491,0.0,0.0,2.6041666562524652e-05,0.0,0.0,0.0
483037844,1492,0.0,0.0,2.6041670309927302e-05,0.0,0.0,0.0
483037942,1493,0.0,0.0,2.6041664688823327e-05,0.0,0.0,0.0
483037922,1494,0.0,0.0,2.604166468929702e-05,0.0,0.0,0.0
483037783,1495,0.0,0.0,2.6041660941421483e-05,0.0,0.0,0.0
483037881,1496,0.0,0.0,2.604166656216938e-05,0.0,0.0,0.0
483037883,1497,0.0,0.0,2.6041666562524652e-05,0.0,0.0,0.0
483037972,1498,0.0,0.0,2.6041664688823327e-05,0.0,0.0,0.0
483037983,1499,0.0,0.0,2.604166656216938e-05,0.0,0.0,0.0
483037974,1500,0.0,0.0,2.604167030957203e-05,0.0,0.0,0.0
483047081,1501,0.0,0.0,2.604166656216938e-05,0.0,0.0,0.0
483047072,1502,0.0,0.0,2.604167030957203e-05,0.0,0.0,0.0
483047083,1503,0.0,0.0,2.6041660941776756e-05,0.0,0.0,0.0
483047074,1504,0.0,0.0,2.6041664689178596e-05,0.0,0.0,0.0
483037513,1505,0.0,0.0,2.604166656216938e-05,0.0,0.0,0.0
483037623,1506,0.0,0.0,2.6041666562524652e-05,0.0,0.0,0.0
483037903,1507,0.0,0.0,2.6041666562643074e-05,0.0,0.0,0.0
483046092,1508,0.0,0.0,2.604167030957203e-05,0.0,0.0,0.0
483047001,1509,0.0,0.0,2.6041666562643074e-05,0.0,0.0,0.0
483046091,1510,0.0,0.0,2.6041666562643074e-05,0.0,0.0,0.0
483046384,1511,0.0,0.0,2.6041664688823327e-05,0.0,0.0,0.0
483046794,1512,0.0,0.0,2.604167030957203e-05,0.0,0.0,0.0
483046894,1513,0.0,0.0,2.6041664688823327e-05,0.0,0.0,0.0
483046893,1514,0.0,0.0,2.604166094189518e-05,0.0,0.0,0.0
483037944,1515,0.0,0.0,2.604167030957203e-05,0.0,0.0,0.0
483037924,1516,0.0,0.0,2.6041670310045727e-05,0.0,0.0,0.0
483047042,1517,0.0,0.0,2.604167030957203e-05,0.0,0.0,0.0
483047043,1518,0.0,0.0,2.604166094225045e-05,0.0,0.0,0.0
483047532,1519,0.0,0.0,2.6041670309927302e-05,0.0,0.0,0.0
483047541,1520,0.0,0.0,2.6041666562998347e-05,0.0,0.0,0.0
483047534,1521,0.0,0.0,2.6041664688823327e-05,0.0,0.0,0.0
483047633,1522,0.0,0.0,2.604166656216938e-05,0.0,0.0,0.0
483047634,1523,0.0,0.0,2.604167030957203e-05,0.0,0.0,0.0
483047741,1524,0.0,0.0,2.604166094225045e-05,0.0,0.0,0.0
483047181,1525,0.0,0.0,2.604166656216938e-05,0.0,0.0,0.0
483047172,1526,0.0,0.0,2.604167030957203e-05,0.0,0.0,0.0
483047174,1527,0.0,0.0,2.604167030957203e-05,0.0,0.0,0.0
483047173,1528,0.0,0.0,2.6041666562643074e-05,0.0,0.0,0.0
483047272,1529,0.0,0.0,2.6041664688823327e-05,0.0,0.0,0.0
483047473,1530,0.0,0.0,2.6041666562643074e-05,0.0,0.0,0.0
483047783,1531,0.0,0.0,2.604166656216938e-05,0.0,0.0,0.0
483047881,1532,0.0,0.0,2.604166656216938e-05,0.0,0.0,0.0
483047874,1533,0.0,0.0,2.6041664688823327e-05,0.0,0.0,0.0
483057972,1534,0.0,0.0,2.6041664688823327e-05,0.0,0.0,0.0
483047742,1535,0.0,0.0,2.6041664689178596e-05,0.0,0.0,0.0
483047732,1536,0.0,0.0,2.6041664689178596e-05,0.0,0.0,0.0
483047744,1537,0.0,0.0,2.604167030957203e-05,0.0,0.0,0.0
483047734,1538,0.0,0.0,2.604167030957203e-05,0.0,0.0,0.0
483047831,1539,0.0,0.0,2.604166656216938e-05,0.0,0.0,0.0
483047832,1540,0.0,0.0,2.604167030957203e-05,0.0,0.0,0.0
483057424,1541,0.0,0.0,2.604166468929702e-05,0.0,0.0,0.0
483057434,1542,0.0,0.0,2.6041664688823327e-05,0.0,0.0,0.0
483057522,1543,0.0,0.0,2.6041670310400997e-05,0.0,0.0,0.0
483057531,1544,0.0,0.0,2.6041666562524652e-05,0.0,0.0,0.0
483046993,1545,0.0,0.0,2.6041666562643074e-05,0.0,0.0,0.0
483057002,1546,0.0,0.0,2.6041664688823327e-05,0.0,0.0,0.0
483057011,1547,0.0,0.0,2.6041660941421483e-05,0.0,0.0,0.0
483057001,1548,0.0,0.0,2.604166094189518e-05,0.0,0.0,0.0
483056184,1549,0.0,0.0,2.6041664688823327e-05,0.0,0.0,0.0
483056384,1550,0.0,0.0,2.604167030957203e-05,0.0,0.0,0.0
483056591,1551,0.0,0.0,2.6041666562998347e-05,0.0,0.0,0.0
483057801,1552,0.0,0.0,2.6041666562643074e-05,0.0,0.0,0.0
483056892,1553,0.0,0.0,2.604167030957203e-05,0.0,0.0,0.0
483057823,1554,0.0,0.0,2.604166656216938e-05,0.0,0.0,0.0
483057803,1555,0.0,0.0,2.6041666562643074e-05,0.0,0.0,0.0
483056894,1556,0.0,0.0,2.604167030957203e-05,0.0,0.0,0.0
483056992,1557,0.0,0.0,2.6041664688823327e-05,0.0,0.0,0.0
483056993,1558,0.0,0.0,2.6041666562998347e-05,0.0,0.0,0.0
483057903,1559,0.0,0.0,2.6041666562998347e-05,0.0,0.0,0.0
483057923,1560,0.0,0.0,2.6041666562524652e-05,0.0,0.0,0.0
483056994,1561,0.0,0.0,2.6041670309927302e-05,0.0,0.0,0.0
483067021,1562,0.0,0.0,2.604166656216938e-05,0.0,0.0,0.0
483067014,1563,0.0,0.0,2.604166468929702e-05,0.0,0.0,0.0
483067112,1564,0.0,0.0,2.6041670310045727e-05,0.0,0.0,0.0
483140431,1565,0.0,0.0,2.604167030957203e-05,0.0,0.0,0.0
483140423,1566,0.0,0.0,2.604167030957203e-05,0.0,0.0,0.0
483140532,1567,0.0,0.0,2.6041666562998347e-05,0.0,0.0,0.0
483140522,1568,0.0,0.0,2.6041666562998347e-05,0.0,0.0,0.0
483140521,1569,0.0,0.0,2.6041670309927302e-05,0.0,0.0,0.0
483140523,1570,0.0,0.0,2.6041664688823327e-05,0.0,0.0,0.0
483140524,1571,0.0,0.0,2.604166094189518e-05,0.0,0.0,0.0
483140534,1572,0.0,0.0,2.604166094189518e-05,0.0,0.0,0.0
483140631,1573,0.0,0.0,2.604167030957203e-05,0.0,0.0,0.0
483044962,1574,0.0,0.0,2.6041666562998347e-05,0.0,0.0,0.0
483044961,1575,0.0,0.0,2.6041670309927302e-05,0.0,0.0,0.0
483054044,1576,0.0,0.0,2.6041666562643074e-05,0.0,0.0,0.0
483054151,1577,0.0,0.0,2.6041670309927302e-05,0.0,0.0,0.0
483054142,1578,0.0,0.0,2.6041666562998347e-05,0.0,0.0,0.0
483054153,1579,0.0,0.0,2.6041664688823327e-05,0.0,0.0,0.0
483054163,1580,0.0,0.0,2.6041664688823327e-05,0.0,0.0,0.0
483054154,1581,0.0,0.0,2.604166094189518e-05,0.0,0.0,0.0
483054164,1582,0.0,0.0,2.604166094189518e-05,0.0,0.0,0.0
483054261,1583,0.0,0.0,2.604167030957203e-05,0.0,0.0,0.0
483044934,1584,0.0,0.0,2.604167030957203e-05,0.0,0.0,0.0
483044933,1585,0.0,0.0,2.6041666562643074e-05,0.0,0.0,0.0
483054041,1586,0.0,0.0,2.6041664688823327e-05,0.0,0.0,0.0
483054032,1587,0.0,0.0,2.6041664688823327e-05,0.0,0.0,0.0
483054043,1588,0.0,0.0,2.604167030957203e-05,0.0,0.0,0.0
483054743,1589,0.0,0.0,2.6041664688823327e-05,0.0,0.0,0.0
483054841,1590,0.0,0.0,2.604167030957203e-05,0.0,0.0,0.0
483054832,1591,0.0,0.0,2.604167030957203e-05,0.0,0.0,0.0
483054941,1592,0.0,0.0,2.6041664688823327e-05,0.0,0.0,0.0
483054932,1593,0.0,0.0,2.6041664688823327e-05,0.0,0.0,0.0
483054674,1594,0.0,0.0,2.604166656216938e-05,0.0,0.0,0.0
483054673,1595,0.0,0.0,2.604167030957203e-05,0.0,0.0,0.0
483054663,1596,0.0,0.0,2.604167030957203e-05,0.0,0.0,0.0
483054742,1597,0.0,0.0,2.6041666562998347e-05,0.0,0.0,0.0
483054752,1598,0.0,0.0,2.6041666562998347e-05,0.0,0.0,0.0
483054761,1599,0.0,0.0,2.6041670309927302e-05,0.0,0.0,0.0
483054762,1600,0.0,0.0,2.6041666562998347e-05,0.0,0.0,0.0
483054751,1601,0.0,0.0,2.6041670309927302e-05,0.0,0.0,0.0
483054772,1602,0.0,0.0,2.6041666562524652e-05,0.0,0.0,0.0
483054771,1603,0.0,0.0,2.6041670309927302e-05,0.0,0.0,0.0
483054754,1604,0.0,0.0,2.604166094189518e-05,0.0,0.0,0.0
483054744,1605,0.0,0.0,2.604166094189518e-05,0.0,0.0,0.0
483054753,1606,0.0,0.0,2.6041664688823327e-05,0.0,0.0,0.0
483054774,1607,0.0,0.0,2.6041660941421483e-05,0.0,0.0,0.0
483054764,1608,0.0,0.0,2.604166094189518e-05,0.0,0.0,0.0
483054773,1609,0.0,0.0,2.6041664688823327e-05,0.0,0.0,0.0
483054763,1610,0.0,0.0,2.6041664688823327e-05,0.0,0.0,0.0
483054862,1611,0.0,0.0,2.6041666562643074e-05,0.0,0.0,0.0
483054871,1612,0.0,0.0,2.604167030957203e-05,0.0,0.0,0.0
483054852,1613,0.0,0.0,2.6041666562643074e-05,0.0,0.0,0.0
483054872,1614,0.0,0.0,2.604166656216938e-05,0.0,0.0,0.0
483054842,1615,0.0,0.0,2.6041666562643074e-05,0.0,0.0,0.0
483054851,1616,0.0,0.0,2.604167030957203e-05,0.0,0.0,0.0
483054861,1617,0.0,0.0,2.604167030957203e-05,0.0,0.0,0.0
483054844,1618,0.0,0.0,2.6041666562643074e-05,0.0,0.0,0.0
483054843,1619,0.0,0.0,2.604167030957203e-05,0.0,0.0,0.0
483054854,1620,0.0,0.0,2.6041666562643074e-05,0.0,0.0,0.0
483054864,1621,0.0,0.0,2.6041666562643074e-05,0.0,0.0,0.0
483054873,1622,0.0,0.0,2.604167030957203e-05,0.0,0.0,0.0
483054863,1623,0.0,0.0,2.604167030957203e-05,0.0,0.0,0.0
483054874,1624,0.0,0.0,2.604166656216938e-05,0.0,0.0,0.0
483054853,1625,0.0,0.0,2.604167030957203e-05,0.0,0.0,0.0
483054971,1626,0.0,0.0,2.6041664688823327e-05,0.0,0.0,0.0
483054961,1627,0.0,0.0,2.6041664688823327e-05,0.0,0.0,0.0
483054952,1628,0.0,0.0,2.604166094189518e-05,0.0,0.0,0.0
483054942,1629,0.0,0.0,2.604166094189518e-05,0.0,0.0,0.0
483054951,1630,0.0,0.0,2.6041664688823327e-05,0.0,0.0,0.0
483054972,1631,0.0,0.0,2.6041660941421483e-05,0.0,0.0,0.0
483054962,1632,0.0,0.0,2.604166094189518e-05,0.0,0.0,0.0
483054974,1633,0.0,0.0,2.6041666562524652e-05,0.0,0.0,0.0
483054973,1634,0.0,0.0,2.6041670309927302e-05,0.0,0.0,0.0
483054963,1635,0.0,0.0,2.6041670309927302e-05,0.0,0.0,0.0
483054954,1636,0.0,0.0,2.6041666562998347e-05,0.0,0.0,0.0
483054943,1637,0.0,0.0,2.6041670309927302e-05,0.0,0.0,0.0
483054964,1638,0.0,0.0,2.6041666562998347e-05,0.0,0.0,0.0
483064072,1639,0.0,0.0,2.604166656216938e-05,0.0,0.0,0.0
483064071,1640,0.0,0.0,2.604167030957203e-05,0.0,0.0,0.0
483064062,1641,0.0,0.0,2.6041666562643074e-05,0.0,0.0,0.0
483064061,1642,0.0,0.0,2.604167030957203e-05,0.0,0.0,0.0
483064044,1643,0.0,0.0,2.604166094189518e-05,0.0,0.0,0.0
483064053,1644,0.0,0.0,2.6041664688823327e-05,0.0,0.0,0.0
483064063,1645,0.0,0.0,2.6041664688823327e-05,0.0,0.0,0.0
483064073,1646,0.0,0.0,2.6041664688823327e-05,0.0,0.0,0.0
483064064,1647,0.0,0.0,2.604166094189518e-05,0.0,0.0,0.0
483064074,1648,0.0,0.0,2.6041660941421483e-05,0.0,0.0,0.0
483064054,1649,0.0,0.0,2.604166094189518e-05,0.0,0.0,0.0
483064161,1650,0.0,0.0,2.604167030957203e-05,0.0,0.0,0.0
483064142,1651,0.0,0.0,2.6041666562643074e-05,0.0,0.0,0.0
483064172,1652,0.0,0.0,2.604166656216938e-05,0.0,0.0,0.0
483064151,1653,0.0,0.0,2.604167030957203e-05,0.0,0.0,0.0
483064171,1654,0.0,0.0,2.604167030957203e-05,0.0,0.0,0.0
483064152,1655,0.0,0.0,2.6041666562643074e-05,0.0,0.0,0.0
483064162,1656,0.0,0.0,2.6041666562643074e-05,0.0,0.0,0.0
483064163,1657,0.0,0.0,2.6041670309927302e-05,0.0,0.0,0.0
483064164,1658,0.0,0.0,2.6041666562998347e-05,0.0,0.0,0.0
483064153,1659,0.0,0.0,2.6041670309927302e-05,0.0,0.0,0.0
483064173,1660,0.0,0.0,2.6041670309927302e-05,0.0,0.0,0.0
483064174,1661,0.0,0.0,2.6041666562524652e-05,0.0,0.0,0.0
483064144,1662,0.0,0.0,2.6041666562998347e-05,0.0,0.0,0.0
483064154,1663,0.0,0.0,2.6041666562998347e-05,0.0,0.0,0.0
483055521,1664,0.0,0.0,2.6041670309927302e-05,0.0,0.0,0.0
483055531,1665,0.0,0.0,2.6041670309927302e-05,0.0,0.0,0.0
483055522,1666,0.0,0.0,2.6041666562998347e-05,0.0,0.0,0.0
483055544,1667,0.0,0.0,2.604166656216938e-05,0.0,0.0,0.0
483055523,1668,0.0,0.0,2.604167030957203e-05,0.0,0.0,0.0
483055514,1669,0.0,0.0,2.6041666562643074e-05,0.0,0.0,0.0
483055543,1670,0.0,0.0,2.604167030957203e-05,0.0,0.0,0.0
483055621,1671,0.0,0.0,2.6041664688823327e-05,0.0,0.0,0.0
483055612,1672,0.0,0.0,2.604166094189518e-05,0.0,0.0,0.0
483055641,1673,0.0,0.0,2.6041664688823327e-05,0.0,0.0,0.0
483054554,1674,0.0,0.0,2.6041666562643074e-05,0.0,0.0,0.0
483054564,1675,0.0,0.0,2.6041666562643074e-05,0.0,0.0,0.0
483054573,1676,0.0,0.0,2.604167030957203e-05,0.0,0.0,0.0
483054661,1677,0.0,0.0,2.6041664688823327e-05,0.0,0.0,0.0
483054652,1678,0.0,0.0,2.604166094189518e-05,0.0,0.0,0.0
483054662,1679,0.0,0.0,2.604166094189518e-05,0.0,0.0,0.0
483054671,1680,0.0,0.0,2.6041664688823327e-05,0.0,0.0,0.0
483054672,1681,0.0,0.0,2.6041660941421483e-05,0.0,0.0,0.0
483054654,1682,0.0,0.0,2.6041666562643074e-05,0.0,0.0,0.0
483054664,1683,0.0,0.0,2.6041666562643074e-05,0.0,0.0,0.0
483055351,1684,0.0,0.0,2.6041664689652294e-05,0.0,0.0,0.0
483055361,1685,0.0,0.0,2.6041664689652294e-05,0.0,0.0,0.0
483055353,1686,0.0,0.0,2.6041670310045727e-05,0.0,0.0,0.0
483055651,1687,0.0,0.0,2.604166468929702e-05,0.0,0.0,0.0
483055652,1688,0.0,0.0,2.6041660941421483e-05,0.0,0.0,0.0
483055673,1689,0.0,0.0,2.604167030957203e-05,0.0,0.0,0.0
483055653,1690,0.0,0.0,2.6041670310045727e-05,0.0,0.0,0.0
483055674,1691,0.0,0.0,2.6041666562643074e-05,0.0,0.0,0.0
483055862,1692,0.0,0.0,2.604166656216938e-05,0.0,0.0,0.0
483065081,1693,0.0,0.0,2.604167030957203e-05,0.0,0.0,0.0
483054683,1694,0.0,0.0,2.6041670310045727e-05,0.0,0.0,0.0
483055613,1695,0.0,0.0,2.604167030957203e-05,0.0,0.0,0.0
483055604,1696,0.0,0.0,2.6041666562643074e-05,0.0,0.0,0.0
483054791,1697,0.0,0.0,2.6041670309927302e-05,0.0,0.0,0.0
483055702,1698,0.0,0.0,2.6041666562998347e-05,0.0,0.0,0.0
483054781,1699,0.0,0.0,2.6041670310400997e-05,0.0,0.0,0.0
483054782,1700,0.0,0.0,2.6041666562524652e-05,0.0,0.0,0.0
483054784,1701,0.0,0.0,2.6041660941421483e-05,0.0,0.0,0.0
483054793,1702,0.0,0.0,2.6041664688823327e-05,0.0,0.0,0.0
483054783,1703,0.0,0.0,2.604166468929702e-05,0.0,0.0,0.0
483054794,1704,0.0,0.0,2.604166094189518e-05,0.0,0.0,0.0
483054882,1705,0.0,0.0,2.604166656216938e-05,0.0,0.0,0.0
483055801,1706,0.0,0.0,2.604167030957203e-05,0.0,0.0,0.0
483054891,1707,0.0,0.0,2.604167030957203e-05,0.0,0.0,0.0
483054881,1708,0.0,0.0,2.6041670310045727e-05,0.0,0.0,0.0
483054892,1709,0.0,0.0,2.6041666562643074e-05,0.0,0.0,0.0
483054883,1710,0.0,0.0,2.6041670310045727e-05,0.0,0.0,0.0
483055804,1711,0.0,0.0,2.6041666562643074e-05,0.0,0.0,0.0
483054884,1712,0.0,0.0,2.604166656216938e-05,0.0,0.0,0.0
483055803,1713,0.0,0.0,2.604167030957203e-05,0.0,0.0,0.0
483055644,1714,0.0,0.0,2.604166656216938e-05,0.0,0.0,0.0
483055623,1715,0.0,0.0,2.604167030957203e-05,0.0,0.0,0.0
483055643,1716,0.0,0.0,2.604167030957203e-05,0.0,0.0,0.0
483055624,1717,0.0,0.0,2.6041666562643074e-05,0.0,0.0,0.0
483055912,1718,0.0,0.0,2.604166094189518e-05,0.0,0.0,0.0
483055923,1719,0.0,0.0,2.6041670309927302e-05,0.0,0.0,0.0
483055914,1720,0.0,0.0,2.6041666562998347e-05,0.0,0.0,0.0
483065042,1721,0.0,0.0,2.604166656216938e-05,0.0,0.0,0.0
483065021,1722,0.0,0.0,2.604167030957203e-05,0.0,0.0,0.0
483065012,1723,0.0,0.0,2.6041666562643074e-05,0.0,0.0,0.0
483054894,1724,0.0,0.0,2.6041666562643074e-05,0.0,0.0,0.0
483054893,1725,0.0,0.0,2.604167030957203e-05,0.0,0.0,0.0
483055813,1726,0.0,0.0,2.604167030957203e-05,0.0,0.0,0.0
483054981,1727,0.0,0.0,2.604166468929702e-05,0.0,0.0,0.0
483054992,1728,0.0,0.0,2.604166094189518e-05,0.0,0.0,0.0
483055911,1729,0.0,0.0,2.6041664688823327e-05,0.0,0.0,0.0
483055902,1730,0.0,0.0,2.604166094189518e-05,0.0,0.0,0.0
483054991,1731,0.0,0.0,2.6041664688823327e-05,0.0,0.0,0.0
483054982,1732,0.0,0.0,2.6041660941421483e-05,0.0,0.0,0.0
483054984,1733,0.0,0.0,2.6041666562524652e-05,0.0,0.0,0.0
483054994,1734,0.0,0.0,2.6041666562998347e-05,0.0,0.0,0.0
483055903,1735,0.0,0.0,2.6041670309927302e-05,0.0,0.0,0.0
483054983,1736,0.0,0.0,2.6041670310400997e-05,0.0,0.0,0.0
483054993,1737,0.0,0.0,2.6041670309927302e-05,0.0,0.0,0.0
483055913,1738,0.0,0.0,2.6041670309927302e-05,0.0,0.0,0.0
483055904,1739,0.0,0.0,2.6041666562998347e-05,0.0,0.0,0.0
483065011,1740,0.0,0.0,2.604167030957203e-05,0.0,0.0,0.0
483064092,1741,0.0,0.0,2.6041666562643074e-05,0.0,0.0,0.0
483065002,1742,0.0,0.0,2.6041666562643074e-05,0.0,0.0,0.0
483064081,1743,0.0,0.0,2.6041670310045727e-05,0.0,0.0,0.0
483064082,1744,0.0,0.0,2.604166656216938e-05,0.0,0.0,0.0
483065001,1745,0.0,0.0,2.604167030957203e-05,0.0,0.0,0.0
483064091,1746,0.0,0.0,2.604167030957203e-05,0.0,0.0,0.0
483065013,1747,0.0,0.0,2.6041664688823327e-05,0.0,0.0,0.0
483065003,1748,0.0,0.0,2.6041664688823327e-05,0.0,0.0,0.0
483064083,1749,0.0,0.0,2.604166468929702e-05,0.0,0.0,0.0
483064084,1750,0.0,0.0,2.6041660941421483e-05,0.0,0.0,0.0
483065004,1751,0.0,0.0,2.604166094189518e-05,0.0,0.0,0.0
483064093,1752,0.0,0.0,2.6041664688823327e-05,0.0,0.0,0.0
483064094,1753,0.0,0.0,2.604166094189518e-05,0.0,0.0,0.0
483065022,1754,0.0,0.0,2.6041666562643074e-05,0.0,0.0,0.0
483065034,1755,0.0,0.0,2.604166094189518e-05,0.0,0.0,0.0
483065023,1756,0.0,0.0,2.6041664688823327e-05,0.0,0.0,0.0
483065014,1757,0.0,0.0,2.604166094189518e-05,0.0,0.0,0.0
483065033,1758,0.0,0.0,2.6041664688823327e-05,0.0,0.0,0.0
483065142,1759,0.0,0.0,2.604166656216938e-05,0.0,0.0,0.0
483065112,1760,0.0,0.0,2.6041666562643074e-05,0.0,0.0,0.0
483065121,1761,0.0,0.0,2.604167030957203e-05,0.0,0.0,0.0
483065123,1762,0.0,0.0,2.6041670309927302e-05,0.0,0.0,0.0
483065114,1763,0.0,0.0,2.6041666562998347e-05,0.0,0.0,0.0
483064182,1764,0.0,0.0,2.604166656216938e-05,0.0,0.0,0.0
483064191,1765,0.0,0.0,2.604167030957203e-05,0.0,0.0,0.0
483065102,1766,0.0,0.0,2.6041666562643074e-05,0.0,0.0,0.0
483065111,1767,0.0,0.0,2.604167030957203e-05,0.0,0.0,0.0
483064192,1768,0.0,0.0,2.6041666562643074e-05,0.0,0.0,0.0
483064181,1769,0.0,0.0,2.6041670310045727e-05,0.0,0.0,0.0
483065101,1770,0.0,0.0,2.604167030957203e-05,0.0,0.0,0.0
483064194,1771,0.0,0.0,2.6041666562998347e-05,0.0,0.0,0.0
483065113,1772,0.0,0.0,2.6041670309927302e-05,0.0,0.0,0.0
483065104,1773,0.0,0.0,2.6041666562998347e-05,0.0,0.0,0.0
483065053,1774,0.0,0.0,2.604166468929702e-05,0.0,0.0,0.0
483065152,1775,0.0,0.0,2.604166656216938e-05,0.0,0.0,0.0
483065173,1776,0.0,0.0,2.6041670309927302e-05,0.0,0.0,0.0
483065174,1777,0.0,0.0,2.6041666562998347e-05,0.0,0.0,0.0
483065163,1778,0.0,0.0,2.6041670310400997e-05,0.0,0.0,0.0
483065261,1779,0.0,0.0,2.604166468929702e-05,0.0,0.0,0.0
483065271,1780,0.0,0.0,2.6041664688823327e-05,0.0,0.0,0.0
483065272,1781,0.0,0.0,2.604166094189518e-05,0.0,0.0,0.0
483065263,1782,0.0,0.0,2.6041670310045727e-05,0.0,0.0,0.0
483065254,1783,0.0,0.0,2.604166656216938e-05,0.0,0.0,0.0
483065103,1784,0.0,0.0,2.6041670309927302e-05,0.0,0.0,0.0
483064183,1785,0.0,0.0,2.6041670310400997e-05,0.0,0.0,0.0
483064184,1786,0.0,0.0,2.6041666562524652e-05,0.0,0.0,0.0
483064193,1787,0.0,0.0,2.6041670309927302e-05,0.0,0.0,0.0
483064292,1788,0.0,0.0,2.604166094189518e-05,0.0,0.0,0.0
483065211,1789,0.0,0.0,2.6041664688823327e-05,0.0,0.0,0.0
483065201,1790,0.0,0.0,2.6041664688823327e-05,0.0,0.0,0.0
483064281,1791,0.0,0.0,2.604166468929702e-05,0.0,0.0,0.0
483064291,1792,0.0,0.0,2.6041664688823327e-05,0.0,0.0,0.0
483065202,1793,0.0,0.0,2.604166094189518e-05,0.0,0.0,0.0
483065124,1794,0.0,0.0,2.6041666562998347e-05,0.0,0.0,0.0
483065143,1795,0.0,0.0,2.6041670309927302e-05,0.0,0.0,0.0
483065221,1796,0.0,0.0,2.6041664688823327e-05,0.0,0.0,0.0
483065222,1797,0.0,0.0,2.604166094189518e-05,0.0,0.0,0.0
483065241,1798,0.0,0.0,2.6041664688823327e-05,0.0,0.0,0.0
483065212,1799,0.0,0.0,2.604166094189518e-05,0.0,0.0,0.0
483065224,1800,0.0,0.0,2.6041666562643074e-05,0.0,0.0,0.0
483065223,1801,0.0,0.0,2.604167030957203e-05,0.0,0.0,0.0
483065214,1802,0.0,0.0,2.6041666562643074e-05,0.0,0.0,0.0
483065331,1803,0.0,0.0,2.604167030957203e-05,0.0,0.0,0.0
483064282,1804,0.0,0.0,2.6041660941421483e-05,0.0,0.0,0.0
483064294,1805,0.0,0.0,2.6041666562643074e-05,0.0,0.0,0.0
483064293,1806,0.0,0.0,2.604167030957203e-05,0.0,0.0,0.0
483065213,1807,0.0,0.0,2.604167030957203e-05,0.0,0.0,0.0
483064283,1808,0.0,0.0,2.6041670310045727e-05,0.0,0.0,0.0
483065204,1809,0.0,0.0,2.6041666562643074e-05,0.0,0.0,0.0
483065203,1810,0.0,0.0,2.604167030957203e-05,0.0,0.0,0.0
483064284,1811,0.0,0.0,2.604166656216938e-05,0.0,0.0,0.0
483065301,1812,0.0,0.0,2.604167030957203e-05,0.0,0.0,0.0
483065311,1813,0.0,0.0,2.604167030957203e-05,0.0,0.0,0.0
483064391,1814,0.0,0.0,2.604167030957203e-05,0.0,0.0,0.0
483065302,1815,0.0,0.0,2.6041666562643074e-05,0.0,0.0,0.0
483064381,1816,0.0,0.0,2.6041670310045727e-05,0.0,0.0,0.0
483064392,1817,0.0,0.0,2.6041666562643074e-05,0.0,0.0,0.0
483064382,1818,0.0,0.0,2.604166656216938e-05,0.0,0.0,0.0
483065313,1819,0.0,0.0,2.6041670309927302e-05,0.0,0.0,0.0
483064394,1820,0.0,0.0,2.6041666562998347e-05,0.0,0.0,0.0
483064393,1821,0.0,0.0,2.6041670309927302e-05,0.0,0.0,0.0
483065304,1822,0.0,0.0,2.6041666562998347e-05,0.0,0.0,0.0
483064384,1823,0.0,0.0,2.6041666562524652e-05,0.0,0.0,0.0
483065321,1824,0.0,0.0,2.604167030957203e-05,0.0,0.0,0.0
483065322,1825,0.0,0.0,2.6041666562643074e-05,0.0,0.0,0.0
483065312,1826,0.0,0.0,2.6041666562643074e-05,0.0,0.0,0.0
483065334,1827,0.0,0.0,2.6041666562998347e-05,0.0,0.0,0.0
483065323,1828,0.0,0.0,2.6041670309927302e-05,0.0,0.0,0.0
483065333,1829,0.0,0.0,2.6041670309927302e-05,0.0,0.0,0.0
483065324,1830,0.0,0.0,2.6041666562998347e-05,0.0,0.0,0.0
483065314,1831,0.0,0.0,2.6041666562998347e-05,0.0,0.0,0.0
483065431,1832,0.0,0.0,2.6041664688823327e-05,0.0,0.0,0.0
483065432,1833,0.0,0.0,2.604166094189518e-05,0.0,0.0,0.0
483065362,1834,0.0,0.0,2.604166656216938e-05,0.0,0.0,0.0
483065361,1835,0.0,0.0,2.6041670310045727e-05,0.0,0.0,0.0
483065373,1836,0.0,0.0,2.6041670309927302e-05,0.0,0.0,0.0
483065363,1837,0.0,0.0,2.6041670310400997e-05,0.0,0.0,0.0
483065364,1838,0.0,0.0,2.6041666562524652e-05,0.0,0.0,0.0
483065472,1839,0.0,0.0,2.604166094189518e-05,0.0,0.0,0.0
483065462,1840,0.0,0.0,2.6041660941421483e-05,0.0,0.0,0.0
483065471,1841,0.0,0.0,2.6041664688823327e-05,0.0,0.0,0.0
483065473,1842,0.0,0.0,2.604167030957203e-05,0.0,0.0,0.0
483065303,1843,0.0,0.0,2.6041670309927302e-05,0.0,0.0,0.0
483064383,1844,0.0,0.0,2.6041670310400997e-05,0.0,0.0,0.0
483064491,1845,0.0,0.0,2.6041664688823327e-05,0.0,0.0,0.0
483064481,1846,0.0,0.0,2.604166468929702e-05,0.0,0.0,0.0
483064482,1847,0.0,0.0,2.6041660941421483e-05,0.0,0.0,0.0
483064492,1848,0.0,0.0,2.604166094189518e-05,0.0,0.0,0.0
483065402,1849,0.0,0.0,2.604166094189518e-05,0.0,0.0,0.0
483065401,1850,0.0,0.0,2.6041664688823327e-05,0.0,0.0,0.0
483065411,1851,0.0,0.0,2.6041664688823327e-05,0.0,0.0,0.0
483064494,1852,0.0,0.0,2.6041666562643074e-05,0.0,0.0,0.0
483065441,1853,0.0,0.0,2.6041664688823327e-05,0.0,0.0,0.0
483065421,1854,0.0,0.0,2.6041664688823327e-05,0.0,0.0,0.0
483065412,1855,0.0,0.0,2.604166094189518e-05,0.0,0.0,0.0
483065414,1856,0.0,0.0,2.6041666562643074e-05,0.0,0.0,0.0
483065433,1857,0.0,0.0,2.604167030957203e-05,0.0,0.0,0.0
483065424,1858,0.0,0.0,2.6041666562643074e-05,0.0,0.0,0.0
483065423,1859,0.0,0.0,2.604167030957203e-05,0.0,0.0,0.0
483065434,1860,0.0,0.0,2.6041666562643074e-05,0.0,0.0,0.0
483064484,1861,0.0,0.0,2.604166656216938e-05,0.0,0.0,0.0
483064483,1862,0.0,0.0,2.6041670310045727e-05,0.0,0.0,0.0
483065403,1863,0.0,0.0,2.604167030957203e-05,0.0,0.0,0.0
483065404,1864,0.0,0.0,2.6041666562643074e-05,0.0,0.0,0.0
483065413,1865,0.0,0.0,2.604167030957203e-05,0.0,0.0,0.0
483064493,1866,0.0,0.0,2.604167030957203e-05,0.0,0.0,0.0
483064582,1867,0.0,0.0,2.604166656216938e-05,0.0,0.0,0.0
483064591,1868,0.0,0.0,2.604167030957203e-05,0.0,0.0,0.0
483065502,1869,0.0,0.0,2.6041666562643074e-05,0.0,0.0,0.0
483064592,1870,0.0,0.0,2.6041666562643074e-05,0.0,0.0,0.0
483065463,1871,0.0,0.0,2.6041670310045727e-05,0.0,0.0,0.0
483065474,1872,0.0,0.0,2.6041666562643074e-05,0.0,0.0,0.0
483065572,1873,0.0,0.0,2.6041666562643074e-05,0.0,0.0,0.0
483065571,1874,0.0,0.0,2.604167030957203e-05,0.0,0.0,0.0
483065561,1875,0.0,0.0,2.6041670310045727e-05,0.0,0.0,0.0
483065562,1876,0.0,0.0,2.604166656216938e-05,0.0,0.0,0.0
483065564,1877,0.0,0.0,2.6041660941776756e-05,0.0,0.0,0.0
483065522,1878,0.0,0.0,2.6041666562643074e-05,0.0,0.0,0.0
483065512,1879,0.0,0.0,2.6041666562643074e-05,0.0,0.0,0.0
483065521,1880,0.0,0.0,2.604167030957203e-05,0.0,0.0,0.0
483065532,1881,0.0,0.0,2.6041666562643074e-05,0.0,0.0,0.0
483065523,1882,0.0,0.0,2.6041664689178596e-05,0.0,0.0,0.0
483065524,1883,0.0,0.0,2.604166094225045e-05,0.0,0.0,0.0
483065514,1884,0.0,0.0,2.604166094225045e-05,0.0,0.0,0.0
483064581,1885,0.0,0.0,2.6041670310045727e-05,0.0,0.0,0.0
483065501,1886,0.0,0.0,2.604167030957203e-05,0.0,0.0,0.0
483065511,1887,0.0,0.0,2.604167030957203e-05,0.0,0.0,0.0
483064584,1888,0.0,0.0,2.6041660941776756e-05,0.0,0.0,0.0
483064583,1889,0.0,0.0,2.6041664689652294e-05,0.0,0.0,0.0
483064593,1890,0.0,0.0,2.6041664689178596e-05,0.0,0.0,0.0
483065513,1891,0.0,0.0,2.6041664689178596e-05,0.0,0.0,0.0
483065504,1892,0.0,0.0,2.604166094225045e-05,0.0,0.0,0.0
483064594,1893,0.0,0.0,2.604166094225045e-05,0.0,0.0,0.0
483065503,1894,0.0,0.0,2.6041664689178596e-05,0.0,0.0,0.0
483064563,1895,0.0,0.0,2.6041664689178596e-05,0.0,0.0,0.0
483064574,1896,0.0,0.0,2.6041660941776756e-05,0.0,0.0,0.0
483064573,1897,0.0,0.0,2.6041664689178596e-05,0.0,0.0,0.0
483064554,1898,0.0,0.0,2.604166094225045e-05,0.0,0.0,0.0
483064564,1899,0.0,0.0,2.604166094225045e-05,0.0,0.0,0.0
483064652,1900,0.0,0.0,2.6041666562643074e-05,0.0,0.0,0.0
483064672,1901,0.0,0.0,2.604166656216938e-05,0.0,0.0,0.0
483064671,1902,0.0,0.0,2.604167030957203e-05,0.0,0.0,0.0
483064661,1903,0.0,0.0,2.604167030957203e-05,0.0,0.0,0.0
483064662,1904,0.0,0.0,2.6041666562643074e-05,0.0,0.0,0.0
483065573,1905,0.0,0.0,2.6041664689178596e-05,0.0,0.0,0.0
483065574,1906,0.0,0.0,2.604166094225045e-05,0.0,0.0,0.0
483065671,1907,0.0,0.0,2.604167030957203e-05,0.0,0.0,0.0
483065672,1908,0.0,0.0,2.6041666562643074e-05,0.0,0.0,0.0
483065681,1909,0.0,0.0,2.604167030957203e-05,0.0,0.0,0.0
483065621,1910,0.0,0.0,2.604167030957203e-05,0.0,0.0,0.0
483065622,1911,0.0,0.0,2.6041666562643074e-05,0.0,0.0,0.0
483065632,1912,0.0,0.0,2.6041666562643074e-05,0.0,0.0,0.0
483065631,1913,0.0,0.0,2.604167030957203e-05,0.0,0.0,0.0
483065612,1914,0.0,0.0,2.6041666562643074e-05,0.0,0.0,0.0
483065624,1915,0.0,0.0,2.6041666562643074e-05,0.0,0.0,0.0
483065602,1916,0.0,0.0,2.6041666562643074e-05,0.0,0.0,0.0
483064682,1917,0.0,0.0,2.604166656216938e-05,0.0,0.0,0.0
483065611,1918,0.0,0.0,2.604167030957203e-05,0.0,0.0,0.0
483064692,1919,0.0,0.0,2.6041666562643074e-05,0.0,0.0,0.0
483064681,1920,0.0,0.0,2.6041670310045727e-05,0.0,0.0,0.0
483065601,1921,0.0,0.0,2.604167030957203e-05,0.0,0.0,0.0
483064691,1922,0.0,0.0,2.604167030957203e-05,0.0,0.0,0.0
483064684,1923,0.0,0.0,2.604166656216938e-05,0.0,0.0,0.0
483064693,1924,0.0,0.0,2.604167030957203e-05,0.0,0.0,0.0
483065613,1925,0.0,0.0,2.604167030957203e-05,0.0,0.0,0.0
483064694,1926,0.0,0.0,2.6041666562643074e-05,0.0,0.0,0.0
483064683,1927,0.0,0.0,2.6041670310045727e-05,0.0,0.0,0.0
483065604,1928,0.0,0.0,2.6041666562643074e-05,0.0,0.0,0.0
483065603,1929,0.0,0.0,2.604167030957203e-05,0.0,0.0,0.0
483064782,1930,0.0,0.0,2.6041660941421483e-05,0.0,0.0,0.0
483065701,1931,0.0,0.0,2.6041664688823327e-05,0.0,0.0,0.0
483065711,1932,0.0,0.0,2.6041664688823327e-05,0.0,0.0,0.0
483064781,1933,0.0,0.0,2.604166468929702e-05,0.0,0.0,0.0
483064792,1934,0.0,0.0,2.604166094189518e-05,0.0,0.0,0.0
483065702,1935,0.0,0.0,2.604166094189518e-05,0.0,0.0,0.0
483064251,1936,0.0,0.0,2.6041664688823327e-05,0.0,0.0,0.0
483064271,1937,0.0,0.0,2.6041664688823327e-05,0.0,0.0,0.0
483064272,1938,0.0,0.0,2.6041660941421483e-05,0.0,0.0,0.0
483064261,1939,0.0,0.0,2.6041664688823327e-05,0.0,0.0,0.0
483064242,1940,0.0,0.0,2.604166094189518e-05,0.0,0.0,0.0
483064262,1941,0.0,0.0,2.604166094189518e-05,0.0,0.0,0.0
483064252,1942,0.0,0.0,2.604166094189518e-05,0.0,0.0,0.0
483064254,1943,0.0,0.0,2.6041666562643074e-05,0.0,0.0,0.0
483064274,1944,0.0,0.0,2.604166656216938e-05,0.0,0.0,0.0
483064264,1945,0.0,0.0,2.6041666562643074e-05,0.0,0.0,0.0
483064141,1946,0.0,0.0,2.604167030957203e-05,0.0,0.0,0.0
483064143,1947,0.0,0.0,2.6041670309927302e-05,0.0,0.0,0.0
483064241,1948,0.0,0.0,2.6041664688823327e-05,0.0,0.0,0.0
483064234,1949,0.0,0.0,2.604167030957203e-05,0.0,0.0,0.0
483064243,1950,0.0,0.0,2.604167030957203e-05,0.0,0.0,0.0
483064233,1951,0.0,0.0,2.6041666562643074e-05,0.0,0.0,0.0
483064331,1952,0.0,0.0,2.6041666562643074e-05,0.0,0.0,0.0
483064341,1953,0.0,0.0,2.604167030957203e-05,0.0,0.0,0.0
483064332,1954,0.0,0.0,2.604167030957203e-05,0.0,0.0,0.0
483064343,1955,0.0,0.0,2.6041670309927302e-05,0.0,0.0,0.0
483064244,1956,0.0,0.0,2.6041666562643074e-05,0.0,0.0,0.0
483064253,1957,0.0,0.0,2.604167030957203e-05,0.0,0.0,0.0
483064263,1958,0.0,0.0,2.604167030957203e-05,0.0,0.0,0.0
483064273,1959,0.0,0.0,2.604167030957203e-05,0.0,0.0,0.0
483064362,1960,0.0,0.0,2.6041666562643074e-05,0.0,0.0,0.0
483064352,1961,0.0,0.0,2.6041666562643074e-05,0.0,0.0,0.0
483064342,1962,0.0,0.0,2.6041666562643074e-05,0.0,0.0,0.0
483064361,1963,0.0,0.0,2.604167030957203e-05,0.0,0.0,0.0
483064371,1964,0.0,0.0,2.604167030957203e-05,0.0,0.0,0.0
483064351,1965,0.0,0.0,2.604167030957203e-05,0.0,0.0,0.0
483064372,1966,0.0,0.0,2.604166656216938e-05,0.0,0.0,0.0
483064374,1967,0.0,0.0,2.6041666562524652e-05,0.0,0.0,0.0
483064354,1968,0.0,0.0,2.6041666562998347e-05,0.0,0.0,0.0
483064353,1969,0.0,0.0,2.6041670309927302e-05,0.0,0.0,0.0
483064364,1970,0.0,0.0,2.6041666562998347e-05,0.0,0.0,0.0
483064344,1971,0.0,0.0,2.6041666562998347e-05,0.0,0.0,0.0
483064363,1972,0.0,0.0,2.6041670309927302e-05,0.0,0.0,0.0
483064373,1973,0.0,0.0,2.6041670309927302e-05,0.0,0.0,0.0
483064452,1974,0.0,0.0,2.604166094189518e-05,0.0,0.0,0.0
483064442,1975,0.0,0.0,2.604166094189518e-05,0.0,0.0,0.0
483064472,1976,0.0,0.0,2.6041660941421483e-05,0.0,0.0,0.0
483064451,1977,0.0,0.0,2.6041664688823327e-05,0.0,0.0,0.0
483064462,1978,0.0,0.0,2.604166094189518e-05,0.0,0.0,0.0
483064461,1979,0.0,0.0,2.6041664688823327e-05,0.0,0.0,0.0
483064471,1980,0.0,0.0,2.6041664688823327e-05,0.0,0.0,0.0
483064473,1981,0.0,0.0,2.604167030957203e-05,0.0,0.0,0.0
483064444,1982,0.0,0.0,2.6041666562643074e-05,0.0,0.0,0.0
483064463,1983,0.0,0.0,2.604167030957203e-05,0.0,0.0,0.0
483064474,1984,0.0,0.0,2.604166656216938e-05,0.0,0.0,0.0
483064453,1985,0.0,0.0,2.604167030957203e-05,0.0,0.0,0.0
483064454,1986,0.0,0.0,2.6041666562643074e-05,0.0,0.0,0.0
483064464,1987,0.0,0.0,2.6041666562643074e-05,0.0,0.0,0.0
483064542,1988,0.0,0.0,2.6041666562643074e-05,0.0,0.0,0.0
483064552,1989,0.0,0.0,2.6041666562643074e-05,0.0,0.0,0.0
483064561,1990,0.0,0.0,2.604167030957203e-05,0.0,0.0,0.0
483064551,1991,0.0,0.0,2.604167030957203e-05,0.0,0.0,0.0
483064572,1992,0.0,0.0,2.604166656216938e-05,0.0,0.0,0.0
483064571,1993,0.0,0.0,2.604167030957203e-05,0.0,0.0,0.0
483064541,1994,0.0,0.0,2.604167030957203e-05,0.0,0.0,0.0
483064562,1995,0.0,0.0,2.6041666562643074e-05,0.0,0.0,0.0
483064334,1996,0.0,0.0,2.6041670309927302e-05,0.0,0.0,0.0
483064441,1997,0.0,0.0,2.6041664688823327e-05,0.0,0.0,0.0
483064432,1998,0.0,0.0,2.6041664688823327e-05,0.0,0.0,0.0
483064443,1999,0.0,0.0,2.604167030957203e-05,0.0,0.0,0.0
483065634,2000,0.0,0.0,2.6041666562643074e-05,0.0,0.0,0.0
483065633,2001,0.0,0.0,2.604167030957203e-05,0.0,0.0,0.0
483065623,2002,0.0,0.0,2.604167030957203e-05,0.0,0.0,0.0
483065614,2003,0.0,0.0,2.6041666562643074e-05,0.0,0.0,0.0
483065721,2004,0.0,0.0,2.6041664688823327e-05,0.0,0.0,0.0
483065712,2005,0.0,0.0,2.604166094189518e-05,0.0,0.0,0.0
483065722,2006,0.0,0.0,2.604166094189518e-05,0.0,0.0,0.0
483065732,2007,0.0,0.0,2.604166094189518e-05,0.0,0.0,0.0
483064673,2008,0.0,0.0,2.604167030957203e-05,0.0,0.0,0.0
483064663,2009,0.0,0.0,2.604167030957203e-05,0.0,0.0,0.0
483064674,2010,0.0,0.0,2.604166656216938e-05,0.0,0.0,0.0
483064654,2011,0.0,0.0,2.6041666562643074e-05,0.0,0.0,0.0
483064664,2012,0.0,0.0,2.6041666562643074e-05,0.0,0.0,0.0
483064762,2013,0.0,0.0,2.604166094189518e-05,0.0,0.0,0.0
483064772,2014,0.0,0.0,2.6041660941421483e-05,0.0,0.0,0.0
483064761,2015,0.0,0.0,2.6041664688823327e-05,0.0,0.0,0.0
483064771,2016,0.0,0.0,2.6041664688823327e-05,0.0,0.0,0.0
483064763,2017,0.0,0.0,2.6041670309927302e-05,0.0,0.0,0.0
483065731,2018,0.0,0.0,2.6041664688823327e-05,0.0,0.0,0.0
483065734,2019,0.0,0.0,2.6041666562998347e-05,0.0,0.0,0.0
483065723,2020,0.0,0.0,2.6041670309927302e-05,0.0,0.0,0.0
483065714,2021,0.0,0.0,2.6041666562998347e-05,0.0,0.0,0.0
483065733,2022,0.0,0.0,2.6041670309927302e-05,0.0,0.0,0.0
483065724,2023,0.0,0.0,2.6041666562998347e-05,0.0,0.0,0.0
483064791,2024,0.0,0.0,2.6041664688823327e-05,0.0,0.0,0.0
483064784,2025,0.0,0.0,2.6041666562524652e-05,0.0,0.0,0.0
483065703,2026,0.0,0.0,2.6041670309927302e-05,0.0,0.0,0.0
483064783,2027,0.0,0.0,2.6041670310400997e-05,0.0,0.0,0.0
483065713,2028,0.0,0.0,2.6041670309927302e-05,0.0,0.0,0.0
483064794,2029,0.0,0.0,2.6041666562998347e-05,0.0,0.0,0.0
483065704,2030,0.0,0.0,2.6041666562998347e-05,0.0,0.0,0.0
483064793,2031,0.0,0.0,2.6041670309927302e-05,0.0,0.0,0.0
483064892,2032,0.0,0.0,2.6041666562643074e-05,0.0,0.0,0.0
483065801,2033,0.0,0.0,2.604167030957203e-05,0.0,0.0,0.0
483065832,2034,0.0,0.0,2.6041666562643074e-05,0.0,0.0,0.0
483065812,2035,0.0,0.0,2.6041666562643074e-05,0.0,0.0,0.0
483065831,2036,0.0,0.0,2.604167030957203e-05,0.0,0.0,0.0
483065821,2037,0.0,0.0,2.604167030957203e-05,0.0,0.0,0.0
483065822,2038,0.0,0.0,2.6041666562643074e-05,0.0,0.0,0.0
483065823,2039,0.0,0.0,2.6041664688823327e-05,0.0,0.0,0.0
483065834,2040,0.0,0.0,2.604166094189518e-05,0.0,0.0,0.0
483065814,2041,0.0,0.0,2.604166094189518e-05,0.0,0.0,0.0
483064891,2042,0.0,0.0,2.604167030957203e-05,0.0,0.0,0.0
483065811,2043,0.0,0.0,2.604167030957203e-05,0.0,0.0,0.0
483064881,2044,0.0,0.0,2.6041670310045727e-05,0.0,0.0,0.0
483065813,2045,0.0,0.0,2.6041664688823327e-05,0.0,0.0,0.0
483064893,2046,0.0,0.0,2.6041664688823327e-05,0.0,0.0,0.0
483064883,2047,0.0,0.0,2.604166468929702e-05,0.0,0.0,0.0
483064884,2048,0.0,0.0,2.6041660941421483e-05,0.0,0.0,0.0
483064894,2049,0.0,0.0,2.604166094189518e-05,0.0,0.0,0.0
483065804,2050,0.0,0.0,2.604166094189518e-05,0.0,0.0,0.0
483064992,2051,0.0,0.0,2.6041666562643074e-05,0.0,0.0,0.0
483064764,2052,0.0,0.0,2.6041666562998347e-05,0.0,0.0,0.0
483064773,2053,0.0,0.0,2.6041670309927302e-05,0.0,0.0,0.0
483064774,2054,0.0,0.0,2.6041666562524652e-05,0.0,0.0,0.0
483064872,2055,0.0,0.0,2.604166656216938e-05,0.0,0.0,0.0
483064871,2056,0.0,0.0,2.604167030957203e-05,0.0,0.0,0.0
483064873,2057,0.0,0.0,2.6041664688823327e-05,0.0,0.0,0.0
483064874,2058,0.0,0.0,2.6041660941421483e-05,0.0,0.0,0.0
483064971,2059,0.0,0.0,2.604167030957203e-05,0.0,0.0,0.0
483064972,2060,0.0,0.0,2.604166656216938e-05,0.0,0.0,0.0
483064974,2061,0.0,0.0,2.6041666562524652e-05,0.0,0.0,0.0
483065833,2062,0.0,0.0,2.6041664688823327e-05,0.0,0.0,0.0
483065824,2063,0.0,0.0,2.604166094189518e-05,0.0,0.0,0.0
483065912,2064,0.0,0.0,2.6041666562643074e-05,0.0,0.0,0.0
483065922,2065,0.0,0.0,2.6041666562643074e-05,0.0,0.0,0.0
483065921,2066,0.0,0.0,2.604167030957203e-05,0.0,0.0,0.0
483065901,2067,0.0,0.0,2.604167030957203e-05,0.0,0.0,0.0
483064981,2068,0.0,0.0,2.6041670310045727e-05,0.0,0.0,0.0
483064991,2069,0.0,0.0,2.604167030957203e-05,0.0,0.0,0.0
483065902,2070,0.0,0.0,2.6041666562643074e-05,0.0,0.0,0.0
483065911,2071,0.0,0.0,2.604167030957203e-05,0.0,0.0,0.0
483064982,2072,0.0,0.0,2.604166656216938e-05,0.0,0.0,0.0
483064983,2073,0.0,0.0,2.6041670310400997e-05,0.0,0.0,0.0
483064984,2074,0.0,0.0,2.6041666562524652e-05,0.0,0.0,0.0
483065904,2075,0.0,0.0,2.6041666562998347e-05,0.0,0.0,0.0
483065903,2076,0.0,0.0,2.6041670309927302e-05,0.0,0.0,0.0
483065914,2077,0.0,0.0,2.6041666562998347e-05,0.0,0.0,0.0
483065924,2078,0.0,0.0,2.6041666562998347e-05,0.0,0.0,0.0
483065923,2079,0.0,0.0,2.6041670309927302e-05,0.0,0.0,0.0
483075021,2080,0.0,0.0,2.6041664688823327e-05,0.0,0.0,0.0
483065913,2081,0.0,0.0,2.6041670309927302e-05,0.0,0.0,0.0
483064994,2082,0.0,0.0,2.6041666562998347e-05,0.0,0.0,0.0
483064993,2083,0.0,0.0,2.6041670309927302e-05,0.0,0.0,0.0
483075011,2084,0.0,0.0,2.6041664688823327e-05,0.0,0.0,0.0
483075001,2085,0.0,0.0,2.6041664688823327e-05,0.0,0.0,0.0
483075002,2086,0.0,0.0,2.604166094189518e-05,0.0,0.0,0.0
483074072,2087,0.0,0.0,2.6041660941421483e-05,0.0,0.0,0.0
483074092,2088,0.0,0.0,2.604166094189518e-05,0.0,0.0,0.0
483074081,2089,0.0,0.0,2.604166468929702e-05,0.0,0.0,0.0
483075013,2090,0.0,0.0,2.604167030957203e-05,0.0,0.0,0.0
483075012,2091,0.0,0.0,2.604166094189518e-05,0.0,0.0,0.0
483075003,2092,0.0,0.0,2.604167030957203e-05,0.0,0.0,0.0
483075004,2093,0.0,0.0,2.6041666562643074e-05,0.0,0.0,0.0
483074094,2094,0.0,0.0,2.6041666562643074e-05,0.0,0.0,0.0
483075111,2095,0.0,0.0,2.604167030957203e-05,0.0,0.0,0.0
483074192,2096,0.0,0.0,2.6041666562643074e-05,0.0,0.0,0.0
483075101,2097,0.0,0.0,2.604167030957203e-05,0.0,0.0,0.0
483075102,2098,0.0,0.0,2.6041666562643074e-05,0.0,0.0,0.0
483075104,2099,0.0,0.0,2.604166094225045e-05,0.0,0.0,0.0
483075103,2100,0.0,0.0,2.6041664689178596e-05,0.0,0.0,0.0
483066102,2101,0.0,0.0,2.6041666562643074e-05,0.0,0.0,0.0
483066103,2102,0.0,0.0,2.6041670309927302e-05,0.0,0.0,0.0
483065184,2103,0.0,0.0,2.6041666562998347e-05,0.0,0.0,0.0
483065193,2104,0.0,0.0,2.6041670309927302e-05,0.0,0.0,0.0
483066104,2105,0.0,0.0,2.6041666562998347e-05,0.0,0.0,0.0
483065194,2106,0.0,0.0,2.6041666562998347e-05,0.0,0.0,0.0
483065282,2107,0.0,0.0,2.604166094189518e-05,0.0,0.0,0.0
483066212,2108,0.0,0.0,2.6041664688823327e-05,0.0,0.0,0.0
483066201,2109,0.0,0.0,2.6041664688823327e-05,0.0,0.0,0.0
483065291,2110,0.0,0.0,2.6041664688823327e-05,0.0,0.0,0.0
483056861,2111,0.0,0.0,2.6041666562643074e-05,0.0,0.0,0.0
483056863,2112,0.0,0.0,2.6041666562643074e-05,0.0,0.0,0.0
483056854,2113,0.0,0.0,2.604167030957203e-05,0.0,0.0,0.0
483066362,2114,0.0,0.0,2.604167030957203e-05,0.0,0.0,0.0
483066364,2115,0.0,0.0,2.6041670309927302e-05,0.0,0.0,0.0
483066363,2116,0.0,0.0,2.6041666562998347e-05,0.0,0.0,0.0
483066481,2117,0.0,0.0,2.604166094189518e-05,0.0,0.0,0.0
483066463,2118,0.0,0.0,2.6041666562643074e-05,0.0,0.0,0.0
483066454,2119,0.0,0.0,2.604167030957203e-05,0.0,0.0,0.0
483066552,2120,0.0,0.0,2.604167030957203e-05,0.0,0.0,0.0
483066343,2121,0.0,0.0,2.6041666562524652e-05,0.0,0.0,0.0
483066442,2122,0.0,0.0,2.604166468929702e-05,0.0,0.0,0.0
483066432,2123,0.0,0.0,2.6041664688823327e-05,0.0,0.0,0.0
483066441,2124,0.0,0.0,2.6041660941421483e-05,0.0,0.0,0.0
483066444,2125,0.0,0.0,2.6041670310045727e-05,0.0,0.0,0.0
483066443,2126,0.0,0.0,2.604166656216938e-05,0.0,0.0,0.0
483066542,2127,0.0,0.0,2.6041670310045727e-05,0.0,0.0,0.0
483066541,2128,0.0,0.0,2.604166656216938e-05,0.0,0.0,0.0
483066532,2129,0.0,0.0,2.604167030957203e-05,0.0,0.0,0.0
483066531,2130,0.0,0.0,2.6041666562643074e-05,0.0,0.0,0.0
483066571,2131,0.0,0.0,2.6041666562643074e-05,0.0,0.0,0.0
483066561,2132,0.0,0.0,2.6041666562643074e-05,0.0,0.0,0.0
483066563,2133,0.0,0.0,2.604166094225045e-05,0.0,0.0,0.0
483066554,2134,0.0,0.0,2.6041664689178596e-05,0.0,0.0,0.0
483066671,2135,0.0,0.0,2.6041666562643074e-05,0.0,0.0,0.0
483066681,2136,0.0,0.0,2.6041666562643074e-05,0.0,0.0,0.0
483066662,2137,0.0,0.0,2.604167030957203e-05,0.0,0.0,0.0
483066652,2138,0.0,0.0,2.604167030957203e-05,0.0,0.0,0.0
483066673,2139,0.0,0.0,2.6041666562643074e-05,0.0,0.0,0.0
483066664,2140,0.0,0.0,2.604167030957203e-05,0.0,0.0,0.0
483066551,2141,0.0,0.0,2.604166656216938e-05,0.0,0.0,0.0
483066543,2142,0.0,0.0,2.6041660941776756e-05,0.0,0.0,0.0
483066544,2143,0.0,0.0,2.6041664689652294e-05,0.0,0.0,0.0
483066553,2144,0.0,0.0,2.6041660941776756e-05,0.0,0.0,0.0
483066642,2145,0.0,0.0,2.6041670310045727e-05,0.0,0.0,0.0
483066643,2146,0.0,0.0,2.604166656216938e-05,0.0,0.0,0.0
483066614,2147,0.0,0.0,2.604167030957203e-05,0.0,0.0,0.0
483066721,2148,0.0,0.0,2.604166094189518e-05,0.0,0.0,0.0
483066712,2149,0.0,0.0,2.6041664688823327e-05,0.0,0.0,0.0
483066741,2150,0.0,0.0,2.6041660941421483e-05,0.0,0.0,0.0
483065584,2151,0.0,0.0,2.604166094225045e-05,0.0,0.0,0.0
483065593,2152,0.0,0.0,2.6041664689178596e-05,0.0,0.0,0.0
483065583,2153,0.0,0.0,2.6041664689178596e-05,0.0,0.0,0.0
483065682,2154,0.0,0.0,2.6041666562643074e-05,0.0,0.0,0.0
483065691,2155,0.0,0.0,2.604167030957203e-05,0.0,0.0,0.0
483065692,2156,0.0,0.0,2.6041666562643074e-05,0.0,0.0,0.0
483066601,2157,0.0,0.0,2.604167030957203e-05,0.0,0.0,0.0
483065694,2158,0.0,0.0,2.6041666562643074e-05,0.0,0.0,0.0
483065684,2159,0.0,0.0,2.6041666562643074e-05,0.0,0.0,0.0
483066603,2160,0.0,0.0,2.604167030957203e-05,0.0,0.0,0.0
483066604,2161,0.0,0.0,2.6041666562643074e-05,0.0,0.0,0.0
483065782,2162,0.0,0.0,2.604166094189518e-05,0.0,0.0,0.0
483066711,2163,0.0,0.0,2.6041664688823327e-05,0.0,0.0,0.0
483065791,2164,0.0,0.0,2.6041664688823327e-05,0.0,0.0,0.0
483066702,2165,0.0,0.0,2.604166094189518e-05,0.0,0.0,0.0
483066704,2166,0.0,0.0,2.6041666562998347e-05,0.0,0.0,0.0
483066723,2167,0.0,0.0,2.6041666562998347e-05,0.0,0.0,0.0
483066724,2168,0.0,0.0,2.6041670309927302e-05,0.0,0.0,0.0
483066822,2169,0.0,0.0,2.604167030957203e-05,0.0,0.0,0.0
483066821,2170,0.0,0.0,2.6041666562643074e-05,0.0,0.0,0.0
483066831,2171,0.0,0.0,2.6041666562643074e-05,0.0,0.0,0.0
483066812,2172,0.0,0.0,2.604167030957203e-05,0.0,0.0,0.0
483066834,2173,0.0,0.0,2.6041664688823327e-05,0.0,0.0,0.0
483066823,2174,0.0,0.0,2.604166094189518e-05,0.0,0.0,0.0
483066833,2175,0.0,0.0,2.604166094189518e-05,0.0,0.0,0.0
483066824,2176,0.0,0.0,2.6041664688823327e-05,0.0,0.0,0.0
483066663,2177,0.0,0.0,2.6041666562643074e-05,0.0,0.0,0.0
483066654,2178,0.0,0.0,2.604167030957203e-05,0.0,0.0,0.0
483066683,2179,0.0,0.0,2.6041666562643074e-05,0.0,0.0,0.0
483066773,2180,0.0,0.0,2.6041666562998347e-05,0.0,0.0,0.0
483066784,2181,0.0,0.0,2.6041670309927302e-05,0.0,0.0,0.0
483066872,2182,0.0,0.0,2.604167030957203e-05,0.0,0.0,0.0
483057981,2183,0.0,0.0,2.6041660941421483e-05,0.0,0.0,0.0
483057983,2184,0.0,0.0,2.6041666562524652e-05,0.0,0.0,0.0
483057974,2185,0.0,0.0,2.6041670309927302e-05,0.0,0.0,0.0
483067071,2186,0.0,0.0,2.6041666562643074e-05,0.0,0.0,0.0
483067062,2187,0.0,0.0,2.604167030957203e-05,0.0,0.0,0.0
483067061,2188,0.0,0.0,2.6041666562643074e-05,0.0,0.0,0.0
483067081,2189,0.0,0.0,2.604166656216938e-05,0.0,0.0,0.0
483067064,2190,0.0,0.0,2.6041664688823327e-05,0.0,0.0,0.0
483067073,2191,0.0,0.0,2.604166094189518e-05,0.0,0.0,0.0
483067083,2192,0.0,0.0,2.6041660941421483e-05,0.0,0.0,0.0
483067113,2193,0.0,0.0,2.6041666562524652e-05,0.0,0.0,0.0
483067114,2194,0.0,0.0,2.6041670310400997e-05,0.0,0.0,0.0
483067204,2195,0.0,0.0,2.604167030957203e-05,0.0,0.0,0.0
483067421,2196,0.0,0.0,2.6041660941421483e-05,0.0,0.0,0.0
483067413,2197,0.0,0.0,2.604166656216938e-05,0.0,0.0,0.0
483067521,2198,0.0,0.0,2.604166656216938e-05,0.0,0.0,0.0
483067613,2199,0.0,0.0,2.604166656216938e-05,0.0,0.0,0.0
483066791,2200,0.0,0.0,2.604166094189518e-05,0.0,0.0,0.0
483067711,2201,0.0,0.0,2.6041660941421483e-05,0.0,0.0,0.0
483067823,2202,0.0,0.0,2.6041660941421483e-05,0.0,0.0,0.0
483057824,2203,0.0,0.0,2.6041670310045727e-05,0.0,0.0,0.0
483057922,2204,0.0,0.0,2.604166468929702e-05,0.0,0.0,0.0
483067132,2205,0.0,0.0,2.604167030957203e-05,0.0,0.0,0.0
483067134,2206,0.0,0.0,2.6041670309927302e-05,0.0,0.0,0.0
483067351,2207,0.0,0.0,2.6041666562643074e-05,0.0,0.0,0.0
483067551,2208,0.0,0.0,2.6041666562643074e-05,0.0,0.0,0.0
483067553,2209,0.0,0.0,2.604166094225045e-05,0.0,0.0,0.0
483067824,2210,0.0,0.0,2.604166468929702e-05,0.0,0.0,0.0
483067181,2211,0.0,0.0,2.604166656216938e-05,0.0,0.0,0.0
483067182,2212,0.0,0.0,2.6041670310045727e-05,0.0,0.0,0.0
483067152,2213,0.0,0.0,2.604167030957203e-05,0.0,0.0,0.0
483067184,2214,0.0,0.0,2.6041670310400997e-05,0.0,0.0,0.0
483067284,2215,0.0,0.0,2.6041670310045727e-05,0.0,0.0,0.0
483067552,2216,0.0,0.0,2.604167030957203e-05,0.0,0.0,0.0
483067554,2217,0.0,0.0,2.6041664689178596e-05,0.0,0.0,0.0
483067563,2218,0.0,0.0,2.604166094225045e-05,0.0,0.0,0.0
483057984,2219,0.0,0.0,2.6041670310400997e-05,0.0,0.0,0.0
483066932,2220,0.0,0.0,2.604167030957203e-05,0.0,0.0,0.0
483066922,2221,0.0,0.0,2.604167030957203e-05,0.0,0.0,0.0
483066921,2222,0.0,0.0,2.6041666562643074e-05,0.0,0.0,0.0
483066931,2223,0.0,0.0,2.6041666562643074e-05,0.0,0.0,0.0
483075202,2224,0.0,0.0,2.6041666562643074e-05,0.0,0.0,0.0
483075201,2225,0.0,0.0,2.604167030957203e-05,0.0,0.0,0.0
