"sample_id","household_group","pre2020_insured","current_insured","TP_use","insurance_efficacy","insurance_affordability","provider_trust","newly_insured"
,,,,,,,,
1,"G4_other",1,1,1,1,0.5,0.5,
2,"G4_other",1,,0.25,0.25,0.5,0.75,
3,"G1_elderly_only",1,1,0.875,0.75,0.75,0.75,
4,"G2_with_children",1,1,0.75,1,0.75,0.75,
5,"G4_other",,1,1,0.75,0.75,0.5,
6,"G4_other",0,1,0.5,0.5,0.25,0.5,1
7,,1,1,0.75,0.75,0.75,0.75,
8,"G2_with_children",1,,0.625,0.75,0.5,0.5,
9,,,,0.5,0.75,0.5,0.5,
10,"G3_single_nonelderly",,0,0.625,0.75,0.5,0.5,
11,"G2_with_children",1,1,0.375,0.75,0.5,0.5,
12,,1,1,0.625,0.75,0.5,0.5,
13,"G2_with_children",,,0.25,0.5,0.25,0.5,
14,"G2_with_children",0,1,0.5,0.75,0.25,0.25,1
15,"G1_elderly_only",1,0,0.125,0.75,0.75,0.75,
16,"G4_other",0,1,0.75,0.75,0.75,0.5,1
17,,1,1,0.75,0.75,0.75,0.75,
18,"G2_with_children",,1,0.75,0.75,0.25,0.5,
19,"G2_with_children",1,1,0.75,1,0.5,0.5,
20,"G2_with_children",1,1,0.5,0.75,0.75,0.75,
21,,0,,0.625,0.75,,,
22,"G3_single_nonelderly",1,1,0.5,1,0.5,0.5,
23,"G2_with_children",0,1,0.75,0.75,0.5,0.5,1
24,"G3_single_nonelderly",1,1,0.625,1,1,1,
25,"G4_other",1,1,,1,0.5,0.75,
26,"G2_with_children",1,1,0.75,0.75,0.75,0.75,
27,"G2_with_children",0,0,0.125,1,0,0,0
28,"G4_other",1,1,0.25,1,0.5,0.5,
29,"G1_elderly_only",1,,0.625,1,0.75,0.75,
30,"G2_with_children",,0,0.5,0.75,0.5,0.5,
31,"G4_other",,,0.375,0.5,0.5,0.5,
32,"G3_single_nonelderly",0,0,0.625,0.75,0.5,0.5,0
33,"G1_elderly_only",0,,0.5,0.75,0.5,0.5,
34,"G4_other",0,,0.75,0.75,0.75,0.75,
35,"G4_other",,,0.875,1,0.5,0.25,
36,"G3_single_nonelderly",0,0,0.375,0.25,0.25,0.25,0
37,"G3_single_nonelderly",0,,0.625,0.75,0.5,0.5,
38,"G2_with_children",1,1,0.375,1,0.5,0.75,
39,"G4_other",,,0.25,0.75,0.5,0.5,
40,"G2_with_children",1,1,0.625,1,0.75,0.5,
41,"G4_other",0,,0.625,0.5,0.5,0.5,
42,"G3_single_nonelderly",1,1,0.375,0.25,0.25,0.25,
43,"G1_elderly_only",1,1,,0.75,0.75,0.75,
44,"G1_elderly_only",0,,0.5,0.75,0.75,0.5,
45,"G4_other",1,1,0.5,0.75,0.75,0.75,
46,"G4_other",1,1,1,0.75,0.5,0.5,
47,"G2_with_children",,,0.25,0.75,0.5,0.5,
48,"G1_elderly_only",,,0.75,0.5,0.5,0.5,
49,"G1_elderly_only",0,0,0.5,0.75,0.5,0.75,0
50,"G2_with_children",1,1,0.625,1,1,1,
51,"G2_with_children",1,1,0.25,1,0.75,0.5,
52,"G4_other",,,0.375,0.75,0.5,,
53,"G4_other",0,0,0.75,0.75,0.75,0.75,0
54,"G4_other",0,1,0.375,0.75,0.5,0.5,1
55,"G3_single_nonelderly",1,1,0.75,0.5,0.5,0.5,
56,"G2_with_children",0,0,0.375,0.75,0.5,0.5,0
57,"G4_other",1,1,0.5,0.75,0.5,0.5,
58,"G1_elderly_only",1,1,1,0.75,0.25,0.25,
59,"G4_other",,,0.375,0.5,0.5,0.5,
60,"G1_elderly_only",1,,0.5,1,0.5,1,
61,"G2_with_children",1,1,0.5,0.75,0.75,0.75,
62,"G2_with_children",1,1,0.5,0.75,0.75,0.75,
63,"G1_elderly_only",0,0,0.625,0.5,0.5,0.75,0
64,"G4_other",1,1,0.75,0.75,0.75,0.75,
65,"G4_other",0,0,0.875,0.75,0.5,0.5,0
66,"G4_other",0,,0.75,0.75,0.75,0.75,
67,"G4_other",0,0,0.5,0.5,0.5,0.75,0
68,"G1_elderly_only",1,,0.375,1,0.75,0.75,
69,"G2_with_children",,,0.625,0.75,0.5,0.5,
70,"G4_other",1,1,0.625,0.75,0.75,0.5,
71,"G4_other",0,,0.25,0.75,0.75,0.75,
72,"G4_other",1,1,0.75,0.75,,0.25,
73,"G1_elderly_only",1,1,0.5,0.75,0.75,0.25,
74,"G2_with_children",1,1,0.75,1,0.25,0.5,
75,"G2_with_children",0,1,1,0.75,0.75,0.5,1
76,"G1_elderly_only",1,1,0.375,0.75,0.75,0.75,
77,"G4_other",,,0.375,0.75,0.5,0.5,
78,"G1_elderly_only",1,1,0.75,0.75,0.75,0.75,
79,"G2_with_children",0,,,0.75,0.5,0.5,
80,"G4_other",0,,0.875,0.75,0.5,0.5,
81,"G2_with_children",,,0.375,0.75,0.5,0.5,
82,"G1_elderly_only",1,,,0.75,0.75,0.75,
83,"G1_elderly_only",0,1,0.75,0.75,0.75,0.75,1
84,"G4_other",0,1,0.5,0.75,0.5,0.5,1
85,"G4_other",1,1,0.375,0.75,0.5,0.5,
86,"G4_other",1,1,0.75,0.75,0.75,0.5,
87,"G4_other",1,,0.375,0.75,0.75,0.75,
88,,1,,0.625,0.75,0.5,0.5,
89,"G3_single_nonelderly",1,1,0.375,0.75,0.75,0.5,
90,"G4_other",0,0,0.25,0.75,0.5,0.5,0
91,"G1_elderly_only",1,1,0.75,0.75,0.75,0.75,
92,"G2_with_children",,1,0.875,0.75,0.5,0.25,
93,"G4_other",1,0,0.375,0.75,0.5,0.5,
94,"G4_other",0,0,0.5,0.5,0.5,0.5,0
95,"G2_with_children",0,0,0.625,0.75,0.25,0.25,0
96,"G3_single_nonelderly",,,0.125,0.5,0.5,0.5,
97,"G2_with_children",0,1,0.375,0.75,0.5,0.5,1
98,"G3_single_nonelderly",,,0,1,,,
99,"G4_other",0,0,0.125,0.75,0.5,0.75,0
100,"G3_single_nonelderly",1,1,0.75,0.75,0.75,0.75,
101,"G1_elderly_only",0,1,0.5,0.5,0.5,0.75,1
102,"G2_with_children",0,0,0.5,0.5,0.5,0.5,0
103,"G2_with_children",1,1,0.625,0.75,0.5,0.75,
104,"G4_other",1,1,0.75,0.75,0.5,0.75,
105,"G3_single_nonelderly",1,1,0.75,0.75,0.5,0.25,
106,"G4_other",1,1,0.875,1,0.5,0.5,
107,"G2_with_children",,1,0.5,0.75,0.75,0.75,
108,"G4_other",,,,1,0.5,,
109,"G2_with_children",1,,0.625,1,0.75,0.75,
110,"G3_single_nonelderly",0,0,0.5,0.75,0.5,0,0
111,"G4_other",1,1,0.625,0.75,0.5,0.5,
112,"G3_single_nonelderly",,,0.25,0.75,0.5,0.75,
113,"G1_elderly_only",1,1,0.625,0.75,0.75,0.75,
114,"G3_single_nonelderly",1,1,0.625,0.75,0.5,0.75,
115,"G2_with_children",1,0,0.125,0.75,0.5,0.5,
116,"G1_elderly_only",,,0.875,0.5,0.25,0,
117,"G2_with_children",1,1,0.25,0.75,0.75,0.75,
118,"G2_with_children",0,1,,1,0.5,0.5,1
119,"G2_with_children",,,0.625,0.75,0.5,0.75,
120,"G4_other",1,1,1,0.75,0.75,0.5,
121,"G1_elderly_only",0,,0,1,1,1,
122,"G2_with_children",1,1,0.625,0.75,0.5,0.5,
123,"G3_single_nonelderly",1,,0.625,1,0.25,0.25,
124,"G4_other",0,,1,0.75,0.5,0.5,
125,"G1_elderly_only",1,1,1,0.75,0.75,0.75,
126,"G2_with_children",1,,0.5,0.75,0.5,0.5,
127,"G1_elderly_only",,0,0.625,0.25,0.5,0.5,
128,"G1_elderly_only",1,0,0.75,0.25,0.25,0,
129,"G1_elderly_only",1,1,0.125,0.75,0.75,0.75,
130,"G4_other",1,1,0.5,1,1,1,
131,"G4_other",0,1,0.625,0.75,0,0.5,1
132,"G2_with_children",,,0,1,0.75,1,
133,"G4_other",0,0,,0.75,0.25,0.5,0
134,"G2_with_children",0,0,0.25,0.75,0.5,0.5,0
135,"G4_other",0,0,0,0.75,0.5,0.75,0
136,"G4_other",0,,0.5,0.75,0.75,0.5,
137,"G3_single_nonelderly",,,0.375,0.75,0.5,0.5,
138,"G2_with_children",0,1,0.875,0.75,0.5,0.5,1
139,"G4_other",,0,0.25,1,0.75,0.75,
140,"G1_elderly_only",0,1,0.625,0.75,0.75,0.75,1
141,"G2_with_children",1,1,0.75,0.5,0.5,0.5,
142,"G1_elderly_only",1,1,0.625,1,0.75,0.75,
143,"G1_elderly_only",0,1,0.375,0.75,0.5,0.5,1
144,"G4_other",1,1,0.5,0.75,0.25,0.75,
145,"G2_with_children",1,1,1,0.75,0.75,0.75,
146,"G2_with_children",,,0,0.75,0.5,0.5,
147,"G4_other",,1,0.625,1,0.25,0.5,
148,"G4_other",0,,0.625,0.5,0.25,0.25,
149,"G1_elderly_only",,1,1,0.5,0.5,0.5,
150,"G2_with_children",1,1,0.5,1,1,1,
151,"G4_other",0,0,0.375,0.75,0.5,0.5,0
152,"G3_single_nonelderly",0,0,1,1,0.75,0.5,0
153,"G2_with_children",,1,0.75,0.5,0.25,0.75,
154,"G4_other",0,0,0.375,0.75,0.5,0.75,0
155,"G2_with_children",0,0,0,0.75,0.25,0.5,0
156,"G4_other",1,1,1,1,1,0.75,
157,"G2_with_children",1,1,0.5,0.5,0.25,0.25,
158,"G2_with_children",1,1,0,1,0.75,0.5,
159,"G2_with_children",0,0,0.125,0.75,0.5,0.5,0
160,"G2_with_children",0,0,0.125,0.5,0.5,0.25,0
161,"G3_single_nonelderly",,1,0.625,0.75,0.75,0.75,
162,"G3_single_nonelderly",,,0.375,0.75,0.5,0.5,
163,"G4_other",,,0.5,0.5,0.5,0.5,
164,"G4_other",1,1,0.75,0.75,0.75,0.5,
165,"G2_with_children",0,,0.75,0.25,0.25,0.25,
166,"G2_with_children",1,1,0.75,0.75,0.75,0.25,
167,"G1_elderly_only",1,1,0.25,1,0.5,0.5,
168,"G4_other",1,1,,0.75,0.75,0.75,
169,"G4_other",1,1,0.5,0.75,0.75,0.5,
170,"G2_with_children",0,1,1,1,1,1,1
171,"G4_other",0,1,0.375,0.75,0.75,0.75,1
172,"G4_other",1,,0.25,1,0.75,0.75,
173,"G4_other",1,1,0.5,0.75,0.75,0.5,
174,"G4_other",1,1,0.75,0.75,0.75,0.5,
175,"G4_other",1,1,,0.75,0.5,0.5,
176,"G4_other",0,,0,1,1,0,
177,"G4_other",1,1,0.375,0.75,0.75,0.75,
178,"G1_elderly_only",0,0,0.5,0.75,0.75,0.25,0
179,"G3_single_nonelderly",1,1,0.5,1,0.5,1,
180,"G4_other",0,,0.625,1,0.75,0.5,
181,"G2_with_children",,,0.75,1,0.75,0.75,
182,"G2_with_children",0,1,0.5,0.75,0.5,0.5,1
183,"G3_single_nonelderly",0,,0.375,0.75,0.75,0.75,
184,"G4_other",0,0,0.5,0.75,0.25,0.5,0
185,"G2_with_children",1,1,0.5,0.75,0.75,0.5,
186,"G1_elderly_only",1,1,0.25,0.75,0.5,0.5,
187,"G2_with_children",0,0,0.25,0.75,0.5,0.5,0
188,"G4_other",0,0,0.375,1,0.5,0.75,0
189,"G1_elderly_only",1,1,0.5,0.5,0.5,0.5,
190,"G4_other",0,0,0.375,0.75,0.75,0.75,0
191,"G1_elderly_only",1,1,0.25,0.75,0.5,0.5,
192,"G4_other",0,1,0.875,0.75,0.75,0.75,1
193,"G1_elderly_only",1,1,0.5,0.75,0.75,0.75,
194,,1,1,0.625,1,1,1,
195,"G3_single_nonelderly",,,0.625,0.75,0.5,0.25,
196,"G2_with_children",,,0.5,0.75,0.5,0.25,
197,"G1_elderly_only",1,1,0.75,1,1,0.75,
198,"G4_other",0,1,0.875,0.75,0.25,0.25,1
199,"G4_other",0,0,0.375,0.75,0.5,0.75,0
200,"G1_elderly_only",0,1,0.5,0.75,0.25,0.25,1
201,"G2_with_children",0,1,0.375,0.75,0.5,0.75,1
202,"G4_other",0,,0.625,1,0.25,0.5,
203,"G2_with_children",1,,,0.5,0.5,0.5,
204,"G2_with_children",,,0.25,0.25,0.25,0.25,
205,"G2_with_children",1,1,0.625,1,0.5,0.75,
206,"G1_elderly_only",1,1,0.75,0.75,0.75,0.75,
207,"G3_single_nonelderly",1,,0.625,0.75,0.5,0.75,
208,"G4_other",,,0.25,0.25,0.25,0.25,
209,"G4_other",1,0,0.25,0.75,0.75,0.75,
210,"G1_elderly_only",1,1,0.75,1,1,1,
211,"G4_other",0,,0.375,0.75,0,0,
212,,1,1,0.375,0.75,0.5,0.75,
213,"G4_other",,,0,0.75,1,0.5,
214,"G2_with_children",1,1,0.875,1,0.25,1,
215,"G1_elderly_only",,1,0.625,1,0.75,1,
216,"G4_other",,,0.375,0.75,0.25,0.5,
217,"G2_with_children",,,0.125,0.75,0.5,0.5,
218,"G2_with_children",1,1,0.125,0.75,0.5,0.5,
219,"G2_with_children",1,1,0.625,0.75,0.75,0.5,
220,"G4_other",1,1,0.5,0.75,0.75,0.5,
221,"G2_with_children",,1,0.75,1,0.5,0.5,
222,"G4_other",,,0.375,0.5,0.5,0.5,
223,"G1_elderly_only",0,,0.75,,0.25,0,
224,"G4_other",1,1,0.25,1,0.5,0.5,
225,"G1_elderly_only",1,,0.5,0.75,0.5,0.5,
226,"G4_other",,,0.25,1,1,0.5,
227,,1,1,0.625,1,0.25,0.25,
228,"G3_single_nonelderly",,,0.375,0.5,0.5,0.5,
229,"G2_with_children",0,1,0.75,0.5,0.5,0.5,1
230,"G2_with_children",1,1,0.125,1,0.5,0.5,
231,,,,0.375,0.75,0.75,0.5,
232,"G2_with_children",1,1,0.5,1,1,1,
233,"G2_with_children",0,1,0.75,0.75,0.25,0.25,1
234,"G1_elderly_only",0,,0.75,0.75,0.5,0.5,
235,"G2_with_children",0,1,0.75,0.75,0.25,0.5,1
236,"G1_elderly_only",1,1,0.125,1,0.75,0.75,
237,"G4_other",0,1,0.375,1,0.75,0.5,1
238,"G4_other",0,,0.375,0.75,0.5,0.5,
239,,1,1,0.75,0.75,0.25,0.25,
240,"G4_other",1,1,0.75,0.5,0.5,0.75,
241,"G1_elderly_only",0,1,0.625,0.75,0.75,0.5,1
242,"G2_with_children",1,1,0.5,1,0.75,0.75,
243,"G4_other",1,1,0.25,1,0.75,0.75,
244,"G4_other",1,,0.375,0.75,0.75,0.75,
245,"G1_elderly_only",0,,,0.75,0.5,0.5,
246,"G4_other",,1,0.75,0.5,0.5,0.5,
247,"G1_elderly_only",0,1,0.25,0.75,0.75,0.75,1
248,"G1_elderly_only",0,,0.5,0.5,0.5,0.5,
249,"G3_single_nonelderly",0,,0,1,0.5,0.75,
250,"G4_other",0,0,0.375,0.75,0.75,0.75,0
251,"G4_other",,,0.5,0.75,0.75,0.75,
252,"G1_elderly_only",0,1,0.125,0.75,0.5,0.75,1
253,"G1_elderly_only",0,0,0.5,0.75,0.25,,0
254,"G3_single_nonelderly",1,1,0.125,0.75,0.75,0.75,
255,"G2_with_children",1,0,0.75,0.75,0.75,0.5,
256,"G1_elderly_only",1,,0.625,0.75,0.75,0.75,
257,"G3_single_nonelderly",1,1,0.75,0.5,0.5,0.5,
258,,,,0.5,0.75,0.25,0.75,
259,"G1_elderly_only",1,1,0.875,1,0.25,0.25,
260,"G2_with_children",,,0.375,0.5,0.5,0.5,
261,"G3_single_nonelderly",,,0.75,0.25,0.25,0.5,
262,"G3_single_nonelderly",0,,0.75,0.75,0.75,0.75,
263,"G3_single_nonelderly",0,,0.5,0.75,0.5,,
264,"G3_single_nonelderly",0,,0.375,0.5,0.5,0.5,
265,"G1_elderly_only",1,1,0.125,0.75,0.25,0.5,
266,"G2_with_children",1,1,0.875,0.75,0.25,0.5,
267,"G2_with_children",0,1,0.625,0.75,0.25,0.25,1
268,"G2_with_children",1,1,0.5,1,0.75,0.75,
269,"G3_single_nonelderly",1,1,0.5,0.75,0.75,0.75,
270,"G2_with_children",,,0.125,0.75,0.5,0.5,
271,"G1_elderly_only",1,1,0.375,0.75,0.75,0.75,
272,"G4_other",,,,0.5,0.25,,
273,"G2_with_children",0,1,0.875,0.75,0.25,0.5,1
274,"G4_other",0,0,0.5,0.75,0.5,0.5,0
275,"G4_other",,,1,0.75,0.5,0.5,
276,"G4_other",0,1,0.5,0.75,0.75,0.75,1
277,"G2_with_children",,,1,0.25,0,0,
278,"G1_elderly_only",1,1,0.75,0.75,0.75,0.75,
279,"G3_single_nonelderly",,,0.375,0.75,0.5,0.5,
280,"G2_with_children",1,1,1,0.75,,0.75,
281,"G1_elderly_only",0,1,0.75,0.5,0.5,0.5,1
282,"G1_elderly_only",0,,0,0.75,0.5,0.5,
283,"G4_other",,,0.75,0.75,0.5,0.5,
284,"G2_with_children",,0,0.5,1,0.5,0.5,
285,"G2_with_children",1,1,0.5,0.75,0.5,0.25,
286,"G1_elderly_only",0,,0.375,0.5,0.25,0,
287,"G1_elderly_only",0,1,0.75,0.75,0.75,0.75,1
288,"G1_elderly_only",1,1,0.5,1,0.5,0.75,
289,"G4_other",1,1,0.75,0.75,0.75,0.75,
290,"G1_elderly_only",0,0,,0.75,0.5,0.5,0
291,"G2_with_children",1,1,0.375,0,0.5,0,
292,"G2_with_children",1,1,,1,1,1,
293,"G1_elderly_only",0,0,0.375,0.75,1,0.75,0
294,,,1,0.5,0.75,0.5,0.75,
295,"G4_other",,,0.25,1,0.5,0.5,
296,"G2_with_children",0,1,0,0.75,0.75,0.75,1
297,"G1_elderly_only",1,1,0.625,1,0.75,0.75,
298,"G3_single_nonelderly",0,1,0.625,0.75,0.75,0.75,1
299,"G1_elderly_only",,,0.25,0.75,0.5,0.5,
300,,1,1,0.5,0.25,0.5,0.5,
301,"G4_other",,,0,1,0.75,0.5,
302,"G1_elderly_only",0,0,0.125,0.75,0.75,0.75,0
303,"G2_with_children",0,,0.25,0.75,0.75,0.75,
304,"G1_elderly_only",1,,0.75,0.75,0.5,0.25,
305,"G1_elderly_only",0,1,0.75,0.75,0.75,0.75,1
306,"G4_other",1,1,0.25,,,,
307,"G1_elderly_only",,,0.5,,,,
308,"G1_elderly_only",1,1,0.375,0.75,0.5,0.25,
309,"G3_single_nonelderly",1,1,0.75,0.75,0.75,0.75,
310,"G4_other",0,0,0.125,1,0.5,0.25,0
311,"G2_with_children",1,1,0.625,0.75,0.75,0.5,
312,"G4_other",0,0,0.625,1,,0.75,0
313,"G4_other",1,,0.5,0.75,0.5,0.75,
314,"G1_elderly_only",,,0.5,0.5,0.5,0.5,
315,"G4_other",0,1,1,1,0.5,0.75,1
316,"G1_elderly_only",0,0,0.125,,,,0
317,"G2_with_children",1,1,0.375,0.75,0.75,0.75,
318,"G1_elderly_only",1,1,0.25,1,0.75,0.75,
319,"G3_single_nonelderly",,,0.625,0.75,,,
320,"G4_other",,,0,,,,
321,"G1_elderly_only",0,,0.75,0.5,0.25,0.25,
322,"G1_elderly_only",0,0,0.75,1,0.75,0.5,0
323,"G2_with_children",,,0.5,0.75,0.5,0.75,
324,,1,1,1,0.25,0.25,0.5,
325,"G1_elderly_only",1,,0.75,0.75,0.75,0.75,
326,"G4_other",,,0.375,,,,
327,"G4_other",0,0,0.625,0.75,0.75,0.75,0
328,"G1_elderly_only",1,,0.625,0.5,0.25,0.25,
329,,1,1,0.25,1,0.5,0.75,
330,"G3_single_nonelderly",1,,1,1,1,1,
331,"G4_other",0,0,0.375,1,0.5,0.5,0
332,"G2_with_children",0,,0.5,0.75,0.5,0.5,
333,"G4_other",0,0,0.375,0.75,0.25,0.25,0
334,"G1_elderly_only",0,,0.875,1,0.75,0.5,
335,"G2_with_children",0,1,0.625,0.75,0.75,0.75,1
336,"G3_single_nonelderly",0,0,0.25,0.75,0.5,0.5,0
337,"G1_elderly_only",1,,0.875,1,0.75,0.5,
338,"G4_other",1,1,0.25,0.75,0.75,0.5,
339,"G3_single_nonelderly",1,,0.5,0.5,0.5,0.5,
340,"G1_elderly_only",0,1,0.375,0.75,0.25,0.25,1
341,"G4_other",1,1,0.75,1,1,0.25,
342,"G2_with_children",1,1,0.375,0.75,0.75,0.5,
343,"G1_elderly_only",0,1,0.75,0.75,0.75,0.5,1
344,"G2_with_children",1,1,0.375,1,1,1,
345,"G1_elderly_only",1,1,0.5,0.75,0.5,0.5,
346,"G3_single_nonelderly",1,1,0.625,0.75,0.5,0.5,
347,"G1_elderly_only",0,1,,0.5,0.25,0.25,1
348,"G4_other",1,1,0.875,1,0.25,0.5,
349,"G2_with_children",,,0.25,0.75,0.75,0.5,
350,"G1_elderly_only",1,,0.625,0.75,0.75,0.5,
351,"G1_elderly_only",,,0.75,0.25,0.25,0.25,
352,"G1_elderly_only",0,0,0.625,0.75,,0.5,0
353,"G3_single_nonelderly",,,0.375,0.75,0.5,0.5,
354,"G3_single_nonelderly",1,1,1,1,0.75,0.25,
355,"G4_other",0,1,0.375,0.75,0.5,0.5,1
356,"G2_with_children",1,1,1,1,0.25,1,
357,"G2_with_children",0,0,0.625,0.75,0.5,0.5,0
358,"G3_single_nonelderly",,0,0.5,0.5,0.5,0.25,
359,"G3_single_nonelderly",1,1,0.75,0.75,0.5,0.5,
360,"G1_elderly_only",0,1,0.625,0.75,0.75,0.75,1
361,"G2_with_children",1,1,1,0.5,0,0.5,
362,"G3_single_nonelderly",1,1,0.375,0.75,0.5,0.75,
363,"G2_with_children",,,0.75,0.5,0.5,0.5,
364,"G3_single_nonelderly",0,,0,0.5,0.5,0.5,
365,"G2_with_children",1,1,0,0.75,0.75,0.75,
366,"G1_elderly_only",0,1,0.5,0.5,0.25,0.25,1
367,"G2_with_children",1,1,0.5,1,1,1,
368,"G2_with_children",0,1,0.75,0.75,0.75,0.75,1
369,"G1_elderly_only",0,,0.75,0.5,0.5,0.5,
370,"G1_elderly_only",0,1,,0.5,0.5,0.75,1
371,"G4_other",1,1,0.5,0.75,0.5,0.5,
372,"G2_with_children",1,1,0.75,1,0.5,0.75,
373,"G2_with_children",0,,1,1,0.5,0.5,
374,"G4_other",1,1,0.625,0.25,0.5,0.5,
375,"G1_elderly_only",1,1,0.75,0.75,0.5,0.5,
376,"G3_single_nonelderly",1,1,0.5,0.75,0.75,0.5,
377,"G2_with_children",1,1,1,0.75,,0.5,
378,"G2_with_children",0,0,0.5,0.75,0.5,0.5,0
379,"G1_elderly_only",0,0,0.625,0.5,0.25,0.5,0
380,"G2_with_children",1,1,0.875,1,0.75,0.5,
381,,1,1,1,1,1,1,
382,"G4_other",1,1,0.625,1,1,0.75,
383,"G1_elderly_only",0,1,0.375,0.75,0.5,0.25,1
384,"G3_single_nonelderly",0,0,0.5,0.75,0.5,0.5,0
385,"G4_other",,1,0.625,0.5,0.5,0.5,
386,"G4_other",,,0.25,0.75,0.75,0.5,
387,"G2_with_children",0,0,0.75,0.75,0.5,0.5,0
388,"G3_single_nonelderly",1,1,0.75,0.5,0.5,0.5,
389,"G4_other",,,0.25,0.75,0.75,0.75,
390,"G4_other",1,,0.5,0.75,0.5,0.5,
391,"G2_with_children",0,0,0.5,0.5,0.5,0.5,0
392,"G2_with_children",0,0,0.375,0.75,0.5,0.5,0
393,"G1_elderly_only",1,1,0.5,0.75,0.75,0.75,
394,"G1_elderly_only",1,1,0.25,0,0.5,0,
395,"G2_with_children",1,1,,1,0.75,0.75,
396,"G4_other",1,1,,0.75,0.5,0.5,
397,"G3_single_nonelderly",0,,1,0.75,0.5,0.25,
398,"G4_other",1,1,0.75,0.75,0.5,0.5,
399,"G1_elderly_only",0,0,0.625,0.25,0.5,0.5,0
400,"G4_other",0,0,0.75,1,0.25,0.5,0
401,"G4_other",1,,0.5,0.5,0.25,0.5,
402,"G4_other",,,0.5,0.75,0.5,0.5,
403,"G2_with_children",1,1,,0.5,0.5,0.5,
404,"G1_elderly_only",1,1,0.5,0.75,0.75,0.75,
405,"G1_elderly_only",0,,0.375,0.5,0,0.5,
406,,,,0.5,0,0,0,
407,"G4_other",1,1,0.375,0.75,0.75,0.75,
408,"G2_with_children",1,1,0.625,0.75,0.5,0.75,
409,"G2_with_children",1,1,0.375,0.75,0.5,0.75,
410,"G1_elderly_only",1,1,0.5,1,0.75,0.75,
411,"G2_with_children",0,0,0.25,0.75,0.75,0.75,0
412,,1,1,0.875,0.75,0.75,0.5,
413,"G1_elderly_only",1,1,0.625,1,1,0.5,
414,"G2_with_children",,,0.625,1,0.25,0.5,
415,"G1_elderly_only",1,1,1,1,0.75,0.5,
416,"G1_elderly_only",0,,0.375,0.75,0.5,0.25,
417,"G2_with_children",,,1,0.75,0.75,0.75,
418,"G2_with_children",0,1,0.875,1,1,0.5,1
419,,0,1,0.75,0.25,0.5,0.25,1
420,"G4_other",1,1,0.75,0.75,0.75,0.5,
421,"G4_other",0,0,0.875,0.75,0.5,0.5,0
422,"G3_single_nonelderly",0,,0.375,0.75,0.5,0.5,
423,"G2_with_children",1,1,,0.5,0.5,0.5,
424,"G4_other",1,1,1,1,1,0.75,
425,"G2_with_children",,,0.375,0.75,0.5,0.5,
426,"G4_other",1,1,0.75,0.75,0.25,0.5,
427,"G2_with_children",1,1,0,1,1,1,
428,"G1_elderly_only",0,1,0.5,0.75,0.5,0.5,1
429,"G3_single_nonelderly",0,,0.75,0.75,0.5,0.5,
430,"G3_single_nonelderly",1,1,0,1,,0.75,
431,"G2_with_children",1,1,0.75,0.75,0.75,0.75,
432,"G4_other",1,1,1,1,0.25,0.75,
433,"G2_with_children",0,0,0.125,0.75,0.5,0.5,0
434,"G3_single_nonelderly",1,1,0.375,1,0.75,0.75,
435,"G3_single_nonelderly",0,,0.25,0.25,0,0,
436,"G3_single_nonelderly",,,0.875,0.5,0.5,0.5,
437,"G4_other",0,1,0.5,0.5,0.5,0.5,1
438,"G4_other",1,1,0.625,0.75,0,0.75,
439,"G1_elderly_only",,,0.5,0.5,0.5,0.5,
440,"G1_elderly_only",1,1,0.75,0.75,0.5,0.25,
441,"G1_elderly_only",1,1,0.75,0.75,0.5,0.5,
442,"G1_elderly_only",0,0,0.25,0.75,0.25,0.25,0
443,"G1_elderly_only",,1,0.375,0.75,0.75,0.5,
444,"G1_elderly_only",1,1,0.375,0.75,0.75,0.5,
445,,1,,0.625,0.75,0.75,0.75,
446,"G1_elderly_only",0,1,0.625,0.75,0.25,0.25,1
447,"G1_elderly_only",0,,0.5,0.75,0.5,0.75,
448,"G1_elderly_only",1,1,0.625,0.75,0.75,0.75,
449,"G2_with_children",0,0,0.25,0.75,0.25,0.25,0
450,"G1_elderly_only",0,0,0.375,1,0.75,0.75,0
451,"G2_with_children",,,0.875,1,,,
452,,,,0.75,1,0.5,0.25,
453,"G1_elderly_only",,,,0.5,0.5,0.5,
454,"G4_other",,,0.875,0.5,0.5,0.5,
455,"G1_elderly_only",0,,0.375,0.75,0.25,,
456,"G4_other",1,0,0,1,0.75,0.5,
457,,0,1,0.375,0.5,0.25,0.75,1
458,"G1_elderly_only",0,1,0.375,1,0.5,0.25,1
459,"G1_elderly_only",1,1,0.25,0.75,0.5,0.75,
460,"G4_other",0,,0.875,0.75,0.5,0.5,
461,"G4_other",1,1,0.5,0.75,0.5,0.75,
462,"G2_with_children",0,1,1,0.5,0.5,0.5,1
463,"G1_elderly_only",0,0,0.125,0.75,0.75,0.75,0
464,"G4_other",0,0,0.25,1,0.5,0.5,0
465,"G2_with_children",0,0,0.25,0.75,0.5,0.75,0
466,"G3_single_nonelderly",0,,1,0.5,0.5,0.5,
467,"G4_other",0,,0.75,0.75,0.5,0.5,
468,"G1_elderly_only",0,,0.75,0.75,0.5,0.5,
469,"G2_with_children",1,1,0.625,0.25,0.25,0.25,
470,"G3_single_nonelderly",,,0.25,0.75,0.75,0.75,
471,"G4_other",0,1,0.75,0.75,0.25,0.25,1
472,"G3_single_nonelderly",,,0.5,0.75,0.5,0.25,
473,"G3_single_nonelderly",1,1,0.625,0.75,0.5,0.5,
474,"G4_other",1,1,0.5,0.75,0.5,0.5,
475,"G1_elderly_only",1,1,0.375,0.75,0.75,0.75,
476,"G4_other",0,1,0.75,0.75,0.5,0.5,1
477,"G2_with_children",1,1,0.875,1,1,1,
478,"G1_elderly_only",,1,1,0.75,0,0,
479,"G2_with_children",0,1,0.625,0.5,0.75,0.75,1
480,"G1_elderly_only",1,1,0.25,1,0.75,0.75,
481,"G2_with_children",0,1,0.875,1,0.25,0.5,1
482,"G2_with_children",1,1,0.625,0.75,0.5,0.75,
483,"G3_single_nonelderly",1,,0.625,0.75,0.75,0.75,
484,,,,0.5,0.5,0.5,0.5,
485,"G3_single_nonelderly",1,,0.5,1,0.25,0.25,
486,"G4_other",1,1,0.625,0.5,0.5,0.5,
487,"G2_with_children",,,0.375,0.75,0.25,0.5,
488,"G3_single_nonelderly",1,,0.375,0.75,0.5,0.5,
489,"G2_with_children",1,1,0.75,1,0.75,0.5,
490,"G3_single_nonelderly",,,0.25,0.75,0.75,0.75,
491,"G4_other",1,1,0.625,0.25,0.5,0.25,
492,"G1_elderly_only",,,0.25,0.75,0.75,0.75,
493,,1,0,0.25,0.75,0.75,0.75,
494,"G2_with_children",0,1,0.375,0.75,0.5,0.5,1
495,"G4_other",0,0,0.5,0.75,0.5,0.5,0
496,"G3_single_nonelderly",,,0.5,0.75,0.75,0.5,
497,"G4_other",1,1,0.5,0.75,0.75,0.75,
498,"G1_elderly_only",0,0,0,0.75,0.25,0.25,0
499,"G4_other",1,1,0.75,1,1,1,
500,"G2_with_children",,1,0.875,0.75,0.75,0.75,
501,"G2_with_children",1,1,0.25,1,1,1,
502,"G3_single_nonelderly",1,,0.25,0.5,0.5,0.5,
503,"G2_with_children",1,1,,0.75,0.5,0.5,
504,"G2_with_children",1,1,0.75,0.75,0.25,0.5,
505,"G4_other",1,1,,0.75,0.5,0.5,
506,"G2_with_children",0,1,0.5,0.75,0.5,0.5,1
507,,0,,0.375,0.25,0.25,0.25,
508,"G2_with_children",,,0.625,0.5,0.5,0.5,
509,"G3_single_nonelderly",1,1,0.5,0.75,0.75,0.5,
510,"G1_elderly_only",,,0.875,0.75,0.75,0.25,
511,"G1_elderly_only",,,0.625,0.75,0.5,0.25,
512,"G3_single_nonelderly",0,1,0.875,1,0.5,0.75,1
513,"G4_other",0,,0.25,0.75,0.5,0.5,
514,"G1_elderly_only",,,0.125,0.75,0.75,0.75,
515,"G2_with_children",1,1,0.25,1,0.75,0.75,
516,"G2_with_children",0,0,,0.5,0.25,0.25,0
517,"G2_with_children",,,0.5,0.75,0.5,0.5,
518,"G1_elderly_only",0,1,0.75,0.75,0.5,0.75,1
519,"G4_other",1,0,0,0.25,0.5,0.5,
520,"G4_other",,,0.75,0.5,0.5,0.5,
521,"G3_single_nonelderly",1,,0.5,0.75,0.5,0.5,
522,"G4_other",0,,0.625,0.75,0.5,0.25,
523,"G1_elderly_only",,,0,0.75,0.5,0.75,
524,"G1_elderly_only",0,,1,0.5,0.25,0.5,
525,"G4_other",0,0,0.5,0.75,0.25,0.25,0
526,"G3_single_nonelderly",0,,0.125,0.75,0.5,0.75,
527,"G3_single_nonelderly",0,0,0.5,0.75,0.5,0.5,0
528,"G4_other",1,1,0.375,0.5,0.25,0.25,
529,"G3_single_nonelderly",1,1,0.5,0.75,0.5,0.5,
530,"G1_elderly_only",,,0.625,0.75,,0.25,
531,"G3_single_nonelderly",0,1,0.625,0.5,0.5,0.5,1
532,"G1_elderly_only",1,1,,0.75,0.75,0.5,
533,"G4_other",1,1,0.375,0.75,0.5,0.5,
534,"G4_other",1,1,0.625,0.75,0.5,0.5,
535,"G2_with_children",0,0,0.875,0.5,0.75,0.5,0
536,"G1_elderly_only",1,1,0.625,0.75,0.25,0.5,
537,"G3_single_nonelderly",1,0,0.75,0.75,0.5,0.5,
538,,1,1,1,1,1,1,
539,"G2_with_children",1,,0.5,0.75,0.5,0.75,
540,"G2_with_children",0,1,0.25,0.75,0.25,0.5,1
541,"G3_single_nonelderly",1,1,0.5,0.75,0.75,0.75,
542,"G2_with_children",1,,0.125,1,1,0.5,
543,"G2_with_children",0,1,0.875,0.75,0.75,0.5,1
544,"G2_with_children",0,0,0.625,0.75,0.5,0.5,0
545,"G2_with_children",1,1,0.5,0.75,0.5,0.75,
546,"G2_with_children",0,1,,1,1,1,1
547,"G1_elderly_only",0,,0.75,0.75,0.75,0.5,
548,"G2_with_children",0,0,1,1,0.25,0.25,0
549,"G4_other",1,1,0.75,0.75,0,0.5,
550,,0,0,0.125,0.5,0.5,0.5,0
551,"G3_single_nonelderly",1,0,0.75,0.75,0.5,0.5,
552,"G2_with_children",,,0.375,0.25,0.5,0.5,
553,"G1_elderly_only",1,0,0.75,0.75,0.75,0.75,
554,"G3_single_nonelderly",,,0.75,0.75,0.5,0.5,
555,"G4_other",,,0.25,0.75,0.25,0.5,
556,"G3_single_nonelderly",,,0.5,0.75,0.5,0.5,
557,"G4_other",0,1,0.25,,,,1
558,"G2_with_children",0,1,0.5,0.75,0.5,0.75,1
559,"G4_other",1,1,0.5,1,0.75,0.5,
560,"G1_elderly_only",1,1,0.875,1,0.5,0.75,
561,"G1_elderly_only",0,,0.75,1,0.75,1,
562,"G2_with_children",1,1,0.5,0.75,0.75,0.5,
563,"G2_with_children",1,,0.5,0.75,0.75,0.25,
564,"G4_other",,1,0.25,0.75,0.5,0.25,
565,"G1_elderly_only",,,0.25,0.25,0.25,0.75,
566,"G2_with_children",0,1,0.25,1,0.75,0.75,1
567,"G2_with_children",1,0,0.5,0.75,0.5,0.5,
568,"G3_single_nonelderly",1,1,0.375,0.75,0.75,0.75,
569,"G4_other",1,0,0.625,1,0.75,0.75,
570,"G1_elderly_only",1,,0.5,0.5,0.5,0.5,
571,"G2_with_children",1,1,0.75,1,1,0.75,
572,"G4_other",1,1,0.5,0.75,0.5,0.5,
573,"G2_with_children",0,1,0.5,0.5,0.5,0.5,1
574,"G4_other",0,0,0.5,0.5,0.5,0.5,0
575,"G2_with_children",0,1,0.5,0.5,0.5,0.5,1
576,"G1_elderly_only",1,1,0.625,1,0.75,0.75,
577,"G4_other",0,0,0.25,0.75,0.5,0.25,0
578,"G2_with_children",0,0,1,1,0.5,0.5,0
579,"G3_single_nonelderly",,,0.5,0.5,0.5,0.75,
580,"G4_other",0,0,0.375,0.75,0.5,0.25,0
581,"G2_with_children",0,0,0.75,0.75,0.25,0.25,0
582,"G2_with_children",,,0.375,0.75,0.25,0.5,
583,"G2_with_children",0,0,0.5,0.75,0.5,0.5,0
584,"G3_single_nonelderly",,,0.75,0.75,0.25,,
585,"G2_with_children",,,0.75,0.75,0.5,0.5,
586,"G4_other",1,1,0.75,0.75,0.5,0.5,
587,"G3_single_nonelderly",,,0.5,0.75,0.75,0.5,
588,"G2_with_children",0,1,0.5,0.75,0.5,0.5,1
589,"G4_other",0,0,,0.5,0.25,0.5,0
590,"G1_elderly_only",,,0.625,0.75,0.75,0.75,
591,"G1_elderly_only",0,,0.25,0.75,0.75,0.75,
592,"G4_other",0,,0.625,0.75,0.75,0.75,
593,"G1_elderly_only",1,1,1,1,1,1,
594,"G1_elderly_only",0,0,0.75,0.75,0.5,0.5,0
595,"G4_other",1,1,0.25,0.75,0.5,0.5,
596,"G1_elderly_only",,1,0.75,1,1,0.75,
597,"G1_elderly_only",1,1,1,0.75,0.25,0.5,
598,,1,1,0.5,0.75,0.75,0.75,
599,"G2_with_children",1,1,0.375,0.75,0.5,0.75,
600,"G1_elderly_only",,0,0.375,0.25,0.25,0.5,
601,"G1_elderly_only",0,1,0.75,0.5,0.75,0.75,1
602,"G2_with_children",0,0,0.125,0.75,0.75,0.75,0
603,"G2_with_children",0,1,0.25,0.75,0.5,0.5,1
604,"G1_elderly_only",0,0,0.25,1,0.75,0.75,0
605,"G2_with_children",0,1,,0.75,0.75,1,1
606,"G4_other",0,0,0,0.75,0.75,0.5,0
607,"G4_other",0,1,0.625,0.75,0.25,0.5,1
608,"G2_with_children",1,1,1,1,0.5,1,
609,"G2_with_children",1,1,0.625,1,0.75,0.75,
610,"G1_elderly_only",0,0,0.5,0.75,0.75,0.5,0
611,"G1_elderly_only",,,0.25,0.5,0.5,0.5,
612,"G1_elderly_only",,,0.625,0.75,0.75,0.75,
613,"G3_single_nonelderly",0,0,0.125,0.75,0.75,0.5,0
614,"G1_elderly_only",1,,0.625,0.75,0.5,0.5,
615,"G2_with_children",,,0.25,0.5,0.5,0.5,
616,"G4_other",,,0.375,1,1,0.75,
617,"G1_elderly_only",1,1,0.5,0.75,0.75,0.75,
618,"G1_elderly_only",0,1,1,0.5,0.5,0.75,1
619,"G1_elderly_only",,,0,0.5,,,
620,"G1_elderly_only",1,1,0.5,0.75,0.75,0.5,
621,"G1_elderly_only",1,1,0.375,0.75,0.5,0.5,
622,"G1_elderly_only",,,,1,1,1,
623,,,,,,,,
624,"G4_other",1,1,0.75,0.75,0.5,,
625,"G2_with_children",,,0.625,0.25,0.25,0.5,
626,"G1_elderly_only",1,1,0.375,1,0.75,0.75,
627,"G3_single_nonelderly",0,,0.5,0.75,0.75,0.75,
628,"G1_elderly_only",0,0,0.5,0.5,0.25,0.25,0
629,"G1_elderly_only",0,0,0.25,0.75,0.5,0.25,0
630,,,1,0.375,0.75,0.75,0.75,
631,"G1_elderly_only",1,1,0.375,0.75,0.75,0.75,
632,"G3_single_nonelderly",0,,0.5,0.75,0.5,0.75,
633,"G2_with_children",1,1,0.75,0.75,0.5,0.5,
634,"G1_elderly_only",1,1,0.375,0.75,0.75,0.5,
635,"G2_with_children",0,1,0.125,0.75,0.25,0.75,1
636,"G2_with_children",1,1,0.75,0.75,0.5,0.75,
637,"G1_elderly_only",1,1,0.5,1,0.75,0.75,
638,"G4_other",0,0,0.5,1,0.75,0.75,0
639,"G1_elderly_only",1,,0.375,0.75,0.5,0.75,
640,"G1_elderly_only",,,0.25,,,,
641,,1,1,0.5,0.75,0.75,0.5,
642,"G3_single_nonelderly",1,,,0.75,0.25,0.25,
643,"G3_single_nonelderly",1,1,0.5,0.75,0.75,0.75,
644,"G2_with_children",1,1,0.25,0.5,0.75,0.5,
645,"G3_single_nonelderly",1,1,0.75,1,1,1,
646,"G2_with_children",1,1,0.75,1,0.5,0.25,
647,"G1_elderly_only",0,0,0.625,0.25,0.25,0.25,0
648,"G1_elderly_only",1,1,0.625,1,0.5,0.75,
649,"G1_elderly_only",0,,0.375,0.25,0.25,0.25,
650,"G2_with_children",1,1,1,1,0.5,0.5,
651,"G3_single_nonelderly",0,0,0.5,0.75,0.75,0.75,0
652,"G3_single_nonelderly",0,,0.375,0.75,0.25,0.5,
653,"G4_other",0,0,0.375,0.5,0.5,0.5,0
654,"G4_other",1,1,0,0.5,0.5,0.5,
655,"G1_elderly_only",,,0.5,0.75,0.5,0.75,
656,"G4_other",,1,0.375,0.75,0.5,0.5,
657,"G1_elderly_only",,,0.25,0.75,0.75,0.75,
658,,,,0.375,0.5,0.5,0.5,
659,"G3_single_nonelderly",,,0.25,0.75,0.5,0.5,
660,"G4_other",1,1,0.75,1,1,1,
661,"G2_with_children",0,0,0.125,0.5,0.25,0.25,0
662,"G2_with_children",1,0,0.125,0.75,0.75,0.5,
663,"G4_other",0,0,0.25,0.75,0.5,0.5,0
664,"G1_elderly_only",,,0.375,1,0.5,0.5,
665,"G4_other",0,1,1,0.75,0.5,0.5,1
666,"G3_single_nonelderly",0,,0.25,0.75,0.5,0.75,
667,"G1_elderly_only",0,0,,0.75,0.5,0.75,0
668,"G2_with_children",1,1,0.75,0.75,0.25,0.75,
669,"G4_other",1,1,0.75,0.75,0.75,0.75,
670,"G4_other",0,0,0.25,0.75,0.5,0.75,0
671,"G2_with_children",,0,0.5,0.75,0.25,0.25,
672,"G2_with_children",1,1,0.75,0.75,0.25,0.5,
673,"G4_other",0,0,0.5,0.75,0.25,0.75,0
674,"G2_with_children",0,,0.625,0.75,0.25,0.5,
675,"G4_other",,0,0.125,0.5,0.5,0.5,
676,"G3_single_nonelderly",0,1,0,1,0.5,1,1
677,"G3_single_nonelderly",1,1,0.75,1,0.75,0.75,
678,"G4_other",1,1,1,0.25,0.25,0.25,
679,"G4_other",1,1,0.5,0.75,0.5,0.5,
680,"G1_elderly_only",1,1,0.625,1,0.25,0.5,
681,"G1_elderly_only",1,1,0.75,0.75,0.5,0.5,
682,"G4_other",1,1,0.625,0.75,0.5,0.5,
683,"G4_other",1,1,0.25,0.75,0.5,0.5,
684,"G4_other",0,1,1,0.75,0.5,0.5,1
685,"G3_single_nonelderly",,,0.625,0.75,0.5,0.5,
686,"G3_single_nonelderly",,,0.25,0.75,0.5,0.75,
687,"G1_elderly_only",1,1,0.625,1,1,1,
688,"G2_with_children",0,1,0.625,0.75,0.5,0.5,1
689,"G1_elderly_only",0,0,0.375,0.75,0.5,0.5,0
690,"G2_with_children",1,1,0.25,0.75,0.75,0.75,
691,"G4_other",1,1,0.875,0.75,0.75,0.5,
692,"G2_with_children",,,0,0.75,0.5,0.5,
693,"G2_with_children",0,,0.625,0.75,0.5,0.5,
694,"G2_with_children",1,1,1,0.5,0,0,
695,"G4_other",,,0.875,0.5,0.5,0.25,
696,,0,0,0.375,0.75,0.5,0.5,0
697,"G4_other",0,,0.5,0.75,0.5,0.5,
698,"G1_elderly_only",,,0.5,0.75,0.75,0.75,
699,"G1_elderly_only",,,0.125,0.75,0.5,,
700,"G2_with_children",,1,,0.75,0.5,0.5,
701,"G3_single_nonelderly",1,1,0.75,0.75,0.5,0.5,
702,,1,1,1,0.75,0.5,0,
703,"G4_other",1,,0.625,0.75,0.5,0.5,
704,"G4_other",0,0,0.375,0.25,0.25,0.5,0
705,"G2_with_children",0,1,0.875,0.75,0.75,0.75,1
706,"G2_with_children",0,1,0.75,0.75,0.25,0.5,1
707,"G3_single_nonelderly",0,,1,0.75,0.5,0.5,
708,"G3_single_nonelderly",1,1,,0.75,0.75,0.5,
709,"G3_single_nonelderly",,,0.375,0.75,0.75,0.5,
710,"G2_with_children",0,,0.25,0.5,0.25,0,
711,"G1_elderly_only",0,1,0.75,0.75,0.5,0.5,1
712,"G4_other",1,1,0.25,0.5,0.5,0.5,
713,"G3_single_nonelderly",0,,0.125,0.5,0.5,0.5,
714,"G2_with_children",0,1,0.125,0.5,0.5,0.5,1
715,"G3_single_nonelderly",0,0,0.25,0.75,0.75,0.5,0
716,"G4_other",0,,0.125,1,0.5,0.5,
717,"G4_other",0,,0.25,0.75,0.5,0.5,
718,"G4_other",1,1,0.875,1,0.5,0.75,
719,"G1_elderly_only",1,1,0.75,0.75,0.75,0.75,
720,"G1_elderly_only",1,1,0.25,0.75,0.5,0.75,
721,"G4_other",0,,0.375,0.75,0.5,0.5,
722,"G1_elderly_only",,,,1,0.5,0.5,
723,"G4_other",0,0,0.5,0.75,0.5,0.5,0
724,"G1_elderly_only",1,1,0,0.5,0,0,
725,,1,1,0.875,0.5,0.25,0.5,
726,"G4_other",0,0,0.25,0.75,0.25,0.25,0
727,"G4_other",,,0.25,0.75,0.75,0.75,
728,"G4_other",1,,,,,,
729,"G1_elderly_only",1,1,0.25,0.75,0.75,0.75,
730,"G2_with_children",0,1,0.375,1,0.75,0.75,1
731,"G2_with_children",1,1,0.5,0.75,0.5,0.5,
732,"G2_with_children",1,1,0.625,1,0.5,0.75,
733,"G1_elderly_only",0,,0.75,0.75,0.5,0.5,
734,"G1_elderly_only",1,1,0.125,1,0.75,0.75,
735,"G2_with_children",,,0.25,0.5,0.75,0.5,
736,"G2_with_children",1,1,0.75,0.75,0.5,0.75,
737,"G1_elderly_only",,,0.875,0.75,0.75,0.75,
738,"G1_elderly_only",,1,0.5,0.75,0.5,0.75,
739,"G2_with_children",,,0.375,0.5,0.25,0.25,
740,"G4_other",1,1,0.5,1,0.75,0.75,
741,"G1_elderly_only",1,1,0.625,,,,
742,"G2_with_children",1,1,0.875,1,1,1,
743,"G3_single_nonelderly",1,1,0,0.75,0.25,0.5,
744,"G4_other",0,0,0,1,0,0,0
745,"G4_other",1,1,0.375,0.75,0.5,0.5,
746,"G3_single_nonelderly",1,,0.125,0.75,0.75,0.5,
747,"G2_with_children",1,1,0.625,1,0.5,0.75,
748,,0,0,0.75,0.75,0.25,0.25,0
749,"G4_other",1,1,0.75,0.75,0.75,0.75,
750,"G2_with_children",1,1,0.75,1,1,1,
751,"G4_other",,,0.75,0.75,0.5,0.5,
752,"G4_other",0,0,0.625,1,1,1,0
753,"G2_with_children",1,,0.25,0.75,0.75,0.75,
754,"G4_other",1,1,0.625,0.75,0.75,0.75,
755,"G2_with_children",0,0,0.25,0.75,0.5,0.5,0
756,"G2_with_children",0,1,0.875,1,0,1,1
757,"G2_with_children",1,1,0.75,0.5,0.5,0.5,
758,,0,1,0,0.75,0.5,0.5,1
759,"G2_with_children",1,,0.25,0.75,0.5,0.5,
760,"G4_other",,,0.75,0.75,0.5,0.5,
761,"G3_single_nonelderly",1,1,0.5,0.75,0.5,0.5,
762,"G2_with_children",0,,0.5,0.75,0.5,0.5,
763,"G4_other",0,1,0.625,0.5,0.5,0.5,1
764,"G1_elderly_only",1,1,0.125,0.75,0.75,0.25,
765,"G2_with_children",0,1,0.125,0,0,0.25,1
766,,1,1,0.625,1,0.5,,
767,"G1_elderly_only",1,1,0,,,,
768,"G2_with_children",1,1,0.75,0.75,0.5,0.5,
769,"G4_other",0,0,0,0.25,0.25,0,0
770,"G4_other",1,1,0.25,1,0.75,0.5,
771,"G2_with_children",,,0.75,1,,,
772,"G3_single_nonelderly",,0,0.25,0.75,0.5,0.5,
773,"G2_with_children",1,,0.75,0.75,0.75,0.75,
774,"G2_with_children",1,1,0.75,1,0.25,0.25,
775,"G3_single_nonelderly",1,1,0.25,0.75,0.5,0.5,
776,"G2_with_children",0,0,0.625,1,0.5,0.5,0
777,"G3_single_nonelderly",0,1,0.625,0.75,0.75,0.75,1
778,"G3_single_nonelderly",1,,0.5,0.75,0.5,0.75,
779,"G2_with_children",0,1,0.5,0.75,0.75,0.75,1
780,"G3_single_nonelderly",,,0.5,0.5,0.75,0.25,
781,"G4_other",0,0,0.5,0.75,0.75,0.75,0
782,"G1_elderly_only",,,0.25,0.5,0.5,0.5,
783,"G2_with_children",1,1,0.5,0.75,0.75,0.75,
784,"G2_with_children",0,1,0.625,0.75,0.5,0.75,1
785,"G1_elderly_only",0,0,0.625,0.75,0.5,0.5,0
786,"G1_elderly_only",,,0,0.75,0.5,0.25,
787,"G2_with_children",0,1,0.375,0.75,0.5,0.5,1
788,"G2_with_children",1,1,0.625,1,1,1,
789,"G3_single_nonelderly",,,0.5,0.75,0.5,0.5,
790,"G4_other",0,1,0.625,1,0.25,0.75,1
791,"G2_with_children",1,1,0.5,0.75,0.5,0.5,
792,"G2_with_children",1,1,0.5,0.75,0.75,0.75,
793,"G2_with_children",1,1,0.5,0.5,0.5,0.5,
794,"G4_other",1,1,0.625,0.75,0.5,0.5,
795,"G2_with_children",1,1,0.625,0.25,0.25,,
796,"G2_with_children",1,1,0.375,0.5,0.5,0.5,
797,"G4_other",1,1,0.375,0.75,0.75,0.75,
798,"G2_with_children",0,0,0.625,0.75,0.75,0.75,0
799,"G3_single_nonelderly",,,0.625,0.5,0.25,0.5,
800,"G3_single_nonelderly",0,0,0.125,0.75,0.5,0.5,0
801,"G2_with_children",0,1,0.625,0.75,0.5,0.5,1
802,"G2_with_children",0,0,0.875,1,1,0.75,0
803,"G2_with_children",0,1,0.75,0.75,0.75,0.75,1
804,"G1_elderly_only",1,1,0.75,1,0.75,0.75,
805,"G4_other",,1,0.75,0.75,0,0,
806,"G4_other",0,,0.75,0.75,0,0,
807,"G1_elderly_only",0,,0.75,0.75,0.75,0.75,
808,"G1_elderly_only",1,1,0.625,1,1,0.5,
809,"G2_with_children",0,,0.375,0.75,0.5,0.75,
810,"G4_other",0,1,0.5,0.25,0.25,0.5,1
811,"G4_other",0,0,0.5,0.75,0.5,0.75,0
812,"G3_single_nonelderly",1,,0,0.75,0.5,0.75,
813,"G1_elderly_only",1,1,0.75,0.5,0.5,,
814,"G3_single_nonelderly",,,0.5,0.75,0.5,0.5,
815,"G1_elderly_only",1,1,1,1,1,1,
816,"G1_elderly_only",0,0,0.375,0.75,0.5,0.75,0
817,"G3_single_nonelderly",0,0,0.5,0.75,0.75,0.75,0
818,"G3_single_nonelderly",0,1,0.625,0.75,0.5,0.5,1
819,"G4_other",0,1,0.75,0.75,0.75,0.75,1
820,"G1_elderly_only",1,1,0.625,0.75,0.5,0.75,
821,"G4_other",1,1,0.375,0.25,0.5,0.25,
822,"G1_elderly_only",1,0,0.625,1,0.5,0.5,
823,"G3_single_nonelderly",0,0,0.875,0.5,0,0.25,0
824,"G1_elderly_only",1,1,0.5,1,1,0.75,
825,"G1_elderly_only",1,1,0.375,0.75,0.25,0.5,
826,"G1_elderly_only",1,1,0.625,0.75,0.75,0.75,
827,"G2_with_children",1,1,0.75,1,0.75,0.75,
828,"G1_elderly_only",1,0,0.75,0,0,0,
829,"G2_with_children",0,,0.25,0.75,0.5,0.5,
830,"G4_other",1,1,0,1,0.5,0.5,
831,,0,,,0.75,0.5,0.5,
832,"G1_elderly_only",1,1,0.875,,,,
833,"G1_elderly_only",1,1,0.5,1,0.75,0.5,
834,"G4_other",1,1,0.75,1,0.75,0.75,
835,"G2_with_children",1,1,0.375,0.75,0.5,0.75,
836,"G2_with_children",0,0,0.25,0.75,0.5,0.5,0
837,"G3_single_nonelderly",0,,0.375,0.75,0.5,0.5,
838,"G1_elderly_only",0,0,0,1,1,0,0
839,"G1_elderly_only",1,1,0.5,0.75,0.75,0.75,
840,"G3_single_nonelderly",0,,0.5,0.75,0.5,0.5,
841,"G1_elderly_only",0,1,0.75,0.5,0.5,0.5,1
842,,1,1,0.5,0.75,0.75,0.5,
843,"G1_elderly_only",0,1,0.125,1,1,0.75,1
844,"G1_elderly_only",1,0,0.25,0.75,0.5,0.5,
845,"G1_elderly_only",,,0.625,1,0.75,1,
846,"G2_with_children",1,1,0.625,0.75,0.75,0.5,
847,"G1_elderly_only",,,0,1,0.75,0.75,
848,"G3_single_nonelderly",1,1,1,0.75,0.5,0.5,
849,"G1_elderly_only",0,1,0.75,0.75,0.75,0.5,1
850,"G1_elderly_only",1,1,1,0.75,0.5,0.5,
851,"G1_elderly_only",0,0,,0.75,0.5,0.75,0
852,"G2_with_children",1,1,0.625,0.75,0.75,0.75,
853,,,0,0.75,0.75,0.75,0.5,
854,"G4_other",,,0.375,0.25,0.5,0.25,
855,"G4_other",1,1,0.125,1,0,1,
856,"G1_elderly_only",0,1,1,1,0.75,0.75,1
857,"G2_with_children",1,1,0.5,0.75,0.5,0.5,
858,"G2_with_children",1,1,0.375,0.75,0.5,0.5,
859,"G2_with_children",1,1,,0.75,0.75,0.75,
860,"G1_elderly_only",1,1,0.75,0.75,1,1,
861,"G2_with_children",0,,0.625,0.75,0.75,0.75,
862,"G4_other",1,1,0.25,0.75,0.75,0.75,
863,"G1_elderly_only",0,0,0.25,0.25,0.25,,0
864,"G1_elderly_only",,,0.75,,,,
865,"G1_elderly_only",0,0,0.375,0.75,0.75,0.75,0
866,"G4_other",0,0,0.25,0.75,0.5,0.5,0
867,"G1_elderly_only",1,1,0.5,0.75,0.75,0.75,
868,"G2_with_children",,,0.25,1,0.5,0.5,
869,"G1_elderly_only",,,0.5,0.75,0.5,0.5,
870,"G4_other",1,1,0.75,0.75,0.5,0.5,
871,"G2_with_children",0,,0.75,0.75,0.5,0.5,
872,"G2_with_children",,,0.375,0.75,0.75,0.75,
873,"G3_single_nonelderly",1,1,0.25,0.75,0.5,0.5,
874,"G2_with_children",0,1,0.125,1,0.75,0.75,1
875,"G4_other",0,0,0.75,1,1,1,0
876,"G2_with_children",0,0,0.5,0.75,0.5,0.5,0
877,"G4_other",1,1,0.25,0.75,0.75,0.75,
878,"G3_single_nonelderly",0,,0.625,1,0.5,0.5,
879,"G2_with_children",1,1,0.125,1,0.5,1,
880,"G4_other",,1,0.75,0.75,0,0,
881,"G4_other",0,0,0.625,0.75,0.75,0.75,0
882,"G2_with_children",1,1,0.75,0.75,0.75,0.25,
883,"G2_with_children",1,1,0.375,1,0.75,0.75,
884,"G3_single_nonelderly",1,1,0.5,0.75,0.5,0.5,
885,"G4_other",0,,0,0.75,0.75,0.75,
886,"G4_other",1,1,0.5,0.5,0.5,0.25,
887,"G3_single_nonelderly",0,1,0.875,1,0.75,0.5,1
888,,0,0,0.375,0.5,0.5,0.5,0
889,"G2_with_children",,,0.125,0.75,0.5,0.5,
890,"G4_other",0,0,,0.75,0.75,0.75,0
891,"G4_other",1,1,0.75,0.75,0.25,0.5,
892,"G3_single_nonelderly",0,1,0.125,0.75,0.5,0.5,1
893,"G3_single_nonelderly",,,0.5,0.5,0.5,0.5,
894,"G4_other",1,1,0.375,0.75,0.75,0.75,
895,"G2_with_children",,,0.25,1,0.5,0.5,
896,"G2_with_children",1,,1,0.75,0.75,0.75,
897,"G4_other",1,1,0.25,0.75,0.75,0.5,
898,"G4_other",1,1,0.625,0.5,0.5,0.5,
899,"G2_with_children",,1,0.625,0.75,0.75,0.5,
900,"G4_other",0,0,0.625,0,0,0,0
901,"G3_single_nonelderly",0,,0.25,0.75,0.75,0.75,
902,"G2_with_children",1,1,0.125,0.75,0.75,0.5,
903,"G2_with_children",0,1,0.375,0.5,0.5,0.5,1
904,"G2_with_children",1,1,0.625,0.75,0.5,0.25,
905,"G1_elderly_only",0,,0.25,0.25,0.5,0.5,
906,"G1_elderly_only",0,1,0.875,1,1,0.75,1
907,"G4_other",1,1,0.375,1,0.75,0.5,
908,"G4_other",1,1,0.875,0.75,0.75,0.5,
909,"G3_single_nonelderly",,0,0.875,1,0.75,0.5,
910,"G4_other",1,1,0.75,0.75,0.75,0.75,
911,"G1_elderly_only",,,0.625,,,,
912,"G4_other",1,0,0.5,0.75,0.75,,
913,"G2_with_children",1,1,0.25,0.75,0.5,0.75,
914,"G4_other",,,0.125,0.75,0.5,0.5,
915,"G3_single_nonelderly",,,,0.75,0.5,0.5,
916,"G2_with_children",1,1,0.5,0.75,0.5,0.5,
917,"G1_elderly_only",,,0.625,0.75,0.75,0.75,
918,"G4_other",1,1,0.875,0.75,0.5,0.25,
919,"G4_other",0,0,0.375,0.5,0.25,0.25,0
920,"G4_other",,0,0.375,0.75,0.5,0.5,
921,"G4_other",0,,0.25,0.5,0.5,0.5,
922,"G4_other",1,1,0.5,1,0.75,0.75,
923,"G1_elderly_only",1,1,1,1,0.75,0.25,
924,"G2_with_children",1,1,0.5,0.75,0.75,0.75,
925,"G4_other",1,1,0.625,1,0,0.5,
926,"G1_elderly_only",0,0,0.5,0.75,0.75,0.75,0
927,"G2_with_children",0,1,0.875,0.5,0.25,0.25,1
928,"G2_with_children",,,0.875,0.25,0.25,0.25,
929,"G1_elderly_only",0,0,0.375,0.75,0.5,0.5,0
930,"G1_elderly_only",1,1,0.75,0.75,0.75,0.75,
931,"G1_elderly_only",,,0.625,0.5,0.5,0.5,
932,,0,0,0,0.75,0.5,0.25,0
933,"G4_other",1,1,0.25,1,1,0.5,
934,"G1_elderly_only",0,0,0.25,0.25,0.5,0.5,0
935,"G4_other",1,0,0.75,0.75,0.75,0.75,
936,"G2_with_children",,0,0.5,0.75,0.75,0.75,
937,"G1_elderly_only",1,1,0.5,1,0.5,0.75,
938,"G1_elderly_only",0,0,,0.75,0.5,0.75,0
939,"G3_single_nonelderly",0,0,0.5,0.75,0.5,0.5,0
940,"G2_with_children",0,0,0.25,1,0,0.5,0
941,,0,1,1,0.5,0.25,0.5,1
942,"G3_single_nonelderly",1,1,0.875,0.75,0.5,0.5,
943,"G1_elderly_only",0,0,0.375,0.75,0.25,0.25,0
944,"G2_with_children",0,1,0.125,1,0.75,1,1
945,"G2_with_children",0,0,0.625,0.5,0.5,0.5,0
946,"G2_with_children",,,0.5,0.5,0.5,0.5,
947,"G2_with_children",0,0,0.5,0.25,0.25,0.25,0
948,"G2_with_children",0,0,,0.75,0.5,0.25,0
949,"G2_with_children",1,1,0.375,0.75,0.5,0.5,
950,"G1_elderly_only",1,1,0.5,0.75,0.5,0.5,
951,"G2_with_children",1,1,0.375,0.75,0.5,0.5,
952,"G3_single_nonelderly",,1,0.75,0.75,0.5,0,
953,"G2_with_children",0,0,0.25,0.75,0.25,0.25,0
954,"G2_with_children",1,1,0.625,0.5,0.5,0.5,
955,,0,0,0.125,1,0.5,0.5,0
956,"G1_elderly_only",,,0.625,0.75,0.5,0.5,
957,"G3_single_nonelderly",0,0,0.75,0.75,0.5,0.5,0
958,"G2_with_children",1,1,0.375,1,0.5,0.5,
959,"G4_other",0,0,,0.5,0.5,0.5,0
960,"G2_with_children",1,1,0.5,1,0.25,0.75,
961,"G3_single_nonelderly",0,1,0.625,0.75,0.75,0.75,1
962,"G4_other",1,1,0.75,0.75,0.5,0.5,
963,"G4_other",,,0.25,0.75,0.5,0.5,
964,"G4_other",0,0,0.5,0.75,0.5,0.25,0
965,"G1_elderly_only",1,1,0.5,0.75,0.75,0.75,
966,"G4_other",1,1,0.125,0.75,0.75,0.75,
967,"G2_with_children",0,0,0.25,0.75,0.25,0.25,0
968,"G3_single_nonelderly",,,0.125,0.75,0.5,0.5,
969,"G3_single_nonelderly",1,1,0.5,0.75,0.75,0.75,
970,"G1_elderly_only",,1,0.375,0.75,0.5,0.5,
971,"G2_with_children",,1,0.125,1,0.5,0.5,
972,"G1_elderly_only",0,,0.5,0.5,0,0,
973,"G4_other",0,0,0.375,0.75,0.5,0.5,0
974,"G4_other",0,,0.375,0.5,0.5,0.5,
975,"G4_other",0,0,0.75,0.75,0.5,0.5,0
976,"G1_elderly_only",1,1,0.25,0.75,0.5,0.5,
977,"G1_elderly_only",1,1,0.375,1,0.75,0.75,
978,"G3_single_nonelderly",0,,0.625,0.75,0.5,0.5,
979,"G1_elderly_only",0,,0.25,0.75,0.5,0.25,
980,"G3_single_nonelderly",0,,0.25,0.75,0.75,0.5,
981,"G2_with_children",0,1,0.625,0.75,0.25,0.5,1
982,"G4_other",0,0,0.125,0.75,0.25,0.5,0
983,"G4_other",1,1,0.25,0.75,0.5,0.5,
984,"G2_with_children",1,1,0.625,0.25,0.25,0.25,
985,"G2_with_children",0,0,0.375,0.75,0.5,0.5,0
986,"G3_single_nonelderly",,,0.625,0.75,0.75,0.5,
987,"G3_single_nonelderly",0,0,0.625,0.75,0.5,0.5,0
988,"G3_single_nonelderly",,0,0.25,0.5,0.5,0.25,
989,,0,0,1,1,0.5,,0
990,"G3_single_nonelderly",,1,0.75,0.75,0.5,0.5,
991,"G4_other",1,1,0.5,1,0,0,
992,"G2_with_children",1,1,0.625,0.75,0.75,0.5,
993,"G4_other",,1,0.375,0.75,0.75,0.75,
994,"G2_with_children",,,0.25,1,1,1,
995,"G4_other",,0,0,0.75,0.25,0.5,
996,"G2_with_children",1,1,0.5,0.5,0.75,0.5,
997,"G1_elderly_only",1,,0.5,1,1,0.75,
998,"G2_with_children",,1,,0.75,0.75,0.75,
999,"G1_elderly_only",0,0,0.375,0.75,0.5,0.5,0
1000,"G1_elderly_only",,,0.625,0.25,0.25,0.25,
1001,"G2_with_children",,1,0.375,0.75,0.25,0.5,
1002,"G2_with_children",0,1,0.25,0.75,0.5,0.5,1
1003,"G4_other",1,0,0.75,0.5,0.5,0.5,
1004,,0,1,0.375,0.75,0.5,,1
1005,"G1_elderly_only",0,0,0.5,0.5,0.5,0.5,0
1006,"G2_with_children",1,1,0.625,0.75,0.75,0.5,
1007,"G4_other",0,0,0.625,0.75,0.5,0.5,0
1008,,0,0,0.625,0.75,0.5,0.75,0
1009,"G2_with_children",1,1,0.625,1,0.5,0.75,
1010,"G4_other",1,1,0.75,1,1,1,
1011,"G3_single_nonelderly",1,1,0.375,0.75,0.75,0.5,
1012,"G2_with_children",,,0,0.75,0.5,0.5,
1013,,,,0.625,0.5,0.5,0.5,
1014,"G1_elderly_only",1,0,0.375,0.75,0.5,0.5,
1015,"G2_with_children",1,1,0.75,1,1,1,
1016,"G4_other",,0,0.375,0.75,0.5,0.5,
1017,"G1_elderly_only",1,1,0.875,1,1,0.75,
1018,"G2_with_children",,,0.5,0.5,0.5,0.5,
1019,"G1_elderly_only",0,0,0.125,0.75,0.5,0.5,0
1020,"G2_with_children",0,0,0.75,1,0.5,0.75,0
1021,"G1_elderly_only",1,,0.75,0.75,0.25,0.25,
1022,"G1_elderly_only",1,1,,,,,
1023,"G1_elderly_only",,,0.875,0.75,0.25,,
1024,,,,0,0.75,0.75,0.75,
1025,"G1_elderly_only",0,0,0.375,0.5,0.5,0.5,0
1026,"G1_elderly_only",0,0,0.125,0.75,0.5,0.5,0
1027,"G1_elderly_only",0,,0.125,1,0.5,1,
1028,"G2_with_children",0,0,0.25,0.75,0.75,0.75,0
1029,"G4_other",,,0.5,0.5,0.5,0.5,
1030,"G3_single_nonelderly",1,1,0.5,0.75,0.75,0.5,
1031,"G1_elderly_only",,,0,0.75,0.75,0.75,
1032,"G2_with_children",1,1,0.5,0.5,0.5,0.25,
1033,"G1_elderly_only",1,1,0.5,0.75,0.5,0.5,
1034,"G4_other",0,,0.375,0,0,0,
1035,"G2_with_children",0,0,0.375,0.75,0.75,0.5,0
1036,"G2_with_children",0,0,,1,0.75,0.5,0
1037,"G1_elderly_only",,,0.75,0.5,0.5,0.5,
1038,"G3_single_nonelderly",,,0,0.5,0.25,0.25,
1039,"G1_elderly_only",1,1,1,1,1,1,
1040,"G3_single_nonelderly",1,1,0.625,1,0.5,0.75,
1041,"G1_elderly_only",1,1,0.625,0.75,0.75,0.75,
1042,"G2_with_children",1,1,0.5,0.75,0.75,0.75,
1043,"G1_elderly_only",1,,0.375,0.75,0.5,0.5,
1044,"G4_other",1,1,0.625,0.75,0.5,0.75,
1045,"G1_elderly_only",1,1,0.75,0.75,0.75,0.5,
1046,"G4_other",,,0.25,0.75,0.5,0.5,
1047,"G2_with_children",1,,1,0.75,0.75,0.5,
1048,"G2_with_children",0,1,0.5,0.5,0.25,0.5,1
1049,"G1_elderly_only",0,0,0.25,0.75,0.75,0.75,0
1050,,0,0,0.25,0.75,0,0.75,0
1051,"G3_single_nonelderly",1,1,0.75,0.25,0.5,0.5,
1052,"G4_other",1,1,,,,,
1053,"G1_elderly_only",0,0,0.375,0.5,0.5,0.5,0
1054,"G1_elderly_only",0,0,0.375,1,0.75,0.75,0
1055,"G1_elderly_only",0,0,0.5,0.75,0.75,0.75,0
1056,"G1_elderly_only",,0,0.375,0.25,0.25,0.25,
1057,"G2_with_children",1,1,0.375,0.75,0.75,0.5,
1058,"G1_elderly_only",0,0,0.125,0.75,0.5,0.5,0
1059,"G1_elderly_only",0,,0.375,0.75,0.5,0.5,
1060,"G1_elderly_only",0,0,0.5,0.5,0.5,0.5,0
1061,"G1_elderly_only",0,,0,0.75,0.5,0.5,
1062,"G4_other",0,1,0.75,1,0.5,0.5,1
1063,"G3_single_nonelderly",0,1,0.75,0.75,0.5,0.5,1
1064,"G2_with_children",1,1,0.25,0.75,0.5,0.25,
1065,"G2_with_children",1,,0.375,0.75,0.5,0.5,
1066,"G2_with_children",1,0,0,0.5,0.5,0.5,
1067,"G1_elderly_only",0,1,0.625,0.75,,0.5,1
1068,"G1_elderly_only",0,,0.125,0.75,0.25,0.5,
1069,"G2_with_children",1,1,0.5,0.5,0.25,0.5,
1070,"G2_with_children",0,,0.75,0.75,0.5,0.5,
1071,"G4_other",0,1,0.875,0.75,0.5,0.75,1
1072,"G2_with_children",1,,0.875,0.75,0.75,,
1073,"G3_single_nonelderly",,0,0.375,0.5,0.5,0.5,
1074,"G1_elderly_only",,0,,,,,
1075,"G1_elderly_only",0,0,0.5,0.75,0.75,0.5,0
1076,"G1_elderly_only",0,1,0.75,0.75,0.5,0.5,1
1077,"G1_elderly_only",1,,1,0.5,0.75,,
1078,"G4_other",,,0.5,0.5,0.5,0.5,
1079,"G1_elderly_only",,1,,1,1,1,
1080,,0,1,0.75,0.75,0.75,1,1
1081,"G2_with_children",1,1,0.5,1,0.5,0.75,
1082,"G2_with_children",,,0.375,0.75,0.5,0.5,
1083,"G2_with_children",,,0.375,0.75,,0.5,
1084,"G2_with_children",0,0,,1,0.25,0.75,0
1085,"G4_other",,,,,,,
1086,"G4_other",0,1,0.75,0.75,0.75,0.75,1
1087,"G1_elderly_only",0,0,0.375,0.75,0.5,0.5,0
1088,"G1_elderly_only",0,0,0.25,0.75,0.75,0.75,0
1089,"G2_with_children",1,1,0.5,1,0.5,1,
1090,"G1_elderly_only",1,1,0.875,1,0.75,0.75,
1091,"G4_other",0,,0.375,0.25,0.25,0.25,
1092,"G2_with_children",1,1,1,0.5,0.5,0.25,
1093,"G3_single_nonelderly",0,,0,0.25,0,0.25,
1094,"G4_other",0,1,0.5,0.75,0.75,0.75,1
1095,"G4_other",,,0.375,0.75,0.75,0.75,
1096,"G3_single_nonelderly",0,0,0.75,1,0.75,0.75,0
1097,"G3_single_nonelderly",,,0,0.5,0.5,0.5,
1098,"G3_single_nonelderly",0,,0.75,0.75,0.25,0.5,
1099,"G2_with_children",0,,0.25,0.75,0.5,0.75,
1100,"G2_with_children",0,0,0.5,0.75,0.5,0.5,0
1101,"G3_single_nonelderly",0,1,0.625,0.25,0.5,0.25,1
1102,"G1_elderly_only",1,1,0.25,0.75,0.75,0.75,
1103,"G2_with_children",0,,0.75,1,1,,
1104,"G2_with_children",0,1,0.75,0.75,0.75,0.75,1
1105,"G1_elderly_only",1,1,0.875,1,0.5,0.75,
1106,"G1_elderly_only",,,0.625,0.25,0.5,0.5,
1107,"G1_elderly_only",1,1,0,1,1,0.75,
1108,"G2_with_children",1,1,0.5,0.75,0.75,0.5,
1109,"G4_other",1,1,0.875,0.75,0.75,0.75,
1110,"G2_with_children",0,1,0.625,0.75,0.5,0.75,1
1111,"G1_elderly_only",,,0.25,0.5,0.5,0.5,
1112,"G1_elderly_only",1,1,0.625,1,0.75,0.75,
1113,"G2_with_children",0,1,0.875,0.75,0.25,0.25,1
1114,"G2_with_children",1,1,0.25,0.5,0.5,0.5,
1115,"G4_other",1,0,0.75,1,0.5,0.75,
1116,"G1_elderly_only",0,0,0.375,0.75,0.25,0.25,0
1117,"G2_with_children",1,1,0.375,0.75,0.5,0.5,
1118,"G1_elderly_only",1,1,,,,,
1119,"G3_single_nonelderly",1,1,0.875,,0.25,0.5,
1120,"G2_with_children",1,1,0.25,1,1,1,
1121,"G2_with_children",,,0.5,0.5,0.5,0.5,
1122,"G2_with_children",0,0,0.5,0.75,0.75,0.5,0
1123,"G4_other",1,1,0.875,1,0.5,0.5,
1124,"G2_with_children",0,1,0.375,1,0.75,0.75,1
1125,"G1_elderly_only",0,0,0.25,0.75,0.75,0.75,0
1126,"G2_with_children",0,,0.25,0.75,0.75,0.75,
1127,"G2_with_children",1,1,0.75,0.5,0.75,0.5,
1128,"G2_with_children",0,1,0.75,0.75,1,0.75,1
1129,"G4_other",,,0.25,0.75,0.5,0.75,
1130,"G2_with_children",1,1,0.125,0.75,0.75,0.75,
1131,"G3_single_nonelderly",0,,0.625,0.75,0.5,0.5,
1132,"G4_other",0,0,0.5,0.5,0.5,0.5,0
1133,"G2_with_children",0,0,0.375,0.75,0.25,0.25,0
1134,"G4_other",,,0.375,0.75,0.5,0.5,
1135,"G2_with_children",1,1,0.125,0.5,0.5,0.5,
1136,"G1_elderly_only",1,1,0.75,0.75,1,1,
1137,"G4_other",1,1,0.375,0.75,0.5,0.5,
1138,"G4_other",1,1,0.375,1,0.75,0.5,
1139,"G1_elderly_only",1,1,0.75,1,1,0.75,
1140,"G1_elderly_only",1,1,0.5,1,0.75,0.75,
1141,"G3_single_nonelderly",,,0.375,0.75,0.5,0.5,
1142,"G4_other",0,,0.5,0.5,0.5,0.25,
1143,"G4_other",1,1,0.5,0,0.5,0.25,
1144,"G4_other",,,0.125,0.75,0.75,0.75,
1145,"G2_with_children",0,0,0.125,0.75,0.25,0.25,0
1146,"G1_elderly_only",0,1,0.375,0.75,0.5,0.5,1
1147,"G4_other",1,1,0.5,0.75,0.5,0.5,
1148,"G1_elderly_only",0,1,0.375,0.75,0.5,0.75,1
1149,"G2_with_children",,,0.25,0.75,0.25,0.25,
1150,"G3_single_nonelderly",0,0,0.5,0.75,0.5,0.75,0
1151,"G1_elderly_only",,,0.25,0.75,0.75,0.5,
1152,"G1_elderly_only",0,1,0.75,0.75,0.75,0.5,1
1153,"G1_elderly_only",0,,0.375,0.75,0.75,0.5,
1154,"G3_single_nonelderly",,,0.75,0.75,0.5,0.5,
1155,"G4_other",0,1,0.5,0.75,0.5,0.5,1
1156,"G3_single_nonelderly",1,1,0.75,0.75,0.5,0.5,
1157,"G2_with_children",0,,0.25,0.75,0.5,0.25,
1158,"G4_other",1,1,0.875,0.75,0.5,0.5,
1159,"G1_elderly_only",1,1,0.625,0.75,0.75,0.75,
1160,"G4_other",1,1,0.375,0.75,0.5,0.5,
1161,"G4_other",1,1,0.75,0.75,0.5,0.75,
1162,"G1_elderly_only",1,1,1,0.75,0.5,0.5,
1163,"G1_elderly_only",1,1,0,0.75,0.75,0.75,
1164,"G2_with_children",1,1,0.5,0.5,0.5,0.5,
1165,"G4_other",1,1,0.625,0.75,0.75,0.75,
1166,"G2_with_children",0,,0.625,0.75,0.5,0.5,
1167,"G3_single_nonelderly",,,0.375,0.75,0.5,0.5,
1168,"G2_with_children",0,0,0.25,0.75,0.25,0.5,0
1169,"G1_elderly_only",1,1,0.25,0.75,0.5,0.5,
1170,"G3_single_nonelderly",0,1,0.5,0.75,0.5,0.5,1
1171,"G2_with_children",1,1,0.875,0.75,0.75,0.75,
1172,"G4_other",,1,0.625,0.5,0.5,0.5,
1173,"G3_single_nonelderly",0,1,0.75,1,0.5,0.5,1
1174,"G3_single_nonelderly",1,1,0.5,0,0,0,
1175,"G4_other",1,,0.75,0.75,0.75,0.75,
1176,"G4_other",1,1,0.625,0.75,0.75,0.5,
1177,"G4_other",1,1,0.625,0.5,0.5,0.5,
1178,"G4_other",1,1,0.375,0.75,0.25,0,
1179,"G2_with_children",0,,0.375,0.5,0.25,0.25,
1180,"G1_elderly_only",0,0,0,0.75,0.75,0.75,0
1181,"G4_other",0,,0.5,0.25,0.25,0.25,
1182,"G1_elderly_only",0,1,0.375,0.75,0.75,0.5,1
1183,"G4_other",,,0.375,1,0.5,0.5,
1184,"G2_with_children",,,0.875,0.75,0.25,0.25,
1185,"G4_other",0,0,0.25,0.75,0.5,0.5,0
1186,"G4_other",1,0,0.5,1,0.75,0.25,
1187,"G2_with_children",1,1,0.625,0.75,0.75,0.75,
1188,"G3_single_nonelderly",0,1,0.5,1,0.5,0.5,1
1189,"G4_other",1,1,0.625,1,0.75,0.5,
1190,"G1_elderly_only",0,1,0.75,0.75,0.5,0.5,1
1191,"G2_with_children",0,,0.875,0.5,0,0.5,
1192,"G4_other",1,,0.375,0.5,0.25,0.25,
1193,"G2_with_children",,,0.375,0.75,0.5,0.75,
1194,"G1_elderly_only",1,1,0.25,0.75,0.75,0.75,
1195,"G4_other",1,1,0.625,0.75,0.75,0.75,
1196,"G1_elderly_only",1,1,0.5,0.75,0.5,0.5,
1197,"G4_other",0,0,0.25,0.5,0.5,0,0
1198,"G3_single_nonelderly",0,,0.5,1,0.5,1,
1199,"G2_with_children",,1,0.75,0.5,0.5,0.5,
1200,"G4_other",1,1,0.5,0.75,0.75,0.75,
1201,,0,0,0.625,,,,0
1202,"G4_other",1,1,0.375,1,0.75,0.75,
1203,"G2_with_children",1,1,0.5,0.75,0.75,0.5,
1204,"G1_elderly_only",1,1,0.25,1,1,1,
1205,"G1_elderly_only",1,,0,0.75,0.5,0.75,
1206,"G2_with_children",1,1,0.625,0.75,0.75,0.75,
1207,"G3_single_nonelderly",0,,0.25,1,0.5,0.5,
1208,"G2_with_children",1,1,0.25,0.75,0.25,0.25,
1209,"G2_with_children",1,0,0.75,0.5,,0,
1210,"G1_elderly_only",1,1,0.75,0.75,0.75,0.5,
1211,"G3_single_nonelderly",,,,0.75,0.75,0.75,
1212,"G4_other",,,0.25,0.75,0.75,0.5,
1213,"G4_other",1,1,0.375,0.75,0.5,0.5,
1214,"G3_single_nonelderly",,,0.5,0.5,0.5,0.5,
1215,"G4_other",1,1,0,0.25,0.25,0.25,
1216,"G3_single_nonelderly",1,1,0.125,0.75,0.5,0.75,
1217,,1,1,0.375,0.75,0.75,0.75,
1218,"G4_other",0,0,0.5,0.5,0.25,0.25,0
1219,"G4_other",1,1,,0.75,0.75,0.75,
1220,"G2_with_children",,1,0.25,0.75,0.75,0.5,
1221,"G2_with_children",1,1,0.625,1,1,1,
1222,"G1_elderly_only",1,,0.625,0.5,0.5,0.5,
1223,"G1_elderly_only",1,1,0.375,0.75,0.5,0.5,
1224,"G4_other",0,,0.625,0.5,0.5,0.5,
1225,"G4_other",,,0.125,0.5,0.5,0.5,
1226,"G1_elderly_only",1,1,0.5,0.25,0.5,0.25,
1227,"G1_elderly_only",0,0,0.5,0.75,0.75,0.75,0
1228,"G2_with_children",0,1,1,0.25,0.25,0,1
1229,"G3_single_nonelderly",,,,0.75,0.75,0.75,
1230,"G1_elderly_only",1,1,0.375,1,1,0.75,
1231,"G1_elderly_only",1,1,0.625,1,0.5,0.75,
1232,"G2_with_children",,,0.375,0.5,0.5,0.5,
1233,"G2_with_children",,,0.375,0.75,0.5,0.75,
1234,"G4_other",0,,0.25,1,0.75,0.75,
1235,"G2_with_children",1,1,0,0.75,0.75,0.75,
1236,"G4_other",1,1,0.75,0.75,0.25,0.5,
1237,"G4_other",,1,0.5,0.5,0.25,0,
1238,"G2_with_children",1,1,,1,1,1,
1239,"G1_elderly_only",0,,0.375,0.75,0.5,0.5,
1240,"G3_single_nonelderly",0,0,,0.5,0.5,0.5,0
1241,"G1_elderly_only",1,1,0.625,0.75,0.25,0.25,
1242,"G2_with_children",1,1,0.5,0,0.25,0.25,
1243,"G1_elderly_only",0,0,0.75,0.75,0.5,0.75,0
1244,"G4_other",1,,1,0.75,0,0,
1245,"G2_with_children",1,1,0.75,0.25,0.5,0.5,
1246,"G2_with_children",,1,0.625,0.75,0.25,0.5,
1247,"G3_single_nonelderly",1,1,0.875,0.75,0.5,0.5,
1248,"G4_other",0,1,0.625,0.25,0.5,0.25,1
1249,"G4_other",,,1,1,1,1,
1250,"G2_with_children",1,1,,0.75,0.5,0.5,
1251,"G4_other",0,0,0.625,0.75,0.75,0.5,0
1252,"G3_single_nonelderly",0,,0.375,0.75,0.75,0.75,
1253,"G2_with_children",1,1,0.5,1,0.75,0.75,
1254,"G3_single_nonelderly",0,,0.5,0.5,0.25,0.25,
1255,"G4_other",0,,0.25,0,0.5,0.75,
1256,"G2_with_children",0,,0.5,0.75,,0.5,
1257,"G4_other",,,0.75,1,0.5,0.5,
1258,"G2_with_children",1,,1,1,0.75,0.75,
1259,"G4_other",0,1,0.75,0.75,0.5,0.5,1
1260,"G4_other",,,0.125,0.75,0.5,0.5,
1261,"G1_elderly_only",,,0.25,0.75,0.5,0.5,
1262,"G4_other",,,0.875,0.5,0.5,0.5,
1263,"G1_elderly_only",1,1,0.75,1,0.75,0.75,
1264,"G1_elderly_only",1,1,0.375,0.5,0.5,0.25,
1265,"G2_with_children",1,1,0.75,0.75,,0.25,
1266,"G1_elderly_only",0,1,0.75,,0.75,0.5,1
1267,"G2_with_children",,,0.625,0.5,0.25,0.5,
1268,"G2_with_children",0,1,0,0.75,0.25,0.75,1
1269,"G1_elderly_only",0,0,,0.75,0.75,0.75,0
1270,"G1_elderly_only",0,0,0.5,0.75,0.5,0.5,0
1271,"G4_other",1,1,0.25,1,0.75,0.75,
1272,"G1_elderly_only",0,1,0.125,,1,0.75,1
1273,"G1_elderly_only",1,1,0.125,1,0.5,0.75,
1274,"G4_other",1,1,0.5,0.75,0.5,0.75,
1275,"G1_elderly_only",1,1,0.25,0.75,0.75,0.75,
1276,"G4_other",0,0,0.5,1,0.5,0.75,0
1277,"G2_with_children",,0,1,1,1,1,
1278,"G1_elderly_only",0,,0.5,0.75,0.5,0.25,
1279,"G2_with_children",0,0,0.625,1,0.75,0.75,0
1280,,0,1,0.625,0.5,0.5,0.5,1
1281,"G3_single_nonelderly",0,,0.5,,,,
1282,"G1_elderly_only",0,0,0.125,0.75,0.75,0.75,0
1283,"G2_with_children",1,0,0.125,,,,
1284,"G3_single_nonelderly",0,,0.25,0.25,0,0.5,
1285,"G1_elderly_only",,,0.625,0.5,0.25,0.5,
1286,"G1_elderly_only",,0,0.75,0.75,0.75,0.25,
1287,"G2_with_children",,,0.75,0.75,0,0.25,
1288,"G2_with_children",1,,0.75,0.75,0.75,0.75,
1289,,,,0.625,0.75,0.5,0.5,
1290,"G2_with_children",0,0,0.5,0.75,0.75,0.75,0
1291,"G3_single_nonelderly",,,0.25,0.75,0.75,0.75,
1292,"G3_single_nonelderly",,,0.25,0.5,0.5,0.25,
1293,"G4_other",0,0,0,0.5,0.5,0.5,0
1294,"G2_with_children",1,0,0.625,1,0.75,1,
1295,"G1_elderly_only",0,1,0.25,0.75,0.5,0.5,1
1296,"G2_with_children",,,0.25,1,0.25,0.5,
1297,"G4_other",,,,,,,
1298,"G4_other",0,,0.25,0.75,0.5,0.75,
1299,"G1_elderly_only",,,0.75,0.75,0.5,0.5,
1300,"G1_elderly_only",1,1,0.25,1,0.75,0.75,
1301,"G1_elderly_only",,1,,0.75,0.75,0.75,
1302,"G3_single_nonelderly",1,1,0.75,0.75,0.5,,
1303,"G1_elderly_only",,,0.25,0.25,0.5,0.25,
1304,"G2_with_children",0,0,0.375,0.75,0.25,0.75,0
1305,"G1_elderly_only",0,0,0,0.5,0.5,0.5,0
1306,"G2_with_children",0,,1,1,,,
1307,"G4_other",1,1,0.25,1,0.75,0.75,
1308,"G3_single_nonelderly",,1,,0.75,0.75,0.5,
1309,,,,0.375,0.75,0.75,0.75,
1310,"G2_with_children",,1,0.25,0.5,0.5,0.25,
1311,"G2_with_children",0,0,0.25,0.25,0.5,0.25,0
1312,"G1_elderly_only",1,1,0.25,0.75,0.75,0.5,
1313,"G3_single_nonelderly",1,1,1,1,0.5,0.5,
1314,"G1_elderly_only",0,1,0.25,0.5,0.5,0.5,1
1315,"G4_other",0,0,0.625,0.25,0,0.25,0
1316,"G1_elderly_only",1,,0.625,1,0.75,0.5,
1317,"G2_with_children",1,1,0.375,0.5,0.5,0.75,
1318,"G1_elderly_only",0,0,0.375,0.75,0.75,0.75,0
1319,"G3_single_nonelderly",0,,0.75,0.5,0.5,0.5,
1320,"G1_elderly_only",1,1,0.375,0.75,0,0.25,
1321,"G4_other",0,1,0.625,0.25,0.5,0.5,1
1322,"G4_other",0,,0.25,0.75,0.5,0.5,
1323,"G2_with_children",,1,0.25,0.75,0.5,0.5,
1324,"G4_other",0,1,0.625,0.75,0.5,0.5,1
1325,"G1_elderly_only",1,1,0.375,0.5,0.25,0.5,
1326,"G1_elderly_only",1,1,0.25,0.75,0,0.25,
1327,"G4_other",1,1,0.5,1,0.75,0.75,
1328,"G2_with_children",1,1,0.25,0.75,0.5,0.75,
1329,"G2_with_children",1,1,0.5,0.75,0.5,0.5,
1330,"G1_elderly_only",,,0.5,0.5,0.5,0.5,
1331,"G4_other",1,1,0.625,1,0.25,0.25,
1332,,1,0,0.5,0.75,0.75,0.75,
1333,"G2_with_children",0,,0.5,1,0.5,0.5,
1334,"G1_elderly_only",0,0,0.125,1,0.75,0.75,0
1335,"G2_with_children",1,1,0.625,0.75,0.75,0.75,
1336,"G3_single_nonelderly",1,,0.75,0.75,0.75,0.5,
1337,"G1_elderly_only",0,,0.5,0.75,0.5,0.5,
1338,"G2_with_children",0,,0.875,0.5,0.5,0.25,
1339,"G1_elderly_only",1,1,0.5,0,0.5,0.5,
1340,"G1_elderly_only",0,1,0.5,0.5,0.5,0.5,1
1341,"G2_with_children",0,1,0.75,0.75,0.5,0.75,1
1342,"G1_elderly_only",1,1,0.5,0.75,0.25,0.5,
1343,"G4_other",1,1,0.25,0.75,0.5,0.75,
1344,"G4_other",,0,0.375,1,1,1,
1345,"G2_with_children",,,0.625,0.75,0.5,0.25,
1346,"G4_other",,1,1,0.75,0.75,0.75,
1347,"G3_single_nonelderly",0,,0.5,1,0.75,0.75,
1348,"G4_other",,,0.375,0.5,0.5,0.5,
1349,"G2_with_children",1,1,0.25,0.75,0.5,0.75,
1350,"G2_with_children",0,1,0.5,0.75,0.75,0.75,1
1351,"G1_elderly_only",0,0,0.5,0.75,0.75,0.75,0
1352,"G2_with_children",0,,0.25,0.75,0.5,0.25,
1353,,,,,,,,
1354,"G1_elderly_only",1,1,0.625,0.75,0.5,0.25,
1355,"G1_elderly_only",1,1,1,1,0.5,0.5,
1356,"G4_other",1,,0.625,1,1,0.75,
1357,"G4_other",1,1,0.625,0.75,0,0,
1358,"G2_with_children",1,1,0.625,1,0.75,0.5,
1359,,1,0,0.5,1,0.25,0.25,
1360,"G2_with_children",1,1,0.875,1,0.5,0.5,
1361,"G4_other",1,1,0.5,0.75,0.75,0.75,
1362,"G4_other",1,1,0.875,1,0.5,0.5,
1363,"G4_other",0,1,0.625,1,0.5,0.5,1
1364,"G2_with_children",0,0,0.25,0.75,0.5,0.5,0
1365,"G2_with_children",,1,0.5,0.75,0.5,0.75,
1366,"G4_other",0,0,0.25,0.5,0.5,0.75,0
1367,"G4_other",1,1,0.5,0.75,0.75,0.75,
1368,"G1_elderly_only",0,,0.875,1,0.5,0.5,
1369,"G4_other",0,1,0.5,1,0.25,0.5,1
1370,"G4_other",,,0.625,0.75,0.5,0.75,
1371,,1,1,0.375,0.75,0.5,0.25,
1372,"G2_with_children",,,0.125,0.75,0.5,0.5,
1373,"G2_with_children",1,1,0.5,0.5,0.5,0.5,
1374,"G2_with_children",0,0,0.75,1,0.75,0.75,0
1375,"G2_with_children",0,1,0.375,0.5,0.5,0.5,1
1376,"G3_single_nonelderly",0,1,0.375,0.5,0.5,0.5,1
1377,"G3_single_nonelderly",0,0,0.5,0.75,0.5,0.5,0
1378,"G3_single_nonelderly",,,0.375,0.5,0.5,0.5,
1379,"G2_with_children",1,1,0.375,1,0.5,0.75,
1380,"G1_elderly_only",1,1,1,0.75,0.5,0.5,
1381,"G4_other",0,1,0.375,0.75,0.5,0.5,1
1382,"G1_elderly_only",1,,0.75,0.75,0.75,0.75,
1383,"G4_other",0,0,0.25,0.75,0.25,0.25,0
1384,,1,1,0.25,0.75,0.5,0.5,
1385,"G4_other",1,,0.25,0.75,0.25,0.25,
1386,"G4_other",0,,0.5,0.5,0.5,0.5,
1387,"G1_elderly_only",1,1,0.75,0.5,0.5,0.5,
1388,"G2_with_children",1,1,0.5,0.75,0.5,0.5,
1389,"G4_other",0,,0.5,0.75,0.5,0.5,
1390,"G4_other",0,0,0.25,0.75,0.75,0.75,0
1391,"G3_single_nonelderly",1,1,0.375,0.75,0.25,0.25,
1392,,1,1,0.625,0.75,0.75,0.75,
1393,"G2_with_children",1,0,0.75,0.5,0.5,0.75,
1394,"G2_with_children",1,1,0.375,1,0.5,0.5,
1395,"G2_with_children",0,,0.375,0.5,0,0,
1396,"G2_with_children",1,1,0.875,1,0.75,0.75,
1397,"G1_elderly_only",0,0,0.75,0.75,0.5,0.5,0
1398,"G3_single_nonelderly",,1,0.75,0.75,0.5,0.5,
1399,"G2_with_children",,,0.625,0.75,0.5,0.5,
1400,"G2_with_children",,1,0.5,1,0.25,0.75,
1401,"G1_elderly_only",1,0,0.5,0.75,0.75,0.75,
1402,"G3_single_nonelderly",0,0,0.25,0.5,0.5,0.5,0
1403,"G2_with_children",1,1,0.375,0.75,0.5,0.5,
1404,"G3_single_nonelderly",,0,0.125,0.75,0.5,0.5,
1405,"G2_with_children",1,1,0.75,0.75,0.5,0.75,
1406,"G4_other",1,0,0.125,0.75,0.75,0.75,
1407,"G2_with_children",,1,0.5,0.25,0.75,0.5,
1408,"G1_elderly_only",1,1,1,0.75,0.25,0.5,
1409,"G3_single_nonelderly",,,0.375,0.75,0.5,0.5,
1410,"G4_other",1,1,0.875,1,0.5,1,
1411,"G4_other",0,0,0.125,0.75,0.75,0.5,0
1412,"G2_with_children",,1,0.625,0.75,0.75,0.75,
1413,"G4_other",1,1,1,0.5,,0.25,
1414,"G4_other",1,1,0.625,0.75,0.5,0.5,
1415,"G1_elderly_only",1,1,0.375,0.75,0.5,0.5,
1416,"G4_other",1,1,0.75,0.75,0.25,0.25,
1417,"G2_with_children",1,1,0.5,0.75,0.75,0.5,
1418,"G3_single_nonelderly",1,1,0.125,1,1,1,
1419,"G4_other",,,0.375,0.5,0.25,0.5,
1420,"G2_with_children",,,,0.75,0.5,0.5,
1421,"G2_with_children",0,,0.625,0.5,0.25,0.25,
1422,,,,,,,,
1423,"G1_elderly_only",,,0.625,0.5,0.5,0.5,
1424,"G2_with_children",1,1,0.375,1,0.75,1,
1425,"G2_with_children",0,1,0.5,0.75,0.75,0.75,1
1426,"G3_single_nonelderly",,1,0.125,0.75,0.75,0.75,
1427,"G3_single_nonelderly",0,1,0.625,0.75,0.75,0.75,1
1428,"G4_other",,,0.5,0.5,0.25,0.25,
1429,"G4_other",0,0,0,0.75,0.5,0.75,0
1430,"G3_single_nonelderly",0,,0.625,,,,
1431,"G3_single_nonelderly",1,1,0.5,0.75,0.5,0.5,
1432,"G4_other",0,0,0.5,0.75,0.5,0.5,0
1433,"G3_single_nonelderly",1,1,1,1,0.25,0,
1434,"G4_other",1,1,0.75,1,0.75,0.75,
1435,"G2_with_children",1,1,0.5,1,0.5,0.5,
1436,"G1_elderly_only",1,,0.5,0.75,0.5,0.5,
1437,"G1_elderly_only",0,,0.5,0.25,0.25,0.25,
1438,"G1_elderly_only",0,,,,,,
1439,"G4_other",1,1,,,,,
1440,"G1_elderly_only",1,1,0.25,0.25,0,0.25,
1441,"G1_elderly_only",,,0.5,0.5,0.5,0.5,
1442,"G3_single_nonelderly",,,0.125,0.25,0.25,0.25,
1443,"G3_single_nonelderly",1,1,0.75,0.75,0.5,0.5,
1444,"G2_with_children",,,0,,,,
1445,"G1_elderly_only",,,0.25,0,0.25,0,
1446,"G1_elderly_only",1,1,0.25,0.75,0.5,0.25,
1447,"G1_elderly_only",0,,0.25,0.75,0.75,,
1448,"G1_elderly_only",0,1,,0.75,0.5,0.75,1
1449,"G1_elderly_only",1,1,0.625,1,0.75,0.75,
1450,"G1_elderly_only",0,,,0.75,0.25,0.5,
1451,"G2_with_children",,,0.5,0.5,0.5,0.5,
1452,"G3_single_nonelderly",1,1,0.5,0.5,0.5,0.5,
1453,"G2_with_children",1,1,0.875,0.75,0.25,0.75,
1454,"G1_elderly_only",1,,0,0.75,0.75,0.5,
1455,"G2_with_children",1,1,,0.75,0.75,0.5,
1456,,0,0,0.75,,0.5,,0
1457,"G1_elderly_only",1,1,0.625,0.75,,,
1458,"G1_elderly_only",0,0,0.5,0.5,0.5,0.5,0
1459,"G1_elderly_only",0,,0.25,,,,
1460,"G2_with_children",1,0,0.625,0.5,0.25,0.25,
1461,"G2_with_children",1,1,0.875,1,0.75,0.75,
1462,"G3_single_nonelderly",1,1,,0.75,0.75,,
1463,"G4_other",1,1,0.875,0.75,0.5,0.75,
1464,"G4_other",1,1,,1,0.25,1,
1465,"G1_elderly_only",1,1,0.5,0.75,0.75,0.5,
1466,"G4_other",1,1,,0.75,0.75,0.75,
1467,"G1_elderly_only",1,1,0.75,0.75,0.5,0.5,
1468,"G1_elderly_only",0,0,0.375,0.75,0.5,0.5,0
1469,"G1_elderly_only",1,1,0.625,1,0.75,0.75,
1470,"G4_other",1,1,0.25,0.75,0.25,0.5,
1471,"G2_with_children",,,0.75,0.75,0.5,0.5,
1472,"G2_with_children",1,1,0.875,0.75,0.5,0.5,
1473,"G4_other",1,1,0,0.75,0.5,0.5,
1474,"G4_other",1,1,0.5,0.75,0.5,0.75,
1475,"G3_single_nonelderly",0,,0.25,0.75,0.5,0.5,
1476,"G1_elderly_only",0,,0.375,0.75,0.75,0.75,
1477,"G4_other",,,0.5,0.75,0.75,0.75,
1478,"G2_with_children",1,1,0.25,0.5,0.75,0.5,
1479,"G1_elderly_only",,1,0.125,0.75,0.75,0.75,
1480,,,,0.375,0.75,0.5,0.5,
1481,"G1_elderly_only",1,1,0.75,0.75,0.75,0.75,
1482,"G2_with_children",1,,0.375,0.75,0.5,0.75,
1483,,,,,,,,
1484,"G2_with_children",0,0,0,1,0.5,0.5,0
1485,"G4_other",0,1,1,0.5,0.5,0.5,1
1486,"G2_with_children",,,0.75,0.5,0.5,0.5,
1487,"G4_other",0,,0.5,,,,
1488,"G2_with_children",0,1,0.625,0.75,0.75,0.5,1
1489,"G4_other",1,1,0.75,0.75,0.75,0.75,
1490,"G4_other",1,1,0.375,0.75,0.25,0.75,
1491,"G2_with_children",0,0,0.375,0.75,0.5,0.5,0
1492,"G4_other",0,0,0.375,0.5,0.25,0.25,0
1493,"G2_with_children",1,0,1,1,0.75,0.5,
1494,"G2_with_children",0,0,0.375,1,0.5,0.5,0
1495,"G3_single_nonelderly",1,1,0.75,0.75,0.75,0.75,
1496,"G2_with_children",1,1,0.75,1,0.25,0.5,
1497,"G3_single_nonelderly",1,1,0.375,0.75,0.5,0.5,
1498,"G2_with_children",0,1,0.5,0.75,0.5,0.5,1
1499,"G4_other",1,1,1,1,0.75,1,
1500,,,,0.5,0.5,0.5,0.5,
1501,"G2_with_children",0,0,0,1,0.75,0.75,0
1502,"G2_with_children",1,1,0.5,0.75,0.5,0.75,
1503,"G3_single_nonelderly",,,0.25,0.75,0.5,0.75,
1504,"G2_with_children",1,1,0.5,0.75,0.5,0.25,
1505,"G4_other",1,,0.75,1,0.75,0.75,
1506,"G1_elderly_only",0,0,0.875,1,0.5,0.75,0
1507,"G4_other",0,0,0.25,0.5,0.5,0.5,0
1508,"G4_other",,1,0.625,0.75,0.5,0.75,
1509,"G4_other",0,0,0.375,0.75,0.5,0.25,0
1510,"G4_other",1,1,0.625,0.75,0.75,0.75,
1511,"G3_single_nonelderly",1,1,0,0.75,0.75,0.75,
1512,"G3_single_nonelderly",0,,0.625,0.75,0.75,0.75,
1513,"G1_elderly_only",1,1,1,0.75,0.75,0.75,
1514,"G2_with_children",0,0,0.125,0.75,0.5,0.5,0
1515,,1,0,0.75,0.5,0.25,0.25,
1516,"G2_with_children",1,1,0.375,0.75,0.75,0.75,
1517,"G4_other",,,0.25,0.75,0.5,0.5,
1518,"G2_with_children",,,0.125,0.5,0.5,0.5,
1519,"G2_with_children",0,0,0.25,0.75,0.25,0.5,0
1520,"G1_elderly_only",,,0.5,0.75,0.5,0.5,
1521,"G3_single_nonelderly",0,1,0.125,0.25,0.25,0.25,1
1522,"G3_single_nonelderly",,,0.875,0.75,0.5,0.5,
1523,"G2_with_children",,,0.125,0.75,0.5,0.5,
1524,"G1_elderly_only",1,1,0.75,0.75,0.25,0.75,
1525,"G1_elderly_only",,,0.375,0.75,0.5,0.5,
1526,"G4_other",1,1,0.25,1,1,1,
1527,"G2_with_children",,,0.375,0.75,0.5,0.5,
1528,"G2_with_children",,,0.25,0.75,0.5,0.5,
1529,"G2_with_children",0,,0.5,0.5,0.25,0.25,
1530,"G1_elderly_only",1,1,0.25,0.75,0.5,0.5,
1531,"G3_single_nonelderly",0,0,0.25,0.75,0.75,0.5,0
1532,"G3_single_nonelderly",1,1,0.625,1,0.75,0.5,
1533,"G1_elderly_only",0,0,,0.75,0.5,0.5,0
1534,"G4_other",1,1,0.25,0.75,0.5,0.5,
1535,"G2_with_children",1,1,0.625,1,0.75,0.75,
1536,,1,1,0.375,0.75,0.5,0.5,
1537,"G4_other",0,1,0.75,0.75,,0.75,1
1538,"G2_with_children",,,0.5,0.5,0.5,0.5,
1539,"G4_other",0,0,0,0.75,0.75,0.5,0
1540,"G4_other",0,1,0.375,0.75,0.5,0.5,1
1541,,0,1,0.5,0.75,0.5,0.5,1
1542,"G4_other",1,0,0.5,0.75,0.75,0.5,
1543,"G2_with_children",1,1,0.625,1,0.5,0.5,
1544,"G4_other",1,1,0.875,0.75,0.75,0.75,
1545,"G3_single_nonelderly",1,1,0.625,1,0.5,0.5,
1546,"G3_single_nonelderly",,,0.5,0.5,0.5,0.5,
1547,"G4_other",1,1,0.875,1,0.5,0.5,
1548,"G1_elderly_only",,1,0.625,0.75,0.5,0.5,
1549,"G1_elderly_only",1,,1,0.75,0.5,0.25,
1550,"G2_with_children",1,1,0.5,1,0.5,0.5,
1551,,,,0.625,0.75,0.5,0.5,
1552,"G2_with_children",1,1,1,1,0.75,0.75,
1553,"G1_elderly_only",0,,0.25,0.75,0.5,0.5,
1554,"G1_elderly_only",0,0,0.75,0.75,0.5,0.5,0
1555,"G4_other",1,1,0.625,0.75,0.5,0.5,
1556,"G3_single_nonelderly",,,0,0.5,0.5,0.5,
1557,"G1_elderly_only",,,0.75,1,1,0.75,
1558,"G4_other",1,1,0.375,0.75,0.5,0.5,
1559,"G2_with_children",1,,0.625,0.75,0.75,0.75,
1560,"G1_elderly_only",0,,0.75,,,,
1561,"G3_single_nonelderly",0,,0.75,1,0.75,0.75,
1562,"G1_elderly_only",1,1,0.75,0.75,0.5,0.75,
1563,"G4_other",1,1,0.875,1,0.5,0.5,
1564,"G3_single_nonelderly",0,1,0.625,0.75,0.5,0.5,1
1565,"G3_single_nonelderly",,,0.625,0.5,0.5,0.5,
1566,"G1_elderly_only",,1,0.5,0.5,0.5,0.25,
1567,"G4_other",0,0,0.375,0.75,0.5,0.5,0
1568,"G1_elderly_only",0,,0.25,0.75,0.25,0.25,
1569,"G4_other",0,,0.375,0.5,0.5,0.5,
1570,"G1_elderly_only",1,1,0.125,1,,,
1571,"G3_single_nonelderly",,,0.75,0.75,0.75,0.75,
1572,"G1_elderly_only",,,1,1,0.75,0.5,
1573,"G3_single_nonelderly",,,0,0.25,,0.5,
1574,"G3_single_nonelderly",0,0,0.25,0.75,0.25,0.25,0
1575,"G1_elderly_only",0,0,0.375,0.75,0.75,0.75,0
1576,"G4_other",0,1,0.25,1,1,0.5,1
1577,"G2_with_children",0,1,0.5,0.75,0.75,0.75,1
1578,"G2_with_children",1,1,1,0.75,0,0,
1579,"G2_with_children",,,0.625,0.25,0.25,0.25,
1580,"G3_single_nonelderly",0,,0.375,0.75,0.5,0.5,
1581,"G1_elderly_only",1,,0.375,0.75,0.75,0.5,
1582,"G2_with_children",,,0.5,0.75,0.5,0.5,
1583,"G4_other",1,1,0.5,0.5,0.5,0.5,
1584,"G1_elderly_only",0,0,0.375,0.75,0.5,0.5,0
1585,"G4_other",1,1,0.25,1,0.25,0.75,
1586,"G4_other",0,1,0.5,0.75,0.75,0.75,1
1587,"G1_elderly_only",1,,0.25,,,,
1588,,1,1,0.5,1,0.75,0.5,
1589,"G2_with_children",,1,0.75,0.75,0.5,0.5,
1590,"G2_with_children",0,,0.5,0.75,0.25,0.5,
1591,"G1_elderly_only",0,1,0.625,0.75,0.5,0.75,1
1592,"G1_elderly_only",0,1,0.625,0.75,0.75,0.75,1
1593,"G2_with_children",0,1,0.875,1,0.25,0.25,1
1594,"G3_single_nonelderly",,,0.375,0.5,0.5,0.5,
1595,"G1_elderly_only",1,1,0.5,1,0.5,0.75,
1596,"G1_elderly_only",,1,0.375,0.5,0.25,0.25,
1597,"G1_elderly_only",,,0.5,0.75,0.75,0.75,
1598,"G2_with_children",1,1,0.375,1,1,1,
1599,"G2_with_children",0,1,,0.75,0.5,0.25,1
1600,"G1_elderly_only",1,1,0.375,0.5,0.5,0.75,
1601,"G2_with_children",1,1,0.375,0.75,0.75,0.75,
1602,"G2_with_children",1,1,0.25,0.75,0.75,0.75,
1603,"G1_elderly_only",1,1,1,1,0.75,0.75,
1604,"G4_other",0,1,0.375,0.75,0.75,0.75,1
1605,"G2_with_children",,1,0.375,0.75,0.75,0.5,
1606,"G4_other",0,0,0.125,0.75,0.5,0.25,0
1607,"G2_with_children",1,1,0.625,0.75,0.5,0.25,
1608,"G2_with_children",,1,0.25,0.5,0.5,0.5,
1609,"G2_with_children",1,1,0.125,0.75,0.75,0.75,
1610,"G2_with_children",1,1,0.25,0.75,1,0.75,
1611,"G1_elderly_only",1,1,0.75,1,0.75,0.75,
1612,"G2_with_children",0,0,0.5,0.75,0.5,0.5,0
1613,"G1_elderly_only",,,0.5,0.5,0.5,0.25,
1614,"G1_elderly_only",0,1,0.5,0.75,0.75,0.5,1
1615,"G3_single_nonelderly",1,1,0.625,0.75,0.5,0.75,
1616,"G2_with_children",,0,0.125,0.5,0.5,0.5,
1617,"G1_elderly_only",0,0,0.375,1,0.5,0.75,0
1618,"G2_with_children",1,1,0.25,1,0.75,0.75,
1619,"G1_elderly_only",1,1,0,1,0.75,0.75,
1620,"G4_other",1,1,1,1,0.75,0.5,
1621,"G4_other",0,0,0.375,0.5,0.5,0.5,0
1622,"G4_other",0,0,0.125,0.75,0.75,0.5,0
1623,"G1_elderly_only",,,0.75,0.75,0.75,0.75,
1624,"G3_single_nonelderly",1,1,0,0.5,0.25,0.75,
1625,"G4_other",,,0.5,0.5,0.5,0.5,
1626,"G2_with_children",,1,0.5,0.75,0.5,0.5,
1627,"G1_elderly_only",1,1,0.25,1,1,1,
1628,"G2_with_children",0,1,0.75,0.75,0.5,0.5,1
1629,"G1_elderly_only",1,1,0.75,1,0.75,0.75,
1630,"G2_with_children",1,1,0.5,0.5,0.5,0.5,
1631,"G2_with_children",,1,0.375,0.75,0.5,0.75,
1632,"G2_with_children",,,0.625,0.5,0.5,0.5,
1633,"G2_with_children",0,0,0.625,0.75,0.5,0.75,0
1634,"G1_elderly_only",1,,0.625,0.75,0.5,0.5,
1635,"G2_with_children",,,0.25,0.5,0.5,0.5,
1636,"G2_with_children",,,,,,,
1637,"G2_with_children",,,0.625,0.5,0.5,0.5,
1638,"G1_elderly_only",1,1,0.75,0,0,0,
1639,,0,1,0.25,0.75,0.75,0.5,1
1640,"G1_elderly_only",1,1,1,1,,0.75,
1641,"G1_elderly_only",,1,0.25,0.5,0.25,0.25,
1642,"G3_single_nonelderly",,1,0.5,0.5,0.5,0.5,
1643,"G1_elderly_only",,,0.25,0.75,0.75,0.75,
1644,"G3_single_nonelderly",1,1,0,0,0,0,
1645,"G1_elderly_only",0,,0.5,0,,,
1646,"G2_with_children",1,1,0.375,0.75,0.25,0.25,
1647,"G1_elderly_only",0,0,0.625,0.75,0.5,0.75,0
1648,"G1_elderly_only",,,0.625,0.5,0.5,0.5,
1649,"G1_elderly_only",0,1,0.75,0.75,0.5,0.5,1
1650,"G2_with_children",,,0.125,0.75,0.5,0.5,
1651,"G2_with_children",0,0,0.5,1,0.25,0.75,0
1652,"G4_other",1,1,0.625,0.75,0.75,0.75,
1653,"G2_with_children",1,1,0.25,0.75,0.75,0.75,
1654,"G2_with_children",1,1,0.625,0.5,0.5,0.5,
1655,"G2_with_children",0,,1,1,1,1,
1656,"G1_elderly_only",,1,0.625,0.75,0.75,0.75,
1657,,0,,0.75,0.75,0.5,0.5,
1658,"G1_elderly_only",,,0.75,0.75,0.5,0.75,
1659,"G3_single_nonelderly",0,,0.375,0.75,0.25,0.5,
1660,"G1_elderly_only",1,1,0.5,0.75,0.75,0.5,
1661,"G2_with_children",,,0.375,0.5,0.5,0.5,
1662,,0,1,0.625,0.75,0.5,0.5,1
1663,"G1_elderly_only",0,0,0.25,0.75,0.5,0.5,0
1664,"G2_with_children",,,0.75,0.75,0.75,0.75,
1665,"G1_elderly_only",0,1,0.625,1,0.5,0.75,1
1666,"G4_other",1,1,0.625,0.75,0.75,0.75,
1667,"G3_single_nonelderly",1,1,0.5,0.75,0.5,0.5,
1668,"G4_other",0,1,1,0.5,0.5,0.5,1
1669,"G2_with_children",,,0.25,0.75,0.5,0.5,
1670,"G2_with_children",,,0,1,0.75,0.5,
1671,"G4_other",,1,0.75,0.75,0.75,0.75,
1672,"G2_with_children",0,0,0,0.75,0.75,0.75,0
1673,,,,0.5,0.75,0.5,0.5,
1674,"G2_with_children",1,1,0.625,0.5,0.75,0.5,
1675,"G1_elderly_only",,,0.125,0.75,0.5,0.75,
1676,"G1_elderly_only",1,1,0.75,0.75,0.75,0.75,
1677,"G4_other",1,1,0.375,0.75,0.5,0.5,
1678,"G2_with_children",1,,0.25,0.75,0.5,0.5,
1679,"G2_with_children",1,1,0.625,0.75,0,1,
1680,"G4_other",0,,0.625,0.5,0.5,0.5,
1681,"G1_elderly_only",,,0.375,0.75,0.5,0.5,
1682,"G2_with_children",,,0.5,0.5,0.5,0.5,
1683,"G3_single_nonelderly",0,0,0.25,0.75,0.5,0.5,0
1684,"G2_with_children",0,1,0.25,0.75,0.75,0.5,1
1685,"G2_with_children",1,1,0,0.75,0.5,,
1686,,1,1,0.625,0.75,0.25,0.5,
1687,"G2_with_children",1,1,0.625,0.75,0.5,0.5,
1688,"G4_other",0,0,0.375,0.75,0.25,0.5,0
1689,"G2_with_children",,,0.375,0.75,0.75,1,
1690,"G4_other",1,1,0.375,0.5,0.5,0.75,
1691,"G2_with_children",1,1,0.25,1,0.5,0.75,
1692,"G2_with_children",0,,,0.5,0.5,0.5,
1693,"G2_with_children",1,1,1,1,1,1,
1694,"G2_with_children",,,0.375,0.75,0.5,0.5,
1695,,0,0,0.875,,,,0
1696,"G4_other",1,1,0.25,0.75,0.75,0.75,
1697,"G1_elderly_only",1,1,0,0.75,0.75,0.75,
1698,"G3_single_nonelderly",,0,0.125,0.75,0.75,0.75,
1699,"G2_with_children",,,0.5,0.75,0.5,0.5,
1700,"G4_other",,,0.25,0.75,0.5,0.5,
1701,"G4_other",1,1,0.5,1,0.5,0.5,
1702,"G2_with_children",1,0,0,0.5,0.5,0.5,
1703,"G1_elderly_only",1,,0.375,0.75,0.5,0.5,
1704,"G4_other",0,,0.625,1,0.5,0.75,
1705,"G2_with_children",,,0.25,0.5,0.5,0.25,
1706,"G2_with_children",1,1,0.625,0.75,0.25,0.5,
1707,"G3_single_nonelderly",,,0.375,0.5,0.5,0.5,
1708,"G1_elderly_only",0,,0.75,0.5,0.5,0.5,
1709,"G4_other",1,1,0.5,0.75,0.75,0.75,
1710,"G1_elderly_only",1,1,0.125,0.75,0.75,0.75,
1711,"G3_single_nonelderly",0,0,0.75,0.75,0.5,0,0
1712,"G3_single_nonelderly",1,1,0.375,0.25,0,0.5,
1713,"G3_single_nonelderly",1,1,0.125,0,0,0,
1714,"G4_other",1,1,1,0.75,0.75,0.75,
1715,"G1_elderly_only",1,,0.75,0,0,0,
1716,"G2_with_children",,,0.5,0.75,0.5,0.75,
1717,"G1_elderly_only",0,,0.25,0.5,0.5,0.5,
1718,"G4_other",,0,0.5,0.75,0.5,0.5,
1719,"G1_elderly_only",0,0,0,0.5,0.5,0.25,0
1720,"G3_single_nonelderly",1,1,0.375,0.75,0.5,0.75,
1721,"G2_with_children",0,1,0.5,0.75,0.5,0.75,1
1722,"G2_with_children",1,1,0,1,0.5,0.5,
1723,"G1_elderly_only",1,1,1,0.5,0.25,0.5,
1724,"G3_single_nonelderly",1,,0.5,0.75,0.5,0.5,
1725,"G2_with_children",0,0,0.625,0.75,0.25,0.25,0
1726,"G3_single_nonelderly",0,0,0.25,0.75,0.75,0.5,0
1727,"G4_other",0,1,0.25,0.75,0.75,0.75,1
1728,"G1_elderly_only",,1,0.375,0.75,0.75,0.75,
1729,"G3_single_nonelderly",1,0,0.625,1,0.75,0.5,
1730,"G1_elderly_only",0,0,0.25,1,1,0.5,0
1731,"G4_other",1,1,1,1,0.25,0.5,
1732,"G2_with_children",1,1,0.625,0.75,0.5,0.5,
1733,"G4_other",,,0.125,0.75,0.5,0.5,
1734,"G1_elderly_only",0,0,0.5,0.75,0.75,0.75,0
1735,"G4_other",,1,0.125,0.75,0.25,0.75,
1736,"G2_with_children",0,1,0.625,1,0.25,0.25,1
1737,"G4_other",0,0,0.875,0.75,0,0.5,0
1738,"G4_other",1,1,0.125,0.75,0.25,0.5,
1739,"G1_elderly_only",1,,0.625,0.5,0,0,
1740,"G4_other",0,,0.375,0.75,0.5,0.5,
1741,"G2_with_children",1,1,0,,,,
1742,"G1_elderly_only",0,1,0.375,0.75,0.75,0.75,1
1743,"G3_single_nonelderly",,,0.25,0.5,0.5,0.5,
1744,"G2_with_children",1,1,0.75,0.75,0.75,0.75,
1745,"G3_single_nonelderly",0,1,0.625,0.75,0.25,0.5,1
1746,"G4_other",0,1,0.5,0.75,0.5,0.5,1
1747,,1,1,,0.75,0.5,0.75,
1748,"G4_other",,,0.25,1,0.5,0.5,
1749,"G3_single_nonelderly",,,0.875,0.75,0.5,0.5,
1750,"G4_other",,,0.25,0.75,0.75,0.5,
1751,"G4_other",1,1,0.625,0.75,0.5,0.75,
1752,"G2_with_children",0,,1,0.75,0.25,0.75,
1753,"G1_elderly_only",1,1,0.5,0.75,0.75,0.75,
1754,"G3_single_nonelderly",0,,0.5,0.75,0.5,0.5,
1755,"G4_other",0,1,0.625,0.75,0.5,0.5,1
1756,,0,1,0.75,0.75,0.75,,1
1757,"G1_elderly_only",1,,0.5,1,0.5,0.75,
1758,"G4_other",0,0,0.375,0.5,0.5,0.25,0
1759,"G1_elderly_only",0,,0.75,0.75,0.25,0.5,
1760,"G1_elderly_only",1,1,0,0.75,0.75,0.75,
1761,"G1_elderly_only",1,1,1,1,0.25,0.75,
1762,"G2_with_children",1,1,0.75,0.75,0.75,0.5,
1763,"G2_with_children",0,0,0.25,0.5,0.5,0.5,0
1764,"G1_elderly_only",1,1,0.375,0.75,0.5,0.75,
1765,"G2_with_children",,,0.375,0.75,0.25,0.5,
1766,"G2_with_children",0,1,0.375,0.75,0.25,0.25,1
1767,"G2_with_children",1,1,1,0.75,0.25,0.75,
1768,"G2_with_children",1,1,0.125,0.75,0.5,0.5,
1769,"G3_single_nonelderly",1,,0.5,0.75,0.5,0.75,
1770,"G1_elderly_only",0,,0.375,0.75,,,
1771,"G2_with_children",1,1,0,1,0.5,0.5,
1772,"G2_with_children",,,0.25,0.75,0.75,0.5,
1773,,0,0,0.5,0.75,0.5,0.75,0
1774,"G2_with_children",0,0,0.75,0.75,0.75,0.75,0
1775,"G3_single_nonelderly",,,0.5,0.75,0.5,0.5,
1776,"G4_other",1,1,0.5,0.75,0.75,0.25,
1777,"G2_with_children",,,0.5,0.5,0.5,0.5,
1778,"G2_with_children",0,0,0.125,0.75,0.5,0.5,0
1779,"G1_elderly_only",1,1,0.25,0.75,0.5,0.5,
1780,"G2_with_children",,1,0.375,0.75,0.75,0.75,
1781,"G2_with_children",1,1,0.625,1,0.5,0.75,
1782,"G1_elderly_only",1,,0.375,0.75,0.25,0.25,
1783,"G3_single_nonelderly",,,0.375,0.5,0.5,0.5,
1784,"G2_with_children",,,0.375,0.75,0.75,0.5,
1785,"G2_with_children",,,0.5,0.5,0.5,0.5,
1786,"G1_elderly_only",1,1,1,0.75,0.5,0.5,
1787,"G1_elderly_only",1,,0.75,1,0.5,0.75,
1788,"G1_elderly_only",1,1,0.75,0.75,0.75,0.75,
1789,"G4_other",0,,0.375,0.25,0.5,0.5,
1790,"G1_elderly_only",1,1,0.75,0.75,0.75,0.75,
1791,"G4_other",0,0,0.5,0.5,0.25,0.5,0
1792,"G1_elderly_only",1,1,0.75,0.75,0.75,0.5,
1793,"G1_elderly_only",1,1,0,0.75,0.5,0.5,
1794,"G3_single_nonelderly",,,0.5,0.5,0.5,0.5,
1795,"G2_with_children",0,0,0.25,0.5,0.5,0.5,0
1796,"G4_other",0,,0.875,0.75,0.75,0.75,
1797,"G4_other",0,,,0.5,0.25,0.25,
1798,"G1_elderly_only",1,1,1,0.75,0.75,0.5,
1799,"G1_elderly_only",0,0,0,1,0.75,1,0
1800,"G1_elderly_only",,,0.875,0.75,0.75,0.75,
1801,"G3_single_nonelderly",0,0,0.375,1,0.5,0.75,0
1802,"G4_other",,1,0.5,0.75,0.75,0.75,
1803,"G1_elderly_only",0,0,0.5,0.75,0.25,0.5,0
1804,"G4_other",1,1,0.5,1,0.75,0.75,
1805,"G1_elderly_only",,,0.375,0.5,0.5,0.5,
1806,"G2_with_children",,,0.375,0.75,0.75,0.75,
1807,"G2_with_children",1,1,0.5,,,,
1808,"G4_other",,,0.625,0.75,0.5,0.75,
1809,"G1_elderly_only",1,1,0.5,0.75,0.5,0.75,
1810,"G2_with_children",1,1,0.5,0.5,0.5,0.5,
1811,"G1_elderly_only",,0,,0.75,,0.25,
1812,"G1_elderly_only",0,,0.5,0.5,0.5,0.5,
1813,"G4_other",,,0.75,0.5,0.25,0.25,
1814,"G1_elderly_only",1,1,0.25,1,0.75,0.75,
1815,"G2_with_children",,,0.75,1,0.75,1,
1816,"G1_elderly_only",1,1,1,0.75,0.75,0.75,
1817,"G2_with_children",1,1,0.25,0.75,0.5,0.5,
1818,"G4_other",0,0,1,1,0.75,0.75,0
1819,,,,,,,,
1820,"G1_elderly_only",,,0.25,0.5,0.25,0.25,
1821,"G1_elderly_only",,1,0.5,1,0.75,0.75,
1822,"G1_elderly_only",0,0,0.25,0.75,0.75,0.25,0
1823,"G1_elderly_only",1,1,0.75,0.75,0.75,0.75,
1824,"G4_other",,1,,0.5,0.5,0.25,
1825,"G4_other",0,,0.375,0.75,0.5,0.5,
1826,"G2_with_children",1,1,0.625,1,1,0.75,
1827,"G3_single_nonelderly",,,0.125,0.75,0.75,0.75,
1828,"G4_other",1,1,0.75,0.75,0.75,0.5,
1829,"G1_elderly_only",1,1,0.5,0.75,0.75,0.75,
1830,"G4_other",1,,0.625,0.75,0.5,0.75,
1831,"G2_with_children",0,0,0.375,0.75,0.5,0.25,0
1832,"G1_elderly_only",0,0,0.5,0.75,0.75,0.5,0
1833,"G2_with_children",1,1,0.625,0.25,0.25,0.25,
1834,,0,1,0.625,0.75,0.75,0.75,1
1835,"G2_with_children",0,0,0.75,0.75,0.75,0.75,0
1836,"G1_elderly_only",0,0,0.125,0.75,0.75,0.5,0
1837,"G1_elderly_only",0,,0.25,0.75,0.5,0.5,
1838,"G1_elderly_only",0,1,0.375,0.75,0.25,0.5,1
1839,"G1_elderly_only",1,1,0.75,0.75,0.75,0.75,
1840,,1,1,0.5,0.75,0.75,0.75,
1841,"G1_elderly_only",0,0,,0.75,0.5,0.5,0
1842,"G2_with_children",0,,0.5,0.75,0.75,0.75,
1843,"G2_with_children",1,1,1,0.75,0.75,0.25,
1844,"G2_with_children",,1,0.625,1,0.75,0.75,
1845,"G3_single_nonelderly",1,1,0.5,0.75,0.75,0.5,
1846,"G4_other",,,0.375,0.75,0.5,0.25,
1847,"G4_other",0,,0.75,0.75,0.5,0.5,
1848,,1,1,0.75,0.75,0.5,0.25,
1849,"G1_elderly_only",0,0,0.375,0.75,0.75,0.75,0
1850,"G2_with_children",1,1,0.625,0.75,0.5,0.5,
1851,"G4_other",0,0,1,1,0.75,0.75,0
1852,"G1_elderly_only",0,,0.875,1,0.5,0.5,
1853,"G2_with_children",,1,1,0.75,0.5,0.5,
1854,,0,0,0.25,0.75,0.75,0.75,0
1855,,1,1,0.125,0.75,0.75,0.75,
1856,"G1_elderly_only",,,0.375,0.75,0.25,0.5,
1857,"G2_with_children",,,,1,0.75,0.75,
1858,"G1_elderly_only",0,1,0.875,0.75,0.75,0.75,1
1859,"G2_with_children",0,,0.125,0.75,0.5,0.5,
1860,,,,0.25,0.75,0.5,0.5,
1861,"G1_elderly_only",,,0.625,1,0.5,0.5,
1862,"G2_with_children",,,0.625,0.75,0.5,0.25,
1863,"G3_single_nonelderly",0,,0.375,0.75,0.5,0.5,
1864,"G4_other",1,1,0.875,1,0.75,1,
1865,"G2_with_children",1,1,0.75,0.75,0.5,0.5,
1866,"G4_other",0,1,0.625,0.75,0.75,0.5,1
1867,"G2_with_children",0,1,,1,0.5,0.75,1
1868,"G1_elderly_only",,,0.5,0.25,0.25,0.25,
1869,"G4_other",1,1,0.5,1,0.25,0.5,
1870,"G1_elderly_only",0,,0.25,0.75,0.75,0.5,
1871,"G3_single_nonelderly",1,1,1,0.5,0.25,0.75,
1872,"G4_other",1,1,0.625,0.5,,0.25,
1873,"G2_with_children",1,1,0.5,1,1,,
1874,"G1_elderly_only",1,,0.625,0.75,0.5,0.5,
1875,"G2_with_children",0,0,0.125,0.75,0.5,0.5,0
1876,"G1_elderly_only",1,1,0.875,1,0.75,0.75,
1877,"G3_single_nonelderly",1,1,0.875,0.75,0.75,0.75,
1878,"G2_with_children",1,1,0.75,0.75,0.75,0.75,
1879,"G2_with_children",0,,0.375,0.75,0.5,0.5,
1880,"G1_elderly_only",1,,0.75,1,1,1,
1881,"G1_elderly_only",1,0,0.25,0.75,0.5,0.75,
1882,"G2_with_children",1,1,0.25,0.75,0.5,0.5,
1883,"G2_with_children",,,,0.75,0.5,0.25,
1884,"G3_single_nonelderly",0,1,0.75,0.75,0.75,0.5,1
1885,"G4_other",0,0,0.125,1,0.5,0.5,0
1886,"G2_with_children",0,,0.875,0.75,0.25,0.5,
1887,"G4_other",1,1,0.875,1,0.75,0.75,
1888,"G1_elderly_only",0,1,0.375,0.75,0.75,0.75,1
1889,"G2_with_children",1,1,0.625,0.75,0.5,0.5,
1890,"G4_other",1,1,0.875,0.75,0.75,0.5,
1891,"G2_with_children",0,,0.75,0.75,0.75,0.75,
1892,"G2_with_children",1,,0.5,,,,
1893,"G4_other",1,1,0.25,0.75,0.75,0.5,
1894,"G1_elderly_only",1,1,0.375,0.75,0.5,0.75,
1895,"G3_single_nonelderly",0,,0.75,0.5,0.25,0.5,
1896,"G1_elderly_only",0,,0.875,,,,
1897,"G2_with_children",1,1,0.625,0.75,0.75,1,
1898,"G1_elderly_only",1,1,0.375,1,0.75,0.75,
1899,"G2_with_children",1,1,0.625,0.75,0.5,0.75,
1900,"G2_with_children",,,0.75,0.75,0.5,0.75,
1901,"G4_other",1,1,0.25,0.75,0.25,0.5,
1902,"G3_single_nonelderly",1,1,0.5,0.75,0.5,0.5,
1903,"G2_with_children",0,,0.375,0.75,0.5,0.5,
1904,"G4_other",,,0.625,0.75,0.5,0.5,
1905,"G3_single_nonelderly",,,0.75,0.75,0.5,0.75,
1906,"G4_other",0,1,0.75,0.75,0.75,0.75,1
1907,"G2_with_children",1,1,0.5,1,0.75,0.75,
1908,"G4_other",0,0,0.625,0.75,0.5,0.5,0
1909,"G4_other",1,1,0.375,0.75,0.5,0.5,
1910,"G2_with_children",,,0.5,0.5,0.5,0.5,
1911,,1,1,0.375,1,0.5,0.5,
1912,"G4_other",1,1,0.5,0.75,0.5,0.75,
1913,"G2_with_children",0,0,,1,0.75,0.75,0
1914,"G2_with_children",1,1,0.5,1,0.75,1,
1915,"G1_elderly_only",0,0,0.5,0.75,0.25,0.25,0
1916,"G4_other",1,,,0.75,0.5,0.75,
1917,"G1_elderly_only",1,1,0.25,0.75,0.75,0.5,
1918,"G1_elderly_only",1,,0.75,0.75,0.5,0.75,
1919,,0,1,0.75,0.75,0.5,0.5,1
1920,"G2_with_children",1,,0.25,0.75,0.5,0.5,
1921,"G4_other",0,0,0.125,1,0.5,0.25,0
1922,"G4_other",1,1,1,1,0.5,0.5,
1923,"G1_elderly_only",0,,0.5,0.75,0.25,0.5,
1924,"G2_with_children",1,1,0.75,0.75,1,1,
1925,,,,0.25,0.75,0.5,0.5,
1926,"G1_elderly_only",0,0,0.75,0.75,0.75,0.5,0
1927,"G1_elderly_only",1,1,0.25,1,0.75,0.75,
1928,"G3_single_nonelderly",1,1,1,1,0.25,0.5,
1929,"G4_other",1,1,1,0.75,0.5,0.5,
1930,"G1_elderly_only",0,0,0.625,0.75,0.25,0.75,0
1931,"G4_other",0,0,0.25,1,0.25,0.5,0
1932,"G1_elderly_only",1,1,0.375,0.25,1,0.75,
1933,"G2_with_children",,0,0.75,0.75,0.5,0.5,
1934,,1,1,0.75,0.75,0.75,0.5,
1935,"G2_with_children",1,1,0.625,0.5,0.5,0.5,
1936,"G3_single_nonelderly",,1,0.625,0.75,0.5,0.5,
1937,,1,1,0.5,0.75,0,0.5,
1938,"G1_elderly_only",1,1,0.625,0.75,0.75,0.75,
1939,"G2_with_children",1,1,0.625,1,0.25,0,
1940,,1,1,0.25,0.75,0.75,0.75,
1941,"G2_with_children",,,0.25,0.75,0.5,0.5,
1942,,1,1,0.5,0.5,0.25,0.25,
1943,"G1_elderly_only",1,1,0.375,0.75,0.5,0.75,
1944,"G1_elderly_only",,,0.875,0.5,0.25,0.25,
1945,"G2_with_children",1,1,0.125,0.75,0.5,0.5,
1946,"G4_other",1,1,0.375,0.75,0.5,0.5,
1947,"G2_with_children",1,1,0.625,0.75,0.5,0.5,
1948,"G2_with_children",0,0,0.375,0.5,0.5,0.25,0
1949,"G2_with_children",1,1,0.5,0.75,0.75,0.75,
1950,"G2_with_children",0,,0.25,1,0.75,0.75,
1951,"G2_with_children",0,,0.125,0.75,0.5,0.5,
1952,"G1_elderly_only",1,1,0.375,0.75,0.75,0.75,
1953,"G1_elderly_only",0,0,0.25,0.75,0.5,0.5,0
1954,"G1_elderly_only",1,1,0.875,0.75,0.75,0.75,
1955,"G2_with_children",1,1,0.25,0.75,0.5,0.75,
1956,"G1_elderly_only",0,,0.375,0.25,0.25,0.5,
1957,"G3_single_nonelderly",,,,,,,
1958,"G1_elderly_only",1,,0.625,1,0.75,0.75,
1959,"G4_other",1,1,1,1,0,0.5,
1960,"G1_elderly_only",0,,0,0.75,0.25,0.25,
1961,"G2_with_children",0,1,0.25,0.25,0.25,0.25,1
1962,,1,0,,0.5,0.5,0.5,
1963,"G2_with_children",1,1,0.75,0.75,0.5,0.5,
1964,"G2_with_children",0,,0.25,0.75,0.25,0,
1965,"G2_with_children",0,0,0.5,0.75,0.5,0.5,0
1966,"G2_with_children",1,1,0.125,0.75,0.75,0.25,
1967,,0,,0.5,0.75,0.5,0.25,
1968,"G3_single_nonelderly",,,0.5,1,0.5,0.5,
1969,"G1_elderly_only",,,0.75,1,0.5,0.75,
1970,"G4_other",0,0,0.5,0.75,0.5,0.5,0
1971,"G3_single_nonelderly",,,0.75,0.75,0.5,0.5,
1972,"G2_with_children",0,0,0.375,0.75,0.5,0.75,0
1973,"G3_single_nonelderly",0,0,0.5,0.75,0.5,0.75,0
1974,"G1_elderly_only",0,0,0.25,0.75,0.75,0.5,0
1975,"G3_single_nonelderly",0,0,0.125,0.75,0.75,0.75,0
1976,"G4_other",1,1,0.75,0.75,0.25,0.5,
1977,"G4_other",,,0.125,0.75,0.5,0.5,
1978,"G4_other",1,1,0.5,0.75,0.75,0.75,
1979,"G4_other",1,1,0.375,0.75,0.5,0.75,
1980,"G3_single_nonelderly",,,0.625,0.75,0.25,0.25,
1981,"G3_single_nonelderly",1,1,0.625,,,,
1982,"G3_single_nonelderly",1,1,0.375,0.5,0.5,0.25,
1983,,0,,0.625,0.5,0.5,0.5,
1984,"G3_single_nonelderly",1,1,0.75,0.5,0.5,0.5,
1985,"G2_with_children",,,0.375,0.75,0.75,0.5,
1986,"G4_other",0,0,0.5,0.5,0.25,0.5,0
1987,"G1_elderly_only",,,0.625,0.5,0.5,0.5,
1988,"G3_single_nonelderly",0,1,0.625,0.75,0.25,0.25,1
1989,"G4_other",1,1,0.5,1,0.75,0.75,
1990,"G2_with_children",0,,0.25,0.75,0.5,0.5,
1991,"G4_other",0,1,1,0.75,0.5,0.5,1
1992,"G4_other",,1,0.375,0.75,0.75,0.75,
1993,"G1_elderly_only",,,0,0.75,0.5,0.75,
1994,"G2_with_children",1,1,0.875,1,0.25,0.5,
1995,"G2_with_children",1,1,0.625,0.5,,,
1996,"G3_single_nonelderly",1,1,0.5,0.75,0.75,0.5,
1997,"G3_single_nonelderly",1,0,0.75,0.75,0.5,0.75,
1998,"G4_other",,,0.5,1,0.5,0.5,
1999,"G1_elderly_only",0,,0.625,0.75,0.5,0.25,
2000,"G2_with_children",0,1,0.625,0.25,0.5,0.25,1
2001,"G3_single_nonelderly",1,1,0.625,0.75,0.5,0.5,
2002,"G1_elderly_only",,1,1,0.5,0.5,0.5,
2003,"G1_elderly_only",1,1,0.625,0.5,0.5,0.5,
2004,,1,1,0.75,,,,
2005,"G2_with_children",0,1,0.375,0.75,0.25,0.5,1
2006,"G1_elderly_only",1,1,0.25,0.75,0.75,0.75,
2007,"G4_other",,,0.5,0.75,0.5,0.5,
2008,"G3_single_nonelderly",,,0.5,0.75,0.5,0.5,
2009,"G2_with_children",1,,0.375,0.75,0.75,0.75,
2010,"G2_with_children",1,1,0.5,0.75,0.5,0.75,
2011,"G1_elderly_only",,,0.5,0.5,0.5,0.5,
2012,"G1_elderly_only",0,0,0.5,0.5,0.5,0.5,0
2013,"G1_elderly_only",1,1,0.75,0.75,0.75,0.75,
2014,,0,0,0,1,0.5,0.75,0
2015,"G1_elderly_only",1,1,0,1,1,0.5,
2016,"G2_with_children",1,1,0,1,0.75,0.75,
2017,"G2_with_children",1,1,0.5,0.75,0.75,1,
2018,"G2_with_children",0,0,0.125,0,0,0,0
2019,"G2_with_children",1,1,0.375,0.75,0.75,0.75,
2020,,1,1,0.625,0.75,0.75,0.75,
2021,"G2_with_children",1,1,0.375,0.25,0.25,0.25,
2022,"G2_with_children",0,1,0.625,0.75,0.5,0.75,1
2023,"G4_other",0,,0.25,0.75,0.5,0.5,
2024,"G3_single_nonelderly",0,,0.75,1,0.5,0.5,
2025,"G4_other",0,,0.125,0.75,0.75,0.75,
2026,,,,,0.5,,,
2027,"G1_elderly_only",1,1,0.625,1,0.5,0.75,
2028,"G1_elderly_only",1,,0.375,0.75,0.75,0.75,
2029,"G3_single_nonelderly",0,,0,0.75,0.5,0.5,
2030,"G4_other",,1,0.125,,,,
2031,"G2_with_children",0,0,0.625,0.75,0.75,0.5,0
2032,"G2_with_children",0,0,0,0.5,,0.5,0
2033,"G1_elderly_only",,,0,0.75,0,0,
2034,"G4_other",,1,0,1,0.75,0.75,
2035,"G1_elderly_only",0,0,0,0.75,0.5,0.5,0
2036,"G1_elderly_only",0,,0.125,1,0.5,0.75,
2037,"G4_other",,,0.375,0.75,0.75,0.75,
2038,"G1_elderly_only",0,0,0.5,1,0.75,0.75,0
2039,"G2_with_children",1,1,0.125,0.75,0.75,0.5,
2040,"G2_with_children",,,,0.75,0.5,0.75,
2041,"G2_with_children",1,1,0.375,0.75,0.75,0.5,
2042,"G4_other",,,0.25,0.75,0.5,0.5,
2043,"G2_with_children",0,,0.625,0.75,0.25,0.5,
2044,"G4_other",0,,0.5,0.5,0.5,0.25,
2045,"G4_other",1,1,0.125,0.75,0.75,0.75,
2046,"G4_other",,,0.75,0.75,0.75,0.75,
2047,"G4_other",,,0.375,0.75,0.5,0.5,
2048,"G1_elderly_only",0,0,0.25,0.25,0.5,0.5,0
2049,"G2_with_children",1,,0.75,0.75,0.75,0.25,
2050,"G4_other",0,1,0.875,0.75,0.5,0.5,1
2051,"G2_with_children",,1,0.875,0.75,0.5,0.5,
2052,"G1_elderly_only",1,1,0.75,0.75,0.75,0.5,
2053,"G4_other",0,,0.5,0.75,0.5,0.5,
2054,"G2_with_children",1,1,0.25,0.75,0.75,0.75,
2055,"G3_single_nonelderly",1,,0.25,0.75,0.5,0.75,
2056,"G2_with_children",0,1,0.625,1,0.75,0.5,1
2057,"G4_other",1,1,0.75,1,0.5,0.5,
2058,"G2_with_children",1,1,0.375,1,0.25,0.75,
2059,"G1_elderly_only",0,0,,0.75,0.25,0.5,0
2060,"G4_other",0,0,0,1,1,1,0
2061,"G1_elderly_only",,,0.625,0.5,0.5,0.5,
2062,"G4_other",0,,0.125,1,1,0.75,
2063,"G4_other",1,1,0.625,0.75,0.5,0.75,
2064,"G2_with_children",1,1,0.375,0.75,0.75,0.75,
2065,"G2_with_children",1,,0.625,0.75,0.5,0.5,
2066,"G2_with_children",1,1,0.75,1,0.75,1,
2067,,1,,1,1,0.5,0.5,
2068,"G1_elderly_only",1,1,0.625,0.25,0.25,0.25,
2069,"G4_other",1,1,0.75,0.75,0.75,0.5,
2070,"G1_elderly_only",1,1,0.375,0.75,0.75,0.25,
2071,"G1_elderly_only",,0,0.25,0.5,0.5,0.25,
2072,"G1_elderly_only",1,,0.375,0.75,0.75,0.75,
2073,"G3_single_nonelderly",0,,0,0.75,0.25,0.75,
2074,"G4_other",1,1,0.75,0.75,0.5,0.5,
2075,"G1_elderly_only",1,1,0.625,0.75,0.25,0.75,
2076,"G1_elderly_only",1,1,0.875,0.5,0.5,0.5,
2077,"G2_with_children",0,0,0.75,1,1,1,0
2078,"G3_single_nonelderly",,,0.625,1,1,0.5,
2079,"G1_elderly_only",1,1,0.375,0.75,0.75,0.5,
2080,"G4_other",0,0,0.625,0.75,0.75,0.5,0
2081,"G1_elderly_only",1,1,0.75,1,0.75,0.75,
2082,"G4_other",0,0,0.5,0.75,0.5,0.5,0
2083,"G4_other",1,1,0.75,1,0.5,0.5,
2084,"G1_elderly_only",1,,0.375,0.75,0.25,0.25,
2085,"G2_with_children",,,0.5,0.5,0.5,0.5,
2086,"G1_elderly_only",0,0,0.25,0.75,0.75,0.5,0
2087,"G2_with_children",,,0.875,1,0.75,0.75,
2088,"G1_elderly_only",,,0.5,0.5,0.5,0.5,
2089,"G2_with_children",0,1,0.75,1,1,1,1
2090,"G1_elderly_only",,,0.5,0.5,0.5,0.5,
2091,"G2_with_children",0,0,1,0.5,0.5,0.25,0
2092,"G3_single_nonelderly",1,1,0.625,0.75,0.75,0.75,
2093,,,1,,1,1,1,
2094,"G1_elderly_only",0,0,0.625,1,0.75,0.5,0
2095,"G1_elderly_only",0,,0.125,0.75,0.25,0.75,
2096,,1,1,0.875,0.75,0.75,0.75,
2097,"G3_single_nonelderly",1,1,0.625,0.75,0.5,0.75,
2098,"G3_single_nonelderly",,,0.75,0.5,0.5,0.5,
2099,"G1_elderly_only",0,0,0.375,1,1,0.75,0
2100,"G2_with_children",0,0,0,0.75,,,0
2101,"G2_with_children",1,1,0.5,1,0.75,0.75,
2102,,1,1,0.5,0.5,0.5,0.5,
2103,"G4_other",0,0,0.25,0.75,0.5,0.5,0
2104,"G4_other",1,1,0.375,1,1,1,
2105,"G1_elderly_only",1,1,0.625,0.75,0.75,0.75,
2106,"G4_other",1,1,0.125,0.75,0.5,0.5,
2107,"G2_with_children",0,1,0.25,0.75,0.75,0.75,1
2108,"G2_with_children",1,0,,1,0.5,0.5,
2109,"G1_elderly_only",0,1,0.625,0.75,,0.5,1
2110,"G2_with_children",,,0.375,0.75,0.75,0.5,
2111,"G2_with_children",1,1,0.625,0.5,0.5,0.5,
2112,"G3_single_nonelderly",,1,0.75,0.5,0.5,0.5,
2113,,1,1,0.625,0.75,0.75,0.5,
2114,,,,0.375,0.75,0.5,0.5,
2115,"G2_with_children",1,1,0.625,0.5,0.5,0.5,
2116,"G3_single_nonelderly",0,,0.75,0.75,0.5,0.5,
2117,"G2_with_children",0,1,0,1,0.75,0.5,1
2118,"G2_with_children",1,,0.25,1,0.5,0.5,
2119,"G3_single_nonelderly",,1,0.875,0.75,0.5,0.5,
2120,"G4_other",1,1,0.625,1,0.5,1,
2121,"G1_elderly_only",0,1,0.375,0.75,0.5,0.5,1
2122,"G2_with_children",1,1,0.625,0.75,0.75,0.5,
2123,"G3_single_nonelderly",1,1,1,0.75,0.75,0.75,
2124,"G3_single_nonelderly",,,0.75,0.5,0.5,0.5,
2125,"G3_single_nonelderly",,,0.875,0.75,0.5,0.5,
2126,,1,1,0.75,1,0.75,0.75,
2127,"G1_elderly_only",1,1,0.75,0.75,0.5,0.75,
2128,"G1_elderly_only",1,1,0.5,0.75,0.75,0.75,
2129,,,,0.75,0.75,0.75,0.75,
2130,"G4_other",1,1,0.625,0.75,0.25,0.5,
2131,"G1_elderly_only",0,0,0.875,1,1,1,0
2132,"G1_elderly_only",1,1,0.375,1,0.75,0.75,
2133,"G2_with_children",1,1,1,1,0.25,0.75,
2134,"G3_single_nonelderly",1,1,0,1,1,1,
2135,"G2_with_children",1,1,0.5,0.75,0.5,0.5,
2136,"G4_other",1,,0.5,0.75,0.75,0.75,
2137,"G1_elderly_only",0,0,0.125,0.75,0.5,0.5,0
2138,"G4_other",1,1,0.5,1,0.75,0.75,
2139,"G2_with_children",0,0,0.75,0.75,0.25,0.5,0
2140,"G4_other",,,0.5,0.5,0,0.25,
2141,"G4_other",0,,0.75,0.75,0.5,0.5,
2142,"G2_with_children",0,1,0.5,1,0.75,0.75,1
2143,"G1_elderly_only",1,,0.75,0.75,0.75,0.75,
2144,"G2_with_children",0,0,0.125,0.75,0.75,0.75,0
2145,"G4_other",0,1,0.75,0.75,0.75,0.5,1
2146,,0,0,0.25,0.75,0.5,0.75,0
2147,"G2_with_children",1,1,0.625,0.75,0.5,0.5,
2148,"G1_elderly_only",1,1,0.625,0.75,0.75,0.5,
2149,"G2_with_children",1,1,0.625,0.75,0.75,0.75,
2150,"G4_other",1,1,,1,0.75,0.5,
2151,,0,,0.625,0.75,,,
2152,"G2_with_children",1,1,0.625,0.5,0,0.25,
2153,"G1_elderly_only",1,1,0.5,1,0.75,0.75,
2154,"G3_single_nonelderly",,1,0.75,0.75,0.5,0.5,
2155,"G4_other",1,1,0.25,0.75,0.5,0.5,
2156,"G2_with_children",0,0,0.5,0.75,0.5,0.5,0
2157,"G4_other",1,1,0.625,0.75,0.75,0.75,
2158,"G4_other",0,1,0.625,0.75,0.75,0.5,1
2159,"G1_elderly_only",1,1,0.5,0.75,0.75,0.75,
2160,,1,1,0.875,0.75,0.75,0.75,
2161,"G3_single_nonelderly",0,,0.75,0.5,0.5,0.5,
2162,"G2_with_children",1,0,0.25,0.75,0.5,0.5,
2163,"G1_elderly_only",0,0,0.5,1,0.75,0.75,0
2164,"G2_with_children",1,1,0.25,1,0.25,0.75,
2165,,1,,0.75,0.75,0.25,0.5,
2166,"G2_with_children",0,1,0.625,0.5,0.5,0.5,1
2167,"G4_other",,1,0.25,0.75,0.5,0.5,
2168,"G3_single_nonelderly",,,1,0.5,0.5,0.5,
2169,"G1_elderly_only",1,1,0.25,1,0.25,1,
2170,"G2_with_children",1,1,0.625,0.75,0.5,0.5,
2171,"G2_with_children",,1,0.625,0.75,0.75,0.75,
2172,"G4_other",1,1,0.625,0.75,0.75,0.75,
2173,"G1_elderly_only",1,1,0.375,0.75,0.75,0.75,
2174,"G4_other",,,1,0.25,0.5,0.5,
2175,"G4_other",1,1,0.5,0.75,0.75,0.75,
2176,"G3_single_nonelderly",0,0,0.625,0.75,0.5,0.75,0
2177,"G2_with_children",0,0,0.125,0.75,0.75,0.75,0
2178,"G4_other",0,,0.625,0.75,0.75,0.75,
2179,"G4_other",1,1,0.25,0.5,0.5,0.5,
2180,"G4_other",1,1,0.5,0.75,0.5,0.25,
2181,"G4_other",0,0,0.5,0.75,0.5,0.25,0
2182,"G2_with_children",0,0,0.25,0.75,0.5,0.5,0
2183,"G4_other",,,0.375,0.5,0.5,0.5,
2184,"G1_elderly_only",1,1,0.125,0.75,0.75,0.5,
2185,"G4_other",0,1,0.625,0.75,0.5,,1
2186,"G3_single_nonelderly",,,0.75,0,0,0,
2187,"G1_elderly_only",1,1,0.625,1,0.5,0.5,
2188,"G1_elderly_only",1,1,0.25,0.75,0.75,0.75,
2189,"G4_other",1,1,0.625,0.75,0.75,0.5,
2190,"G1_elderly_only",1,1,0.625,1,0.75,0.75,
2191,"G2_with_children",,1,0.25,0.75,0.75,0.75,
2192,"G2_with_children",1,1,0.375,0.75,0.5,0.5,
2193,"G2_with_children",,,1,0.5,0.25,0.5,
2194,"G3_single_nonelderly",1,1,0.75,1,0.75,0.75,
2195,,0,,0.625,,,,
2196,"G4_other",1,,0.75,1,0.75,0.75,
2197,,,,0.875,1,1,1,
2198,"G2_with_children",1,,0.625,1,0.5,0.25,
2199,"G4_other",,,0.25,0.75,0.5,0.5,
2200,,,,,0.75,0.75,,
2201,"G1_elderly_only",0,0,0.125,0.75,0.5,0.5,0
2202,"G1_elderly_only",0,,0,0.75,0.75,0.75,
2203,"G2_with_children",,,0.5,0.5,0.5,0.5,
2204,,,,0.75,0.75,0.75,0.75,
2205,"G2_with_children",,,0.75,0.75,0.5,0.75,
2206,"G2_with_children",1,1,0.875,1,0.25,0.25,
2207,"G3_single_nonelderly",,,0.625,0.75,0.5,0.75,
2208,"G1_elderly_only",1,,0.5,0.5,0.25,0.5,
2209,"G1_elderly_only",0,0,0.5,0.5,0.5,0.25,0
2210,"G1_elderly_only",,,,0.25,0.5,0.5,
2211,"G2_with_children",0,1,0.5,0.25,0.25,0.25,1
2212,"G4_other",1,,0.25,0.75,0.5,0.5,
2213,"G4_other",,,0.375,0.25,0.5,0.5,
2214,"G4_other",0,1,0.375,0.75,0.5,0.5,1
2215,"G2_with_children",0,0,0.5,1,0.75,0.75,0
2216,"G3_single_nonelderly",0,1,0.375,1,0.75,0.75,1
2217,"G2_with_children",1,1,0.75,1,0.5,0.75,
2218,"G4_other",1,1,0.75,0.75,0.75,0.25,
2219,"G1_elderly_only",0,,0.5,0.75,0.5,0.75,
2220,"G4_other",0,0,0.125,0.75,0.5,0.5,0
2221,"G2_with_children",0,0,0.625,0.5,0.5,0.5,0
2222,"G2_with_children",1,1,0.375,1,0.5,0.5,
2223,"G4_other",1,1,0.375,0.75,0.5,0.5,
2224,"G2_with_children",1,1,0.375,0.5,0.5,0.5,
2225,"G2_with_children",0,,0.625,0.75,0.5,0.5,
2226,"G2_with_children",1,1,0.75,1,0.75,0.75,
2227,"G2_with_children",0,1,0.5,0.75,0.5,0.5,1
2228,"G2_with_children",,,0,0.75,0.5,0.5,
2229,"G1_elderly_only",0,,0.125,0.5,0.5,0.25,
2230,"G4_other",1,1,0.5,1,0.5,0.5,
2231,"G3_single_nonelderly",0,1,1,1,1,1,1
2232,"G4_other",1,1,0.25,0.75,0.75,0.75,
2233,"G1_elderly_only",1,1,0.375,1,0.75,1,
2234,"G4_other",,,0.5,0.25,0.25,0.25,
2235,"G2_with_children",1,1,0.75,1,0.75,0.75,
2236,"G3_single_nonelderly",1,1,0.375,0.5,0.5,0.75,
2237,"G1_elderly_only",,,0.25,0.75,0.5,0.5,
2238,"G4_other",0,0,0.5,0.75,0.5,0.5,0
2239,"G2_with_children",0,,0.75,0.75,0.25,0.75,
2240,"G3_single_nonelderly",0,,0.375,0.5,0.25,0.25,
2241,"G2_with_children",1,1,0.875,0.5,0.5,0,
2242,"G1_elderly_only",1,1,0.5,0.5,0.5,0.5,
2243,"G3_single_nonelderly",,,0.625,0.5,0.5,0.5,
2244,"G2_with_children",1,1,0.75,1,0.5,0.5,
2245,"G3_single_nonelderly",1,1,0.75,0.75,0.75,0.5,
2246,"G2_with_children",0,1,0.75,0.75,0.75,0.75,1
2247,"G1_elderly_only",0,0,0.25,0.75,0.75,0.75,0
2248,"G3_single_nonelderly",,,0.125,0.75,0.75,0.75,
2249,"G4_other",1,1,0.625,0.75,0.25,,
2250,,0,,0.5,1,0.25,0.25,
2251,"G2_with_children",0,,0.375,0.5,0.5,0.5,
2252,"G2_with_children",0,0,0.875,0.75,0.25,0.5,0
2253,"G4_other",0,,0.75,0.75,0.5,0.5,
2254,"G2_with_children",1,1,0.625,0.75,0.5,0.75,
2255,"G4_other",0,0,0.5,0.5,0,0.5,0
2256,"G1_elderly_only",1,0,0.375,0.5,0.5,0.5,
2257,"G1_elderly_only",1,1,0.5,0.75,0.75,0.75,
2258,"G2_with_children",,,0.625,0.75,0.5,0.5,
2259,"G1_elderly_only",,,0.5,,,,
2260,"G2_with_children",1,1,0.625,0.75,0.5,0.75,
2261,"G2_with_children",1,1,0.625,1,0.25,0.5,
2262,"G1_elderly_only",1,1,0.5,0.75,0.5,0.75,
2263,"G2_with_children",0,0,0.25,0.75,0.5,0.75,0
2264,"G1_elderly_only",1,1,1,0.75,0.25,0.5,
2265,"G2_with_children",0,0,0.5,1,0.25,0.5,0
2266,"G1_elderly_only",,,0.5,0.75,0.75,0.5,
2267,"G4_other",0,1,0.375,0.5,0.5,0.25,1
2268,"G3_single_nonelderly",0,1,0.5,0.75,0.75,0.75,1
2269,"G1_elderly_only",1,1,0.5,0.75,0.75,0.75,
2270,"G1_elderly_only",0,0,0.5,0.75,0.5,0.75,0
2271,"G4_other",0,1,0.25,0.75,0.75,0.5,1
2272,"G4_other",0,,0.25,0.5,0.5,0.5,
2273,"G2_with_children",1,1,0.75,1,0.5,0.5,
2274,"G3_single_nonelderly",1,1,0.75,1,0.5,0.5,
2275,"G1_elderly_only",1,1,1,1,0.25,0.5,
2276,"G3_single_nonelderly",,,0.625,0.75,0.5,0.75,
2277,"G4_other",0,,0.125,0.5,0.5,0.5,
2278,"G4_other",,1,0.625,0.75,0.5,0.5,
2279,"G4_other",0,1,0.5,0.75,0.25,0.5,1
2280,"G4_other",1,1,0.625,0.5,0.5,0.5,
2281,"G2_with_children",,0,0.25,0.75,0.25,0.5,
2282,"G2_with_children",1,1,0.25,0.75,0.75,0.5,
2283,"G1_elderly_only",1,1,0.5,0.75,0.75,0.5,
2284,"G3_single_nonelderly",1,1,0.875,1,0,0.5,
2285,"G2_with_children",,,0.75,0.75,0.5,0.5,
2286,"G4_other",0,1,,0.75,0.5,0.75,1
2287,"G3_single_nonelderly",,1,0.5,0.5,0.5,0.5,
2288,"G2_with_children",1,1,0.125,1,0.5,0.75,
2289,,1,1,0.75,1,0.75,0.5,
2290,"G1_elderly_only",1,0,,0.75,0.75,0.5,
2291,"G4_other",0,1,0.375,0.25,0.5,0.25,1
2292,"G4_other",0,1,0.75,0.75,0.75,0.5,1
2293,"G3_single_nonelderly",0,0,0.375,0.75,0.25,0.5,0
2294,"G1_elderly_only",0,,0.5,0.5,0.5,0.5,
2295,"G2_with_children",0,1,0.375,0.75,0.5,0.5,1
2296,"G3_single_nonelderly",1,1,0.5,0.5,0.25,0.5,
2297,"G1_elderly_only",1,1,0.5,0.75,0.75,0.75,
2298,"G2_with_children",1,1,0.875,0.25,0.25,0.5,
2299,"G2_with_children",,1,1,1,0.25,0.75,
2300,"G3_single_nonelderly",1,1,1,0.75,0.5,0,
2301,"G3_single_nonelderly",1,1,0.375,0.75,0.75,0.5,
2302,"G3_single_nonelderly",,,1,0.75,0.25,0,
2303,"G1_elderly_only",1,1,1,1,1,0.75,
2304,"G2_with_children",1,1,0.5,0.75,0.5,0.25,
2305,,,1,0.5,0.5,0.5,0.25,
2306,"G1_elderly_only",1,,0.625,0.75,0.75,0.5,
2307,"G1_elderly_only",1,1,,0.5,0.5,0.5,
2308,"G2_with_children",1,,0.5,1,0.25,0.5,
2309,"G1_elderly_only",1,1,0.75,1,0.75,0.5,
2310,"G3_single_nonelderly",0,0,,1,0.5,0.75,0
2311,"G2_with_children",1,1,0.875,0.5,0.5,0.25,
2312,"G1_elderly_only",0,0,0,0.25,0.5,,0
2313,"G4_other",1,1,0.375,0.75,0.75,0.75,
2314,"G2_with_children",,,0.125,0.75,0.75,0.75,
2315,,,,1,0.5,0.5,0.5,
2316,"G4_other",1,1,0.75,1,0.75,0.75,
2317,"G2_with_children",1,1,0.625,0.75,0.75,0.75,
2318,"G3_single_nonelderly",,1,0.5,0.75,0.5,0.25,
2319,"G2_with_children",,,0.5,1,0.5,0.5,
2320,"G4_other",1,1,0.75,0.75,0.5,0.5,
2321,"G4_other",0,1,0.75,1,0.75,0.75,1
2322,,1,1,0.625,0.75,0.5,0.5,
2323,"G4_other",0,,0.25,0.75,0.5,0.5,
2324,"G2_with_children",1,1,0.625,1,0.75,0.75,
2325,"G1_elderly_only",,,0.25,0.75,,,
2326,"G1_elderly_only",,1,0.25,1,0.75,0.75,
2327,"G2_with_children",1,1,0.5,0.75,0.5,0.5,
2328,"G2_with_children",0,,0.25,0.75,0.5,0.75,
2329,"G2_with_children",1,,0.5,0.75,0.5,0.75,
2330,"G2_with_children",0,1,0.625,,,,1
2331,,,,0.5,0.5,0.5,0.5,
2332,"G2_with_children",1,1,0.125,1,0.75,0.75,
2333,"G1_elderly_only",0,1,0.5,0.75,0.5,0.5,1
2334,"G3_single_nonelderly",,,0.875,0.5,0.75,0.5,
2335,"G1_elderly_only",,,,0.75,0.5,0.5,
2336,"G3_single_nonelderly",,1,0.875,0.75,0.75,0.5,
2337,"G1_elderly_only",1,1,0.5,1,0.75,0.75,
2338,"G4_other",1,1,,0.75,0.5,0.5,
2339,"G1_elderly_only",1,1,0.625,0.75,0.75,0.75,
2340,"G2_with_children",,1,0,0,0,0.75,
2341,"G1_elderly_only",1,1,,0.75,0.75,0.75,
2342,"G2_with_children",,,,,,,
2343,"G2_with_children",0,0,0.25,0.75,0.5,0.5,0
2344,"G4_other",,,0.75,,,,
2345,"G1_elderly_only",1,1,0.625,0.75,0.75,0.75,
2346,"G2_with_children",,,0.5,0.75,0.5,0.5,
2347,"G4_other",1,1,0.5,0.75,0.5,0.75,
2348,"G2_with_children",0,0,0.25,0.5,0.25,0.75,0
2349,"G1_elderly_only",1,1,,,,,
2350,"G2_with_children",1,1,1,,,,
2351,"G2_with_children",0,0,,0.5,0.5,0.5,0
2352,"G1_elderly_only",0,0,0.125,0.75,0.75,0.75,0
2353,"G3_single_nonelderly",1,1,0.375,,,,
2354,"G1_elderly_only",0,1,0.125,,,,1
2355,"G1_elderly_only",1,0,0.5,0.75,0.5,0.25,
2356,"G1_elderly_only",1,1,0.75,0.5,0.5,0.5,
2357,"G1_elderly_only",,,0.375,0.75,0.75,0.75,
2358,"G2_with_children",0,1,0.75,0.75,0.75,0.5,1
2359,"G2_with_children",1,1,0,0.75,0.5,0.25,
2360,"G2_with_children",1,1,0.5,0.75,0.25,0.25,
2361,"G2_with_children",1,1,0.25,0.75,0.75,0.75,
2362,,1,1,0.75,0.75,0.5,0.75,
2363,"G1_elderly_only",0,,0.5,0.75,0.5,0.5,
2364,"G4_other",,,0.375,0.75,0.5,0.5,
2365,"G4_other",0,1,0.625,0.75,0.5,0.25,1
2366,"G4_other",1,,0.25,0.25,0.25,0.75,
2367,"G1_elderly_only",0,1,0.375,0.75,0.5,0.5,1
2368,"G1_elderly_only",1,1,0.25,0.5,0.5,0.5,
2369,"G3_single_nonelderly",0,,0.875,0.25,0.25,0.25,
2370,"G4_other",0,0,0.25,0.5,0.5,0.5,0
2371,"G2_with_children",,1,0.75,0.75,0.5,0.75,
2372,"G2_with_children",0,,0.375,0.75,0.75,0.75,
2373,"G2_with_children",,0,0.125,0.75,0.75,0.75,
2374,"G4_other",0,,0.75,0.75,,0.5,
2375,"G4_other",1,1,0.75,0.75,0.5,0,
2376,"G2_with_children",0,0,0.5,0.75,0.75,0.5,0
2377,"G2_with_children",,,0.125,0.5,0.5,0.5,
2378,"G3_single_nonelderly",1,,0.75,1,0.5,0.5,
2379,"G2_with_children",0,1,0.5,0.5,0.5,0.5,1
2380,"G4_other",1,1,0.375,0.75,0.25,0.25,
2381,"G1_elderly_only",0,0,0.5,0.75,0.5,0.5,0
2382,"G4_other",1,1,0.375,0.75,0.75,0.75,
2383,"G4_other",1,1,1,1,1,1,
2384,,0,,0.625,0.75,0.5,0.5,
2385,"G2_with_children",,1,0.125,0.75,0.5,0.5,
2386,"G2_with_children",,,0.25,0.5,0.5,0.5,
2387,"G4_other",1,1,0.5,0.75,0.5,0.5,
2388,"G4_other",1,1,0.375,0.75,0.75,0.75,
2389,"G3_single_nonelderly",,,0.5,1,0.75,0.5,
2390,"G4_other",,1,1,0.75,0.5,0.5,
2391,"G2_with_children",,,0.125,0.75,0.5,0.5,
2392,"G1_elderly_only",0,0,,,,,0
2393,"G4_other",1,1,0.75,0.75,0.5,0.5,
2394,"G4_other",,,0.75,0.75,0.75,0.75,
2395,"G2_with_children",1,1,0.75,1,1,0.75,
2396,"G1_elderly_only",1,1,0.5,0.75,0.75,0.75,
2397,"G2_with_children",0,,0.625,0.75,0.75,0.5,
2398,,,,0.375,0.5,0.5,0.25,
2399,"G4_other",1,0,1,0.75,0.25,0.5,
2400,"G4_other",0,0,0.625,0.75,0.5,0.25,0
2401,"G2_with_children",1,1,0.25,1,0.75,0.75,
2402,"G4_other",1,1,0.5,0.25,0.5,0.25,
2403,"G2_with_children",1,1,0.75,1,0.25,0.25,
2404,"G4_other",,,0.375,0.75,0.5,0.5,
2405,"G4_other",0,0,0.375,0.75,0.5,0.5,0
2406,"G2_with_children",1,1,0.625,0.75,0.75,0.75,
2407,"G2_with_children",,,0.5,0.75,0.5,0.5,
2408,"G2_with_children",0,0,0.375,0.75,0.5,0.5,0
2409,"G3_single_nonelderly",,,0.625,0.75,0.5,0.75,
2410,"G2_with_children",0,0,0.375,0.5,0.5,0.5,0
2411,"G4_other",1,1,,1,0.5,0.5,
2412,"G4_other",1,1,0.5,1,0.75,0.75,
2413,"G2_with_children",0,,0.875,0.75,0,0,
2414,"G4_other",,,0.125,0.75,0.5,0.5,
2415,"G1_elderly_only",1,1,0.75,0.75,0.5,0.5,
2416,"G4_other",,1,0.625,0.75,0.5,0.5,
2417,"G3_single_nonelderly",,,0.25,0.25,0.25,0.25,
2418,"G1_elderly_only",1,1,0.25,0.75,0.75,0.5,
2419,,1,1,0.75,1,1,0.75,
2420,"G1_elderly_only",,,,,,,
2421,"G4_other",,,0.5,0.5,0.5,0.5,
2422,"G1_elderly_only",1,1,0.375,0.75,0.5,0.5,
2423,"G1_elderly_only",1,1,0.5,0.75,0.75,0.75,
2424,"G1_elderly_only",1,0,0.875,0.75,0.75,0.75,
2425,"G2_with_children",1,1,1,0.75,0.25,0.5,
2426,"G2_with_children",,0,0.25,0.5,0.5,0.5,
2427,"G4_other",1,1,0.625,0.75,0.25,0.5,
2428,"G1_elderly_only",1,,0.375,0.75,0.75,0.5,
2429,"G1_elderly_only",1,1,0.125,1,0.75,0.75,
2430,"G2_with_children",,,0.375,0.75,0.5,0.5,
2431,"G1_elderly_only",,,0.375,0.75,0.75,0.5,
2432,"G2_with_children",0,,1,0.5,0.25,0,
2433,"G2_with_children",,,0.375,0.75,0.75,0.75,
2434,"G3_single_nonelderly",1,1,0.875,0.75,0.5,0.5,
2435,"G3_single_nonelderly",,,0,0.75,0.5,0.5,
2436,"G1_elderly_only",1,1,,0.75,0.5,0.75,
2437,"G4_other",1,,0.75,0.75,0.5,0.25,
2438,"G2_with_children",,,0,0.5,0.5,0.5,
2439,"G1_elderly_only",1,1,0.75,0.25,0.5,0.5,
2440,"G2_with_children",,,0.75,1,0.75,0.5,
2441,"G2_with_children",1,,0.625,1,1,0.75,
2442,"G2_with_children",,,0.375,0.75,,0.25,
2443,"G1_elderly_only",0,,0,,,,
2444,"G1_elderly_only",0,0,0.5,0.75,0.5,0.5,0
2445,"G2_with_children",,0,0,0.75,0.5,0.5,
2446,"G2_with_children",1,1,1,1,1,0.75,
2447,"G2_with_children",0,0,0.25,0.75,0.5,0.5,0
2448,"G2_with_children",0,1,0.875,1,0.25,0.75,1
2449,"G1_elderly_only",,,0.5,,,,
2450,"G1_elderly_only",,,0.5,0.75,,,
2451,"G4_other",1,1,0.75,0.5,0,0,
2452,"G4_other",0,1,0.375,1,0.25,0,1
2453,"G1_elderly_only",1,1,0.25,0.75,0.25,0.5,
2454,"G2_with_children",1,1,0.625,0.75,0.5,0.75,
2455,"G4_other",,1,0.5,0.5,0.5,0.5,
2456,"G2_with_children",1,1,0.125,0.75,0.5,0.5,
2457,,,,0.125,0.75,0.25,0.5,
2458,"G3_single_nonelderly",1,1,0.75,1,0.75,0.75,
2459,"G2_with_children",1,1,0.375,0.5,0.5,0.5,
2460,"G2_with_children",1,1,0.75,0.75,0.25,0.5,
2461,"G2_with_children",0,,0.25,0.75,0.5,0.5,
2462,"G4_other",,1,0.875,1,0.75,0.25,
2463,"G3_single_nonelderly",,,0,0.5,0.5,0.5,
2464,"G2_with_children",,0,0.25,1,0.5,0.25,
2465,"G1_elderly_only",,,1,0.5,0.5,0.5,
2466,"G4_other",,,0.625,0.5,0.5,0.25,
2467,"G1_elderly_only",0,,0.125,0.75,0.75,0.5,
2468,"G2_with_children",,1,,0.75,0.75,0.75,
2469,"G4_other",1,1,,0.75,0.25,0.75,
2470,,,,,,,,
2471,"G3_single_nonelderly",0,,0.5,0,0,0,
2472,"G3_single_nonelderly",0,0,0.25,0.75,,,0
2473,"G2_with_children",0,1,0.5,0.75,0.75,0.5,1
2474,"G2_with_children",0,0,0.375,0.75,0,0.25,0
2475,"G1_elderly_only",1,1,0.625,0.75,0.75,0.75,
2476,"G2_with_children",,,0.125,1,0.75,0.75,
2477,"G4_other",0,,0.375,0.75,0.5,0.5,
2478,"G2_with_children",1,1,0.75,0.75,0.5,0.75,
2479,"G2_with_children",0,,1,0.5,0.5,0.5,
2480,"G4_other",0,0,0.625,1,0.5,0.5,0
2481,"G1_elderly_only",,,0.75,0.75,0.5,0.5,
2482,"G2_with_children",1,1,0.375,0.75,0.75,0.5,
2483,"G3_single_nonelderly",,,0.5,0.75,0.5,0.75,
2484,"G2_with_children",1,1,0.25,0.75,0.5,0.5,
2485,,,,,,,,
2486,,1,,0.5,0.75,0.5,0.75,
2487,"G1_elderly_only",0,,0,0.75,0,0.25,
2488,"G2_with_children",0,,0.5,0.75,0.5,0.75,
2489,,,,0.375,0.5,0.5,0.5,
