Age,2020,2021,2022,2023,2024,2025,2026,2027,2028,2029,2030,2031,2032,2033,2034,2035,2036,2037,2038,2039,2040,2041,2042,2043,2044,2045,2046,2047,2048,2049,2050,2051,2052,2053,2054,2055,2056,2057,2058,2059,2060,2061,2062,2063,2064,2065,2066,2067,2068,2069,2070,2071,2072,2073,2074,2075,2076,2077,2078,2079,2080,2081,2082,2083,2084,2085,2086,2087,2088,2089,2090,2091,2092,2093,2094,2095,2096,2097,2098,2099,2100
0,0.0020823299541971514,0.0020276719310040425,0.0019753511814647492,0.0019252395809762268,0.0018772174261280337,0.0018311727933896687,0.0017870009531333803,0.0017446038336675484,0.0017038895305206108,0.0016647718567147475,0.0016271699302107354,0.0015910077950973941,0.0015562140734471676,0.0015227216450688626,0.001490467352664088,0.0014593917301395326,0.0014294387520464304,0.0014005556023143568,0.0013726924606217953,0.0013458023049027852,0.0013198407286296788,0.0012947657716384047,0.0012705377633760479,0.0012471191775527666,0.001224474497271919,0.0012025700897952422,0.0011813740901746232,0.001160856293049651,0.0011409880519711077,0.0011217421856658685,0.0011030928907087385,0.0010850156601120715,0.0010674872073852487,0.0010504853956534333,0.0010339891714590088,0.0010179785029000403,0.0010024343217882,0.000987338469534267,0.000972673646492685,0.0009584233645179804,0.0009445719025053447,0.0009311042647055051,0.0009180061416202307,0.0009052638732998323,0.000892864414877557,0.0008807953041883818,0.0008690446313311328,0.0008576010100434098,0.0008464535507684909,0.0008355918353022375,0.0008250058929162572,0.0008146861778610443,0.0008046235481597955,0.0007948092456099727,0.0007852348769155345,0.0007758923958782385,0.0007667740865814006,0.0007578725475041154,0.00074918067650825,0.0007406916566444475,0.0007323989427270506,0.0007242962486312387,0.0007163775352688113,0.0007086369992019351,0.0007010690618569121,0.0006936683593024601,0.0006864297325593838,0.0006793482184106115,0.0006724190406826116,0.0006656376019710409,0.0006589994757852112,0.0006525003990875721,0.0006461362652059052,0.000639903117097305,0.0006337971409443488,0.0006278146600650392,0.0006219521291192426,0.0006162061285954131,0.0006105733595623476,0.0006050506386716616,0.0005996348933975185
1,0.00032039144254066877,0.0003120555767692771,0.00030407429266117377,0.0002964282386585206,0.00028909933018403513,0.00028207065348508445,0.0002753263777493528,0.0002688516746982675,0.00026263264494836414,0.00025665625050504446,0.0002509102528189903,0.00024538315589382856,0.0002400641539854799,0.00023494308347971922,0.00023001037857550807,0.00022525703043825305,0.00022067454951982726,0.00021625493077136995,0.0002119906215010216,0.00020787449165215276,0.00020389980629863943,0.0002000602001725912,0.00019634965405687335,0.00019276247289001997,0.00018929326544485516,0.00018593692545453152,0.00018268861407086251,0.00017954374354991817,0.00017649796206899198,0.00017354713958729848,0.00017068735467025103,0.00016791488220395604,0.00016522618193272115,0.00016261788775796308,0.00016008679774199612,0.00015762986476480767,0.00015524418778613229,0.0001529270036689927,0.00015067567952436393,0.0001484877055398228,0.0001463606882579603,0.00014429234427301086,0.00014228049431658267,0.00014032305770562476,0.00013841804712780086,0.00013656356374132332,0.0001347577925680284,0.000132998998160042,0.00013128552052185292,0.00012961577127093386,0.00012798823002128552,0.00012640144097540766,0.00012485400971123955,0.00012334460015157745,0.00012187193170435439,0.00012043477656298932,0.00011903195715676264,0.00011766234374187448,0.00011632485212448175,0.0001150184415076054,0.00011374211245435579,0.00011249490496042171,0.00011127589662925585,0.00011008420094381008,0.00010891896562909733,0.00010777937110021479,0.00010666462899083081,0.00010557398075744645,0.00010450669635505418,0.00010346207298009216,0.00010243943387685479,0.00010143812720376007,0.00010045752495610513,9.949702194214364e-05,9.85560348095241e-05,9.763400111930305e-05,9.673037846492069e-05,9.584464363368582e-05,9.497629180846321e-05,9.412483580739677e-05,9.328980535963287e-05
2,0.00025152266207085626,0.0002467481534172593,0.00024214399942105067,0.00023770218465096271,0.00023341515442110798,0.00022927578359065604,0.00022527734779253803,0.0002214134968775348,0.0002176782303810561,0.00021406587483860102,0.00021057106279258412,0.00020718871334812064,0.00020391401414873714,0.00020074240465494015,0.00019766956061934254,0.000194691379661688,0.00019180396785583394,0.00018900362724856573,0.00018628684423719065,0.00018365027873923,0.00018109075409329615,0.00017860524763545937,0.00017619088190011972,0.00017384491639869755,0.00017156473993332815,0.0001693478634062873,0.00016719191308907038,0.0001650946243179828,0.00016305383558574873,0.0001610674830010714,0.00015913359509029976,0.00015725028791736343,0.00015541576049999653,0.00015362829050195198,0.00015188623018246166,0.00015018800258560569,0.00014853209795356143,0.00014691707034889014,0.0001453415344721146,0.00014380416266184372,0.00014230368206563301,0.0001408388719706103,0.0001394085612836839,0.00013801162615187726,0.00013664698771399046,0.00013531360997540826,0.0001340104977984428,0.00013273669500111666,0.00013149128255778367,0.00013027337689542498,0.00012908212827988027,0.00012791671928664722,0.00012677636335125037,0.00012566030339449842,0.00012456781051826463,0.0001234981827676991,0.00012245074395605317,0.00012142484254853796,0.00012041985060186438,0.0001194351627563265,0.00011847019527748867,0.00011752438514471245,0.00011659718918394119,0.00011568808324230889,0.00011479656140229603,0.00011392213523328755,0.00011306433307852334,0.00011222269937554548,0.00011139679400836561,0.00011058619168967583,0.00010979048137152958,0.00010900926568300508,0.00010824216039345794,0.00010748879390004247,0.00010674880673826032,0.00010602185111436958,0.00010530759045854278,0.00010460569899773977,0.00010391586134730359,0.00010323777212035585,0.00010257113555411146
3,0.00019624704085815896,0.00019193928031566908,0.00018779768277566407,0.00018381389649869885,0.00017998007845587734,0.00017628885809628796,0.00017273330406171626,0.00016930689357937129,0.00016600348429065948,0.0001628172882982756,0.0001597428482354711,0.00015677501518057807,0.000153908928257039,0.00015113999577451875,0.00014846387778039678,0.00014587646990322283,0.00014337388838074145,0.00014095245617498306,0.0001386086900858149,0.0001363392887823489,0.0001341411216788122,0.00013201121858799264,0.00012994676009123982,0.00012794506856930697,0.0001260035998431222,0.00012411993537791974,0.00012229177500810515,0.00012051693014379555,0.0001187933174232313,0.00011711895277819206,0.00011549194588224755,0.00011391049495410323,0.00011237288189053377,0.00011087746770542964,0.00010942268825332609,0.00010800705021748714,0.00010662912734415544,0.00010528755690600084,0.00010398103637909241,0.00010270832031890937,0.00010146821742199321,0.0001002595877608445,9.908134018057991e-05,9.793242984671993e-05,9.681185593423579e-05,9.571865944871626e-05,9.465192117115311e-05,9.361075971846566e-05,9.259432971243028e-05,9.160182005020219e-05,9.063245227008882e-05,8.968547900667286e-05,8.876018252979054e-05,8.785587336224261e-05,8.697188897146422e-05,8.610759253069978e-05,8.526237174552724e-05,8.443563774185238e-05,8.362682401174617e-05,8.283538541373843e-05,8.206079722440151e-05,8.13025542382581e-05,8.056016991324195e-05,7.983317555911441e-05,7.912111956640328e-05,7.842356667358477e-05,7.774009727037357e-05,7.707030673511161e-05,7.64138048043791e-05,7.577021497305916e-05,7.513917392319761e-05,7.452033098010164e-05,7.391334759421022e-05,7.331789684736051e-05,7.273366298215578e-05,7.216034095321267e-05,7.159763599914437e-05,7.104526323419522e-05,7.050294725851167e-05,6.997042178608734e-05,6.944742928948031e-05
4,0.00013889146974812946,0.0001355351415067725,0.00013231552048850989,0.00012922541292939094,0.00012625808123074595,0.00012340721030140576,0.00012066687672398395,0.00011803152048009886,0.00011549591899694132,0.00011305516330196372,0.0001107046360941202,0.0001084399915593248,0.00010625713677491485,0.00010415221456317609,0.00010212158766759931,0.00010016182413770931,9.826968381919619e-05,9.644210585582267e-05,9.467619711833075e-05,9.296922148341567e-05,9.131858989288954e-05,8.972185112950447e-05,8.817668325161721e-05,8.668088563403662e-05,8.52323715670374e-05,8.38291613697321e-05,8.246937597778951e-05,8.11512309689252e-05,7.987303099270879e-05,7.863316457405328e-05,7.743009926232127e-05,7.626237710030759e-05,7.5128610389478e-05,7.402747772977176e-05,7.295772031402873e-05,7.191813845870483e-05,7.090758835399544e-05,6.992497901782227e-05,6.896926943935476e-05,6.803946589885e-05,6.713461945161472e-05,6.62538235648263e-05,6.539621189679907e-05,6.456095620907597e-05,6.37472644024332e-05,6.295437866855527e-05,6.218157374973882e-05,6.142815529954407e-05,6.069345833782691e-05,5.9976845794052996e-05,5.9277707133237784e-05,5.859545705925014e-05,5.7929534290592706e-05,5.727940040411283e-05,5.664453874241105e-05,5.6024453381009586e-05,5.5418668151609015e-05,5.482672571801438e-05,5.4248186701539435e-05,5.3682628852914544e-05,5.312964626791969e-05,5.258884864414869e-05,5.2059860576481195e-05,5.154232088899696e-05,5.103588200121342e-05,5.054020932666433e-05,5.005498070196455e-05,4.957988584462249e-05,4.91146258379735e-05,4.86589126417072e-05,4.821246862655973e-05,4.777502613182691e-05,4.734632704444102e-05,4.6926122398427396e-05,4.651417199363041e-05,4.611024403266694e-05,4.571411477512411e-05,4.532556820808109e-05,4.4944395732086655e-05,4.457039586177555e-05,4.4203373940356575e-05
5,0.0001185638106594614,0.0001156900104848052,0.00011293346893612102,0.00011028800656221262,0.00010774783626540893,0.00010530753431912283,0.00010296201381962368,0.00010070650034330672,9.853650960449174e-05,9.644782692983943e-05,9.443648838415284e-05,9.249876339894388e-05,9.063113876991889e-05,8.883030390271539e-05,8.709313719796851e-05,8.541669347729029e-05,8.379819236113519e-05,8.223500751793998e-05,8.072465671146369e-05,7.926479258002733e-05,7.785319408743718e-05,7.648775859084409e-05,7.516649447572663e-05,7.388751431262427e-05,7.264902849425924e-05,7.144933931530773e-05,7.028683546035554e-05,6.915998686853903e-05,6.8067339946057e-05,6.700751310017294e-05,6.597919257054034e-05,6.49811285356872e-05,6.401213147432548e-05,6.307106876280706e-05,6.215686149156363e-05,6.126848148474769e-05,6.0404948508541695e-05,5.956532765476143e-05,5.874872688741768e-05,5.7954294740866284e-05,5.71812181590491e-05,5.642872046613713e-05,5.5696059459614475e-05,5.498252561752673e-05,5.428744041222838e-05,5.361015472353721e-05,5.2950047344723234e-05,5.230652357524221e-05,5.1679013894564885e-05,5.106697271185807e-05,5.046987718665332e-05,4.9887226115977076e-05,4.931853888374289e-05,4.876335446849462e-05,4.822123050586235e-05,4.7691742402345716e-05,4.717448249726896e-05,4.666905926996769e-05,4.617509658946566e-05,4.5692233004084054e-05,4.522012106859547e-05,4.4758426706694393e-05,4.4306828606699956e-05,4.386501764854583e-05,4.34326963602353e-05,4.3009578402059485e-05,4.2595388076983615e-05,4.2189859865709836e-05,4.1792737985016734e-05,4.1403775968066e-05,4.1022736265447035e-05,4.064938986580638e-05,4.028351593498134e-05,3.9924901472621166e-05,3.957334098534269e-05,3.922863617552478e-05,3.8890595644898356e-05,3.8559034612140676e-05,3.823377464372959e-05,3.7914643397354915e-05,3.760147437722999e-05
6,0.00016935017231672756,0.00016658955692113302,0.00016392022685320212,0.00016133815711886546,0.00015883954124760942,0.00015642077720654125,0.00015407845436583563,0.00015180934142633882,0.0001496103752285943,0.00014747865037014325,0.00014541140956477038,0.00014340603468345237,0.0001414600384222584,0.00013957105654737028,0.0001377368406718307,0.00013595525152262632,0.000134224252660317,0.0001325419046166885,0.0001309063594188474,0.00012931585547085232,0.00012776871276639417,0.00012626332840823016,0.00012479817241207493,0.00012337178377446432,0.00012198276678575474,0.00012062978757092615,0.00011931157084222787,0.00011802689684895264,0.0001167745985107724,0.00011555355872210947,0.00011436270781597108,0.00011320102117655327,0.00011206751699072246,0.00011096125412921019,0.00010988133014904362,0.00010882687940934368,0.00010779707129319956,0.00010679110852884662,0.0001058082256038641,0.00010484768726654701,0.00010390878710902148,0.00010299084622704875,0.00010209321195181005,0.00010121525664929284,0.00010035637658319098,9.951599083750957e-05,9.86935402953213e-05,9.788848667035553e-05,9.710031158832094e-05,9.632851571506672e-05,9.557261792887307e-05,9.483215453433935e-05,9.410667851549799e-05,9.339575882593608e-05,9.269897971384343e-05,9.201594008003907e-05,9.134625286714831e-05,9.068954447821631e-05,9.004545422314766e-05,8.941363379146372e-05,8.879374674995561e-05,8.818546806390039e-05,8.758848364058795e-05,8.700248989397458e-05,8.642719332936028e-05,8.586231014703776e-05,8.530756586393575e-05,8.476269495232447e-05,8.422744049471426e-05,8.370155385412058e-05,8.318479435892031e-05,8.267692900156607e-05,8.217773215046659e-05,8.168698527438071e-05,8.120447667870672e-05,8.073000125308585e-05,8.026336022976677e-05,7.9804360952213e-05,7.935281665345663e-05,7.890854624373573e-05,7.847137410697126e-05
7,0.00017912709862304336,0.00017722488856740382,0.00017537504610708543,0.00017357560411018034,0.00017182468810656004,0.00017012051098980023,0.00016846136807753605,0.00016684563250214302,0.00016527175090615752,0.00016373823941909642,0.0001622436798943857,0.00016078671638693326,0.000159366051853539,0.00015798044505984713,0.00015662870767888367,0.00015530970156746985,0.00015402233620790895,0.00015276556630336422,0.00015153838951626294,0.00015033984433990936,0.00014916900809424825,0.00014802499503742652,0.00014690695458543203,0.00014581406963268007,0.00014474555496694615,0.0001437006557725351,0.00014267864621602815,0.00014167882810935784,0.00014070052964533945,0.00013974310420113902,0.00013880592920546998,0.00013788840506561732,0.0001369899541506467,0.00013611001982741537,0.00013524806554622795,0.0001344035739731981,0.00013357604616656915,0.00013276500079443325,0.00013196997339145523,0.00013119051565236745,0.00013042619476013912,0.00012967659274687132,0.00012894130588557602,0.00012821994411113294,0.0001275121304688087,0.00012681750058883527,0.0001261357021856302,0.00012546639458033167,0.0001248092482454018,0.00012416394437012666,0.00012353017444591112,0.00012290763987033278,0.00012229605156898008,0.00012169512963416048,0.00012110460297960861,0.00012052420901038752,0.00011995369330721036,0.0001193928093244625,0.0001188413181012395,0.00011829898798475859,0.00011776559436553495,0.00011724091942374738,0.0001167247518862536,0.00011621688679373832,0.00011571712527751273,0.00011522527434550472,0.00011474114667700486,0.0001142645604257595,0.00011379533903101981,0.00011333331103617833,0.00011287830991464467,0.0001124301739026268,0.00011198874583850692,0.00011155387300851095,0.00011112540699838983,0.00011070320355084602,0.00011028712242844573,0.00010987702728178055,0.00010947278552264316,0.00010907426820200126,0.00010868134989256251
8,0.00015226454463405058,0.00015032012821369567,0.00014843331648476012,0.000146601800380212,0.00014482338607593325,0.00014309598807551248,0.00014141762278134325,0.00013978640251272457,0.00013820052993525846,0.0001366582928690604,0.0001351580594462081,0.0001336982735904604,0.0001322774507946347,0.00013089417417315585,0.00012954709076921057,0.00012823490809767485,0.00012695639090655984,0.00012571035814114197,0.0001244956800962471,0.00012331127574332338,0.00012215611022001923,0.00012102919247095033,0.00011992957302923066,0.00011885634192915269,0.00011780862674114624,0.000116785590720812,0.00011578643106446096,0.00011481037726414014,0.00011385668955566383,0.00011292465745362695,0.00011201359836783382,0.00011112285629596386,0.00011025180058767356,0.00010939982477567176,0.0001085663454696205,0.00010775080130900158,0.00010695265197135601,0.0001061713772325526,0.00010540647607596266,0.00010465746584763684,0.00010392388145476794,0.0001032052746049068,0.00010250121308356232,0.0001018112800679772,0.0001011350734750066,0.0001004722053411658,9.982230123303376e-05,9.91849996863152e-05,9.855995167196991e-05,9.794682008791885e-05,9.734527927492648e-05,9.675501455534607e-05,9.61757217934961e-05,9.560710697650955e-05,9.504888581456401e-05,9.450078335947536e-05,9.396253364068576e-05,9.343387931774408e-05,9.291457134842349e-05,9.240436867167445e-05,9.190303790465399e-05,9.141035305311953e-05,9.092609523451341e-05,9.045005241310134e-05,8.998201914657019e-05,8.952179634351426e-05,8.906919103127783e-05,8.862401613365085e-05,8.818609025793585e-05,8.775523749094096e-05,8.733128720346528e-05,8.691407386287904e-05,8.650343685341227e-05,8.609922030379027e-05,8.570127292187488e-05,8.530944783598491e-05,8.492360244258879e-05,8.454359826007509e-05,8.416930078832796e-05,8.380057937384071e-05,8.34373070801207e-05
9,0.00012084625847784114,0.0001193848364666141,0.0001179657462829889,0.00011658732433154755,0.00011524798859851254,0.00011394623382814483,0.00011268062703431778,0.00011144980332043271,0.00011025246198328504,0.00010908736287866804,0.00010795332302848051,0.0001068492134508729,0.00010577395619656518,0.00010472652157591656,0.00010370592556263405,0.00010271122736118705,0.00010174152712606497,0.00010079596382199516,9.987371321511208e-05,9.897398598587623e-05,9.809602595527592e-05,9.723910841650304e-05,9.640253856490943e-05,9.558565001960124e-05,9.478780343053521e-05,9.40083851654495e-05,9.3246806071378e-05,9.250250030589748e-05,9.17749242336012e-05,9.106355538363298e-05,9.036789146440585e-05,8.968744943191429e-05,8.902176460830034e-05,8.83703898475668e-05,8.773289474555219e-05,8.710886489147657e-05,8.649790115855453e-05,8.589961903134069e-05,8.531364796762881e-05,8.473963079287555e-05,8.417722312524922e-05,8.362609282953102e-05,8.308591949821332e-05,8.255639395824332e-05,8.20372178019633e-05,8.1528102940888e-05,8.102877118104811e-05,8.053895381870684e-05,8.00583912553315e-05,7.95868326307711e-05,7.912403547365529e-05,7.866976536809041e-05,7.822379563578081e-05,7.77859070327645e-05,7.735588745998837e-05,7.693353168700549e-05,7.651864108811127e-05,7.611102339027925e-05,7.571049243229356e-05,7.531686793450729e-05,7.492997527869282e-05,7.4549645297478e-05,7.417571407288946e-05,7.380802274355358e-05,7.344641732013098e-05,7.309074850857986e-05,7.274087154087053e-05,7.239664601279091e-05,7.205793572850494e-05,7.172460855153975e-05,7.139653626190045e-05,7.107359441902321e-05,7.07556622302932e-05,7.044262242487083e-05,7.013436113257983e-05,6.98307677676264e-05,6.9531734916927e-05,6.923715823283935e-05,6.894693633009449e-05,6.866097068674523e-05,6.837916554894981e-05
10,0.0001402439384288974,0.000139454417003157,0.0001386827921153448,0.00013792850225443734,0.00013719100835969563,0.0001364697926956001,0.00013576435779591575,0.00013507422547181716,0.000134398935879433,0.00013373804664256313,0.00013309113202667448,0.00013245778216060237,0.00013183760230267179,0.00013123021214822144,0.00013063524517574593,0.00013005234802909452,0.00012948117993336097,0.0001289214121422758,0.00012837272741508688,0.00012783481952105308,0.00012730739276982196,0.00012679016156608725,0.00012628284998703287,0.00012578519138118377,0.00012529692798737542,0.0001248178105726461,0.00012434759808793957,0.00012388605734057969,0.00012343296268254876,0.0001229880957136697,0.00012255124499884577,0.0001221222057985728,0.00012170077981198845,0.000121286774931764,0.00012088000501020195,0.00012048028963592691,0.00012008745392060827,0.00011970132829518166,0.00011932174831506969,0.00011894855447393335,0.00011858159202551522,0.0001182207108131583,0.00011786576510661252,0.0001175166134457621,0.0001171731184909261,0.00011683514687941116,0.00011650256908800514,0.00011617525930112455,0.00011585309528434265,0.00011553595826303954,0.00011522373280593108,0.00011491630671324613,0.00011461357090933476,0.00011431541933950098,0.00011402174887086571,0.00011373245919707553,0.00011344745274668121,0.00011316663459502226,0.00011288991237945822,0.0001126171962178011,0.00011234839862980343,0.00011208343446157233,0.00011182222081277859,0.00011156467696654196,0.00011131072432187717,0.000111060286328592,0.00011081328842453209,0.00011056965797507504,0.00011032932421478059,0.00011009221819110386,0.00010985827271009166,0.00010962742228397585,0.00010939960308058955,0.00010917475287453116,0.00010895281100000599,0.0001087337183052795,0.00010851741710867623,0.00010830385115606617,0.00010809296557977656,0.00010788470685887791,0.00010767902278078732
11,0.00014052054491738085,0.00013967697149202312,0.0001388528269144635,0.00013804749218346513,0.0001372603734021589,0.00013649090050589114,0.00013573852606882456,0.00013500272418348253,0.00013428298940793595,0.00013357883577576983,0.00013288979586438155,0.00013221541991752453,0.00013155527501834398,0.00013090894430945336,0.00013027602625687883,0.0001296561339549373,0.00012904889446935429,0.00012845394821612294,0.00012787094837380015,0.00012729956032710976,0.000126739461139874,0.00012619033905544717,0.00012565189302295027,0.00012512383224773168,0.00012460587576459067,0.00012409775203239918,0.00012359919854885488,0.00012310996148418707,0.00012262979533271136,0.00012215846258121013,0.000121695733393177,0.00012124138530803373,0.00012079520295448095,0.00012035697777719925,0.0001199265077761714,0.00011950359725793603,0.0001190880565981315,0.00011867970201472839,0.00011827835535138092,0.0001178838438703716,0.00011749600005464366,0.00011711466141845976,0.00011673967032623786,0.00011637087381915608,0.00011600812344913085,0.0001156512751198044,0.00011530018893418989,0.00011495472904865189,0.00011461476353291037,0.00011428016423577736,0.00011395080665635393,0.00011362656982042235,0.00011330733616179425,0.0001129929914083767,0.00011268342447273973,0.00011237852734697773,0.00011207819500166578,0.00011178232528872485,0.00011149081884802085,0.00011120357901752842,0.0001109205117469007,0.00011064152551429494,0.00011036653124631016,0.00011009544224090187,0.00010982817409314416,0.00010956464462371641,0.00010930477380999909,0.00010904848371966593,0.00010879569844667034,0.00010854634404952157,0.00010830034849175832,0.00010805764158452833,0.00010781815493118544,0.00010758182187382555,0.00010734857744167709,0.00010711835830127798,0.00010689110270836108,0.00010666675046138459,0.00010644524285663973,0.00010622652264487465,0.00010601053398937528
12,0.00014514192261241572,0.00014408769602683867,0.00014305904457538027,0.00014205511236979506,0.00014107507984240705,0.00014011816183848023,0.00013918360582964911,0.00013827069023934592,0.00013737872287194133,0.00013650703943802857,0.00013565500216891415,0.00013482199851396243,0.00013400743991495565,0.00013321076065211487,0.0001324314167568494,0.00013166888498669955,0.00013092266185828772,0.00013019226273442374,0.0001294772209617998,0.00012877708705598525,0.0001280914279306742,0.00012741982616836918,0.00012676187932988454,0.00012611719930025243,0.00012548541166877624,0.00012486615514114842,0.00012425908098168616,0.00012366385248388143,0.00012308014446758063,0.00012250764280122945,0.00012194604394771889,0.00012139505453247165,0.00012085439093249364,0.00012032377888520192,0.00011980295311591925,0.00011929165698299242,0.00011878964213956142,0.00011829666821106793,0.0001178125024876504,0.00011733691963061908,0.00011686970139226471,0.00011641063634829144,0.00011595951964221186,0.00011551615274108045,0.00011508034320198151,0.0001146519044487156,0.00011423065555817149,0.00011381642105588907,0.00011340903072035746,0.00011300831939561078,0.00011261412681171411,0.00011222629741275202,0.00011184468019195607,0.00011146912853362627,0.00011109950006152116,0.00011073565649340886,0.0001103774635014878,0.0001100247905784035,0.00010967751090859855,0.00010933550124475186,0.00010899864178907054,0.00010866681607921663,0.00010833991087865555,0.00010801781607122964,0.00010770042455976774,0.00010738763216854926,0.00010707933754945725,0.00010677544209165452,0.00010647584983463212,0.00010618046738448419,0.0001058892038332687,0.00010560197068132485,0.00010531868176242035,0.00010503925317160859,0.00010476360319568519,0.00010449165224613105,0.00010422332279444431,0.00010395853930975725,0.00010369722819865124,0.00010343931774707333,0.00010318473806427709
13,0.00015636382287681432,0.00015504326073101886,0.00015375625599533174,0.00015250163631265275,0.0001512782810618366,0.00015008511855356591,0.00014892112340831337,0.0001477853141025382,0.00014667675067048144,0.00014559453255000572,0.00014453779656192086,0.00014350571501311663,0.000142497493914638,0.0001415123713065606,0.00014054961568218954,0.0001396085245047045,0.00013868842280992063,0.00013778866188933014,0.0001369086180480447,0.0001360476914326726,0.0001352053049245389,0.00013438090309400336,0.00013357395121195044,0.00013278393431480695,0.00013201035631971652,0.00013125273918673848,0.00013051062212516206,0.00012978356084123656,0.00012907112682480353,0.00012837290667249012,0.0001276885014452913,0.00012701752605850532,0.00012635960870213236,0.00012571439028997067,0.00012508152393575934,0.0001244606744548259,0.00012385151788979907,0.0001232537410590391,0.00012266704112652037,0.0001220911251919881,0.00012152570990027825,0.00012097052106876447,0.00012042529333195437,0.00011988976980232403,0.00011936370174652655,0.00011884684827617323,0.0001183389760524213,0.00011783985900365973,0.00011734927805561859,0.00011686702087326829,0.00011639288161391462,0.0001159266606909257,0.00011546816454756306,0.00011501720544041532,0.00011457360123196325,0.00011413717519183314,0.0001137077558063138,0.00011328517659574365,0.00011286927593938975,0.00011245989690746478,0.00011205688709994569,0.00011166009849187439,0.00011126938728484171,0.00011088461376436761,0.00011050564216290827,0.0001101323405282315,0.00010976458059692182,0.00010940223767278004,0.00010904519050990212,0.00010869332120022746,0.00010834651506536107,0.00010800466055248023,0.00010766764913415086,0.00010733537521188153,0.00010700773602325545,0.00010668463155248816,0.00010636596444426351,0.00010605163992071164,0.00010574156570139587,0.00010543565192618194,0.00010513381108087362
14,0.00017642939978004132,0.00017480016641331089,0.00017321358694556257,0.00017166813009041252,0.000170162333819647,0.00016869480153350935,0.0001672641984834537,0.00016586924842794425,0.0001645087305036042,0.00016318147629554379,0.00016188636709209647,0.00016062233131044335,0.00015938834208074,0.00015818341497739126,0.00015700660588703922,0.00015585700900369373,0.00015473375494217987,0.00015363600896179546,0.0001525629692926945,0.000151513865558097,0.0001504879572859569,0.00014948453250419853,0.00014850290641407851,0.00014754242013663243,0.00014660243952753637,0.00014568235405605613,0.00014478157574406592,0.0001438995381614066,0.00014303569547412126,0.0001421895215423381,0.0001413605090648092,0.00014054816876730744,0.00013975202863228045,0.00013897163316733477,0.0001382065427102872,0.0001374563327686658,0.00013672059339168933,0.00013599892857287736,0.00013529095568156252,0.00013459630492169196,0.00013391461881640012,0.00013324555171694073,0.00013258876933464018,0.00013194394829463485,0.00013131077571021418,0.00013068894877667399,0.00013007817438364855,0.00012947816874494882,0.00012888865704499587,0.00012830937310098978,0.00012774005904000725,0.00012718046499026592,0.00012663034878583883,0.00012608947568414335,0.00012555761809556623,0.00012503455532462474,0.00012452007332209675,0.00012401396444758128,0.0001235160272419882,0.00012302606620947276,0.00012254389160836824,0.00012206931925068555,0.00012160217030977805,0.00012114227113578495,0.00012068945307849524,0.0001202435523172836,0.00011980440969779982,0.00011937187057509477,0.00011894578466289796,0.00011852600588876469,0.00011811239225483252,0.00011770480570393443,0.00011730311199083358,0.00011690718055835387,0.00011651688441819128,0.00011613210003620343,0.00011575270722198398,0.0001153785890225377,0.00011500963161988009,0.00011464572423239645,0.0001142867590198029
15,0.00016146426774316807,0.0001589286244840444,0.00015647535170496913,0.0001541008725168723,0.00015180180163192587,0.000149574933154596,0.00014741722927515485,0.0001453258097896752,0.000143297942377726,0.00014133103357540807,0.0001394226203871319,0.0001375703624847093,0.00013577203494697496,0.00013402552149734102,0.00013232880820044352,0.00013067997758244585,0.00012907720314262467,0.00012751874422664035,0.00012600294123440425,0.00012452821113772197,0.00012309304328496633,0.0001216959954718912,0.00012033569025941228,0.00011901081152071997,0.00011772010120150202,0.00011646235627834124,0.00011523642590151878,0.00011404120870953125,0.00011287565030360473,0.00011173874087137905,0.00011062951294976697,0.00010954703931772673,0.00010849043101039137,0.00010745883544661671,0.00010645143466259794,0.00010546744364473347,0.00010450610875540875,0.00010356670624581895,0.00010264854085037214,0.00010175094445759146,0.00010087327485279086,0.0001000149145281279,9.917526955593211e-05,9.835376852149408e-05,9.754986151175105e-05,9.6763019156546e-05,9.599273171936067e-05,9.523850823462229e-05,9.449987568887777e-05,9.377637824330173e-05,9.30675764951734e-05,9.237304677610043e-05,9.169238048491867e-05,9.102518345331927e-05,9.037107534238295e-05,8.972968906831007e-05,8.910067025574409e-05,8.848367671718217e-05,8.787837795705946e-05,8.728445469918062e-05,8.670159843624864e-05,8.612951100031757e-05,8.556790415306839e-05,8.50164991948641e-05,8.447502659161199e-05,8.39432256185066e-05,8.342084401979059e-05,8.290763768371171e-05,8.240337033190772e-05,8.19078132224902e-05,8.142074486614059e-05,8.094195075457271e-05,8.04712231007469e-05,8.000836059026085e-05,7.955316814336749e-05,7.910545668710794e-05,7.866504293706676e-05,7.823174918829047e-05,7.7805403114932e-05,7.738583757820523e-05,7.697289044226098e-05
16,0.00021715806231485137,0.00021264863712213577,0.00020830794541473638,0.00020412772133928387,0.00020010019130244433,0.0001962180395937983,0.00019247437675743424,0.0001888627104648661,0.0001853769186666289,0.00018201122482192704,0.0001787601750253459,0.00017561861686713715,0.00017258167987924767,0.0001696447574332652,0.00016680348996899315,0.00016405374944361944,0.00016139162490155388,0.00015881340907408355,0.00015631558592618018,0.00015389481907515662,0.00015154794101251344,0.00014927194306632897,0.000147063966046955,0.000144921291523701,0.00014284133368463526,0.00014082163173565536,0.00013885984279864605,0.0001369537352718621,0.00013510118261869655,0.00013330015755374077,0.00013154872659755347,0.00012984504497382893,0.0001281873518247463,0.0001265739657221766,0.00012500328045416374,0.00012347376106768858,0.00012198394015017089,0.00012053241433350482,0.00011911784100563851,0.00011773893521583289,0.00011639446676075739,0.00011508325743953313,0.00011380417846669038,0.00011255614803281918,0.00011133812900341546,0.00011014912674711044,0.0001089881870850894,0.000107854394354086,0.0001067468695758656,0.00010566476872660465,0.00010460728110002528,0.00010357362775856161,0.00010256306006722642,0.000101574858305199,0.00010060833035049579,9.966281043338316e-05,9.873765795448781e-05,9.783225636381753e-05,9.694601209715304e-05,9.607835356650169e-05,9.522873020151437e-05,9.43966115389651e-05,9.358148635757249e-05,9.278286185562106e-05,9.200026286899067e-05,9.123323112735487e-05,9.048132454644662e-05,8.974411655441875e-05,8.902119545044286e-05,8.831216379380915e-05,8.76166378218875e-05,8.693424689541049e-05,8.626463296963307e-05,8.560745009000247e-05,8.496236391105902e-05,8.432905123735701e-05,8.370719958526892e-05,8.309650676459852e-05,8.249668047899369e-05,8.190743794420198e-05,8.13285055232709e-05
17,0.00028198299399108834,0.0002758139127547479,0.0002698823509662708,0.0002641763889876394,0.00025868483222012904,0.0002533971595257989,0.00024830347584014545,0.0002433944685933751,0.00023866136759648318,0.0002340959080827483,0.00022969029662590104,0.00022543717968352158,0.00022132961453859317,0.00021736104243392484,0.00021352526371362754,0.00020981641480328808,0.0002062289468761425,0.0002027576060666006,0.00019939741510511906,0.00019614365625978132,0.00019299185548020252,0.0001899377676486103,0.00018697736285129757,0.00018410681359118722,0.00018132248286907197,0.0001786209130672647,0.00017599881557500184,0.00017345306110002175,0.00017098067061534813,0.00016857880689451652,0.00016624476659227955,0.00016397597283131758,0.00016176996825863714,0.00015962440853823024,0.00015753705624920304,0.00015550577516099424,0.0001535285248594977,0.0001516033556999229,0.0001497284040640735,0.00014790188790140554,0.0001461221025347868,0.0001443874167132955,0.00014269626889569726,0.0001410471637494564,0.00013943866885121788,0.0001378694115757313,0.0001363380761611133,0.00013484340093920655,0.00013338417572059377,0.00013195923932454753,0.00013056747724488567,0.00012920781944331596,0.00012787923826243478,0.00012658074645108134,0.00012531139529524076,0.0001240702728481414,0.00012285650225362757,0.00012166924015726802,0.00012050767520003552,0.00011937102658972201,0.00011825854274557623,0.00011716950001193164,0.0001161032014368751,0.0001150589756122458,0.00011403617557150127,0.00011303417774218907,0.00011205238094998689,0.00011109020547143842,0.00011014709213271033,0.0001092225014518446,0.000108315912822143,0.00010742682373445711,0.00010655474903629677,0.00010569922022578768,0.00010485978477863287,0.00010403600550633572,0.00010322745994404789,0.00010243373976649708,0.00010165445023054393,0.00010088920964299742,0.00010013764885239565
18,0.00037169305599106935,0.0003659307113076818,0.00036035442739957684,0.0003549561666949042,0.00034972832019255026,0.0003446636802605142,0.00033975541543832227,0.00033499704707524053,0.0003303824276519175,0.0003259057206473001,0.00032156138182538375,0.00031734414182781604,0.0003132489899686148,0.00030927115913653757,0.0003054061117189528,0.0003016495264685849,0.0002979972862412999,0.0002944454665392226,0.00029099032479904896,0.0002876282903704487,0.0002843559551340032,0.0002811700647123069,0.0002780675102315971,0.00027504532059473166,0.00027210065522944286,0.0002692307972786594,0.00026643314720227825,0.0002637052167621423,0.000261044623364157,0.0002584490847334615,0.0002559164139003826,0.0002534445144765737,0.0002510313762022709,0.0002486750707469853,0.00024637374774726486,0.00024412563106631684,0.00024192901526139262,0.00023978226224582853,0.00023768379813356334,0.00023563211025480707,0.0002336257443323228,0.0002316633018085049,0.00022974343731410696,0.0002278648562701064,0.00022602631261474414,0.00022422660664832893,0.00022246458298887011,0.00022073912863207937,0.00021904917110967907,0.00021739367674036836,0.00021577164896815137,0.00021418212678307394,0.00021262418321972275,0.00021109692392914548,0.00020959948582010917,0.00020813103576587783,0.00020669076937291522,0.00020527790980815426,0.0002038917066816567,0.0002025314349817032,0.00020119639405951001,0.00019988590666095314,0.00019859931800281897,0.00019733599489126335,0.000196095324880283,0.00019487671546813666,0.00019367959332977272,0.0001925034035834295,0.0001913476090896802,0.00019021168978128873,0.00018909514202234128,0.00018799747799519884,0.00018691822511389609,0.00018585692546269232,0.0001848131352585482,0.00018378642433637045,0.00018277637565592553,0.00018178258482938743,0.00018080465966854054,0.00017984221975070108,0.0001788948960024873
19,0.00031191959311839014,0.00030589597733037335,0.0003000892159117112,0.0002944890277027313,0.00028908572648604294,0.00028387018046466494,0.0002788337749107091,0.00027396837770454194,0.0002692663075119393,0.0002647203043712942,0.0002603235024849096,0.0002560694050279886,0.00025195186080650294,0.00024796504261084633,0.00024410342712628984,0.00024036177627394573,0.00023673511986734025,0.00023321873947997927,0.0002298081534285398,0.00022649910278468654,0.00022328753833604937,0.0002201696084237486,0.0002171416475900074,0.0002142001659750256,0.00021134183940734637,0.00020856350013657648,0.00020586212816151367,0.0002032348431105448,0.00020067889663466322,0.00019819166527661075,0.00019577064378254548,0.0001934134388252675,0.00019111776311044867,0.00018888142983951488,0.00018670234750484027,0.0001845785149947678,0.00018250801698765364,0.00018048901961569425,0.0001785197663807078,0.00017659857430536892,0.0001747238303045743,0.00017289398776274955,0.00017110756330390172,0.00016936313374218224,0.00016765933320157258,0.000165994850394114,0.00016436842604683182,0.00016277885046819037,0.00016122496124553964,0.00015970564106559297,0.00015821981565052184,0.00015676645180274113,0.00015534455555192285,0.0001539531703982082,0.00015259137564597734,0.00015125828482290447,0.00014995304417937216,0.00014867483126363045,0.00014742285356838245,0.00014619634724475367,0.0001449945758798536,0.00014381682933437868,0.00014266242263692445,0.00014153069493188047,0.00014042100847797475,0.00013933274769471055,0.00013826531825411037,0.00013721814621532792,0.00013619067719984967,0.00013518237560512442,0.0001341927238546038,0.00013322122168228415,0.00013226738544995642,0.00013133074749547056,0.00013041085551042524,0.00012950727194577683,0.00012861957344395203,0.00012774735029612717,0.00012689020592341314,0.00012604775638075277,0.00012521962988240837
20,0.0003857678141549795,0.0003794023020064519,0.0003732485170109247,0.00036729707647340204,0.00036153910936389025,0.0003559662232098605,0.0003505704734678703,0.00034534433516336503,0.0003402806766078237,0.0003353727350203855,0.0003306140938972342,0.0003259986619864405,0.0003215206537389618,0.0003171745711181422,0.0003129551866605666,0.0003088575276905767,0.0003048768615992963,0.0003010086821067189,0.00029724869643238806,0.00029359281330650923,0.00029003713175905136,0.00028657793062958554,0.0002832116587453168,0.00027993492571905693,0.00027674449332276663,0.00027363726739586426,0.00027061029025071134,0.00026766073354065364,0.0002647858915586877,0.00026198317493727097,0.0002592501047220778,0.00025658430679453094,0.00025398350661985316,0.00025144552429911193,0.0002489682699053069,0.00024654973908503334,0.000244188008908576,0.00024188123395253608,0.00023962764260022495,0.00023742553354610659,0.000235273272491534,0.00023316928901992066,0.00023111207364029615,0.00022910017498897306,0.00022713219717973568,0.0002252067972936162,0.00022332268299993065,0.00022147861030078826,0.0002196733813918163,0.0002179058426323077,0.00021617488261845195,0.0002144794303537135,0.00021281845351080363,0.00021119095678004757,0.00020959598029928188,0.00020803259816071354,0.00020649991699046632,0.00020499707459680448,0.0002035232386832612,0.00020207760562314782,0.00020065939929211194,0.00019926786995563898,0.00019790229320855164,0.00019656196896376027,0.00019524622048766352,0.00019395439347976085,0.00019268585519417885,0.00019143999360094185,0.00019021621658495103,0.00018901395118074604,0.0001878326428412367,0.00018667175473869097,0.00018553076709637025,0.00018440917654927744,0.00018330649553258995,0.00018222225169640792,0.00018115598734553805,0.00018010725890309177,0.00017907563639675564,0.00017806070296664064,0.0001770620543936831
21,0.0004691843149335424,0.00046254895523081666,0.0004561190466992835,0.00044988603035443276,0.0004438417892032907,0.0004379786209462785,0.0004322892126448893,0.00042676661719322825,0.00042140423144650585,0.00041619577587305895,0.00041113527560857933,0.00040621704280212144,0.00040143566015324626,0.0003967859655485035,0.0003922630377133982,0.0003878621828032148,0.0003835789218625494,0.00037940897908932776,0.00037534827084440036,0.0003713928953526817,0.0003675391230461825,0.0003637833875033122,0.00036012227694245594,0.0003565525262311676,0.0003530710093753405,0.00034967473245549606,0.00034636082697984326,0.000343126543626089,0.0003399692463460869,0.0003368864068093521,0.0003338755991632531,0.0003309344950893124,0.0003280608591365623,0.00032525254431425583,0.00032250748792753316,0.0003198237076407683,0.0003171992977544391,0.0003146324256823144,0.0003121213286166965,0.0003096643103702807,0.00030725973838398356,0.00030490604089080823,0.0003026017042264784,0.00030034527027819857,0.00029813533406345864,0.00029597054143133716,0.00029384958687924767,0.00029177121147852384,0.0002897342009026744,0.00028773738355250783,0.00028577962877272535,0.00028385984515488826,0.00028197697892200284,0.00028013001239025323,0.00027831796250368617,0.00027653987943790934,0.0002747948452691021,0.0002730819727048575,0.00027140040387359276,0.0002697493091694392,0.0002681278861497282,0.00026653535848233635,0.0002649709749403308,0.00026343400844148536,0.00026192375513039913,0.00026043953350104787,0.00025898068355776217,0.0002575465660126954,0.0002561365615179872,0.0002547500699309081,0.0002533865096103772,0.0002520453167433177,0.000250725944699424,0.00024942786341295857,0.00024815055879030346,0.0002468935321420346,0.0002456562996383703,0.0002444383917868908,0.00024323935293149812,0.0002420587407716268,0.00024089612590078263
22,0.000398072200066131,0.00039214120817681285,0.00038639823324937054,0.000380835281124985,0.0003754447779746101,0.00037021954393752645,0.0003651527686826602,0.0003602379887325821,0.0003554690664051156,0.0003508401702408928,0.00034634575679727146,0.0003419805536998325,0.0003377395438524212,0.00033361795071546043,0.00032961122457016785,0.00032571502969344315,0.00032192523237464544,0.00031823788971130845,0.00031464923912612804,0.0003111556885523574,0.00030775380723908213,0.0003044403171318092,0.0003012120847873997,0.00029806611378563997,0.0002949995376027439,0.0002920096129147857,0.00028909371330155886,0.0002862493233236192,0.0002834740329473551,0.00028076553229482414,0.0002781216066968376,0.00027554013202937507,0.00027301907031487696,0.00027055646557130555,0.0002681504398931066,0.00026579918974934503,0.0002635009824853226,0.0002612541530149724,0.00025905710069219664,0.00025690828635014116,0.0002548062294981621,0.00025274950566693874,0.0002507367438928212,0.0002487666243331284,0.00024683787600463257,0.0002449492746380068,0.00024309964064146857,0.00024128783716730938,0.00023951276827539233,0.0002377733771880981,0.0002360686446315376,0.0002343975872581817,0.00023275925614637017,0.00023115273537243594,0.00022957714065145198,0.0002280316180428469,0.00022651534271737525,0.00022502751778213283,0.00022356737316050842,0.00022213416452415555,0.00022072717227423363,0.0002193457005693344,0.000217989076397663,0.00021665664869117865,0.0002153477874795434,0.00021406188308183393,0.00021279834533411324,0.00021155660285103925,0.0002103361023198137,0.00020913630782485714,0.00020795670020168746,0.00020679677641856814,0.0002056560489845682,0.00020453404538274824,0.00020343030752726239,0.00020234439124322624,0.00020127586576826546,0.00020022431327471673,0.00019918932841150812,0.00019817051786479622,0.00019716749993648608
23,0.0005713982192405076,0.0005651904699359812,0.0005591551001010878,0.0005532855843992185,0.000547575706993486,0.0005420195437493143,0.0005366114456465188,0.0005313460233057059,0.0005262181325423618,0.0005212228608696684,0.0005163555148779863,0.0005116116084251704,0.0005069868515775228,0.0005024771402462437,0.0004980785464688813,0.0004937873092894094,0.0004895998261943901,0.0004855126450660799,0.00048152245661649013,0.000477626087269244,0.00047382049245867243,0.00047010275031796127,0.000466470055730313,0.00046291971471907294,0.0004594491391545686,0.00045605584175707693,0.00045273743137683626,0.0004494916085334288,0.00044631616119812705,0.0004432089608039748,0.00044016795846946063,0.00043719118142262337,0.0004342767296133641,0.0004314227725025675,0.0004286275460174245,0.00042588934966306954,0.00042320654378130376,0.00042057754694780134,0.00041800083349975546,0.0004154749311864565,0.00041299841893577944,0.00041056992473001083,0.00040818812358486844,0.0004058517356259577,0.0004035595242572682,0.00040131029441665424,0.0003991028909135574,0.0003969361968445176,0.0003948091320822999,0.00039272065183470036,0.00039066974526935763,0.00038865543420108504,0.0003866767718384744,0.000384732841586693,0.00038282275590358495,0.000380945655206355,0.00037910070682626776,0.00037728710400894276,0.00037550406495796563,0.0003737508319196599,0.0003720266703069901,0.0003703308678606763,0.000368662733845707,0.0003670215982815377,0.00036540681120435784,0.0003638177419598892,0.0003622537785252738,0.00036071432685867255,0.00035919881027528293,0.0003577066688485398,0.00035623735883534075,0.00035479035212418155,0.00035336513570516885,0.00035196121116090145,0.00035057809417729003,0.00034921531407341457,0.00034787241334957293,0.0003465489472527136,0.00034524448335848575,0.0003439586011691809,0.00034269089172687375
24,0.0005396679537256095,0.0005333368459675643,0.0005271868944089119,0.0005212110563838336,0.0005154026312885784,0.0005097552405188065,0.0005042628087920163,0.0004989195467447294,0.0004937199347040994,0.0004886587075425699,0.0004837308405322767,0.0004789315361231584,0.00047425621157530425,0.00046970048738198626,0.000465260176425188,0.0004609312738102936,0.0004567099473310058,0.00045259252851954376,0.00044857550424082227,0.00044465550879258843,0.00044082931647652495,0.0004370938346080513,0.00043344609693506033,0.0004298832574381164,0.0004264025844867219,0.00042300145532817626,0.0004196773508872936,0.00041642785085686194,0.00041325062906018625,0.00041014344906841794,0.00040710416005660966,0.0004041306928835884,0.0004012210563817728,0.00039837333384405346,0.0003955856796957285,0.000392856316340322,0.000390183531168874,0.00038756567372298976,0.0003850011530025879,0.00038248843490989754,0.00038002603982179283,0.00037761254028309516,0.00037524655881392545,0.00037292676582465953,0.0003706518776324275,0.00036842065457350033,0.00036623189920625303,0.0003640844545997239,0.00036197720270311,0.0003599090627918028,0.00035787898998586434,0.00035588597383706786,0.0003539290369808726,0.00035200723384992,0.00035011964944583085,0.00034826539816628553,0.00034644362268453397,0.000344653492878655,0.0003428942048080388,0.00034116497973470176,0.00033946506318719685,0.0003377937240649873,0.0003361502537812894,0.00033453396544248884,0.00033294419306234915,0.0003313802908093192,0.00032984163228534863,0.00032832760983469934,0.00032683763388132955,0.0003253711322934919,0.0003239275497742754,0.00032250634727687367,0.00032110700144343104,0.0003197290040663865,0.000318371861571275,0.0003170350945200116,0.0003157182371337352,0.00031442083683432383,0.00031314245380374873,0.0003118826605604771,0.0003106410415521645
25,0.0005534600132490237,0.0005461677863266707,0.0005390944799175118,0.0005322312161870301,0.0005255695649660214,0.0005191015166541516,0.000512819457042617,0.0005067161438999181,0.0005007846851790926,0.0004950185187176204,0.0004894113933127647,0.0004839573510655278,0.0004786507108957479,0.0004734860531393492,0.00046845820514635937,0.00046356222780524455,0.0004587934029253351,0.00045414722141480843,0.0004496193721968133,0.0004452057318110119,0.0004409023546520404,0.0004367054638002772,0.0004326114424038161,0.00042861682557375654,0.00042471829275786,0.00042091266056030373,0.00041719687597770275,0.00041356801002383247,0.00041002325171752554,0.0004065599024101101,0.00040317537043048606,0.00039986716602752564,0.0003966328965909436,0.0003934702621331305,0.00039037705101567765,0.00038735113590546567,0.0003843904699462364,0.0003814930831325435,0.000378657078873868,0.0003758806307375171,0.00037316197935968824,0.00037049942951479124,0.0003678913473337708,0.0003653361576627928,0.00036283234155420283,0.0003603784338822067,0.00035797302107619166,0.00035561473896507313,0.00035330227072645606,0.0003510343449347971,0.00034880973370311953,0.00034662725091315913,0.00034448575052914345,0.0003423841249906945,0.00034032130368062046,0.00033829625146361217,0.0003363079672921042,0.00033435548287577685,0.00033243786141138655,0.0003305541963697997,0.0003287036103372965,0.0003268852539083708,0.0003250983046274187,0.00032334196597684495,0.0003216154664092762,0.00031991805842167926,0.00031824901766931663,0.0003166076421175863,0.0003149932512298919,0.0003134051851898053,0.0003118428041558619,0.00031030548754743345,0.00030879263336019383,0.0003073036575097847,0.00030583799320234805,0.0003043950903306825,0.00030297441489482256,0.00030157544844591815,0.0003001976875523466,0.00029884064328704503,0.0002975038407350945
26,0.0005111314797204077,0.0005047538269912685,0.0004985632989361864,0.0004925524581152354,0.00048671423549783165,0.00048104190849573955,0.00047552908053295284,0.0004701696620287363,0.0004649578526814153,0.00045988812495062346,0.00045495520864481903,0.000450154076529095,0.00044547993087569313,0.00044092819088631017,0.00043649448092132295,0.00043217461947650553,0.0004279646088527767,0.0004238606254689862,0.00041985901077183136,0.0004159562627006971,0.0004121490276685787,0.00040843409302332293,0.00040480837995621324,0.00040126893682748915,0.00039781293288071196,0.00039443765232003824,0.0003911404887263961,0.00038791893979036864,0.0003847706023412168,0.00038169316765297815,0.00037868441700997636,0.00037574221751532187,0.00037286451812718155,0.00037004934590864684,0.0003672948024780382,0.0003645990606473903,0.0003619603612377065,0.00035937701006035606,0.00035684737505469616,0.0003543698835726798,0.0003519430198018136,0.0003495653223184159,0.00034723538176362873,0.0003449518386351594,0.0003427133811881513,0.0003405187434390285,0.0003383667032665332,0.0003362560806045546,0.0003341857357216706,0.0003321545675826541,0.00033016151228747827,0.0003282055415836292,0.00032628566144779904,0.0003244009107332537,0.0003225503598794092,0.0003207331096803373,0.00031894829010913615,0.0003171950591952611,0.00031547260195209615,0.0003137801293521955,0.0003121168773477691,0.00031048210593414123,0.0003088750982540145,0.00030729515974052,0.0003057416172971268,0.0003042138185126029,0.0003027111309093172,0.00030123294122326276,0.0002997786547142696,0.0002983476945049694,0.0002969395009471338,0.00029555353101409754,0.00029418925771803635,0.00029284616955093984,0.0002915237699481803,0.00029022157677362947,0.0002889391218253426,0.00028767595036085976,0.00028643162064125147,0.00028520570349304373,0.0002839977818872427
27,0.00043343036810286715,0.0004264267276955461,0.00041965370352537015,0.0004131011638702417,0.0004067595253267825,0.00040061971756242637,0.0003946731506923754,0.00038891168505906474,0.00038332760321294166,0.0003779135839122438,0.0003726626779764005,0.0003675682858428644,0.00036262413669082075,0.00035782426900749355,0.00035316301248380444,0.00034863497113610866,0.0003442350075597137,0.00033995822822800536,0.00033579996975835794,0.00033175578607265796,0.00032782143638629153,0.00032399287396493666,0.0003202662355934502,0.0003166378317056893,0.0003131041371281858,0.0003096617823943759,0.0003063075455894818,0.0003030383446892699,0.00029985123035876403,0.00029674337917958414,0.00029371208727699266,0.00029075476431986944,0.0002878689278688945,0.000285052198049998,0.0002823022925318654,0.00027961702178780774,0.00027699428462374186,0.00027443206395533486,0.00027192842281856564,0.00026948150059907984,0.0002670895094667256,0.0002647507310026153,0.000262463513006916,0.00026022626647639944,0.00025803746274150237,0.00025589563075335717,0.0002537993545118857,0.0002517472706266282,0.0002497380660025529,0.00024777047564356806,0.00024584328056695886,0.0002439553058223885,0.0002421054186095167,0.000240292526488674,0.00023851557567936376,0.00023677354944170957,0.00023506546653625298,0.0002333903797578084,0.0002317473745393274,0.00023013556762197822,0.0002285541057878862,0.00022700216465217565,0.0002254789475111683,0.00022398368424377362,0.00022251563026328802,0.00022107406551697005,0.00021965829353092455,0.00021826764049796965,0.0002169014544062815,0.00021555910420675668,0.0002142399790171339,0.00021294348736103502,0.00021166905644018363,0.00021041613143815973,0.00020918417485414067,0.00020797266586516027,0.00020678109971549794,0.00020560898713189248,0.00020445585376333277,0.00020332123964426075,0.0002022046986800708
28,0.0004229425006006772,0.0004156969066639906,0.0004086967649765397,0.00040193102640537865,0.0003953892527293418,0.0003890615766375437,0.00038293866475365245,0.0003770116834262441,0.00037127226705050635,0.00036571248870884073,0.00036032483293787777,0.0003551021704472736,0.0003500377346317189,0.00034512509973197924,0.00034035816051376186,0.000335731113344864,0.0003312384385615928,0.0003268748840249319,0.0003226354497755254,0.00031851537370431165,0.0003145101181626698,0.00031061535744231536,0.0003068269660609721,0.00030314100779510364,0.0002995537254057533,0.0002960615310079041,0.0002926609970377308,0.00028934884777571246,0.0002861219513868947,0.0002829773124425786,0.00027991206489048036,0.0002769234654429208,0.00027400888735490045,0.000271165814566045,0.00026839183618233066,0.00026568464127528323,0.00026304201397797677,0.00026046182885866294,0.00025794204655423415,0.0002554807096470135,0.0002530759387695071,0.0002507259289228693,0.0002484289459957941,0.0002461833234714896,0.00024398745931122591,0.00024183981300374182,0.00023973890277051516,0.00023768330291757336,0.00023567164132514855,0.00023370259706704895,0.00023177489815215743,0.00022988731938096627,0.00022803868031050597,0.00022622784332146712,0.0002244537117816989,0.0002227152283006418,0.0002210113730695959,0.0002193411622830428,0.00021770364663653644,0.00021609790989695615,0.00021452306754117035,0.00021297826545940734,0.00021146267871983962,0.00020997551039111614,0.0002085159904197551,0.0002070833745595025,0.00020567694334993315,0.00020429600114172067,0.00020293987516616495,0.0002016079146466975,0.0002002994899502141,0.00019901399177621725,0.0001977508303818516,0.00019650943484103586,0.00019528925233598747,0.00019408974747953358,0.00019291040166669483,0.00019175071245410268,0.00019061019296589765,0.00018948837132482847,0.00018838479010733613
29,0.00058421855843562,0.0005777836049088032,0.0005715282836908212,0.000565445762893098,0.0005595295360276455,0.0005537734032300554,0.0005481714537620723,0.0005427180496928538,0.0005374078106670835,0.0005322355996762463,0.0005271965097567045,0.0005222858515448268,0.0005174991416253908,0.0005128320916148695,0.0005082805979261041,0.0005038407321652833,0.0004995087321161741,0.0004952809932701738,0.0004911540608641033,0.00048712462239064403,0.0004831895005490934,0.0004793456466066196,0.0004755901341424751,0.0004719201531497389,0.0004683330044710589,0.0004648260945466286,0.00046139693045423307,0.00045804311522268024,0.00045476234340128223,0.00045155239686930037,0.0004484111408704058,0.00044533652025826914,0.0004423265559403546,0.000439379341507893,0.0004364930400408359,0.00043366588107735123,0.0004308961577381186,0.0004281822239963547,0.00042552249208507517,0.00042291543003367577,0.0004203595593264261,0.0004178534526759485,0.0004153957319051986,0.00041298506593188,0.00041062016884960476,0.00040829979810047356,0.0004060227527340726,0.00040378787174820223,0.00040159403250693266,0.00039944014923185033,0.00039732517156261597,0.0003952480831831766,0.00039320790051019394,0.0003912036714404692,0.0003892344741543053,0.00038729941597195303,0.00038539763226043454,0.00038352828538820304,0.0003816905637252363,0.00037988368068629896,0.00037810687381523763,0.0003763594039082954,0.00037464055417453144,0.0003729496294315519,0.0003712859553348482,0.000369648877639131,0.0003680377614901409,0.00036645199074549146,0.0003648909673231818,0.0003633541105764883,0.00036184085669400967,0.0003603506581237057,0.00035888298301983376,0.0003574373147117331,0.00035601315119347665,0.0003546100046334469,0.0003532274009029415,0.0003518648791229738,0.0003505219912284507,0.0003491983015489747,0.00034789338640554184
30,0.0005235570327340191,0.0005156719304429721,0.0005080380317747718,0.0005006446102056031,0.0004934815053402112,0.00048653908729204227,0.000479808223668451,0.00047328024894360376,0.0004669469360221163,0.0004608004698147275,0.00045483342266370463,0.0004490387314703848,0.0004434096763905037,0.0004379398609748612,0.00043262319364363475,0.0004274538703923212,0.0004224263586360841,0.0004175353821071629,0.00041277590672722536,0.0004081431273830128,0.00040363245553955526,0.00039923950763059746,0.0003949600941707432,0.0003907902095382872,0.0003867260223817304,0.00038276386660668604,0.0003789002329032386,0.00037513176077690595,0.00037145523104916903,0.0003678675587961066,0.0003643657866960439,0.0003609470787592804,0.0003576087144149459,0.00035434808293187463,0.0003511626781520412,0.00034805009351666254,0.00034500801736647826,0.00034203422849903557,0.00033912659196700155,0.00033628305510264884,0.0003335016437546714,0.0003307804587244524,0.00032811767238975916,0.00032551152550467695,0.0003229603241653119,0.00032046243693152366,0.0003180162920955488,0.00031562037508901466,0.00031327322602036256,0.00031097343733523257,0.0003087196515928314,0.00030651055935174853,0.0003043448971590973,0.0003022214456372435,0.00030013902766273825,0.0002980965066324028,0.0002960927848118263,0.0002941268017618255,0.00029219753283867976,0.0002903039877642107,0.00028844520926201155,0.00028662027175633956,0.00028482828013041186,0.00028306836854100455,0.0002813396992864675,0.00027964146172540706,0.0002779728712434672,0.000276333168265767,0.0002747216173127086,0.00027313750609698654,0.0002715801446597522,0.0002700488645440045,0.0002685430180033839,0.0002670619772446429,0.00026560513370216265,0.00026417189734297657,0.00026276169600083994,0.00026137397473796246,0.0002600081952331059,0.0002586638351947925,0.000257340387798472
31,0.00044407333396266277,0.0004363402411933933,0.00042887124506585833,0.00042165437456735493,0.0004146783246105006,0.00040793241220003047,0.0004014065359300725,0.00039509113852498584,0.0003889771721644873,0.00038305606635850013,0.0003773196981592571,0.00037176036451797923,0.00036637075661121284,0.0003611439359778485,0.00035607331232218585,0.0003511526228513179,0.00034637591302674265,0.0003417375186206073,0.0003372320489764777,0.0003328543713831033,0.00032859959647741195,0.0003244630646000055,0.00032044033303282296,0.00031652716405441435,0.0003127195137535618,0.00030901352154676705,0.00030540550034949206,0.0003018919273550172,0.0002984694353784346,0.000295134804726565,0.0002918849555576755,0.0002887169406975932,0.00028562793888138084,0.00028261524839205844,0.0002796762810699707,0.0002768085566683828,0.00027400969753265525,0.00027127742358201966,0.00026860954757447876,0.00026600397063677094,0.00026345867804259456,0.0002609717352235113,0.00025854128399800143,0.00025616553900518845,0.0002538427843306487,0.00025157137031261203,0.0002493497105176294,0.00024717627887553995,0.00024504960696423485,0.00024296828143535975,0.0002409309415726685,0.0002389362769753014,0.00023698302535874195,0.00023506997046669284,0.00023319594008753568,0.00023135980416944213,0.00022956047302858363,0.0002277968956452319,0.00022606805804286877,0.00022437298174572527,0.00022271072231045175,0.00022108036792788569,0.00021948103809112454,0.0002179118823263439,0.00021637207898301056,0.00021486083408034327,0.0002133773802070568,0.0002119209754716027,0.00021049090250027788,0.00020908646748072932,0.00020770699924852387,0.00020635184841458532,0.00020502038653142515,0.0002037120052962144,0.000202426115788849,0.00020116214774326894,0.00019991954885038404,0.0001986977840910515,0.00019749633509764,0.00019631469954278593,0.00019515239055403432
32,0.0005509374406857074,0.0005421191714414374,0.0005335899584000804,0.0005253371517211768,0.0005173487838179467,0.0005096135256283548,0.0005021206461345163,0.0004948599748558623,0.0004878218670675446,0.0004809971715188439,0.00047437720044724534,0.00046795370170255875,0.00046171883281230004,0.00045566513683468617,0.0004497855198592156,0.000444073230027114,0.00043852183795500685,0.000433125218455208,0.0004278775334550961,0.0004227732160262532,0.00041780695544149627,0.0004129736831847023,0.0004082685598444478,0.00040368696282809833,0.0003992244748380511,0.0003948768730564703,0.000390640118989089,0.00038651034892250337,0.0003824838649529062,0.0003785571265474401,0.0003747267426022952,0.0003709894639643731,0.00036734217638582467,0.00036378189388303994,0.00036030575247374597,0.00035691100426780216,0.0003535950118890241,0.00035035524320701264,0.00034718926635943725,0.00034409474504661504,0.00034106943408148733,0.00033811117517927255,0.0003352178929721453,0.0003323875912353149,0.0003296183493117635,0.0003269083187238011,0.00032425571996034917,0.00032165883942962396,0.00031911602656755305,0.0003166256910929014,0.00031418630040066207,0.0003117963770858021,0.0003094544965899789,0.00030715928496428973,0.0003049094167415688,0.00030270361291213547,0.00030054063899729954,0.0002984193032152554,0.0002963384547343421,0.00029429698200894117,0.00029229381119358296,0.00029032790463108315,0.00028839825941078657,0.0002865039059932342,0.0002846439068977719,0.00028281735544983736,0.0002810233745848373,0.0002792611157057209,0.0002775297575915048,0.00027582850535417424,0.00027415658944152305,0.00027251326468363715,0.00027089780938085263,0.00026930952443113206,0.00026774773249493925,0.0002662117771957667,0.00026470102235459636,0.000263214851256656,0.0002617526659489212,0.0002603138865668995,0.00025889795068931564
33,0.0005642899018578428,0.000555519182270174,0.000547032002710713,0.0005388161019042944,0.0005308598729572492,0.0005231523217908933,0.000515683028639385,0.0005084421123545474,0.0005014201972845726,0.0004946083825152274,0.00048799821328170926,0.0004815816543767668,0.00047535106539643474,0.00046929917767888805,0.00046341907280465447,0.0004577041625379451,0.0004521481700992302,0.0004467451126685973,0.0004414892850279195,0.00043637524425756743,0.00043139779541038993,0.00042655197809203624,0.0004218330538824486,0.0004172364945386224,0.0004127579709234934,0.0004083933426101777,0.0004041386481147679,0.00039999009571451105,0.0003959440548115279,0.0003919970478052501,0.00038814574243955494,0.0003843869445931056,0.00038071759148375177,0.0003771347452599899,0.00037363558695445106,0.00037021741077619414,0.0003668776187202499,0.00036361371547439635,0.00036042330360455856,0.00035730407900152534,0.00035425382657288274,0.0003512704161651742,0.00034835179870230796,0.00034549600252720955,0.00034270112993455763,0.00033996535388328554,0.0003372869148782563,0.00033466411801123347,0.00033209533015190774,0.0003295789772803378,0.00032711354195271987,0.0003246975608929277,0.0003223296227027238,0.0003200083656840122,0.0003177324757669,0.0003155006845377342,0.0003133117673616329,0.0003111645415943694,0.0003090578648787802,0.00030699063352115604,0.00030496178094335325,0.00030297027620661553,0.00030101512260332676,0.00029909535631314905,0.00029721004512020207,0.00029535828718812746,0.0002935392098900788,0.00029175196869083434,0.00028999574607839435,0.00028826975054257494,0.0002865732155982489,0.0002849053988510187,0.00028326558110322223,0.0002816530654982943,0.00028006717670161536,0.0002785072601160789,0.0002769726811307036,0.00027546282440070745,0.00027397709315754896,0.0002725149085475185,0.00027107570899753117
34,0.0007288205502465959,0.0007200146758722104,0.000711463780843371,0.0007031578479771044,0.0006950873511857862,0.0006872432264475704,0.0006796168447936035,0.0006721999871505758,0.0006649848208918597,0.000657963877963611,0.0006511300344640925,0.0006444764915651154,0.0006379967576741375,0.00063168463174423,0.0006255341876470043,0.0006195397595306797,0.0006136959280919357,0.0006079975076960373,0.0006024395342850308,0.0005970172540186501,0.0005917261125969628,0.000586561745217794,0.0005815199671256299,0.0005765967647120312,0.0005717882871306476,0.0005670908383927022,0.0005625008699113844,0.0005580149734659227,0.0005536298745582616,0.0005493424261372257,0.0005451496026668988,0.0005410484945175595,0.0005370363026591074,0.0005331103336382752,0.0005292679948222515,0.0005255067898925412,0.0005218243145739705,0.0005182182525848094,0.0005146863717948874,0.0005112265205794873,0.0005078366243575908,0.0005045146823038127,0.0005012587642240442,0.0004980670075854861,0.0004949376146923328,0.0004918688499989421,0.0004888590375528299,0.00048590655856030964,0.0004830098490680546,0.0004801673977542608,0.00047737774382348736,0.00047463947499960666,0.00047195122561163383,0.0004693116747675208,0.00046671954461129165,0.00046417359865916495,0.00046167264021057595,0.00045921551083023663,0.00045680108889760646,0.0004544282882203435,0.0004520960567085182,0.00044980337510653717,0.0004475492557799071,0.0004453327415541261,0.00044315290460314585,0.0004410088453849753,0.0004388996916221532,0.0004368245973249109,0.0004347827418549994,0.00043277332902822845,0.00043079558625390207,0.0004288487637094029,0.00042693213354830017,0.0004250449891404062,0.0004231866443423249,0.00042135643279708285,0.00041955370726152596,0.0004177778389602131,0.00041602821696462653,0.00041430424759655366,0.00041260535385457517
35,0.0007204318507638338,0.0007105895865891536,0.0007010474584198577,0.0006917931275010571,0.0006828148848299819,0.0006741016126463522,0.00066564274867323,0.0006574282528832416,0.0006494485765859064,0.000641694633650407,0.0006341577736949375,0.0006268297570888018,0.0006197027316270149,0.000612769210749397,0.0006060220531871965,0.0005994544439302459,0.0005930598764167208,0.0005868321358557217,0.0005807652836003419,0.000574853642495632,0.000569091783131963,0.0005634745109399096,0.0005579968540678114,0.0005526540519878192,0.0005474415447804479,0.0005423549630515171,0.0005373901184388836,0.0005325429946695976,0.0005278097391310687,0.0005231866549225332,0.0005186701933556054,0.0005142569468749642,0.0005099436423723382,0.0005057271348688612,0.00050160440154266,0.0004975725360801628,0.0004936287433311148,0.0004897703342486908,0.00048599472109736195,0.0004822994129123716,0.0004786820111957511,0.00047514020583483624,0.000471671771230169,0.0004682745626205435,0.00046494651259375156,0.0004616856277723373,0.00045848998566435414,0.0004553577316697573,0.0004522870762336756,0.00044927629213833834,0.0004463237119259683,0.0004434277254454188,0.00044058677751578084,0.00043779936570061427,0.00043506403818681903,0.00043237939176255153,0.0004297440698889102,0.00042715676086043633,0.000424616196049766,0.0004221211482320453,0.00041967042998498227,0.00041726289216063964,0.00041489742242530373,0.00041257294386397195,0.00041028841364620347,0.00040804282175025064,0.0004058351897425791,0.0004036645696100219,0.0004015300426419983,0.0003994307183603351,0.00039736573349438627,0.0003953342509992691,0.0003933354591151429,0.00039136857046557605,0.00038943282119315416,0.00038752747013057204,0.0003856517980055494,0.00038380510667799974,0.0003819867184079592,0.00038019597515285967,0.000378432237892813
36,0.0007197021389490841,0.000709264292105089,0.0006991533019867081,0.000689355417895899,0.0006798576054003289,0.000670647501768997,0.0006617133746367587,0.0006530440836303751,0.0006446290447136968,0.000636458197031894,0.0006285219720547253,0.0006208112648368428,0.0006133174072293559,0.0006060321428914652,0.000598947603964176,0.00059205628927998,0.0005853510439931612,0.0005788250405251178,0.0005724717607279157,0.0005662849791772917,0.000560258747513601,0.0005543873797557963,0.0005486654385195612,0.0005430877220761714,0.0005376492521936761,0.0005323452627065289,0.0005271711887639679,0.0005221226567112576,0.0005171954745613713,0.0005123856230178896,0.0005076892470128257,0.0005031026477257408,0.000498622275053005,0.0004942447204983042,0.0004899667104575695,0.00048578509987344087,0.00048169686623610925,0.000477699103909036,0.0004737890187595189,0.00046996392307548036,0.00046622123075111056,0.000462558452725192,0.0004589731926570116,0.0004554631428257888,0.0004520260802404683,0.00044865986294760347,0.0004453624265258523,0.000442131780756359,0.0004389660064589756,0.00043586325248493,0.00043282173285714173,0.0004298397240499296,0.00042691556240038905,0.00042404764164418504,0.000421234410568956,0.0004184743707789469,0.0004157660745648624,0.000413108122873318,0.0004104991633705818,0.00040793788859562236,0.0004054230341977857,0.0004029533772546798,0.0004005277346661161,0.00039814496162019316,0.00039580395012783634,0.00039350362762231714,0.00039124295562046864,0.0003890209284425099,0.0003868365719875543,0.00038468894256204843,0.0003825771257585347,0.0003805002353822793,0.0003784574124234391,0.00037644782407256656,0.0003744706627773773,0.00037252514533880616,0.0003706105120444936,0.0003687260258379344,0.00036687097152162144,0.00036504465499259854,0.0003632464025089241
37,0.0009336768726605362,0.000923296914259819,0.00091320775174803,0.0009033982901191497,0.0008938579643221955,0.0008845767086082306,0.0008755449279701816,0.0008667534715101939,0.0008581936075841453,0.0008498570005862548,0.0008417356892487622,0.0008338220663424846,0.0008261088596738393,0.0008185891142827647,0.0008112561757539789,0.0008041036745612512,0.0007971255113709714,0.0007903158432372323,0.0007836690706261166,0.0007771798252117875,0.0007708429583915119,0.0007646535304708386,0.0007586068004739119,0.0007526982165373253,0.0007469234068490596,0.0007412781710969185,0.0007357584723935048,0.0007303604296471963,0.0007250803103508006,0.000719914523761592,0.0007148596144483191,0.0007099122561824863,0.0007050692461528091,0.0007003274994831936,0.0006956840440359484,0.0006911360154831948,0.0006866806526305573,0.0006823152929783318,0.0006780373685062645,0.0006738444016690218,0.0006697340015902542,0.0006657038604439636,0.0006617517500125748,0.0006578755184118292,0.0006540730869732136,0.0006503424472752288,0.0006466816583153514,0.0006430888438150334,0.0006395621896505708,0.0006360999414030833,0.0006327004020212898,0.0006293619295911089,0.0006260829352064916,0.0006228618809362227,0.0006196972778817179,0.0006165876843211634,0.0006135317039355825,0.0006105279841126941,0.0006075752143246452,0.0006046721245759345,0.0006018174839180402,0.000599010099027473,0.0005962488128441455,0.000593532503267125,0.0005908600819050056,0.0005882304928782684,0.0005856427116711592,0.0005830957440307344,0.0005805886249108565,0.0005781204174590344,0.0005756902120441216,0.0005732971253229766,0.00057094029934431,0.0005686189006880055,0.0005663321196383213,0.0005640791693894353,0.0005618592852818888,0.0005596717240685515,0.0005575157632088022,0.0005553907001896814,0.000553295851872843
38,0.0008873325106719933,0.0008742781513369035,0.0008616352413774507,0.0008493863738912936,0.0008375150531959386,0.000826005637895036,0.0008148432880843326,0.0008040139163534876,0.0007935041422721766,0.0007833012500776191,0.0007733931493065763,0.0007637683381380052,0.0007544158692334823,0.0007453253178812898,0.0007364867522670212,0.0007278907057088745,0.0007195281507096465,0.0007113904746899525,0.0007034694572785626,0.0006957572490460262,0.0006882463515770925,0.000680929598785955,0.0006738001393860321,0.0006668514204330795,0.0006600771718667967,0.0006534713919819831,0.0006470283337656028,0.0006407424920410444,0.0006346085913652876,0.0006286215746288108,0.0006227765923118167,0.0006170689923537698,0.0006114943105964395,0.0006060482617634909,0.0006007267309423725,0.0005955257655366855,0.0005904415676594681,0.0005854704869399271,0.0005806090137180622,0.0005758537726033799,0.0005712015163755622,0.0005666491202064341,0.0005621935761839767,0.0005578319881204508,0.0005535615666278429,0.0005493796244449995,0.0005452835720018141,0.0005412709132067874,0.0005373392414451821,0.0005334862357757829,0.0005297096573150649,0.0005260073457982627,0.0005223772163074998,0.0005188172561577459,0.0005153255219319452,0.0005119001366571926,0.0005085392871143141,0.0005052412212736991,0.0005020042458506342,0.0004988267239738062,0.0004957070729610193,0.0004926437621965145,0.0004896353111046117,0.0004866802872147044,0.0004837773043129223,0.0004809250206760394,0.0004781221373834746,0.0004753673967034467,0.0004726595805495845,0.00046999750900448466,0.0004673800389069237,0.0004648060624995909,0.00046227450613439913,0.0004597843290325816,0.0004573345220969372,0.0004549241067737263,0.0004525521339618611,0.00045021768296714523,0.00044791986049945535,0.0004456577997108505,0.00044343065927271154
39,0.0009365731611459192,0.000923287449763955,0.0009104136631996975,0.0008979346206627354,0.0008858340295138798,0.0008740964303629253,0.0008627071461229922,0.0008516522346952708,0.000840918444988337,0.0008304931760033434,0.0008203644387408207,0.0008105208207067168,0.0008009514528150674,0.0007916459785024407,0.000782594524885403,0.0007737876758066734,0.0007652164466288308,0.0007568722606462351,0.0007487469269966366,0.0007408326199636968,0.0007331218595705012,0.0007256074933722422,0.0007182826793635603,0.000711140869922753,0.0007041757967211365,0.0006973814565314366,0.0006907520978741557,0.0006842822084455393,0.0006779665032750087,0.0006717999135638304,0.0006657775761603863,0.0006598948236306773,0.0006541471748857147,0.000648530326330228,0.0006430401434996621,0.0006376726531547915,0.0006324240358054292,0.0006272906186367159,0.0006222688688132987,0.0006173553871384195,0.000612546902046488,0.0006078402639091797,0.0006032324396364123,0.0005987205075548384,0.0005943016525475928,0.0005899731614401337,0.0005857324186179892,0.0005815769018631413,0.0005775041783966242,0.0005735119011157181,0.0005695978050148373,0.0005657597037799078,0.0005619954865466597,0.0005583031148138496,0.0005546806195029927,0.0005511260981566722,0.0005476377122680067,0.0005442136847342718,0.0005408522974281158,0.0005375518888801719,0.0005343108520672682,0.0005311276323007387,0.0005280007252096903,0.0005249286748143557,0.0005219100716849543,0.0005189435511817393,0.0005160277917721518,0.0005131615134212395,0.0005103434760517043,0.0005075724780701479,0.0005048473549562795,0.00050216697791202,0.0004995302525676026,0.0004969361177419381,0.0004943835442546499,0.0004918715337873244,0.0004893991177916577,0.00048696535644229827,0.0004845693376323002,0.00048221017600921394,0.00047988701204994684
40,0.001110488311442147,0.001096685705873054,0.0010832874297250935,0.0010702774351836956,0.0010576404683600993,0.0010453620220019827,0.0010334282915097648,0.0010218261339926763,0.0010105430301229545,0.0009995670485682694,0.0009888868128020514,0.0009784914701090172,0.000968370662619093,0.0009585145002172562,0.000948913535189784,0.000939558738479161,0.0009304414774304857,0.0009215534949218876,0.0009128868897802096,0.0009044340983911874,0.000896187877420567,0.0008881412875692439,0.0008802876782914814,0.0008726206734107913,0.00086513415757306,0.0008578222634810883,0.0008506793598589226,0.0008437000400982097,0.0008368791115423007,0.0008302115853671186,0.0008236926670207242,0.0008173177471862957,0.000811082393235709,0.0008049823411432641,0.0007990134878311916,0.0007931718839205802,0.0007874537268631515,0.0007818553544309991,0.0007763732385429586,0.0007710039794076964,0.0007657442999649398,0.0007605910406074962,0.0007555411541678397,0.0007505917011541123,0.0007457398452213414,0.0007409828488646078,0.0007363180693217285,0.0007317429546737934,0.0007272550401326564,0.0007228519445051085,0.0007185313668241503,0.0007142910831383184,0.0007101289434506002,0.0007060428687989688,0.000702030848471053,0.0006980909373458971,0.0006942212533561846,0.0006904199750646879,0.0006866853393490716,0.0006830156391895046,0.000679409221553878,0.0006758644853756965,0.0006723798796200109,0.0006689539014330041,0.0006655850943711089,0.0006622720467057345,0.0006590133897999312,0.0006558077965534935,0.0006526539799132081,0.0006495506914451335,0.0006464967199659532,0.0006434908902306145,0.0006405320616736097,0.0006376191272013877,0.0006347510120335347,0.0006319266725904641,0.00062914509542549,0.0006264052961992568,0.0006237063186946112,0.0006210472338700887,0.0006184271389502976
41,0.0012522172789840493,0.00123592392457162,0.0012201168219251456,0.0012047763492636218,0.0011898838698999393,0.0011754216728372617,0.0011613551010175227,0.0011476865210808846,0.001134400656325277,0.0011214829582858875,0.0011089195651058628,0.001096697940100556,0.0010848047830988529,0.0010732280699582888,0.0010619563223616762,0.001050978578145791,0.001040285821311398,0.0010298665423224647,0.0010197111693057755,0.0010098105452942786,0.001000155906716845,0.000990740635048955,0.0009815548766885535,0.0009725909335823086,0.0009638414270900123,0.0009552992821517792,0.0009469929161690536,0.0009388797709040831,0.0009309536280348548,0.0009232085165753986,0.0009156387011351687,0.0009082386708278977,0.0009010031287888745,0.0008939269822625179,0.0008870053332247853,0.0008802334695074791,0.0008736068563937446,0.0008671211286561997,0.0008607720830110842,0.0008545556709635804,0.0008484679920211761,0.0008425052872534396,0.0008366639331780104,0.0008309404359539704,0.0008253314258649053,0.0008198336520752105,0.0008144439776441488,0.0008091593747832223,0.0008039769203432986,0.0007988937915187752,0.000793907261756889,0.000789014696860971,0.0007842135512771538,0.0007795013645546872,0.0007748757579705755,0.000770334431309855,0.0007658751597932957,0.0007614957911448449,0.0007571942427915434,0.0007529684991890919,0.0007488166092666272,0.000744736683984651,0.0007407268940003857,0.000736785467435166,0.00073291068773878,0.0007291008916459476,0.0007253544672204068,0.000721669851982322,0.0007180455311149545,0.0007144800357467731,0.0007109719413053887,0.0007075198659398684,0.0007041224690082092,0.0007007784496268815,0.0006974865452795475,0.0006942455304821936,0.0006910542155020707,0.0006879114451279645,0.0006848160974894456,0.0006817670829228875,0.0006787633428821172
42,0.0013283576026857193,0.0013117138210691289,0.0012955579519825914,0.0012798705997681533,0.0012646333295902718,0.0012498286101450765,0.0012354198770853184,0.001221411295844307,0.0012077877385830113,0.0011945347887137093,0.0011816387007213187,0.0011690871638495065,0.0011568668570027837,0.001144965832500722,0.001133372677677698,0.0011220764861432824,0.0011110686486901528,0.0011003373603915738,0.0010898730788938419,0.0010796666699751116,0.0010697093866358482,0.001059995168409625,0.0010505136485980282,0.0010412571288064283,0.001032218225918299,0.0010233898566502336,0.0010148133901318056,0.0010064337884730344,0.000998244789937304,0.0009902403790643581,0.000982414775098719,0.0009747624210525873,0.0009672779733634143,0.000959956292109162,0.0009527924317468415,0.0009457816323423392,0.0009389193112617131,0.0009322010552961974,0.0009256226131950258,0.0009191798885819299,0.000912868933232775,0.0009066859406932779,0.0009006272402171454,0.000894689291006251,0.0008888686767356309,0.0008831621003472255,0.0008775663790972661,0.0008720784398432047,0.000866695314556935,0.0008614141360518896,0.0008562321339123666,0.0008511466306141455,0.0008461550378261273,0.0008412548528833387,0.0008364436554222321,0.0008317191041697498,0.0008270789338781224,0.0008225209523978443,0.0008180430378817077,0.0008136431361131989,0.0008093192579529218,0.0008050694768971113,0.0008008919267426009,0.0007967847993529453,0.0007927463425206942,0.0007887748579210929,0.0007848686991527318,0.0007810262698609332,0.0007772460219398866,0.0007735264538097509,0.0007698661087651514,0.0007662635733917057,0.0007627174760473594,0.0007592264854055193,0.000755789309057095,0.0007524046921687492,0.0007490714161947493,0.0007457882976400036,0.000742554186871934,0.0007393679669790014,0.0007362285526737851
43,0.0014750308210197693,0.0014546082058244007,0.0014348128812575753,0.0014156189024991292,0.0013970016560781592,0.0013789377780900154,0.0013613525367394152,0.0013442799629136168,0.0013276998726119748,0.001311593066329627,0.0012959412716586475,0.0012807290030410357,0.0012659376829582466,0.001251551517829176,0.0012375554474213437,0.0012239351041907602,0.0012106807200118793,0.0011977750812846098,0.0011852056881154593,0.0011729605946001016,0.0011610283795328825,0.001149402714100331,0.0011380683559693888,0.0011270153084193789,0.001116233998612562,0.0011057152561703791,0.0010955378219538836,0.001085602202927669,0.0010759004709674756,0.001066425018933223,0.0010571685451855484,0.0010481240389709251,0.0010392847666198333,0.0010306442585064012,0.0010221962967216045,0.0010139349034155318,0.001005854329767288,0.0009979490455440435,0.0009902137292133485,0.0009826432585752808,0.0009752327018833064,0.000967977309424781,0.0009608725055339614,0.0009539138810122332,0.0009470971859318751,0.0009404183228012448,0.0009338733400707171,0.0009274584259599931,0.0009211699025886701,0.0009150042203931018,0.0009089579528136154,0.0009030277912371881,0.0008972105401815722,0.0008915031127077462,0.0008859025260483341,0.0008804058974404421,0.0008750104401519827,0.0008697134596912758,0.000864512350190285,0.0008594045909524169,0.000854387743156371,0.0008494594467079749,0.0008446174172324638,0.0008398594432000338,0.0008351833831779626,0.0008305871632029333,0.0008260687742675796,0.0008216262699155747,0.0008172577639399514,0.0008129614281795738,0.0008087354904090082,0.0008045782323172776,0.0008004879875712324,0.0007964631399594955,0.0007925021216131686,0.0007886034112996809,0.0007847655327863467,0.000780987053270395,0.0007772665818723829,0.0007736027681900925,0.0007699943009101287
44,0.0015697900492060866,0.0015493292891262168,0.0015294757836081534,0.001510205097115404,0.0014914940176042368,0.0014733204829179354,0.0014556130725521905,0.0014384022720023257,0.001421669097512236,0.0014053954667003822,0.001389564147217988,0.0013741607794015526,0.0013591676169177108,0.001344569701805696,0.0013303527525329946,0.001316503127354026,0.001303012561185726,0.0012898638093239308,0.0012770449509806523,0.0012645445802601212,0.0012523517795549497,0.0012404622611118827,0.0012288598267979085,0.0012175348789564423,0.0012064782168711699,0.0011956810171525922,0.0011852643410257416,0.0011750901471102816,0.001165150626859409,0.0011554382824995972,0.0011459459122707344,0.0011366665964831334,0.0011275936843397733,0.0011187207814757833,0.0011100417381705802,0.0011015506381911852,0.0010932417882281147,0.0010851097078879073,0.0010771491202087875,0.0010693549426682445,0.0010617222786533872,0.0010542464093668998,0.0010469227861431777,0.0010397470231509316,0.0010327148904600613,0.001025822307452045,0.0010190653365544143,0.0010124401772811206,0.0010059431605617495,0.0009995707433436017,0.0009933195034516516,0.0009871861346923336,0.0009811674421879336,0.0009752603379292235,0.0009694618365346416,0.0009637690512051208,0.0009581791898642228,0.0009526895514739115,0.0009472975225168406,0.0009420005736365676,0.00093679625642759,0.0009316822003676053,0.00092665610988477,0.0009217157615532095,0.0009168590014103567,0.000912083742390088,0.0009073879618659525,0.0009027696992991017,0.0008982270539858344,0.0008937581828999364,0.0008893612986252623,0.0008850346673742566,0.000880776607088338,0.0008765854856162736,0.0008724597189669153,0.0008683977696328075,0.0008643981449814051,0.0008604593957107746,0.0008565801143668525,0.0008527589339194294,0.0008489945263942405
45,0.0018729404201402178,0.0018503240195223245,0.0018283502093454245,0.0018069939898722922,0.0017862315758968817,0.00176604032552598,0.0017461836930279663,0.0017268584993120903,0.0017080450973894908,0.0016897247451687517,0.0016718795552606825,0.0016545010474967048,0.001637564214705214,0.001621053466038309,0.0016049538948879236,0.001589251242792048,0.0015739512515331809,0.001559021276535368,0.0015444488132216611,0.0015302218814923561,0.00151632899933331,0.001502783746907585,0.001489550739628361,0.001476619851717441,0.00146398136433151,0.001451625945975978,0.0014400528316451972,0.0014287407500465305,0.0014176815262207348,0.001406867301959667,0.0013962905211241333,0.0013859439157573616,0.0013758204929446907,0.0013659135223735095,0.0013562165245507099,0.001346723259637798,0.0013374277168666116,0.0013283241045010193,0.0013194068403123644,0.0013106705425385426,0.001302110021298566,0.0012937202704363748,0.0012854964597692792,0.001277433927718089,0.0012695281742973854,0.0012617748544457997,0.0012541697716774312,0.001246708872036678,0.0012393882383399109,0.0012322040846883984,0.0012251527512378603,0.0012182306992109212,0.0012114345061395493,0.0012047608613253386,0.0011982065615062448,0.0011917685067190005,0.0011854436963471228,0.0011792292253449742,0.0011731222806289166,0.0011671201376270849,0.0011612201569798177,0.0011554197813832057,0.0011497165325686724,0.0011441080084118593,0.0011385918801645092,0.001133165889803342,0.0011278278474902749,0.0011225756291386381,0.0011174071740803237,0.0011123204828290927,0.0011073136149354795,0.0011023846869290376,0.0010975318703438414,0.0010927533898233853,0.0010880475213012476,0.001083412590254048,0.0010788469700234093,0.0010743490802038057,0.0010699173850933653,0.0010655503922047738,0.0010612466508336579
46,0.0019929762227337403,0.0019683167282362655,0.0019443784400575957,0.001921132770535207,0.0018985525446823422,0.0018766119161314379,0.0018552083730009042,0.001834399516107816,0.0018141628868528076,0.0017944770816881363,0.00177532169256001,0.0017566801558785052,0.0017385308779954776,0.0017208561229162833,0.0017036389481643519,0.001686863162187716,0.0016705194143604378,0.001654586551699519,0.0016390504151273931,0.0016238974505330987,0.00160911467780612,0.0015946969699816346,0.0015806248581019615,0.0015668869262945892,0.0015534722256300144,0.0015403702512717065,0.0015277133904470417,0.001515345029908601,0.0015032560497941548,0.001491437686801034,0.0014798815175230363,0.0014685794426966845,0.001457523672300073,0.0014467067114514417,0.0014361213470583673,0.0014257606351718343,0.0014156178890026004,0.0014056866675601523,0.0013959607648772587,0.0013864341997855802,0.0013771012062100813,0.001367956223952159,0.0013589938899333082,0.0013502090298730324,0.001341596650376337,0.0013331519314077936,0.001324870219130529,0.0013167470190899417,0.0013087779897231607,0.0013009589361764212,0.0012932858044137029,0.0012857546756008913,0.0012783617607507714,0.0012711033956149705,0.001263976035809864,0.0012569762521641565,0.0012501007262766444,0.0012433462462732832,0.001236709702753362,0.001230188084915109,0.0012237784768517057,0.0012174780540090912,0.0012112840797975119,0.0012051939023491668,0.00119920495141478,0.001193314735392246,0.0011875208384809826,0.0011818209179558666,0.0011762127015550396,0.0011706939849761206,0.0011652626294757153,0.0011599165595673252,0.001154653760813062,0.001149472277704794,0.001144370211630584,0.0011393457189225117,0.0011343970089821248,0.0011295223424800406,0.0011247200296262937,0.0011199884285083,0.001115325943493392
47,0.0021824934407103577,0.0021544769792877783,0.0021272892960065392,0.002100897161038631,0.0020752690032105527,0.0020503748104840755,0.0020260172874591574,0.0020023432277967335,0.0019793265279994293,0.00195694232320781,0.0019351669166899382,0.0019139841481417067,0.001893365845434159,0.0018732914463811074,0.0018537413179845258,0.0018346967061344066,0.0018161535718796075,0.0017980805277752262,0.0017804612005468904,0.0017632799234513312,0.0017465216998018645,0.0017301890860524582,0.0017142509890705367,0.0016986942412166237,0.0016835062187486496,0.0016686748149774488,0.00165452537845485,0.001640702099163632,0.0016271945643498208,0.0016139927722599568,0.00160108711276717,0.001588468349062498,0.0015761276003445179,0.001564056325444981,0.0015522463073326517,0.001540689638441439,0.0015293787067727324,0.0015183061827252415,0.0015074650066087866,0.0014968483768014712,0.001486449738512342,0.0014762627731141642,0.0014662813880132286,0.0014564997070253666,0.0014469120612291906,0.0014375129802695953,0.0014282971840861357,0.001419259575042622,0.001410395230435661,0.0014016993953613111,0.0013931674759203184,0.0013847950327435345,0.001376577774820322,0.001368511553613734,0.001360592357447242,0.0013528163061487179,0.0013451796459381861,0.001337678744546689,0.00133031008655432,0.0013230702689361999,0.0013159559968057746,0.0013089640793455008,0.0013020914259154403,0.0012953350423309195,0.001288692027300858,0.0012821595690188357,0.0012757349418994195,0.0012694155034527065,0.001263198691290353,0.0012570820202568174,0.0012510630796798128,0.0012451395307343182,0.001239309103914787,0.001233569596610499,0.0012279188707792264,0.0012223548507146892,0.0012168755209034513,0.0012114789239671957,0.0012061631586864816,0.0012009263781022886,0.0011957667876918915
48,0.0023505126474088226,0.002321993132987069,0.0022942882295076406,0.002267366139722325,0.0022411966158012026,0.002215750868237219,0.0021908236432414273,0.0021665674041358475,0.0021429572745521384,0.0021199695268472184,0.0020975815182293755,0.0020757788629183695,0.002054533646722022,0.0020338261377894342,0.002013637472435877,0.0019939496092371426,0.0019747618227493598,0.001956040971099123,0.001937771231140819,0.0019199374450398258,0.0019025250867140122,0.001885541467660787,0.0018689518878398563,0.00185274353418355,0.001836904109809949,0.0018214218091189937,0.0018067290275021921,0.001792368995792561,0.0017783312553169177,0.0017646057540556433,0.001751182827733502,0.00173805318193795,0.001725207875200985,0.0017126383029850657,0.0017003361825177372,0.001688293538423482,0.0016765026891047761,0.0016649562338276332,0.0016536470404699087,0.0016425682338934186,0.0016317131849035273,0.0016210754997622314,0.0016106490102229401,0.0016004277640573135,0.0015904060160463092,0.0015805782194094106,0.0015709390176476643,0.001561483236777663,0.0015522058779350232,0.001543102110327255,0.0015341672645171466,0.0015253968260189178,0.0015167864291904909,0.001508331851406206,0.0015000290074952695,0.0014918739444320507,0.001483862836265202,0.0014759919792733055,0.0014682577873354784,0.0014606567875060194,0.0014531856157828254,0.0014458410130598575,0.0014386198212545198,0.0014315189796012848,0.0014245355211034453,0.0014176665691352079,0.0014109093341869335,0.0014042611107465469,0.0013977192743106531,0.0013912812785191828,0.0013849446524077068,0.0013787069977719273,0.0013725659866390865,0.0013665193588413443,0.0013605649196864243,0.0013547005377210694,0.0013489241425830758,0.0013432337229379084,0.0013376273244960772,0.0013321030481076666,0.0013266590479305985
49,0.002540159455392059,0.002511224022605821,0.002483091028671795,0.0024557298986450154,0.002429111515685072,0.002403208136861082,0.0023777617039734806,0.002352979488418939,0.0023288374484261923,0.0023053126284700532,0.002282383099986903,0.002260037333174785,0.0022382458225819308,0.0022169894008751113,0.0021962497260807397,0.002176009238753913,0.0021562726999792684,0.0021370023210195467,0.0021181826575287503,0.0020997989009308876,0.0020818368469484347,0.002064310605844423,0.002047179226021807,0.002030430144763276,0.0020140512950476645,0.0019980310820784594,0.0019829385558887145,0.0019681802608432887,0.0019537458987984903,0.0019396255643669177,0.001925809726972123,0.0019122892138637554,0.001899055194034187,0.0018860991629816566,0.001873412928268769,0.0018609885958287289,0.001848818556974807,0.0018368954760716546,0.0018252122788297298,0.0018137621411867138,0.001802538478742145,0.0017915349367136884,0.0017807453803855085,0.0017701638860210859,0.0017597847322145543,0.0017496023916563394,0.001739611523290299,0.0017298069648410328,0.00172018372569134,0.001710736980091002,0.001701462060679237,0.0016923544523042013,0.00168340978612393,0.0016746238339740423,0.0016659925029883587,0.0016575118304594382,0.0016491779789267493,0.001640987231480965,0.001632935987273414,0.001625020757220492,0.0016172381598932915,0.001609584917583301,0.0016020578525355604,0.0015946538833410742,0.0015873700214807927,0.0015802033680138567,0.001573151110403213,0.001566210519472064,0.0015593789464849893,0.001552653820347889,0.001546032644921191,0.001539512996441096,0.0015330925210438925,0.0015267689323885906,0.0015205400093734362,0.0015144035939420556,0.0015083575889751901,0.0015023999562642145,0.0014965287145627898,0.0014907419377132298,0.0014850377528442722
50,0.0027023858502970666,0.002665641868921032,0.002630042028961852,0.0025955387515707723,0.0025620869130148017,0.0025296436931061296,0.0024980182211071945,0.002467340636881216,0.002437573161726807,0.0024086798826717013,0.002380626642465081,0.002353385345774621,0.0023269200074811907,0.0023012011844666743,0.0022762008170034206,0.002251892151208828,0.0022282564772105064,0.0022052614134752094,0.0021828837703479318,0.0021611013970612362,0.002139893126243393,0.002119243888064397,0.002099127833048239,0.002079526510249815,0.0020604222585486782,0.002041798166360218,0.0020236814611356417,0.0020059893342353756,0.0019887080319701193,0.0019718243511427074,0.00195532561276846,0.0019391996372564615,0.0019234347209590886,0.001908019614003608,0.0018929434993258856,0.001878195972831742,0.0018637670246167701,0.0018496470211801525,0.0018358266885724068,0.0018222970964211415,0.0018090496427825868,0.001796076039770216,0.0017833682999149384,0.0017709187232144248,0.0017587198848317896,0.0017467646234065179,0.0017350460299428601,0.0017235574372431526,0.0017122924098555653,0.001701244734507735,0.0016904084109994602,0.001679777643529356,0.0016693468324318523,0.001659110566302424,0.0016490636144902177,0.001639200919938534,0.0016295175923547749,0.0016200089016925807,0.001610670271929842,0.0016014972751273097,0.0015924856257533272,0.0015836311752611334,0.0015749299069058537,0.0015663779307891674,0.0015579714791201813,0.0015497069016817732,0.0015415806614922643,0.0015335893306527703,0.0015257295863712248,0.0015179982071544542,0.001510392069160225,0.0015029081427016006,0.0014955434888963284,0.0014882952564544381,0.0014811606785974944,0.001474137070103395,0.0014672218244708565,0.0014604124111980655,0.0014537063731702368,0.0014471013241511433,0.0014405949463738633
51,0.0031842741644869162,0.003147143817814007,0.0031110012475366916,0.0030758095491508937,0.003041533547412427,0.0030081396980068684,0.0029747766122148116,0.002942229379879768,0.002910469383275811,0.0028794692629061274,0.0028492028504898,0.002819679085133152,0.0027908400921725597,0.002762662897870816,0.002735125492214993,0.0027082067800999797,0.0026819654796447134,0.0026563032991986737,0.002631201592484849,0.0026066424623301643,0.0025826087244337375,0.0025591865854795973,0.0025362574285340603,0.0025138059797079866,0.002491817554558576,0.0024702780307786724,0.002451343718395709,0.002432830773701999,0.0024147261569717818,0.002397017327910873,0.0023796922227490008,0.0023627392325622993,0.0023461471827501976,0.0023299053135960607,0.0023140032618459865,0.0022984310432445547,0.0022831790359704486,0.0022682379649188477,0.00225359888678085,0.00223925317587366,0.002225192510678129,0.002211408861043267,0.002197894476019726,0.0021846418722869243,0.0021716438231404976,0.0021588933480090806,0.002146383702471182,0.0021341083687448498,0.0021220610466244627,0.0021102356448405414,0.0020986262728199803,0.0020872272328254287,0.0020760330124538046,0.002065038277475198,0.0020542378649944155,0.002043626776918556,0.0020332001737148873,0.0020229533684442886,0.0020128818210563065,0.002002981132932665,0.0019932470416668792,0.0019836754160682413,0.0019742622513791415,0.0019650036646953082,0.001955895890579084,0.0019469352768564322,0.0019381182805888737,0.0019294414642120046,0.0019209014918327011,0.0019124951256775749,0.0019042192226855633,0.0018960707312380145,0.0018880466880198561,0.0018801442150058736,0.001872360516566381,0.0018646928766868718,0.0018571386562965023,0.001849695290700547,0.0018423602871121946,0.001835131222279273,0.0018280057402017525
52,0.0034968571126493576,0.0034585286000104807,0.0034212490672530355,0.0033849790167351304,0.0033496808146344804,0.003315318584276648,0.0032814154922472024,0.0032483883824326863,0.003216205845013157,0.0031848378772864785,0.0031542558074328215,0.0031244497416408608,0.003095375686640405,0.0030670085610710668,0.003039324354471292,0.0030123000721171546,0.002985952813075577,0.0029602218020029518,0.0029350868091282704,0.002910528430354075,0.0028865280466944454,0.0028631170183754375,0.0028402283312616273,0.002817845519383739,0.0027959527608781946,0.0027745348477263778,0.0027545874617455083,0.002735074713835639,0.002715983404961886,0.0026973008324037585,0.002679014767368461,0.0026611134337892915,0.0026435854882369144,0.002626420000876315,0.00260960643740685,0.0025931346419269833,0.0025769948206693103,0.0025611775265550266,0.002545673644520376,0.002530474377570758,0.002515571233520984,0.00250095601238293,0.0024866207943642113,0.0024725579284439474,0.0024587600214936627,0.0024452199279134707,0.002431930739755544,0.002418885777308503,0.002406078580118045,0.0023935028984206257,0.002381152684968332,0.0023690220872244912,0.0023571054399106565,0.002345397257886861,0.002333892229348007,0.0023225852093202823,0.002311471213442417,0.0023005454120174867,0.0022898031243217217,0.0022792398131575935,0.002268851079639174,0.002258632658198356,0.002248580411801245,0.0022386903273645484,0.0022289585113624004,0.002219381185614494,0.002209954683247016,0.002200675444818173,0.0021915400146006745,0.002182545037013873,0.002173687253198606,0.002164963497728279,0.0021563706954498933,0.002147905858449202,0.0021395660831343456,0.0021313485474327115,0.002123250508095956,0.0021152692981084168,0.0021074023241943536,0.0020996470644197266,0.002092001065884388
53,0.0038848497732145927,0.0038448604054489555,0.003805916273976031,0.0037679792473552824,0.0037310129430641664,0.003694982629749105,0.003659151667189633,0.0036241957263224997,0.00359008451342415,0.0035567890493209916,0.003524281600093344,0.0034925641235361805,0.0034615825080413693,0.0034313123818589353,0.0034017303817969555,0.0033728141026826237,0.003344607080750407,0.0033170232785807384,0.003290042892853291,0.0032636469043479653,0.00323781704046385,0.003212619093053671,0.003187952348672472,0.0031638005738227983,0.0031401481517222326,0.0031169800540980113,0.003096021032637736,0.0030755091537566334,0.00305543109411565,0.0030357740220926174,0.003016525575977304,0.002997673843304132,0.0029792073412540725,0.0029611149980619195,0.002943386135369499,0.002926010451469285,0.0029089780053866594,0.0028922792017524682,0.002875904776420575,0.00285984578278823,0.0028440935787796243,0.002828639814455651,0.0028134764202150937,0.002798595595554846,0.0027839897983585626,0.0027696517346851835,0.002755574349030504,0.0027417508150364934,0.002728174526624756,0.0027148390895317767,0.0027017383132250574,0.0026888662031803994,0.002676216953501747,0.002663784939866194,0.0026515647127775513,0.0026395509911130914,0.0026277386559486974,0.0026161227446486993,0.002604698445207285,0.0025934610908292066,0.0025824061547381513,0.002571529245201772,0.002560826100762991,0.0025502925856677257,0.0025399246854797947,0.0025297185028741297,0.0025196702536000094,0.0025097762626064123,0.002500032960322001,0.002490436879082645,0.0024809846496997843,0.002471672998163236,0.0024624987424724087,0.0024534587895901636,0.0024445501325139046,0.0024357698474586987,0.0024271150911474968,0.00241858309820381,0.002410171178642382,0.0024018767154536207,0.002393697162277808
54,0.004181332445998411,0.004134269228455588,0.004088551993637854,0.004044128716591689,0.004000949887107974,0.003958968362842005,0.003917699682613283,0.0038775669484935374,0.003838528023076667,0.0038005427180541618,0.0037635726856349995,0.0037275968511409126,0.0036925637963428275,0.0036584401556603603,0.0036251940332037466,0.0035927949249426414,0.0035612446007585257,0.003530482353961009,0.0035004815180112703,0.0034712165475954473,0.003442662962034177,0.0034148319827425077,0.003387664378651697,0.0033611386434599095,0.003335234135988373,0.003309931038468543,0.003285842819619314,0.0032622815401116933,0.0032392311412307315,0.003216676170200065,0.0031946017527643023,0.0031729935672266977,0.003151837819853291,0.0031311212215608176,0.0031108309658113486,0.003090954707641846,0.003071480543761678,0.0030523969936555803,0.003033692981633688,0.003015357819774136,0.002997381191707193,0.002979753137193304,0.0029624640374503043,0.002945504601188136,0.002928865851311765,0.002912539112255678,0.0028965159979154834,0.00288078840014429,0.0028653484777835503,0.0028501886461998406,0.0028353015673008397,0.0028206801400052356,0.002806317491142969,0.002792206966763466,0.002778342123830864,0.0027647167222865053,0.002751324717460011,0.002738160252811417,0.002725217652987782,0.0027124914171786467,0.0026999762127555933,0.0026876668691819473,0.0026755583721795317,0.0026636458581399177,0.002651924608768568,0.002640390045950593,0.002629037726827719,0.0026178633390764668,0.0026068626963780925,0.002596031734071391,0.002585366504979912,0.0025748631754055136,0.0025645180212807406,0.0025543274244727056,0.00254428786923174,0.0025343959387782522,0.0025246483120216494,0.002515041760405473,0.0025055731448731925,0.002496239412949349,0.002487037595931063
55,0.004416374491539183,0.0043623900957091045,0.00430999261513663,0.004259119066370794,0.004209709582670158,0.0041617072283358795,0.004114677234013906,0.004068971095774646,0.004024538527121824,0.00398133161751637,0.003939304697583276,0.0038984277013878084,0.003858644804208032,0.0038199163757537125,0.0037822045685559245,0.0037454732218034385,0.0037097147553815293,0.0036748675983635792,0.0036409002029207846,0.0036077823758192407,0.003575485208770221,0.0035440114120355616,0.0035133023465235736,0.003483332657187242,0.0034540780304816217,0.0034255151431952097,0.003398179588638422,0.003371460789792927,0.00334533942570953,0.0033197969242661257,0.003294815427449067,0.0032703777585163267,0.0032464673909256077,0.0032230684189186367,0.003200165529660544,0.0031777439768400756,0.0031557895556429305,0.003134288579016418,0.003113227855149081,0.0030925946660941023,0.0030723767474699244,0.003052562269175997,0.003033139817065435,0.0030140983755203117,0.0029954273108786194,0.002977116355665324,0.002959155593582779,0.0029415354452186947,0.00292424665443238,0.0029072802753824277,0.002890627660161247,0.0028742804470039667,0.002858230549041136,0.002842470143566618,0.002826991661793577,0.0028117877790731897,0.0027968514055522206,0.002782175677246831,0.0027677539475115137,0.002753579778883057,0.0027396469352807184,0.002725949374544824,0.0027124812412969526,0.002699236860105877,0.002686210728944308,0.0026733975129222213,0.002660792038283466,0.0026483892866529606,0.0026361843895225225,0.0026241726229640086,0.0026123494025590797,0.002600710278535379,0.002589250931099574,0.0025779671659581214,0.0025668549100171098,0.002555910207253038,0.002545129214746712,0.0025345081988729173,0.002524043531638874,0.0025137316871648345,0.0025035692383004998
56,0.004981372660719671,0.004922567084105822,0.0048653656760103085,0.004809707544679438,0.004755534691794361,0.0047027918460138375,0.004650085373882874,0.004598717131801213,0.004548639052882958,0.0044998052277856115,0.00445217178775099,0.004405750753943768,0.004360447595813232,0.004316223941190828,0.004273043060344397,0.004230869781298803,0.004189792654311191,0.004149656116345934,0.004110429222033597,0.004072082293199408,0.0040345868565109235,0.003998071272613129,0.00396235234237668,0.003927404883819946,0.0038932047042126734,0.0038597285534847626,0.003830183501592264,0.0038012956573365243,0.003773044690725774,0.003745411050121912,0.0037183759265519228,0.0036919212199352323,0.003666029507108993,0.003640684011541351,0.003615868574630532,0.0035915676284943954,0.003567766170161711,0.003544449737082266,0.003521604383878561,0.0034992166602668693,0.003477273590080189,0.0034557626513300873,0.003434671757248389,0.0034139892382535437,0.0033937038247899257,0.0033738046309916767,0.0033542811391256595,0.0033351231847709097,0.0033163209426946938,0.0032978649133875732,0.0032797459102222887,0.003261955047203356,0.003244483727276181,0.0032273236311664896,0.0032104667067224457,0.0031939051587335874,0.003177631439202054,0.003161638238043191,0.0031459184741937448,0.003130465287107229,0.0031152720286171296,0.00310033225514975,0.0030856397202694815,0.003071188367540217,0.0030569723236876364,0.0030429858920477297,0.003029223546287943,0.003015679924387886,0.0030023498228673668,0.002989228191250067,0.002976310126751899,0.002963590869183571,0.002951065796057476,0.002938730417889551,0.002926580373687177,0.00291461142661474,0.0029028194598287984,0.002891200472475287,0.0028797505758415575,0.0028684659896563527,0.002857343038531275
57,0.0052498999378115625,0.0051883353571979506,0.00512853962746214,0.00507044380719952,0.005013982311321352,0.004959092713843526,0.004905323807396302,0.004853029048893838,0.00480215353913895,0.004752644926006197,0.004704453262191426,0.0046575452117020725,0.00461186026526247,0.004567354956264522,0.0045239877388067356,0.004481718885707167,0.004440540086430556,0.004400384004116609,0.004361215873564656,0.0043230023965347645,0.004285711667483221,0.00424934781605567,0.004213845376660167,0.004179176279218529,0.004145313587428675,0.004112231443905879,0.004080568107901578,0.004049610495769889,0.004019336738187923,0.003989725804557173,0.00396075746448688,0.003932412251347969,0.0039046714277698197,0.003877516952960935,0.0038509314517430637,0.003824898185195529,0.003799401022813855,0.0037744244160930205,0.003749953373451785,0.0037259734364200156,0.0037024706570160442,0.0036794315762459276,0.003656843203660775,0.0036346929979125305,0.003612968848252224,0.0035916590569184193,0.0035707523223667314,0.0035502377232944117,0.003530104703416778,0.0035103430569549707,0.0034909429147969642,0.003471894731296029,0.0034531892716730193,0.0034348175999908467,0.0034167710676713753,0.0033990413025267187,0.0033816201982785118,0.003364499904540353,0.0033476728172399306,0.003331131569458739,0.0033148690226685543,0.0032988782583449603,0.0032831525699394096,0.0032676854551921567,0.0032524706087696475,0.0032375019152105187,0.003222773442165544,0.003208279433917402,0.0031940143051670607,0.003179972635074203,0.0031661491615398,0.0031525387757195917,0.0031391365167577796,0.00312593756673083,0.0031129372457917794,0.0031001310075059636,0.0030875144343695407,0.00307508323350255,0.003062833232508844,0.003050760375495361,0.0030388607192438476
58,0.00587202345863779,0.005807044993132264,0.0057437593633605484,0.0056821043716116905,0.005622020691599026,0.005563451707188638,0.005504605870832305,0.0054471729123684205,0.005391103942144708,0.005336352193829266,0.0052828729124968716,0.005230694175677836,0.005179703779035278,0.005129862384195517,0.00508113228290935,0.005033477315352052,0.004987025473258519,0.004941580152762093,0.004897109374099054,0.004853582426520042,0.004810969807577246,0.0047694525853781014,0.004728793195299273,0.004688965409729124,0.004649944000665771,0.004611704693919248,0.004578609267795034,0.0045462345427733355,0.004514558644191776,0.004483560519502725,0.00445321990120855,0.004423517271758059,0.0043944338302848674,0.004365951461076449,0.00433805270367023,0.004310720724480304,0.0042839392898644905,0.004257692740547841,0.004231965967323918,0.004206744387960571,0.004182013925241489,0.004157760986079432,0.004133972441640948,0.004110635608426376,0.004087738230252336,0.0040652684610872495,0.004043214848693546,0.004021566319032987,0.004000312161394166,0.003979442014203922,0.003958945851486392,0.003938813969935889,0.003919036976571553,0.0038996057769438513,0.0038805115638644505,0.0038617458066329434,0.0038433002407352148,0.003825166857989745,0.003807337897119548,0.003789805834728619,0.003772563376662947,0.0037556034497373565,0.0037389191938103352,0.0037225039541901195,0.003706351274356094,0.0036904548889805243,0.003674808717236431,0.0036594068563780653,0.0036442435755813453,0.0036293133100321444,0.003614610655250963,0.003600130361643198,0.0035858673292646992,0.0035718166027929018,0.003557973366694174,0.003544332940578788,0.0035308907747349737,0.0035176424458342598,0.0035045836528005614,0.0034917102128358035,0.0034790180575953867
59,0.006098416824248784,0.006027896495791968,0.005959453133991713,0.005893004961119708,0.005828474220895796,0.005765786940111275,0.005704704203074449,0.005645367844925518,0.005587711788037668,0.00553167307094666,0.005477191671753256,0.0054242134062262885,0.005372679197171336,0.005322536965894467,0.005273736971325968,0.005226231684096806,0.005179975255070698,0.005134921937677513,0.005091030290851942,0.00504826064793193,0.005006575025588542,0.004965928248209568,0.00492629124376419,0.004887630724370375,0.004849914764702921,0.004813112735215864,0.0047768603553034385,0.004741410032248097,0.004706737074643501,0.004672817731994085,0.004639629151756659,0.0046071493386797705,0.004575357116299745,0.004544232090461961,0.004513754614745121,0.004483905757674482,0.0044546672716177915,0.004426021563264851,0.004397951665598128,0.0043704412112680014,0.004343474407291889,0.004317036011001709,0.0042911113071690266,0.004265686086241786,0.00424074662363054,0.004216279659986322,0.004192272382415541,0.0041687124065809605,0.00414558775964079,0.004122886863980901,0.004100598521697913,0.004078711899793378,0.004057216516041737,0.004036102225496926,0.0040153592076044775,0.003994977953888047,0.0039749492561809725,0.003955264195375268,0.003935914130661926,0.003916890689237967,0.003898185756457067,0.0038797914664018005,0.0038617001928568655,0.0038439045406637277,0.003826397337438255,0.003809171625633806,0.003792220654933386,0.003775537874955104,0.0037591169282562903,0.0037429516436221465,0.0037270360296257797,0.0037113642684469626,0.0036959307099377983,0.0036807298659239226,0.003665756404730604,0.0036510051459235403,0.003636471055254731,0.0036221492398042406,0.003608034943309213,0.0035941235416718357,0.003580410538638445
60,0.00685681950662028,0.006782061790399191,0.006709182764295697,0.006638114878911267,0.0065687936456456895,0.00650115746744688,0.006432637026140255,0.006365681835706586,0.00630023935869864,0.0062362592822733705,0.006173693403452125,0.0061125989467648014,0.006052828175993474,0.005994338555999081,0.0059370892711947685,0.0058810411412179376,0.005826395552078574,0.005772877051247486,0.00572045083303161,0.005669083440745248,0.005618742703529679,0.005569707260839385,0.005521637114039533,0.005474503533404354,0.005428278860273855,0.005382936458976293,0.005344967201255488,0.005307820220495344,0.005271470682550612,0.005235894682085414,0.0052010692008833985,0.005166972068355483,0.005133581924111962,0.005100878182474709,0.005068840998813611,0.005037451237599499,0.005006690442072681,0.004976540805433208,0.004946985143464985,0.004918006868511649,0.004889589964727458,0.0048617189645314115,0.004834378926197184,0.004807555412516131,0.004781234470474036,0.004755402611886442,0.004730046794940493,0.004705154406594567,0.004680713245789874,0.004656711507430959,0.004633137767094737,0.004609980966429886,0.0045872303992108504,0.0045648756980128,0.004542906821475642,0.004521314042127365,0.004500087934738347,0.004479219365180146,0.004458699479763615,0.00443851969503274,0.004418671687991743,0.004399147386744445,0.004379938961525806,0.004361038816106911,0.004342439579555463,0.004324134098334929,0.004306115428726412,0.004288376829558039,0.004270911755227658,0.004253713849005147,0.004236776936601593,0.004220095019993065,0.00420366227148747,0.004187473028023458,0.004171521785691079,0.004155803194464186,0.0041403120531352386,0.004125043304443669,0.004109992030389192,0.004095153447722127,0.004080522903603041
61,0.00721988333113981,0.007140062412452637,0.00706254457189873,0.006987240682309552,0.006914065931634854,0.006842939570516929,0.006773325165607177,0.006705660275709005,0.006639872338746137,0.006575892162918192,0.006513653738219573,0.006453108022896455,0.006394179111952996,0.006336809616510076,0.006280944685341678,0.006226531869980898,0.006173543665899407,0.0061219058939758556,0.0060715727492859466,0.006022500359470832,0.005974646686857434,0.005927990225739642,0.005882469654274453,0.0058380480809415046,0.0057946901026080895,0.005752361732543346,0.005711233690206427,0.005671000199651701,0.005631634138642149,0.005593109403203308,0.005555400861759216,0.005518484311693158,0.005482336438185865,0.005446934775193669,0.00541225766843862,0.005378284240291366,0.0053449943564352394,0.005312368594207895,0.005280388212523248,0.0052490351232831415,0.005218291864193859,0.005188141572908178,0.005158567962418642,0.005129555297632537,0.005101088373063246,0.005073152491577065,0.005045733444137876,0.005018817490496028,0.004992391340770831,0.004966442137879109,0.004940957440765282,0.004915925208390939,0.004891333784444352,0.004867171882732908,0.0048434285732232825,0.004820093268696497,0.004797155711986723,0.004774605963774533,0.00475243439090694,0.004730631655218154,0.004709188702826414,0.0046880967538836535,0.004667347292755934,0.004646932058614005,0.004626843036414252,0.004607072448251437,0.004587612745065747,0.004568456598687379,0.004549596894203011,0.004531026722629126,0.004512739373878172,0.00449472833000397,0.004476987258713814,0.0044595100071351,0.00444229059582505,0.004425323213012713,0.004408602209062854,0.004392122091151973,0.004375877518147133,0.00435986329567872,0.004344074371398785
62,0.008034372212675195,0.007942094581859425,0.007852308647909164,0.007764920603923861,0.007679841067962918,0.007596984830078123,0.0075135053823127875,0.007432133197610391,0.007352792910125216,0.00727541252408622,0.007199923231746094,0.007126368615218853,0.007054574742584442,0.006984481437025942,0.006916031087608803,0.006849168517462125,0.006784084938310567,0.006720482190052894,0.006658311778946183,0.006597527188964373,0.006538083784854411,0.006480245473667292,0.006423660341556511,0.006368288975108739,0.006314093502393549,0.0062610375206647835,0.006215375039415577,0.0061707121378818865,0.006127018334450117,0.0060842642983604455,0.0060424217976039665,0.006001463649586602,0.005961363674391031,0.005922096650479205,0.005883638272688959,0.005845965112388216,0.005809054579659337,0.005772884887394792,0.005737435017193156,0.005702684686951699,0.005668614320058619,0.005635205016094318,0.005602438522956618,0.005570297210330704,0.005538764044429102,0.005507822563932029,0.0054774568570625124,0.005447651539734914,0.005418391734719197,0.005389663051766621,0.005361451568646088,0.00533374381304319,0.005306526745276882,0.00527978774179152,0.0052535145793842514,0.005227695420130208,0.005202318796970116,0.005177373599926861,0.005152849062919652,0.0051287347511459035,0.005105020549002927,0.005081696648522897,0.005058753538296104,0.005036181992858785,0.005013973062523322,0.004992118063629509,0.004970608569197011,0.004949436399960063,0.004928593615766453,0.004908072507323874,0.004887865588277516,0.0048679655876037444,0.004848365442305256,0.004829058290394235,0.004810037464150295,0.004791296483641013,0.004772829050493273,0.004754629041904331,0.004736690504882015,0.0047190076507039914,0.004701574849586677
63,0.008598602739187952,0.00849446207728819,0.008393427380786503,0.008295374586027644,0.008200185807233425,0.008107748966493682,0.008016863522787018,0.007928605895295827,0.00784287503130174,0.007759574711836903,0.007678613274472488,0.007599940276764747,0.007523432588559333,0.007449010878356092,0.007376599426018522,0.007306125925899534,0.00723759105246189,0.007170853359408667,0.007105849995480593,0.007042520837945947,0.006980808350888561,0.006920730824679509,0.006862155833604072,0.00680503312119979,0.00674931451596069,0.006694953827951783,0.0066431454890392965,0.006592493830112459,0.00654296295334745,0.006494518339676438,0.00644712678538685,0.006400756342132863,0.006355376260148384,0.006310956934465336,0.006267469853955041,0.006224887553022558,0.006183183565795619,0.006142332382660488,0.006102309409006816,0.006063090926052809,0.006024654053630476,0.005986976714818528,0.005950037602317715,0.005913816146470399,0.005878292484831995,0.005843447433208201,0.005809262458076962,0.005775719650319374,0.005742801700188401,0.005710491873448443,0.005678773988623232,0.005647632395292845,0.005617051953384639,0.005587018013405824,0.005557516397568729,0.00552853338176252,0.0055000556783279895,0.005472070419594337,0.0054445651421394636,0.005417527771737284,0.005390946608957752,0.005364810315387175,0.005339107900438305,0.005313828708721181,0.0052889624079475485,0.005264498977342933,0.005240428696542122,0.00521674213494484,0.005193430141509863,0.005170483834966854,0.00514789459442642,0.005125654050369771,0.005103754076000488,0.005082186778941695,0.005060944493262849,0.005040019771821259,0.005019405378904007,0.004999094283156876,0.0049790796507874074,0.00495935483902999,0.00493991338986145
64,0.009431765825266046,0.009320200691570616,0.009211617265618999,0.009105903652519625,0.009002953221234167,0.00890266430434781,0.008801895859049086,0.008703609253907297,0.008607716884134054,0.00851413501920582,0.00842278359556868,0.008333709959776486,0.008246716331588466,0.008161732508637623,0.008078691250588644,0.007997528128393357,0.007918464931213601,0.00784115749770109,0.007765548981541231,0.007691584833025725,0.007619212687454868,0.007548746376449122,0.007479771579261276,0.007412241850840489,0.00734611254810593,0.0072813407460776795,0.007225491833196151,0.007170886081339145,0.007117485011440978,0.007065251618510402,0.00701415030400619,0.006964146811844787,0.006915208167816169,0.006867302622199597,0.006820399595385343,0.006774469626321626,0.006729484323618516,0.00668541631915161,0.006642239224018989,0.00659992758671444,0.0065584568533892645,0.006517803330082886,0.006477944146810538,0.006438857223403348,0.006400521237002758,0.006362915591117479,0.006326020386156882,0.006289816391360084,0.006254285018044993,0.006219408294106149,0.0061851688396946415,0.006151549844017215,0.006118535043195604,0.006086108699130695,0.006054255579319042,0.006022960937572829,0.005992210495596756,0.005961990425378355,0.005932287332350571,0.005903088239287718,0.005874380570898404,0.005846152139080716,0.005818391128807181,0.005791086084608623,0.005764225897627872,0.00573779979321578,0.005711797319043548,0.005686208333706776,0.005661022995797892,0.005636231753425026,0.005611825334156308,0.005587794735369974,0.005564131214991425,0.005540826282599497,0.0055178716908851665,0.00549525942744665,0.00547298170690571,0.00545103096333086,0.0054293998429537586,0.005408081197165749,0.005387068075782386
65,0.010121967876761836,0.009999669052924874,0.009880965302815544,0.009765714119565764,0.009653780041085778,0.009545034230811494,0.009437629854280281,0.009333266264079647,0.009231827612974931,0.009133203543585959,0.00903728887619187,0.008944045361825873,0.008853312077178977,0.008764997856937823,0.00867901564853593,0.008595282289802603,0.008513844529543353,0.008434493842013618,0.008357157827467427,0.008281767202385246,0.008208255638922243,0.008136704481209909,0.008066900969116235,0.007998787079668192,0.007932307177807806,0.007867407898888887,0.007806752575852804,0.007747449747978585,0.00768945748726571,0.007632735474325065,0.007577244924481688,0.0075229485178511715,0.0074698103331446225,0.007417795784973901,0.007366871564444942,0.007317005582841187,0.007268166918212889,0.007220325764700244,0.00717345338442998,0.007127522061835416,0.007082505060260162,0.007038376580714473,0.0069951117226619165,0.006952686446721757,0.0069110775391798135,0.006870262578207281,0.006830219901693388,0.006790928576603399,0.006752368369779257,0.006714519720104953,0.006677363711963549,0.006640882049917237,0.006605057034545797,0.0065698715393828705,0.006535308988892787,0.006501353337434259,0.006467989049160269,0.006435201078806395,0.006402974853322731,0.006371296254306773,0.006340151601197506,0.006309527635192746,0.006279411503854172,0.006249790746366406,0.006220653279418272,0.006191987383676162,0.006163781690821182,0.006136025171123033,0.006108707121525313,0.006081817154218067,0.0060553451856748056,0.006029281426132402,0.006003616369493389,0.005978340783631171,0.005953445701079869,0.005928922410091293,0.005904762446042404,0.00588095758317769,0.005857499826671382,0.005834381404995432,0.0058115947625797726
66,0.011100327647733442,0.010961097178740675,0.010825832235425553,0.010694377449552853,0.010566585046766915,0.01044231439930575,0.01031784221529888,0.010196710051577629,0.010078793214416747,0.009963972804871041,0.009852135395174424,0.009743312409229507,0.009637257867311776,0.009533873125913334,0.00943306390994066,0.009334740080691612,0.009239122598506094,0.00914581580459592,0.009054740926656583,0.008965822525781632,0.008878988327569526,0.00879455002238033,0.008712053351520217,0.008631434848085888,0.00855263361782793,0.008475591214486256,0.008407967684120596,0.008341869812767843,0.008277249808999586,0.008214061733558554,0.008152261413488408,0.008091806360917702,0.008032655696208948,0.0079747700752038,0.007918111620314291,0.007862643855227114,0.007808331643003965,0.00775514112737558,0.007703039677040806,0.007651995832794403,0.0076019792573192675,0.007552960687489139,0.007504911889038164,0.0074578056134628305,0.007411615557030435,0.0073663163217761495,0.007321883378378361,0.007278293030808636,0.007235522382659329,0.007193549305057659,0.007152352406080677,0.00711191100159087,0.0070722050874167984,0.00703321531280786,0.006994922955096362,0.0069573098955040885,0.0069203585960342226,0.006884052077392868,0.006848373897887801,0.006813308133254812,0.006778839357365104,0.006744952623769713,0.0067116334480393355,0.006678867790860439,0.006646642041850602,0.006614943004057947,0.006583757879111833,0.006553074252993239,0.0065228800823955045,0.0064931636816472574,0.006463913710171059,0.006435119160452734,0.006406769346497559,0.006378853892750716,0.006351362723460796,0.006324286052466007,0.0062976143733838915,0.0062713384501863235,0.006245449308142528,0.006219938225113653,0.006194796723183344
67,0.012031773911815003,0.01187895794025737,0.011730628423611568,0.011586606343119638,0.011446721576607673,0.011310812366842062,0.011175899743600204,0.011044759212972221,0.010917246724030426,0.010793225060523989,0.010672563452037058,0.01055524394950404,0.010441037439687417,0.01032983055918351,0.010221515066727263,0.010115987566080804,0.010013377571111598,0.009913355449674687,0.0098158311376304,0.009720718455653534,0.009627934908849778,0.009537677410669994,0.009449586658261941,0.009363590436189742,0.00927961950943597,0.009197607476479866,0.00912294368992252,0.009049974557222534,0.008978646709619452,0.008908908857347055,0.008840711692795586,0.008774007798943875,0.008708751562732734,0.00864489909307441,0.008582408143213795,0.008521238037177026,0.008461349600061067,0.008402705091934694,0.008345268145136593,0.00828900370477093,0.008233877972213588,0.008179858351454896,0.00812691339811576,0.00807501277098488,0.008024127185934347,0.007974228372080148,0.007925289030062361,0.007877282792327923,0.007830184185305926,0.0077839685933723144,0.00773861222450716,0.007694092077553589,0.007650385910992855,0.007607472213155434,0.007565330173792417,0.007523939656936265,0.007483281174984046,0.007443335863940146,0.00740408545975922,0.00736551227573331,0.00732759918087061,0.007290329579216063,0.0072536873900668755,0.00721765702903865,0.007182223389940476,0.007147371827419174,0.0071130881403357205,0.007079358555838187,0.007046169714098196,0.00701350865367894,0.006981362797505153,0.006949719939406613,0.006918568231208405,0.00688789617034246,0.006857692587956531,0.006827946637497507,0.006798647783747679,0.00676978579229321,0.006741350719405546,0.006713332902317074,0.0066857229498736605
68,0.012943501176868542,0.012773475820879107,0.01260851289095343,0.01244840789607522,0.01229296661870995,0.012142004495220892,0.011992246978472523,0.011846734086748651,0.011705301789807748,0.011567793923648232,0.01143406173884508,0.011304080419602873,0.011177594055051044,0.011054473893450358,0.010934597062311532,0.01081784624737453,0.010704359252950456,0.010593771547788036,0.01048598108945622,0.010380890283167112,0.010278405750231529,0.01017873973617361,0.010081496484689737,0.009986594361016995,0.009893955134361629,0.009803503808542472,0.009721124218851107,0.009640637399587856,0.0095619830956609,0.009485103423770479,0.00940994276088483,0.009336447638835007,0.009264566644644444,0.009194250326236426,0.009125451103187611,0.009058123182218693,0.008992222477134678,0.008927706532946994,0.008864534453927505,0.00880266683536173,0.00874206569878355,0.008682694430488722,0.008624517723137118,0.00856750152026663,0.008511612963552677,0.008456820342658098,0.00840309304752796,0.008350401522993234,0.00829871722555546,0.008248012582232804,0.008198260951355103,0.00814943658520242,0.008101514594388109,0.00805447091389329,0.008008282270665279,0.007962926152697688,0.00791838077951477,0.007874625073987169,0.007831638635410523,0.007789401713782111,0.007747895185214851,0.00770710052843106,0.007666999802281818,0.007627575624240897,0.007588811149824898,0.007550690052894083,0.007513196506790894,0.007476315166275335,0.007440031150218932,0.007404330025020717,0.0073691977887109985,0.007334620855710209,0.0073005860422120684,0.007267080552161771,0.007234091963801666,0.007201608216758137,0.007169617599644709,0.0071381087381580405,0.007107070583644224,0.007076492402114279,0.007046363763688701
69,0.014525792193578644,0.01432883883193068,0.01413761423542741,0.013951889161175854,0.01377144578118935,0.013596076999724992,0.013418884350162395,0.013246536444340954,0.013078848755255064,0.012915645488702604,0.012756759088278396,0.012602289871343127,0.012451819591369963,0.012305202960058631,0.01216230124144129,0.01202298189854136,0.011887688776440534,0.011755718574070458,0.011626955851519287,0.01150129014365306,0.011378615704146616,0.011259537018221216,0.011143237855226484,0.011029625682646977,0.010918611787482874,0.01081011108825639,0.010718304481055204,0.010628615285342815,0.01054097586815795,0.010455321267337952,0.01037158906556724,0.010289719271353713,0.010209654206497417,0.010131338399646363,0.010054718485563326,0.009979743109753086,0.009906362838124039,0.00983453007138063,0.009764198963863246,0.009695325346571597,0.009627866654125145,0.009561781855430525,0.009497031387840851,0.00943357709460615,0.009371382165426845,0.009310411079934433,0.009250629553934724,0.00919200448825938,0.009134503920081154,0.009078096976557383,0.009022753830674359,0.008968445659173417,0.008915144602446516,0.008862823726296126,0.008811456985460273,0.008761019188809886,0.008711485966130679,0.008662833736407355,0.008615039677532375,0.008568081697366352,0.00852193840608105,0.00847658908972029,0.008432013684917191,0.008388192754710337,0.008345107465404058,0.008302739564421497,0.00826107135910175,0.008220085696395157,0.008179765943413306,0.008140095968792576,0.008101060124832554,0.0080626432303723,0.008024830554369863,0.007987607800151916,0.00795096109030239,0.007914876952160489,0.007879342303899934,0.007844344441163019,0.007809871024224039,0.007775910065658325,0.007742449918494013
70,0.016056718247253687,0.015847681620355672,0.01564463773880081,0.015447349970456133,0.015255593328173719,0.015069153780031302,0.014882497003692756,0.014700854296295534,0.014524037692678059,0.014351867995609483,0.014184174284702743,0.014021003126905393,0.013861985577273053,0.013706973020976423,0.013555823450379862,0.013408401113010946,0.01326504167614084,0.013125148019659616,0.012988601477287408,0.012855288425727827,0.01272510002827297,0.01259851421880745,0.012474840110650635,0.012353982083926901,0.012235848412917468,0.012120351076627494,0.0120192889798488,0.01192054249551362,0.011824038087266134,0.011729705106543545,0.011637475657078029,0.011547284466819064,0.011459068766811378,0.011372768176596047,0.011288324595733035,0.011205682101071,0.011124786849416089,0.011045586985275154,0.010968032553371006,0.010892075415647165,0.01081766917249886,0.010744769087984189,0.01067333201878544,0.01060331634670561,0.010534681914499005,0.010467389964847787,0.010401403082307931,0.010336685138059697,0.01027320123730756,0.010210917669184557,0.010149801859024598,0.010089822322874984,0.010030948624128826,0.009973151332164594,0.009916401982886503,0.009860673041066052,0.009805937864390636,0.009752170669130898,0.009699346497343539,0.009647441185531002,0.009596431334684257,0.00954629428163886,0.009497008071678437,0.009448551432323654,0.009400903748248013,0.009354045037265014,0.009307955927334698,0.009262617634539736,0.009218011941984693,0.009174121179574071,0.009130928204627435,0.009088416383291902,0.009046569572714684,0.009005372103940049,0.008964808765497177,0.008924864787646945,0.008885525827257516,0.008846777953279972,0.008808607632796854,0.00877100171761783,0.008733947431397923
71,0.01727118340906356,0.017039542647523158,0.016814990621911247,0.016597235728029725,0.01638600125806445,0.01618102448916349,0.015978057501953337,0.015781062986997125,0.015589804805827221,0.015404058389609421,0.015223610062089693,0.015048401390911037,0.014878086658650199,0.01471248159669342,0.014551410527754294,0.014394705887868066,0.01424250543776304,0.014094345159837951,0.013950079909389401,0.013809570994934784,0.013672685836075046,0.013539642868504436,0.013409960344088818,0.013283522851940989,0.013160219884461342,0.013039945589088636,0.012929146199955197,0.012820902730179093,0.012715133527274075,0.012611760163670627,0.012510707284611945,0.012411902464417139,0.012315276070585765,0.012220761135254343,0.012128293233550087,0.012037810368418996,0.011949252861534062,0.011862563249917057,0.01177768618793164,0.011694568354329042,0.011613158364048396,0.011533406684494235,0.01145526555603095,0.011378688916452039,0.01130363232919669,0.011230052915101672,0.011157909287489316,0.011087161490405463,0.011017770939832805,0.01094970036771573,0.010882913768643263,0.010817376349045758,0.010753054478770079,0.01068991564490615,0.010627928407745109,0.010567062358756886,0.010507288080481349,0.010448577108233556,0.01039090189352932,0.010334235769142936,0.010278552915713788,0.010223828329823527,0.010170037793469778,0.010117157844866623,0.010065165750506143,0.010014039478418479,0.009963757672572206,0.009914299628358977,0.009865645269110412,0.00981777512359725,0.0097706703044642,0.009724312487555696,0.009678683892090888,0.009633767261647747,0.00958954584591868,0.009546003383202113,0.009503124083595731,0.009460892612859668,0.009419294076918966,0.009378314006976382,0.009337938345208246
72,0.01892560763987016,0.01867152748745695,0.018424661123601454,0.018184724532127303,0.01795144763645562,0.01772457347613782,0.017496071317667648,0.017273587842022733,0.01705689958257503,0.016845793412559762,0.016640065970380726,0.016439833481863394,0.016244596398080246,0.016054177626644447,0.01586840788926928,0.01568712530850703,0.01551087194060736,0.015338794410239175,0.015170750947717249,0.01500660576834359,0.014846228770170207,0.014690375463272256,0.014538036026669943,0.014389095937008392,0.01424344530917937,0.014100978672018216,0.013979714121847469,0.013861259094258508,0.013745523490638066,0.013632420783972591,0.013521867849830178,0.013413784806667415,0.013308094864873015,0.013204724184002224,0.013103601737693591,0.013004659185796243,0.012907830753267496,0.012813053115431417,0.01272026528921666,0.012629408530017453,0.012540426233845839,0.012453263844465092,0.012367868765214462,0.012284190275254889,0.012202179449982286,0.01212178908537177,0.012042973626030934,0.011965689096754585,0.011889893037386549,0.011815544440805688,0.011742603693865504,0.011671032521126262,0.011600793931229224,0.011531852165771178,0.011464172650546169,0.011397721949029386,0.011332467717985295,0.011268378665089554,0.011205424508460134,0.011143575937999613,0.011082804578456083,0.01102308295411535,0.010964384455042353,0.010906683304793946,0.010849954529530184,0.010794173928454543,0.010739318045518222,0.01068536414232644,0.010632290172188764,0.010580074755258021,0.010528697154705972,0.010478137253886115,0.010428375534437127,0.010379393055282599,0.010331171432485258,0.010283692819916009,0.010236939890700004,0.010190895819404387,0.0101455442649336,0.010100869354100294,0.01005685566584149
73,0.020969535314572393,0.02068354871079058,0.02040617897760787,0.020137073785362353,0.019875898695099856,0.01962233607014506,0.019367730367813744,0.01912044721316692,0.018880199183149596,0.018646712833062483,0.018419727884544653,0.018199310775675274,0.01798490044863941,0.01777627226656888,0.017573211993395167,0.01737551521926951,0.0171836566392519,0.01699675909762564,0.01681464548689787,0.016637146523548193,0.01646410033600503,0.01629615873979041,0.0161323433135698,0.01597251316902427,0.015816533368820666,0.015664274627210116,0.015531509762712897,0.015401804754518123,0.01527506192885767,0.015151187466706826,0.01503009122210011,0.014911686550435774,0.01479589014614107,0.014682621889114613,0.014571804699403256,0.014463364399608672,0.014357229584553446,0.01425333149776914,0.014151603914397832,0.01405198303012693,0.013954407355801494,0.013858817617383026,0.01376515666094407,0.013673369362409607,0.013583402541774018,0.013495204881539815,0.013408726849141248,0.013323920623129955,0.01324074002291455,0.013159140441858286,0.013079078783552014,0.013000513401089675,0.012923404039185214,0.012847711778978796,0.012773398985389674,0.012700429256881572,0.012628767377514064,0.012558379271161577,0.012489231957787549,0.0124212935116689,0.012354533021471045,0.012288920552080085,0.012224427108103796,0.012161024598957893,0.012098685805459393,0.012037384347852157,0.011977094655195062,0.01191779193604613,0.011859452150380152,0.011802051982680384,0.011745568816148383,0.01168998070797893,0.011635266365649656,0.011581405124178051,0.011528376924300561,0.011476162291531332,0.011424742316059805,0.011374098633449119,0.011324213406098682,0.011275069305436427,0.011226649494808064
74,0.023321340694725884,0.023000065127659897,0.022688208246164663,0.02238539079353518,0.02209125250212492,0.021805450952378447,0.021517220938593054,0.021236930942536515,0.02096427682924682,0.02069896892960471,0.020440731216767344,0.020189705937281793,0.019945227870584947,0.01970705782303283,0.019474967442166365,0.01924873862951711,0.019029052635723763,0.018814802557102994,0.018605798514703623,0.018401858852772873,0.018202809713770602,0.01800958562882696,0.01782090534140478,0.017636616769916087,0.017456574141232965,0.017280637678804247,0.01713093092798561,0.016984701967577384,0.01684183900514271,0.01670223468982748,0.016565785901741355,0.016432393552979218,0.016301962399548595,0.016174400863519383,0.01604962086476154,0.015927537661680008,0.015808069700397293,0.0156911384718719,0.015576668376475856,0.015464586595586223,0.015354822969776133,0.015247309883217784,0.015141982153935597,0.015038776929571717,0.014937633588347567,0.014838493644925668,0.014741300660895051,0.014646000159620969,0.014552539545215895,0.01446086802540418,0.014370936538066852,0.014282697681265904,0.014196105646560136,0.014111116155435765,0.014027686398685577,0.01394577497858082,0.013865341853688571,0.013786348286196872,0.013708756791617182,0.013632531090741898,0.013557636063741465,0.013484037706292284,0.013411703087633009,0.013340600310452224,0.013270698472516591,0.013201967629952809,0.013134378762102576,0.013067903737873107,0.013002515283511021,0.012938186951730457,0.012874893092130923,0.012812608822842946,0.012751310003343664,0.012690973208387158,0.012631575702997255,0.01257309541847372,0.01251551092936446,0.012458801431359854,0.01240294672006675,0.01234792717062234,0.012293723718109937
75,0.02569021992361986,0.025335334425903785,0.024991113412684767,0.024657120925437946,0.024332943134708285,0.024018186994368012,0.02370268689347215,0.02339618775857524,0.023098337557829744,0.022808801320623795,0.022527260149631505,0.022253782744040027,0.021987696205493054,0.021728725051434274,0.02147660651310469,0.021231089835330546,0.020992737554370745,0.02076049709891618,0.02053415089823506,0.020313490966099988,0.020098318397435675,0.019889418179851258,0.019685608056051834,0.019486714620292958,0.01929257177458702,0.019103020361892507,0.018937307794505902,0.01877544669346733,0.018617313202336574,0.018462788387557893,0.01831175800493201,0.018164112278999094,0.018019745694517093,0.01787855679927793,0.017740448017557087,0.017605325473541513,0.017473098824126253,0.017343681100511998,0.01721698855807445,0.017092940534012186,0.01697145931231286,0.016852469995608077,0.016735900383515537,0.01662168085709377,0.016509744269058504,0.016400025839432886,0.016292463056324303,0.01618699558154047,0.01608356516077521,0.015982115538111373,0.015882592374604168,0.015784943170722338,0.015689117192438796,0.015595065400774493,0.01550274038461152,0.015412096296602154,0.015323088792011113,0.015235674970337733,0.015149813319573886,0.01506546366296177,0.01498258710812363,0.014901145998442809,0.01482110386658241,0.014742425390034179,0.014665076348596692,0.014589023583686926,0.014514234959395226,0.014440679325198309,0.01436832648024978,0.01429714713917197,0.01422711289927709,0.014158196209149465,0.01409037033852446,0.01402360934940291,0.013957888068343263,0.013893182059876764,0.013829467600993413,0.013766721656649886,0.01370492185625239,0.013644046471070315,0.01358407439253865
76,0.028456477897940792,0.028052715271505536,0.027661105307056257,0.027281149186166802,0.026912373496752646,0.026554328683979344,0.0261934217145143,0.025842797172815096,0.025502051770242996,0.02517080181150716,0.02484868205820916,0.02453584805140873,0.024231451099667116,0.023935175838904782,0.0236467214973858,0.02336580109060184,0.02309322979768741,0.02282762899323144,0.022568749833411395,0.022316354467402807,0.022070215458906292,0.021831445781775403,0.021598475062927443,0.021371105178117408,0.021149146377902682,0.020932416866338368,0.02074732358435063,0.020566562579322392,0.020389993669234014,0.020217482276871677,0.02004889916252145,0.019884120171510984,0.01972302599565715,0.01956550194774485,0.0194114377482246,0.019260727323372702,0.01911326861421114,0.018968963395532317,0.018827717104418835,0.018689438677689536,0.0185540403977418,0.018421437746295007,0.018291549265573036,0.01816429642649414,0.018039603503464487,0.01791739745539804,0.01779760781260914,0.017680166569247615,0.01756500808096602,0.01745206896752889,0.01734128802009182,0.01723260611289472,0.01712596611912957,0.017021312830757605,0.016918592882064338,0.016817754676753713,0.016718748318394414,0.016621525544042517,0.01652603966087506,0.016432245485678603,0.016340099287046148,0.016249558730144158,0.01616058282391908,0.0160731318706208,0.015987167417526774,0.015902652210757443,0.015819550151079668,0.015737826251600404,0.015657446597258633,0.01557837830602804,0.015500589491748344,0.015424049228506964,0.015348727516497605,0.015274595249285582,0.015201624182413956,0.015129786903287786,0.015059056802277093,0.014989408044982411,0.014920815545609397,0.014853254941402012,0.014786702568086419
77,0.031987761220321966,0.03153264880366363,0.031090919119557033,0.03066203059024658,0.03024546887226198,0.029840745214586323,0.029429759605009858,0.0290301044415642,0.028641344206236645,0.028263064165479017,0.027894869184148997,0.027537067551254884,0.027188600255795448,0.026849125122982286,0.026518315541496647,0.026195859618405384,0.025882962428228903,0.02557780556549594,0.025280117754526245,0.024989639512042985,0.024706122536052443,0.024431188892718614,0.02416271579945379,0.023900486307869635,0.02364429250467529,0.023393935063646933,0.02318681429947849,0.022984543651691825,0.02278696611785593,0.022593930975325558,0.022405293481637587,0.022220914591553998,0.02204066068969561,0.021864403337785623,0.02169201903559154,0.021523388994718035,0.021358398924461994,0.02119693882899587,0.02103890281519515,0.02088418891047245,0.020732698890023632,0.020584338112931172,0.020439015366606108,0.020296642719085177,0.020157135378729867,0.020020411560904696,0.019886392361238257,0.019755001635096393,0.019626165882920103,0.01949981414110252,0.019375877878099777,0.019254290895489443,0.01913498923370747,0.019017911082211722,0.018902996693834422,0.018790188303101203,0.018679430048306796,0.018570667897150565,0.01846384957574617,0.01835892450083076,0.018255843715009313,0.018154559824879016,0.018055026941887372,0.017957200625786787,0.017861037830555024,0.017766496852659016,0.017673537281546654,0.017582119952256316,0.017492206900041486,0.017403761316912292,0.017316747510001926,0.017231130861670056,0.01714687779126123,0.017063955718439196,0.016982333028023787,0.016901979036259573,0.01682286395845007,0.016744958877894463,0.01666823571606685,0.016592667203981518,0.016518226854690374
78,0.03605378944036046,0.035548622773424396,0.03505824077459229,0.03458204763580147,0.03411947740031607,0.03366999216864736,0.03321325978333755,0.03276907669969399,0.032336961975013546,0.03191645755801261,0.031507126985421505,0.0311093226872977,0.030721862107764127,0.030344367180328062,0.02997647698822029,0.029617846835289133,0.029269831393861957,0.028930396675035976,0.028599242838636366,0.02827608304237215,0.027960642769843308,0.027654740243585677,0.027356002127569688,0.027064188561973696,0.026779069647336874,0.026500424951886474,0.026270060136326705,0.026045053524056828,0.025825232688621743,0.02561043206136577,0.02540049260592725,0.025195261510738642,0.024994591898393974,0.02479834255082648,0.02460637764931427,0.02441856652839962,0.02423478344287172,0.024054907347020902,0.02387882168542602,0.023706414194587064,0.023537576714760974,0.023372205011401644,0.023210198605643825,0.02305146061330872,0.02289589759194151,0.02274341939542387,0.02259393903573281,0.022447372551445244,0.022303638882612244,0.022162659751650958,0.02202435954992369,0.02188866522969441,0.021755506201171382,0.021624814234362986,0.021496523365489635,0.021370569807710443,0.021246891865937714,0.0211254298555255,0.021006126024631172,0.020888924480060654,0.020773771116418843,0.02066061354839729,0.020549401046040278,0.02044008447284002,0.02033261622651989,0.020226950182372094,0.02012304163902464,0.020020847266518156,0.019920325056580625,0.019821434274993787,0.019724135415950667,0.019628390158309462,0.0195341613236537,0.01944141283607355,0.01935010968358788,0.01926021788113046,0.019171704435027997,0.01908453730890151,0.01899868539092581,0.01891411846238541,0.01883080716746845
79,0.04083320393521694,0.040268172130614774,0.039719361887498715,0.03918612794154189,0.03866785698830898,0.038163965781548785,0.03764888686077196,0.03714763258638878,0.03665968139597269,0.036184536215960815,0.035721723084180645,0.035271764663768905,0.03483323467956158,0.03440572176485672,0.03398883296790953,0.033582192766241005,0.033187587805148425,0.03280248777616916,0.032426565410291326,0.032059507446689735,0.03170101391696175,0.03135345952594424,0.03101385882424013,0.030681949264638374,0.03035747907202153,0.030040206716543463,0.029783842535569205,0.02953340146722828,0.029288694026971023,0.029049538224015202,0.028815759207473535,0.028587188931968866,0.028363665841509796,0.028145034570486796,0.027931145660728886,0.02772185529363488,0.027517025036461057,0.027316521601910563,0.02712021662022734,0.026927986423051498,0.026739711838342662,0.026555277995723804,0.02637457414164029,0.026197493463769424,0.026023932924150932,0.025853793100544187,0.025686978035548515,0.025523395093052896,0.02536295482160845,0.025205570824342105,0.02505115963505419,0.02489964060016387,0.02475093576618746,0.02460496977245342,0.02446166974877565,0.024320965217823422,0.02418278800194186,0.024047072134191258,0.02391375377338703,0.023782771122934927,0.02365406435326793,0.02352757552770232,0.023403248531540754,0.023281029004260007,0.023160864274630252,0.02304270329862089,0.022926496599956683,0.022812196213194563,0.02269975562919948,0.02258912974290362,0.02248027480323988,0.022373148365146252,0.02226770924354344,0.022163917469192836,0.022061734246347407,0.02196112191211231,0.021862043897436227,0.02176446468965901,0.021668349796544535,0.021573665711731648,0.0214803798815395
80,0.04599066422418259,0.045364624266572076,0.0447567910350907,0.04416643546157724,0.043592864803327934,0.04303542046996417,0.04246807811873228,0.04191628905366818,0.04137945901083104,0.040857021933568674,0.04034843836995638,0.039854173418391516,0.03937273315283658,0.038903650266133995,0.03844647858754211,0.03800079194030893,0.03756831889663444,0.037146485882740124,0.03673492231857188,0.036333273637120016,0.03594120045870377,0.035561005775010895,0.03518969488905883,0.03482697143848025,0.03447255132354409,0.03412616210241481,0.03384039516205356,0.033561185889754624,0.03328832575575118,0.03302161442986697,0.032760859396332845,0.032505875589718916,0.03225648505065832,0.0320125166001314,0.031773805531165995,0.03154019331688842,0.03131152733393359,0.03108766060029009,0.03086845152671897,0.030653763680942362,0.0304434655638522,0.030237430397038644,0.030035535920983063,0.029837664203304626,0.029643701456487297,0.0294535378645518,0.029267067418170794,0.029084187757757188,0.028904800024085135,0.02872880871603017,0.0285561215550411,0.028386649355979437,0.028220305903984458,0.028057007837043055,0.027896674533961906,0.027739228007458355,0.027584592802102507,0.027432695896859344,0.027283466611993695,0.027136836520114976,0.026992739361151447,0.02685111096105575,0.026711889154054466,0.02657501370826525,0.026440426254515058,0.026308070218201796,0.02617789075405118,0.02604983468362767,0.025923850435467397,0.025799887987706736,0.025677898813088143,0.025557835826230533,0.025439653333057786,0.02532330698228436,0.025208753718862578,0.025095951739301018,0.024984860448767854,0.024875440419898115,0.02476765335322718,0.02466146203917745,0.02455683032152861
81,0.052898989532348915,0.052186608397703206,0.05149342886890977,0.050818719047058244,0.050161781972620195,0.04952195361151707,0.04885629388740682,0.04820714071706616,0.04757390593756869,0.0469560277110909,0.04635296910532323,0.04576588859191017,0.045192597447443285,0.044632626288775804,0.044085525790270745,0.04355086565414994,0.043031957359063906,0.04252462629524464,0.04202849470381375,0.041543200294663234,0.04106839548747709,0.040608413427868036,0.04015819982953013,0.039717448344928644,0.03928586468305886,0.03886316604222794,0.03854449502487318,0.038233082508625234,0.037928699190506135,0.03763112472704949,0.037340147315830935,0.03705556329982529,0.03677717679316476,0.0365047993269726,0.03623824951404011,0.03597735273119852,0.03572194081831776,0.03547185179293585,0.03522692957958991,0.03498702375298257,0.034751989294174335,0.03452168635904639,0.034295980058326854,0.03407474024852088,0.03385784133312526,0.0336451620735499,0.033436585409203176,0.03323199828623406,0.03303129149445422,0.03283435951199314,0.03264110035726772,0.03245141544787169,0.032265209466015424,0.03208239023016856,0.031902868572578215,0.03172655822235562,0.03155337569384142,0.03138324017997757,0.03121607345042866,0.031051799754211365,0.030890345726603433,0.030731640300117685,0.030575614619337797,0.03042220195942444,0.03027133764811125,0.030122958991019272,0.029977005200129067,0.02983341732525748,0.029692138188395084,0.029553112320767676,0.029416285902492668,0.029281606704708182,0.029149024034058998,0.029018488679429664,0.02888995286082083,0.028763370180270375,0.028638695574725672,0.028515885270778536,0.02839489674117871,0.028275688663045938,0.028158220877705094
82,0.05968784054839288,0.058945026384031554,0.05822272144894113,0.057520136536728744,0.05683652040023691,0.05617115754717229,0.05549258354302544,0.054831541885740694,0.05418739118995428,0.053559519358098155,0.052947341971078116,0.05235150472240677,0.051770247201895395,0.051203060128985414,0.050649456397270455,0.050108969915391585,0.049583813738004454,0.0490708538658899,0.04856968247348484,0.04807990871544399,0.04760115787960152,0.047136381003470895,0.046681867555823126,0.04623728827196015,0.04580232702992741,0.045376680223176584,0.045027347467586826,0.04468580032735188,0.04435179755006117,0.04402510713527818,0.04370550590968226,0.04339277912504867,0.04308672007765821,0.042787129747825614,0.0424938164583263,0.0422065955505851,0.04192528907756729,0.04164972551238416,0.041379739471690505,0.0411151714530135,0.04085586758520818,0.04060167939128764,0.040352463562924094,0.04010808174596327,0.03986840033633477,0.03963329028578143,0.03940262691686629,0.03917628974674911,0.038954162319256636,0.03873613204479866,0.038522090047710796,0.038311931020628395,0.03810555308552122,0.037902857661039464,0.03770374933584318,0.03750813574760575,0.03731592746740008,0.037127037889193956,0.03694138312419516,0.03675888189980326,0.036579455462937525,0.036403027487524456,0.036229523985939656,0.036058873224210426,0.03589100564079682,0.03572585376877724,0.03556335216127644,0.03540343731998015,0.03524604762659063,0.03509112327708483,0.03493860621864339,0.03478844008912675,0.03464057015898067,0.03449494327545903,0.034351507809058913,0.03421021360206693,0.034071011919121756,0.03393385539970267,0.033798698012458064,0.033665495011292304,0.033534202893133976
83,0.06735237174823162,0.0665257765431187,0.06572052594603726,0.06493583211943937,0.06417094378894378,0.06342514418416219,0.06264853233093955,0.0618903063987358,0.06114983171057475,0.06042650121696029,0.05971973404025156,0.05903092956859487,0.05835757360348533,0.05769915634481135,0.05705518918230397,0.05642520363315111,0.05581312817542861,0.05521409684752331,0.054627696703558215,0.054053531249376424,0.05349121965441852,0.05294590922747332,0.05241166589039135,0.05188815262491082,0.05137504532113864,0.05087203218473901,0.050492041498452024,0.05012043460837097,0.04975695405457836,0.049401352164571005,0.04905339060738015,0.04871283997149651,0.04837947936513981,0.048053096037514766,0.04773348501978695,0.04742044878460009,0.04711379692303489,0.0468133458379838,0.046518918452983664,0.046230343935612275,0.04594745743461215,0.045670099829960314,0.0453981174951517,0.045131362071012274,0.04486969025039939,0.04461296357318878,0.04436104823098425,0.04411381488102095,0.04387113846876615,0.043632898058751195,0.04339897667319667,0.04316926113801898,0.042943641935831375,0.04272201306557514,0.042504271908437884,0.042290319099736524,0.04208005840646025,0.04187339661018721,0.0416702433951046,0.041470511240877035,0.041274115320122526,0.04108097340026949,0.04089100574957952,0.04070413504713377,0.040520286296591324,0.04033938674353824,0.0401613657962564,0.039986154949749275,0.03981368771287229,0.03964389953842145,0.03947672775604343,0.03931211150783602,0.03914999168651606,0.03899031087603706,0.03883301329454568,0.03867804473957142,0.03852535253534957,0.03837488548218227,0.03822659380774728,0.03808042912026902,0.03793634436347008
84,0.07577668580035712,0.07492065857100128,0.07408624771224116,0.07327267048919472,0.0724791798679095,0.07170506253238422,0.07090434645968625,0.07012216393331172,0.06935788519958663,0.06861090750048181,0.06788065366865438,0.0671683800835397,0.06647172715570857,0.06579018718496413,0.06512327324942536,0.06447051817695569,0.0638355451459042,0.06321380728569628,0.06260489172917665,0.0620084018018669,0.061423956256454866,0.060856341545707425,0.0602999974345667,0.059754585576208406,0.05921978037893032,0.058695268428379056,0.05828705825410963,0.05788764895394493,0.05749677579420722,0.05711418390330931,0.05673962783068408,0.05637287112889317,0.056013685957512736,0.05566185270748802,0.055317159644739274,0.054979402571882975,0.05464838450700774,0.054323915378515664,0.054005811735104256,0.053693896470024156,0.05338799855880445,0.05308795280968882,0.052793599626073176,0.0525047847802824,0.05222135919806188,0.051943178753201966,0.051670104071746256,0.05140200034527037,0.051138737152747464,0.050880188290547135,0.050626231610140605,0.05037674886311067,0.05013162555308849,0.04989075079426207,0.049654017176120405,0.04942132063411828,0.049192560325963544,0.04896763851324647,0.048746460448145755,0.048528934264961666,0.04831497087623942,0.048104483873260606,0.047897389430690766,0.047693606215184634,0.047493055297760024,0.047295660069761936,0.04710134616224832,0.046910041368637245,0.04672167557046426,0.04653618066610639,0.04635349050233669,0.046173540808580285,0.04599626913374997,0.0458216147855445,0.045649518772100425,0.04547992374589184,0.045312773949779374,0.04514801516511382,0.04498559466180442,0.04482546115026707,0.04466756473517088
85,0.08684422067895183,0.0858833323633754,0.08494503504793079,0.08402854593034928,0.08313311664817764,0.08225803142319177,0.0813247327653881,0.08041131255439503,0.07951713397877874,0.07864158632478054,0.077784083669363,0.07694716827759443,0.07612715791905385,0.07532353435259878,0.07453579963504292,0.0737634751543162,0.07301307226241309,0.072277093671757,0.07155511442270311,0.07084672553466295,0.07015153327866623,0.06947796110991425,0.06881673906119952,0.06816751636355711,0.06752995495371088,0.06690372891913561,0.06646976593236041,0.0660449602557783,0.06562904172468828,0.06522175004778079,0.06482283437321347,0.06443205287715413,0.06404917237344879,0.06367396794316106,0.06330622258281544,0.06294572687025393,0.0625922786470877,0.062245682716793684,0.06190575055756505,0.061572300049085295,0.06124515521244613,0.060924145962480414,0.06060910787182639,0.06029988194608281,0.05999631440945371,0.05969825650031863,0.0594055642761991,0.05911809842762275,0.0588357241004184,0.058558310726001164,0.05828573185923454,0.05801786502347924,0.05775459156246199,0.05749579649861901,0.05724136839758769,0.05699119923853973,0.056745184290065406,0.05650322199133599,0.05626521383828516,0.05603106427456633,0.055800680587054334,0.05557397280567464,0.05535085360735279,0.05513123822388986,0.05491504435357913,0.05470219207638896,0.054492603772547096,0.05428620404436842,0.05408291964117873,0.05388267938719288,0.05368541411221382,0.05349105658502576,0.053299541449361075,0.05311080516232669,0.05292478593518114,0.05274142367635983,0.052560659936649747,0.0523824378564209,0.05220670211482608,0.05203339888088373,0.05186247576636527
86,0.09848870825552038,0.09746154497519371,0.09646173854694318,0.09548827665423433,0.09454019399494518,0.09361656963015716,0.09266032594745713,0.09172848067080334,0.09082016040971912,0.08993453085213349,0.08907079465394799,0.0882303356890246,0.08741021831103289,0.08660974718870859,0.0858282566431014,0.08506510912503129,0.08432433136866341,0.08360057904104631,0.0828932954753232,0.08220194667783574,0.08152602021859268,0.08087068155307942,0.08022966305638776,0.07960251607608371,0.07898880944981389,0.07838812868775594,0.07791293241424394,0.07744756634943872,0.07699174567010905,0.07654519577627225,0.07610765184923228,0.07567885843218637,0.07525856903206579,0.07484654574136511,0.07444255887879883,0.07404638664770041,0.07365781481114878,0.0732766363828765,0.07290265133307094,0.0725356663082393,0.07217549436436005,0.07182195471259209,0.07147487247685819,0.0711340784626622,0.07079940893653858,0.07047070541556848,0.07014781446643242,0.06983058751350016,0.06951888065548788,0.06921255449024201,0.06891147394723278,0.06861550812736666,0.06832453014974794,0.0680384170050421,0.06775704941511218,0.06748031169861912,0.06720809164229309,0.06694028037760041,0.06667677226254462,0.06641746476835596,0.06616225837083499,0.06591105644613164,0.06566376517074907,0.06542029342557637,0.06518055270376266,0.06494445702225468,0.06471192283683136,0.06448286896047487,0.06425721648492778,0.0640348887052935,0.06381581104754312,0.06359991099880048,0.06338711804028259,0.06317736358277878,0.06297058090455851,0.06276670509160219,0.06256567298005522,0.06236742310080994,0.062171895626125614,0.06197903231819919,0.061788776479606275
87,0.10968885609677283,0.10853595851762463,0.10741111699498719,0.10631334188088422,0.10524168763689908,0.10419525043063099,0.10310095974334815,0.10203109314204759,0.10098484018266282,0.09996142445782345,0.09896010185625244,0.09798303240392828,0.09702662190295445,0.09609021442732234,0.09517318035527979,0.09427491509018211,0.09340128364344069,0.09254520384093157,0.09170614069872665,0.09088357979410348,0.09007702631094451,0.08929414002037447,0.08852623250620738,0.08777286430628675,0.0870336121938722,0.08630806845562788,0.0857633196888076,0.08522997291074828,0.08470769420662433,0.08419616177556695,0.08369506540182696,0.08320410595316469,0.08272299490484745,0.0822514538877421,0.08178921425909338,0.08133601669467191,0.08089161080106184,0.08045575474694018,0.08002821491227258,0.07960876555442017,0.0791971884902166,0.07879327279313333,0.07839681450470541,0.078007616359445,0.07762548752251297,0.07725024333946709,0.07688170509744503,0.07651969979717943,0.07616405993527878,0.07581462329624046,0.0754712327536948,0.07513373608040771,0.07480198576659658,0.07447583884614091,0.07415515673029148,0.07383980504850604,0.07352965349605887,0.07322457568809267,0.07292444901979855,0.0726291545324283,0.07233857678485801,0.072052603730439,0.07177112659888493,0.07149403978295771,0.07122124072972892,0.07095262983620239,0.07068811034909839,0.07042758826860682,0.07017097225593019,0.06991817354444314,0.069669105854307,0.06942368531038416,0.06918183036330586,0.0689434617135539,0.06870850223842415,0.06847687692174644,0.06824851278623997,0.06802333882839263,0.06780128595575449,0.0675822869265426,0.06736627629146108
88,0.12340249959182377,0.12218481555672006,0.12099359455664996,0.11982796727936583,0.11868710096944579,0.11757019752672278,0.11638141108661551,0.11521546748073817,0.11407168545653873,0.11294941009292972,0.11184801154077713,0.11077074223515272,0.10971313893527634,0.10867463942780056,0.10765470227779896,0.10665280588479051,0.10567724796784664,0.10471868958031631,0.10377666225316827,0.10285071416824859,0.10194040943547523,0.10105659425943087,0.10018752315198362,0.09933280294102412,0.09849205395030111,0.09766490943700532,0.09708584685482685,0.09651868779058909,0.09596308933227354,0.0954187208051014,0.09488526324529946,0.09436240890061862,0.09384986075602869,0.09334733208311825,0.09285454601182716,0.09237123512322892,0.09189714106216483,0.09143201416860955,0.0909756131267182,0.09052770463057454,0.09008806306571963,0.08965647020559955,0.08923271492212213,0.08881659290956638,0.08840790642112968,0.0880064640174463,0.08761208032644595,0.08722457581396313,0.08684377656453962,0.08646951407189783,0.08610162503859105,0.08573995118436684,0.08538433906280526,0.08503463988582038,0.08469070935563416,0.08435240750385661,0.08401959853732449,0.08369215069037148,0.08336993608321934,0.08305283058619839,0.08274071368951966,0.08243346837833697,0.0821309810128516,0.08183314121322402,0.08153984174907107,0.08125097843333759,0.08096645002034303,0.0806861581078135,0.08041000704272012,0.08013790383075291,0.07986975804926837,0.07960548176355799,0.07934498944629058,0.07908819789999103,0.07883502618242277,0.07858539553474979,0.07833922931235782,0.07809645291822218,0.07785699373871476,0.07762078108174594,0.0773877461171461
89,0.13842546628526822,0.13715265814976568,0.13590994619045443,0.1346962963694899,0.13351071961791117,0.13235226943474748,0.1311286467723378,0.12993192260128694,0.12876121538838858,0.12761568012129948,0.1264945064630946,0.12540051565858762,0.1243293035333188,0.12328015557670123,0.1222523855371586,0.12124533406478309,0.12026636630267325,0.11930675026689239,0.11836590347142098,0.117443265489841,0.11653829694470733,0.11566049502916764,0.11479919819524263,0.11395392863737977,0.11312422592337203,0.11230964623293839,0.11171452888926989,0.11113127830516452,0.11055956207983875,0.10999905934274608,0.10944946027049345,0.10891046562778924,0.10838178633103011,0.10786314303322711,0.10735426572905597,0.10685489337889693,0.10636477355080054,0.10588366207938703,0.10541132274074598,0.10494752694246533,0.10449205342797008,0.10404468799440418,0.10360522322333347,0.1031734582235947,0.10274919838565187,0.10233225514686524,0.101922445767107,0.10151959311419644,0.10112352545865541,0.10073407627731379,0.10035108406532317,0.09997439215616094,0.09960384854923052,0.09923930574468708,0.09888062058513697,0.09852765410387951,0.09818027137937807,0.09783834139566444,0.09750173690839567,0.0971703343162989,0.09684401353775292,0.09652265789226948,0.09620615398664828,0.09589439160559322,0.0955872636065874,0.09528466581883466,0.09498649694608692,0.09469265847318283,0.09440305457613585,0.09411759203561411,0.09383618015366595,0.093558730673549,0.09328515770253022,0.09301537763752926,0.09274930909348457,0.09248687283432702,0.09222799170645134,0.0919725905745818,0.09172059625993169,0.09147193748056287,0.09122654479385536
90,0.15470198100854807,0.15336144406011676,0.15204732858102363,0.15075881890175918,0.14949513194543115,0.1482555155965792,0.14692320225378108,0.14561353570556249,0.14432589481809116,0.14305968095430893,0.14181431694862687,0.14059400125731522,0.13939343214520855,0.1382120896762038,0.1370494719237372,0.13590509419308527,0.1347894278094025,0.13369104883766464,0.13260951711885682,0.13154440718112717,0.13049530763440484,0.12947593439318955,0.12847173844253582,0.1274823443619736,0.1265073888602136,0.12554652029518196,0.12489560343210547,0.1242575932613789,0.12363213013275905,0.12301886680519157,0.1224174679294445,0.12182760955637392,0.12124897866934213,0.12068127273940518,0.12012419930197814,0.11957747555377087,0.11904082796886226,0.1185139919328572,0.11799671139413344,0.1174887385312498,0.11698983343564462,0.11649976380880728,0.11601830467315404,0.11554523809588807,0.11508035292516612,0.11462344453793391,0.11417431459883054,0.11373277082959839,0.11329862678846656,0.11287170165900573,0.11245182004798544,0.11203881179178465,0.11163251177093833,0.11123275973242244,0.11083940011930288,0.11045228190739388,0.11007125844859296,0.10969618732057489,0.10932693018254531,0.10896335263677241,0.1086053240956267,0.10825271765387655,0.10790540996599818,0.10756328112827222,0.10722621456545109,0.10689409692179103,0.10656681795625612,0.10624427044170764,0.10592635006790457,0.10561295534814848,0.10530398752941408,0.10499935050581584,0.1046989507352663,0.10440269715919187,0.1041105011251745,0.10382227631239783,0.10353793865977975,0.1032574062966793,0.10298059947607212,0.10270744051009274,0.10243785370784753
91,0.1742257164148304,0.17283142517712974,0.17146588591465994,0.1701281872747827,0.1688174549276919,0.16753284969485668,0.16613887072472075,0.1647707673583331,0.16342777372461717,0.16210915320549976,0.16081419705358346,0.15954761551147892,0.15830330341955617,0.15708062897568392,0.1558789834426605,0.15469778011345842,0.15354861800470854,0.15241866532603837,0.15130739761277723,0.15021430877785125,0.14913891032535806,0.1480961662579859,0.14707003772278412,0.1460600868186847,0.14506589042314083,0.14408703958655716,0.14344251213233344,0.14281031618637852,0.1421901194328918,0.14158160063245762,0.14098444917476577,0.14039836465291805,0.13982305645809956,0.13925824339347162,0.13870365330621767,0.1381590227367424,0.13762409658408672,0.13709862778668067,0.13658237701761147,0.1360751123936332,0.13557660919719422,0.1350866496108004,0.13460502246307318,0.13413152298590222,0.13366595258212452,0.13320811860319748,0.13275783413636374,0.13231491780083435,0.13187919355254388,0.13145049049705743,0.1310286427102316,0.13061348906625458,0.130204873072712,0.1298026427123428,0.12940665029116985,0.12901675229270484,0.12863280923794568,0.1282546855508977,0.12788224942936477,0.12751537272077013,0.12715393080277904,0.1267978024685079,0.1264468698161131,0.12610101814256763,0.125760135841439,0.1254241143044939,0.12509284782696392,0.1247662335163125,0.12444417120435457,0.12412656336258482,0.12381331502057905,0.12350433368733905,0.12319952927545819,0.12289881402798992,0.12260210244790817,0.12230931123005295,0.12202035919545945,0.12173516722797471,0.12145365821306868,0.12117575697875282,0.12090139023852194
92,0.19288195248204376,0.19145126052960348,0.19005271537734855,0.18868526461446594,0.1873478995889251,0.18603965315402043,0.18465938270668464,0.18330809750498536,0.18198488602539784,0.18068887300234998,0.17941921765716187,0.17817906126979724,0.17696361399206834,0.17577213092089142,0.17460389544429117,0.17345821792896168,0.17234322060941384,0.17124934551414978,0.17017598079035573,0.1691225368387495,0.1680884453297806,0.16708417167028203,0.16609801922639336,0.16512948254015922,0.16417807380587612,0.16324332212417755,0.16255011209508435,0.16187001130585624,0.16120267035966404,0.16054775137146068,0.15990492750808658,0.15927388255037667,0.15865431047603304,0.15804591506210425,0.15744840950598935,0.15686151606395252,0.15628496570619768,0.15571849778761376,0.15516185973335384,0.1546148067384652,0.1540771014808335,0.15354851384674958,0.15302882066844734,0.15251780547300267,0.15201525824201564,0.1515209751815352,0.15103475850171397,0.15055641620571322,0.15008576188740225,0.1496226145374247,0.14916679835722702,0.14871814258066646,0.1482764813028383,0.14784165331578109,0.14741350195073646,0.14699187492665924,0.14657662420468767,0.1461676058483013,0.14576467988890665,0.14536771019660513,0.14497656435591028,0.14459111354619356,0.14421123242664935,0.14383679902557933,0.14346769463380893,0.14310380370205475,0.1427450137420739,0.14239121523143208,0.14204230152173755,0.1416981687501931,0.14135871575432787,0.14102384398977544,0.1406934574509718,0.14036746259465374,0.14004576826604168,0.13972828562759873,0.13941492809026143,0.1391056112470422,0.13880025280890973,0.13849877254285625,0.13820109221206545
93,0.2099137746937987,0.20831410545683737,0.206751393662323,0.20522441073130598,0.20373197986475472,0.20227297334823585,0.20073727219824258,0.1992350494938205,0.19776523163744028,0.19632678846677024,0.19491873110289454,0.1935443743094701,0.19219846017683342,0.1908801147998166,0.1895884980217707,0.18832280184634592,0.18709166969908472,0.1858847655485344,0.18470137469430903,0.18354080885226765,0.18240240496990148,0.18129725630685553,0.1802128209688289,0.1791485111567682,0.1781037599174969,0.17707802025043654,0.1763093587512701,0.17555530425764906,0.17481546565220912,0.17408946476657336,0.17337693586170577,0.17267752513321627,0.17199089024021066,0.17131669985636916,0.17065463324202282,0.17000437983607533,0.16936563886668984,0.16873811897972973,0.16812153788400372,0.16751562201242415,0.166920106198243,0.16633473336557972,0.16575925423350063,0.16519342703295745,0.16463701723592972,0.16408979729615583,0.1635515464008726,0.16302205023301747,0.16250110074337756,0.1619884959321988,0.16148403963979774,0.16098754134574123,0.16049881597618534,0.1600176837189866,0.15954396984621938,0.15907750454375363,0.1586181227475654,0.15816566398646972,0.1577199722309827,0.15728089574803403,0.15684828696126646,0.15642200231667164,0.15600190215332568,0.15558785057899835,0.15517971535042327,0.15477736775802411,0.1543806825149066,0.15398953764993023,0.15360381440468715,0.15322339713422198,0.15284817321133426,0.15247803293431444,0.15211286943796964,0.1517525786078032,0.15139705899721917,0.151046211747627,0.1506999405113296,0.15035815137708214,0.15002075279821414,0.14968765552321328,0.1493587725286735
94,0.2323219831617639,0.23055618551837498,0.22882288018052283,0.2271211035365933,0.22544992919019172,0.2238084661446471,0.2220211102246853,0.22026190071081453,0.21853009671811185,0.21682498335414052,0.2151458705620084,0.21349924185968205,0.21187728641569134,0.21027938051842335,0.20870492137635963,0.20715332623715713,0.20564046671468544,0.2041493111499718,0.20267932869432226,0.20123000564822235,0.19980084477306004,0.19841256195397527,0.19704341751618287,0.19569295634869793,0.19436073757568048,0.1930463340086426,0.1921942157613642,0.19135835151099118,0.1905383044874667,0.18973365243521978,0.18894398702867382,0.18816891331589952,0.18740804918882245,0.18666102487849703,0.1859274824740566,0.18520707546403642,0.18449946829885036,0.1838043359732779,0.1831213636278891,0.1824502461684013,0.1817906879020233,0.18114240218990021,0.18050511111482273,0.17987854516341972,0.17926244292209298,0.1786565507860012,0.17806062268043793,0.1774744197939869,0.17689771032287324,0.17633026922596154,0.17577187798988422,0.17522232440381022,0.1746814023433922,0.17414891156345727,0.17362465749902742,0.17310845107427963,0.17260010851907653,0.1720994511927187,0.17160630541458569,0.1711205023013548,0.17064187761049762,0.1701702715897741,0.16970552883245682,0.16924749813803,0.16879603237812532,0.1683509883674624,0.16791222673957992,0.1674796118271481,0.16705301154666885,0.16663229728737453,0.1662173438041497,0.16580802911430567,0.1654042343980475,0.1650058439024804,0.16461274484900926,0.16422482734399282,0.16384198429251928,0.16346411131517816,0.16309110666770632,0.16272287116339476,0.1623593080981464
95,0.25054366258606287,0.248884561366983,0.2472667841048759,0.24568895153360956,0.2441497427664092,0.24264789224425368,0.2411235384730306,0.23963688012345338,0.23818669034993328,0.23677179265006584,0.23539105833682208,0.23404555027338422,0.23273198450776852,0.23144936593623594,0.23019673839466417,0.22897318280191029,0.22778224508736894,0.22661844685215807,0.22548097756525115,0.22436905700481524,0.22328193388262088,0.222224030412689,0.2211892753777886,0.2201770048694967,0.21918657875596673,0.21821737965233956,0.21736620264161174,0.21653083423111122,0.21571086027085987,0.21490588000981115,0.2141155055695768,0.2133393614429882,0.2125770840161108,0.21182832111241653,0.2110927315579025,0.21036998476602287,0.20965976034136727,0.20896174770109144,0.20827564571316085,0.20760116235053047,0.2069380143604325,0.20628592694799816,0.20564463347347925,0.20501387516238656,0.20439340082789398,0.20378296660490022,0.20318233569517327,0.20259127812303435,0.20200957050107127,0.20143699580539692,0.2008733431599976,0.2003184076297398,0.19977199002162782,0.19923389669392796,0.19870393937279318,0.1981819349760442,0.19766770544377987,0.19716107757550697,0.19666188287349648,0.19616995739208717,0.1956851415926741,0.19520728020412945,0.1947362220884201,0.19427182011119465,0.1938139310171261,0.19336241530980566,0.19291713713599543,0.1924779641740535,0.19204476752635782,0.1916174216155613,0.19119580408451922,0.19077979569973819,0.19036928025820143,0.18996414449743443,0.18956427800867895,0.1891695731530513,0.18877992498056492,0.1883952311519045,0.18801539186284288,0.18764030977119658,0.18726988992622284
96,0.27837243533045314,0.2764548879289232,0.27455490917399983,0.27267225809991047,0.27080669863471,0.2689579993959543,0.26682014329485715,0.26469430232297964,0.2625806265338712,0.26047925431007185,0.25839031284862896,0.256326849676371,0.2542761561711109,0.2522383151246224,0.25021340051931856,0.24820147791625521,0.24623310902789006,0.24427801574354274,0.24233621409184114,0.2404077142599905,0.2384925208745569,0.23663078139709265,0.23478247642891598,0.23294756678156603,0.23112600999826624,0.2293177605380915,0.22837941781902996,0.22745867815150542,0.22655507593605673,0.225668160790544,0.22479749694675857,0.22394266267572635,0.22310324974009677,0.22227886287211562,0.22146911927577342,0.22067364815181423,0.21989209024436798,0.21912409740805147,0.2183693321944496,0.21762746745695907,0.21689818597303662,0.21618118008295104,0.215476151344193,0.21478281020074735,0.21410087566647631,0.21343007502190944,0.21277014352377357,0.21212082412663608,0.21148186721607007,0.21085303035278158,0.21023407802717353,0.2096247814238465,0.20902491819556657,0.2084342722462549,0.20785263352257782,0.20727979781373956,0.2067155665590996,0.2061597466632582,0.20561215031827113,0.20507259483267284,0.2045409024670036,0.204016900275553,0.20350041995404408,0.20299129769299942,0.20248937403654257,0.20199449374639797,0.20150650567086933,0.20102526261858172,0.20055062123678782,0.20008244189404492,0.19962058856708112,0.19916492873167646,0.19871533325739288,0.19827167630599685,0.19783383523342218,0.19740169049513187,0.1969751255547405,0.19655402679576836,0.19613828343640183,0.19572778744714153,0.1953224334712262
97,0.31788088315118085,0.31656307098367503,0.3152544650984535,0.3139549341514851,0.31266434991795256,0.3113825871458866,0.3098709189773714,0.30836450685721256,0.30686342579241194,0.3053677461793017,0.303877533972624,0.3024029548561281,0.3009340653712061,0.29947091191103953,0.29801353732373775,0.29656198105007486,0.2951402084978167,0.2937245120715289,0.2923149073668365,0.2909114076096805,0.28951402375630575,0.2881544438529857,0.2868011879208675,0.2854542445508669,0.2841136010188457,0.28277924335054344,0.2821315426246762,0.28149485147972425,0.2808689055203323,0.28025344812388603,0.27964823016177154,0.2790530097328827,0.27846755190872785,0.2778916284895233,0.2773250177707033,0.2767675043193089,0.2762188787597503,0.2756789375684705,0.27514748287706225,0.27462432228342204,0.2741092686705429,0.2736021400325769,0.27310275930781486,0.2726109542182536,0.272126557115439,0.2716494048322889,0.2711793385406191,0.2707162036141085,0.2702598494964551,0.2698101295744868,0.26936690105600564,0.2689300248521525,0.2684993654640944,0.26807479087384345,0.26765617243902773,0.2672433847914453,0.2668363057392366,0.2664348161725241,0.26603879997237184,0.26564814392292563,0.2652627376266035,0.26488247342220916,0.26450724630584976,0.2641369538545438,0.26377149615241174,0.2634107757193444,0.2630546974420529,0.2627031685074036,0.26235609833795165,0.2620133985295853,0.2616749827912005,0.2613407668863279,0.2610106685766382,0.2606846075672537,0.2603625054537997,0.26004428567113,0.25972987344366444,0.259419195737279,0.2591121812126924,0.2588087601802937,0.25850886455636013
98,0.33462218242745617,0.3332126822104281,0.33186504185153076,0.33057718422632393,0.32934712800236676,0.3281729823205035,0.3270982391143715,0.32609081144978214,0.32514856149126115,0.3242694541702086,0.32345155145196536,0.3226896703112688,0.3219848329547727,0.32133537708254856,0.32073971699737674,0.3201963395630092,0.3196929820660465,0.31923790808865843,0.318829828233236,0.31846751004185403,0.31814977515808196,0.31785772464305406,0.31760663565018116,0.3173955053672663,0.31722337345987517,0.317089320071173,0.3165438424022234,0.316007332537385,0.3154795823113872,0.3149603894420481,0.3144495573272868,0.31394689485079735,0.313452216195935,0.31296534066738846,0.3124860925202391,0.31201430079603476,0.31154979916552417,0.3110924257777232,0.31064202311500166,0.3101984378538969,0.30976152073137897,0.30933112641630867,0.30890711338584037,0.3084893438065412,0.3080776834200066,0.30767200143276563,0.3072721704102819,0.306878066174865,0.3064895677073177,0.30610655705215356,0.30572891922622913,0.30535654213064084,0.3049893164657472,0.30462713564918176,0.3042698957367307,0.3039174953459548,0.30356983558244016,0.3032268199685706,0.30288835437471784,0.30255434695275046,0.30222470807176877,0.30189935025597664,0.30157818812460474,0.30126113833380497,0.30094811952043854,0.3006390522476846,0.30033385895239884,0.3000324638941555,0.2997347931059092,0.29944077434621424,0.2991503370529446,0.298863412298458,0.2985799327461515,0.2982998326083566,0.29802304760552556,0.2977495149266634,0.29747917319095857,0.2972119624105722,0.2969478239545421,0.2966867005137653,0.29642853606701863
99,0.33092227272150754,0.32869717132672543,0.32654038088480164,0.324449479311138,0.32242215458056317,0.32045619862342406,0.31861600420432673,0.31683887658423737,0.3151226513152822,0.3134652609555383,0.3118647298192806,0.31031586369945796,0.3088199501805858,0.30737526817140937,0.30598017001724953,0.30463307772781684,0.30332366444872577,0.3020588615022355,0.30083729363362777,0.29965764150564483,0.29851863896912817,0.2974062553074803,0.29633163088628023,0.295293659299995,0.29429127707456637,0.29332346167321255,0.292092462282434,0.2908846823239994,0.2896995044501338,0.28853633160083153,0.2873945861953026,0.2862737093620259,0.2851731602052426,0.2840924151058599,0.2830309670548693,0.28198832501750043,0.28096401332644627,0.27995757110259917,0.2789685517018323,0.2779965221864534,0.27704106282003765,0.27610176658443075,0.2751782387177753,0.27427009627249505,0.2733769676922198,0.2724984924067061,0.27163432044385266,0.2707841120579692,0.2699475373735001,0.2691242760434511,0.2683140169218116,0.26751645774929805,0.26673130485178864,0.26595827285084944,0.2651970843857845,0.2644474698466759,0.26370916711790443,0.2629819213316729,0.26226548463107546,0.26155961594228117,0.2608640807554254,0.26017865091381825,0.2595031044111041,0.2588372251960221,0.25818080298443596,0.25753363307831784,0.2568955161913876,0.256266258281122,0.2556456703868632,0.25503356847377,0.25442977328236593,0.2538341101834505,0.25324640903815376,0.25266650406291963,0.2520942336992185,0.25152944048779685,0.25097197094727963,0.25042167545695126,0.24987840814354956,0.24934202677191145,0.24881239263932123
100,0.3596346095395619,0.3566495171249877,0.35370064741228413,0.35078730220956267,0.3479088030050475,0.3450644901318065,0.341830123969755,0.3386238311416898,0.3354455153024739,0.3322950718783465,0.32917238852433167,0.3260951260221027,0.3230454860922514,0.3200233171586972,0.31702846245110605,0.31406076035216884,0.3111616960201979,0.30828957504049254,0.3054441879005007,0.30262532323301194,0.2998327680296803,0.2971207642579192,0.2944346814163982,0.29177426521187816,0.2891392623381436,0.2865294205694137,0.28509930231451625,0.2836972704963957,0.28232254943201207,0.28097438995810275,0.27965206833480766,0.2783548852032349,0.27708216459387075,0.27583325298293665,0.2746075183939902,0.2734043495422388,0.27222315501919575,0.27106336251546426,0.2699244180795682,0.268805785410883,0.26770694518483806,0.2666273944086757,0.26556664580615347,0.26452422722967966,0.2634996810984537,0.26249256386127723,0.261502445482772,0.2605289089518207,0.25957154981111175,0.25862997570673496,0.25770380595683506,0.2567926711383852,0.25589621269119694,0.2550140825383307,0.25414594272211877,0.25329146505505457,0.25245033078484336,0.25162223027294806,0.250806862685999,0.2500039356994707,0.2492131652130592,0.24843427507722587,0.24766699683039814,0.2469110694463466,0.24616623909128207,0.2454322588902382,0.2447088887023305,0.24399589490449872,0.2432930501833641,0.2426001333348478,0.24191692907121587,0.24124322783523225,0.24057882562111793,0.23992352380202653,0.23927712896376263,0.23863945274448312,0.238010311680131,0.23738952705536573,0.2367769247597645,0.23617233514907876,0.23557559291134253
