Age,2020,2021,2022,2023,2024,2025,2026,2027,2028,2029,2030,2031,2032,2033,2034,2035,2036,2037,2038,2039,2040,2041,2042,2043,2044,2045,2046,2047,2048,2049,2050,2051,2052,2053,2054,2055,2056,2057,2058,2059,2060,2061,2062,2063,2064,2065,2066,2067,2068,2069,2070,2071,2072,2073,2074,2075,2076,2077,2078,2079,2080,2081,2082,2083,2084,2085,2086,2087,2088,2089,2090,2091,2092,2093,2094,2095,2096,2097,2098,2099,2100
0,0.001627904827512454,0.0015988526006753072,0.0015710303185464307,0.0015443664996813134,0.0015187947380091598,0.0014942532793974824,0.0014706846387261292,0.001448035253111762,0.0014262551674435766,0.0014052977488428966,0.0013851194270527976,0.0013656794581074683,0.0013469397089312177,0.0013288644607801416,0.0013114202296701173,0.0012945756021376905,0.0012783010848588445,0.001262568966808098,0.0012473531927793206,0.0012326292472126037,0.0012183740473803498,0.001204565845082315,0.0011911841360851098,0.0011782095766179209,0.0011656239063041246,0.0011534098769691024,0.001141551186818574,0.0011300324195301801,0.0011188389878442916,0.0011079570812788137,0.0010973736176275637,0.001087076197933029,0.001077053064652449,0.0010672930627614306,0.0010577856035621366,0.0010485206309836226,0.0010394885901804925,0.0010306803982528265,0.0010220874169255116,0.0010137014270388716,0.0010055146047149685,0.0009975194990752608,0.0009897090113955744,0.0009820763755937006,0.0009746151399534118,0.0009673191499964735,0.0009601825324212199,0.0009531996800327577,0.0009463652375957048,0.0009396740885457526,0.0009331213425012293,0.0009267023235203666,0.0009204125590540573,0.0009142477695476738,0.0009082038586489765,0.0009022769039823083,0.0008964631484521914,0.0008907589920421299,0.0008851609840768751,0.0008796658159186756,0.0008742703140701447,0.0008689714336582872,0.0008637662522760054,0.0008586519641590566,0.0008536258746779238,0.0008486853951254972,0.000843828037782719,0.0008390514112455749,0.000834353215997899,0.000829731240215496,0.0008251833557880485,0.0008207075145461325,0.0008163017446815109,0.0008119641473496109,0.0008076928934438296,0.0008034862205319273,0.0007993424299454183,0.0007952598840134146,0.0007912370034329106,0.0007872722647680006,0.0007833641980709613
1,0.00031924875712210156,0.000314781582439122,0.00031048695331686974,0.0003063555970183475,0.0003023788513311925,0.0002985486170802701,0.0002948573149066376,0.00029129784587864614,0.00028786355555024607,0.000284548201124669,0.00028134592141948055,0.0002782512093621733,0.0002752588867746808,0.00027236408123092036,0.0002695622047941868,0.0002668489344613052,0.0002642201941582124,0.00026167213814743794,0.00025920113572192396,0.00025680375707211095,0.0002544767602242925,0.0002522170789581413,0.0002500218116201582,0.0002478882107576793,0.0002458136735051747,0.00024379573266089812,0.00024183204839765384,0.0002399204005565614,0.0002380586814773019,0.00023624488932247158,0.000234477121857428,0.00023275357065035625,0.00023107251566037228,0.00022943232018420246,0.00022783142613450605,0.00022626834962515588,0.00022474167684084697,0.0002232500601702827,0.0002217922145838639,0.00022036691423836798,0.0002189729892924958,0.00021760932291845674,0.00021627484849591762,0.0002149685469757249,0.00021368944440176501,0.00021243660958023203,0.00021120915188638725,0.00021000621919963465,0.00020882699595842466,0.00020767070132713793,0.00020653658746765482,0.00020542393790886672,0.0002043320660078693,0.00020326031349701183,0.00020220804911141085,0.00020117466729189872,0.00020015958695874023,0.00019916225035176784,0.00019818212193288619,0.00019721868734717615,0.00019627145243907655,0.00019533994232036648,0.00019442370048687992,0.00019352228798109823,0.00019263528259794431,0.0001917622781312762,0.00019090288365874889,0.00019005672286285236,0.0001892234333860764,0.00018840266621828752,0.0001875940851145126,0.00018679736604144842,0.00018601219665110802,0.00018523827578012595,0.00018447531297331856,0.0001837230280301957,0.0001829811505731876,0.00018224941963643101,0.00018152758327402024,0.00018081539818670452,0.00018011262936605825
2,0.00016415388732077488,0.00016170121056471827,0.00015934550896304275,0.0001570814651669582,0.00015490411885876526,0.00015280883846892915,0.00015079129547600434,0.0001488474410227284,0.00014697348461225666,0.00014516587467529345,0.00014342128082229274,0.00014173657761547092,0.0001401088297134013,0.00013853527825685345,0.00013701332837852938,0.00013554053773170245,0.00013411460594369508,0.00013273336490979824,0.00013139476985181745,0.0001300968910730515,0.00012883790634828497,0.00012761609389341303,0.00012642982586469884,0.0001252775623424766,0.0001241578457584041,0.00012306929572922546,0.00012201060426345067,0.00012098053131045604,0.00011997790062429096,0.00011900159591698243,0.0001180505572783787,0.0001171237778416059,0.00011622030067505286,0.00011533921588344015,0.00011447965790204884,0.00011364080296952188,0.00011282186676589065,0.00011202210220359481,0.00011124079736026989,0.00011047727354300053,0.00010973088347457646,0.00010900100959304444,0.00010828706245654977,0.00010758847924608712,0.00010690472235936706,0.00010623527808952385,0.00010557965538287755,0.00010493738467040633,0.00010430801676798243,0.00010369112184080611,0.0001030862884278011,0.00010249312252205502,0.00010191124670367102,0.00010134029932166152,0.0001007799337217556,0.00010022981751721672,9.968963189997106e-05,9.915907098953945e-05,9.863784121743357e-05,9.812566074484691e-05,9.762225891161358e-05,9.712737571454699e-05,9.664076131340117e-05,9.61621755628099e-05,9.569138756867117e-05,9.5228175267545e-05,9.477232502772595e-05,9.432363127073878e-05,9.388189611208513e-05,9.344692902014686e-05,9.301854649221676e-05,9.259657174669719e-05,9.218083443056344e-05,9.177117034124634e-05,9.136742116213988e-05,9.096943421098962e-05,9.057706220046205e-05,9.019016301023627e-05,8.980859947000046e-05,8.943223915277391e-05,8.906095417800299e-05
3,0.00014590248182607505,0.00014414895561025673,0.00014245982654403946,0.00014083178230732348,0.00013926171940315126,0.00013774672756346925,0.00013628407550606315,0.00013487119790940556,0.00013350568348687128,0.00013218526405470155,0.00013090780449946334,0.00012967129356075916,0.0001284738353537806,0.00012731364156410687,0.0001261890242540729,0.0001250983892261562,0.0001240402298942878,0.00012301312161883574,0.0001220157164653288,0.00012104673835084069,0.00012010497854539441,0.00011918929149882829,0.00011829859096631939,0.00011743184640823736,0.00011658807964221809,0.0001157663617273464,0.00011496581006213625,0.00011418558567960982,0.00011342489072424942,0.00011268296609690127,0.00011195908925492106,0.00011125257215591586,0.00011056275933442524,0.00010988902610176871,0.00010923077686009448,0.00010858744352239208,0.00010795848403090547,0.0001073433809669829,0.00010674164024595356,0.0001061527898911314,0.00010557637888149682,0.00010501197606803465,0.00010445916915409082,0.00010391756373545685,0.00010338678239622017,0.00010286646385670912,0.00010235626217013449,0.00010185584596477832,0.00010136489772880869,0.00010088311313500885,0.00010041020040290499,9.99458796959525e-05,9.948988255160517e-05,9.90419513422451e-05,9.860183876508705e-05,9.81693073593057e-05,9.774412904874476e-05,9.7326084708688e-05,9.691496375526381e-05,9.651056375615623e-05,9.611269006137938e-05,9.572115545295648e-05,9.533577981241318e-05,9.495638980507512e-05,9.45828185802127e-05,9.421490548614706e-05,9.385249579947814e-05,9.349544046765389e-05,9.31435958641468e-05,9.279682355554499e-05,9.245499007991509e-05,9.211796673582427e-05,9.178562938145243e-05,9.145785824325755e-05,9.113453773368465e-05,9.081555627744826e-05,9.050080614593477e-05,9.019018329930667e-05,8.988358723590829e-05,8.958092084860075e-05,8.928209028766877e-05
4,0.000144281559051063,0.00014286673466415057,0.00014150085510321938,0.00014018153230218285,0.0001389065208884778,0.00013767370805622503,0.00013648110427824577,0.0001353268347773022,0.00013420913168544864,0.00013312632682788825,0.00013207684507434998,0.0001310591982068645,0.00013007197925799855,0.00012911385727822032,0.0001281835724951475,0.0001272799318310772,0.00012640180474844244,0.00012554811939573376,0.00012471785902901377,0.0001239100586864764,0.00012312380209557658,0.00012235821879411988,0.00012161248144838755,0.00012088580335287017,0.00012017743609754952,0.00011948666738989679,0.00011881281901985451,0.00011815524495708043,0.00011751332957063148,0.00011688648596209181,0.00011627415440389147,0.00011567580087523738,0.00011509091568870017,0.00011451901220104967,0.00011395962560245117,0.00011341231177859128,0.00011287664624073178,0.00011235222311907367,0.00011183865421516595,0.00011133556810942297,0.0001108426093201039,0.00011035943751038382,0.00010988572674039121,0.00010942116476132011,0.00010896545234893051,0.0001085183026739454,0.00010807944070702982,0.00010764860265620258,0.00010722553543467929,0.0001068099961572864,0.00010640175166371127,0.00010600057806697499,0.00010560626032562306,0.0001052185918382256,0.00010483737405888163,0.00010446241613249771,0.00010409353454869991,0.00010373055281330724,0.00010337330113636777,0.000103021616135818,0.00010267534055588907,0.00010233432299943747,0.00010199841767343026,0.00010166748414685912,0.00010134138712040656,0.00010101999620722753,0.0001007031857242456,0.00010039083449340357,0.00010008282565233679,9.977904647397526e-05,9.947938819460133e-05,9.9183745849928e-05,9.889201811877594e-05,9.86041071739636e-05,9.83199185400377e-05,9.80393609574971e-05,9.776234625318264e-05,9.74887892165216e-05,9.721860748133499e-05,9.695172141293079e-05,9.668805400022219e-05
5,0.00013051155266879908,0.0001293633545220297,0.00012825376284954695,0.00012718094149890384,0.00012614316115675662,0.00012513879195774646,0.00012416629669205056,0.00012322422455581438,0.0001223112053945655,0.0001214259443948924,0.00012056721718425463,0.00011973386530286112,0.00011892479201514288,0.00011813895843156482,0.0001173753799143528,0.00011663312274327116,0.00011591130101983869,0.0001152090737904098,0.00011452564237035768,0.00011386024785322892,0.00011321216879019661,0.00011258071902645873,0.00011196524568240861,0.00011136512726846916,0.00011077977192345336,0.00011020861576717099,0.00010965112135879871,0.00010910677625323909,0.00010857509164833643,0.00010805560111640987,0.00010754785941409277,0.00010705144136494892,0.00010656594080978523,0.0001060909696199712,0.00010562615676945204,0.00010517114746146813,0.00010472560230630466,0.00010428919654667224,0.00010386161932757576,0.00010344257300776152,0.00010303177251004996,0.00010262894470805607,0.00010223382784698258,0.00010184617099633596,0.00010146573353256781,0.00010109228464978852,0.00010072560289682488,0.00010036547573901713,0.00010001169914325944,9.966407718488961e-05,9.93224216751299e-05,9.898655180786386e-05,9.865629382462004e-05,9.833148069670376e-05,9.801195182348892e-05,9.769755274594603e-05,9.738813487454011e-05,9.708355523069265e-05,9.678367620104451e-05,9.648836530381233e-05,9.61974949665701e-05,9.59109423148322e-05,9.562858897085019e-05,9.535032086207023e-05,9.507602803873722e-05,9.480560450015467e-05,9.453894802914557e-05,9.427596003428094e-05,9.401654539947277e-05,9.376061234054648e-05,9.350807226843616e-05,9.325883965866169e-05,9.301283192676695e-05,9.276996930942055e-05,9.253017475088971e-05,9.229337379462251e-05,9.205949447968296e-05,9.182846724179798e-05,9.160022481879093e-05,9.137470216018698e-05,9.115183634078578e-05
6,0.00014599430286492545,0.00014482658642097113,0.00014369723415934716,0.0001426044593395758,0.00014154657690564908,0.0001405219966011434,0.00013952921663159748,0.00013856681782394318,0.00013763345823799978,0.0001367278681896668,0.0001358488456495365,0.0001349952519842705,0.00013416600801130724,0.00013336009034033405,0.00013257652797750706,0.00013181439917068404,0.00013107282847597398,0.0001303509840277282,0.00012964807499573738,0.00012896334921486398,0.0001282960909736603,0.0001276456189497161,0.000127011284280539,0.0001263924687597525,0.0001257885831492577,0.00012519906559880202,0.000124623380165109,0.00012406101542337882,0.00012351148316454952,0.00012297431717225114,0.0001224490720738673,0.00012193532226056564,0.00012143266087155667,0.00012094069883821674,0.00012045906398404051,0.00011998740017669891,0.00011952536652875909,0.00011907263664388289,0.00011862889790555106,0.0001181938508055829,0.00011776720830991428,0.0001173486952592857,0.00011693804780265334,0.0001165350128612957,0.00011613934762172805,0.00011575081905566852,0.00011536920346542186,0.00011499428605315538,0.00011462586051264891,0.00011426372864219367,0.000113907699977401,0.00011355759144276671,0.00011321322702091377,0.00011287443743849998,0.00011254105986784724,0.0001122129376434085,0.0001118899199922446,0.00011157186177773083,0.00011125862325577075,0.00011095006984282877,0.00011064607189514371,0.0001103465044985199,0.00011005124726812945,0.000109760184157795,0.00010947320327825167,0.00010919019672391703,0.00010891106040772808,0.00010863569390362489,0.0001083640002962891,0.00010809588603776712,0.00010783126081062668,0.00010757003739731868,0.00010731213155543094,0.00010705746189854237,0.00010680594978239714,0.00010655751919613913,0.00010631209665835506,0.0001060696111176965,0.00010582999385785339,0.0001055931784066743,0.0001053591004492302
7,0.00016318544929904598,0.0001626521723041971,0.00016213398711883967,0.00016163028321314798,0.00016114047969380767,0.00016066402359681084,0.0001602003882981633,0.00015974907203277397,0.0001593095965127321,0.0001588815056370283,0.00015846436428550755,0.00015805775719051747,0.00015766128788030818,0.00015727457768876957,0.00015689726482657533,0.0001565290035092265,0.0001561694631378815,0.00015581832752919854,0.00015547529419074064,0.00015514007363877155,0.00015481238875552887,0.00015449197418329903,0.0001541785757528247,0.00015387194994377146,0.00015357186337515576,0.00015327809232379557,0.00015299042226899157,0.00015270864746177665,0.0001524325705172015,0.00015216200202822772,0.00015189676019990349,0.00015163667050259604,0.0001513815653431379,0.00015113128375281762,0.0001508856710912318,0.00015064457876507007,0.00015040786396097427,0.00015017538939166407,0.00014994702305458338,0.00014972263800236012,0.00014950211212442545,0.00014928532793917503,0.00014907217239609912,0.00014886253668733844,0.00014865631606816006,0.0001484534096858785,0.0001482537204167749,0.00014805715471059302,0.00014786362244222003,0.00014767303677017983,0.00014748531400158676,0.00014730037346323473,0.00014711813737850837,0.00014693853074982606,0.00014676148124633518,0.00014658691909660395,0.00014641477698606046,0.00014624498995894746,0.00014607749532457456,0.00014591223256765868,0.00014574914326255663,0.0001455881709912062,0.000145429261264595,0.00014527236144759598,0.00014511742068700896,0.00014496438984265664,0.00014481322142139853,0.00014466386951392216,0.00014451628973418754,0.0001443704391614045,0.00014422627628442268,0.00014408376094843055,0.00014394285430385746,0.00014380351875737678,0.00014366571792492284,0.0001435294165866256,0.00014339458064358153,0.00014326117707638117,0.00014312917390531244,0.00014299854015216936,0.00014286924580359496
8,0.00014226272689959001,0.00014180205259354915,0.0001413544022489315,0.00014091924951315779,0.0001404960935533498,0.00014008445758816095,0.00013968388752089826,0.0001392939506655793,0.0001389142345583796,0.00013854434584764677,0.0001381839092562925,0.00013783256661095217,0.0001374899759328027,0.00013715581058539877,0.00013682975847528644,0.00013651152130152711,0.00013620081385059982,0.00013589736333343843,0.00013560090876164494,0.00013531120036014858,0.0001350279990138156,0.00013475107574570475,0.00013448021122485073,0.00013421519530162232,0.0001339558265688514,0.00013370191194706865,0.0001334532662923047,0.0001332097120250287,0.0001329710787789096,0.0001327372030681663,0.00013250792797237721,0.0001322831028376862,0.0001320625829934269,0.0001318462294832494,0.00013163390880989497,0.0001314254926928302,0.00013122085783799455,0.00013101988571897336,0.00013082246236894823,0.00013062847818282332,0.00013043782772895765,0.0001302504095699807,0.00013006612609219015,0.00012988488334306908,0.0001297065908764888,0.00012953116160518394,0.0001293585116601183,0.00012918856025637991,0.0001290212295652644,0.00012885644459222903,0.00012869413306041514,0.00012853422529945392,0.00012837665413929384,0.0001282213548087918,0.0001280682648388347,0.0001279173239697641,0.00012776847406289484,0.00012762165901592724,0.0001274768246820607,0.00012733391879263508,0.00012719289088312575,0.00012705369222233644,0.00012691627574463413,0.00012678059598508724,0.00012664660901736665,0.00012651427239428336,0.00012638354509083942,0.00012625438744967736,0.0001261267611288155,0.00012600062905156838,0.00012587595535854863,0.00012575270536166098,0.00012563084549999456,0.00012551034329753041,0.00012539116732258394,0.00012527328714890247,0.00012515667331834844,0.0001250412973050957,0.00012492713148127277,0.0001248141490839922,0.0001247023241837024
9,0.00013846172484001127,0.00013796689120233445,0.00013748620712396862,0.00013701909435920738,0.00013656500307535454,0.00013612341019464465,0.00013569381785198122,0.00013527575195886268,0.00013486876086479262,0.00013447241410831481,0.00013408630125055074,0.00013371003078477525,0.0001333432291161613,0.00013298553960635554,0.000132636621678014,0.00013229614997486047,0.00013196381357320994,0.00013163931524124513,0.0001313223707426484,0.00013101270818146848,0.0001307100673853651,0.0001304141993245935,0.00013012486556431176,0.0001298418377479808,0.00012956489710979642,0.0001292938340142569,0.0001290284475211111,0.0001287685449740617,0.00012851394161172313,0.0001282644601994397,0.0001280199306806725,0.00012778018984675483,0.00012754508102390356,0.00012731445377644855,0.00012708816362531555,0.00012686607178086372,0.0001266480448892436,0.000126433954791489,0.0001262236782946178,0.0001260170969540591,0.00012581409686676656,0.00012561456847442914,0.00012541840637621344,0.00012522550915051975,0.00012503577918526106,0.0001248491225162052,0.00012466544867294823,0.00012448467053211557,0.00012430670417740904,0.00012413146876614215,0.00012395888640192917,0.0001237888820132063,0.00012362138323729335,0.00012345632030970823,0.00012329362595847468,0.00012313323530316843,0.00012297508575847142,0.00012281911694200554,0.0001226652705862403,0.00012251349045427356,0.0001223637222592981,0.00012221591358757493,0.0001220700138247476,0.0001219259740853372,0.00012178374714526625,0.00012164328737727137,0.0001215045506890666,0.00012136749446413101,0.00012123207750499878,0.00012109825997893492,0.0001209660033658897,0.000120835270408625,0.00012070602506491616,0.00012057823246173314,0.00012045185885131442,0.00012032687156904819,0.00012020323899307738,0.00012008093050555709,0.00011995991645548649,0.00011984016812304934,0.00011972165768539467
10,0.00012591798299284234,0.0001253301276689831,0.00012475970134683123,0.00012420596640518,0.00012366822298454588,0.0001231458066870736,0.00012263808644319733,0.00012214446253080795,0.00012166436473409184,0.00012119725063045083,0.00012074260399503215,0.00012029993331337947,0.0001198687703936063,0.00011944866907028266,0.00011903920399293151,0.00011863996949267008,0.00011825057852109738,0.0001178706616560486,0.00011749986616929424,0.00011713785515168273,0.0001167843066916021,0.00011643891310297608,0.00011610138019932252,0.00011577142661067978,0.00011544878314046332,0.00011513319215954535,0.00011482440703506281,0.00011452219159165358,0.0001142263196029873,0.00011393657431163166,0.00011365274797542857,0.00011337464143869711,0.00011310206372669988,0.0001128348316619229,0.00011257276950082448,0.0001123157085897977,0.00011206348703918971,0.00011181594941428922,0.00011157294644227715,0.00011133433473419929,0.00011109997652108496,0.00011086973940339333,0.00011064349611302198,0.0001104211242871664,0.00011020250625335831,0.00010998752882506196,0.00010977608310723942,0.0001095680643113401,0.00010936337157919575,0.0001091619078153431,0.00010896357952731834,0.0001087682966734998,0.00010857597251809871,0.00010838652349292168,0.00010819986906555335,0.00010801593161362529,0.00010783463630485752,0.00010765591098257956,0.0001074796860564508,0.00010730589439811997,0.00010713447124157341,0.00010696535408794332,0.00010679848261454982,0.00010663379858797333,0.00010647124578095682,0.00010631076989295549,0.00010615231847415339,0.00010599584085278449,0.00010584128806559685,0.0001056886127913149,0.00010553776928695352,0.00010538871332685215,0.0001052414021443042,0.00010509579437565537,0.00010495185000676242,0.00010480953032169997,0.00010466879785361391,0.00010452961633762382,0.00010439195066567949,0.00010425576684328638,0.00010412103194801231
11,0.0001442209152106362,0.00014388537434967087,0.0001435590252836131,0.00014324150798711467,0.00014293247923121373,0.000142631611656695,0.00014233859290908074,0.00014205312483029067,0.00014177492270248278,0.0001415037145400149,0.00014123924042583916,0.00014098125188897413,0.0001407295113200075,0.0001404837914218446,0.00014024387469316183,0.00014000955294224125,0.00013978062682905992,0.00013955690543367873,0.00013933820584914394,0.0001391243527972495,0.0001389151782656437,0.00013871052116488613,0.00013851022700416064,0.0001383141475844535,0.00013812214070809802,0.00013793406990366072,0.0001377498041652273,0.0001375692177052085,0.00013739218971985483,0.00013721860416671878,0.0001370483495533639,0.0001368813187366636,0.000136717408732078,0.00013655652053234016,0.00013639855893501676,0.0001362434323784518,0.00013609105278561976,0.00013594133541546208,0.00013579419872129277,0.00013564956421589655,0.00013550735634295714,0.00013536750235448397,0.00013522993219391746,0.00013509457838462106,0.00013496137592347847,0.00013483026217933335,0.00013470117679602843,0.000134574061599806,0.00013444886051085708,0.00013432551945880702,0.00013420398630194656,0.00013408421075002092,0.00013396614429040757,0.00013384974011751408,0.00013373495306524434,0.00013362173954238198,0.00013351005747075853,0.00013339986622606896,0.00013329112658121145,0.0001331838006520367,0.00013307785184538928,0.00013297324480934173,0.00013286994538551218,0.0001327679205633805,0.0001326671384365014,0.00013256756816053787,0.0001324691799130258,0.0001323719448547977,0.00013227583509298804,0.00013218082364554987,0.00013208688440721997,0.0001319939921168628,0.0001319021223261382,0.00013181125136943117,0.0001317213563349931,0.00013163241503723517,0.00013154440599013324,0.0001314573083816892,0.00013137110204940622,0.00013128576745673586,0.00013120128567045396
12,0.00016732888610961785,0.00016737955612817058,0.00016742896634262624,0.00016747716136989577,0.0001675241840073486,0.00016757007531831847,0.00016761487471269302,0.00016765862002295174,0.00016770134757598443,0.00016774309226098356,0.0001677838875936898,0.0001678237657772353,0.00016786275775981105,0.00016790089328936643,0.0001679382009655335,0.0001679747082889442,0.0001680104417081095,0.00016804542666400124,0.0001680796876324777,0.00016811324816467683,0.00016814613092549678,0.00016817835773027086,0.0001682099495797352,0.00016824092669338986,0.00016827130854133297,0.00016830111387465486,0.00016833036075446692,0.00016835906657963436,0.0001683872481132824,0.00016841492150813895,0.00016844210233076665,0.0001684688055847475,0.0001684950457328661,0.0001685208367183412,0.00016854619198515387,0.0001685711244975133,0.00016859564675850128,0.00016861977082793502,0.00016864350833948295,0.0001686668705170712,0.0001686898681906093,0.00016871251181106795,0.00016873481146494003,0.00016875677688810907,0.0001687784174791539,0.00016879974231211227,0.00016882076014873226,0.00016884147945022584,0.00016886190838855388,0.0001688820548572594,0.00016890192648186698,0.00016892153062987187,0.00016894087442033014,0.000168959964733072,0.0001689788082175507,0.0001689974113013451,0.00016901578019832764,0.00016903392091651386,0.0001690518392656052,0.00016906954086424019,0.00016908703114696112,0.00016910431537091406,0.00016912139862228847,0.0001691382858225099,0.00016915498173419307,0.0001691714909668677,0.00016918781798248506,0.00016920396710071406,0.00016921994250403456,0.000169235748242639,0.0001692513882391453,0.00016926686629313402,0.00016928218608551143,0.00016929735118270908,0.00016931236504072561,0.00016932723100901556,0.000169341952334232,0.00016935653216383116,0.00016937097354954004,0.00016938527945069425,0.00016939945273745447
13,0.00010788080690640822,0.00010745745907654758,0.00010704635950931407,0.00010664700191245809,0.00010625890521041704,0.00010588161205158774,0.00010551468742117254,0.00010515771735073535,0.00010481030771647918,0.00010447208311901898,0.00010414268583811367,0.00010382177485642694,0.00010350902494693792,0.00010320412581910501,0.00010290678131932821,0.00010261670868164593,0.00010233363782495584,0.00010205731069336932,0.00010178748063659352,0.00010152391182749769,0.00010126637871425064,0.00010101466550463455,0.00010076856568032816,0.00010052788153912824,0.00010029242376324285,0.00010006201101192564,9.98364695368612e-05,9.961563281882704e-05,9.93993412242703e-05,9.918744168053748e-05,9.897978736858586e-05,9.877623743209455e-05,9.857665670196548e-05,9.838091543528011e-05,9.818888906784021e-05,9.800045797948303e-05,9.781550727141579e-05,9.763392655486788e-05,9.745560975040171e-05,9.728045489727319e-05,9.710836397226577e-05,9.693924271746675e-05,9.677300047648397e-05,9.660955003863359e-05,9.644880749066237e-05,9.629069207559139e-05,9.613512605829762e-05,9.598203459746896e-05,9.583134562359506e-05,9.568298972267512e-05,9.55369000253401e-05,9.539301210110915e-05,9.525126385751498e-05,9.511159544384701e-05,9.497394915927673e-05,9.483826936514467e-05,9.470450240119819e-05,9.457259650558276e-05,9.444250173840256e-05,9.431416990867023e-05,9.418755450448356e-05,9.40626106262694e-05,9.393929492294794e-05,9.381756553087461e-05,9.369738201542959e-05,9.357870531512522e-05,9.346149768811655e-05,9.334572266099686e-05,9.323134497977656e-05,9.311833056293908e-05,9.300664645648018e-05,9.289626079083905e-05,9.278714273963315e-05,9.267926248011624e-05,9.257259115527921e-05,9.246710083752173e-05,9.23627644938227e-05,9.225955595234194e-05,9.21574498703905e-05,9.205642170370856e-05,9.195644767699184e-05
14,0.00017749979202026414,0.0001776346945557663,0.00017776630239071408,0.00017789472996818475,0.00017802008719386032,0.00017814247964145622,0.00017826200874676153,0.00017837877199111037,0.0001784928630750476,0.00017860437208286147,0.0001787133856386081,0.00017881998705419162,0.00017892425647001218,0.00017902627098866062,0.00017912610480208465,0.00017922382931263053,0.0001793195132483229,0.0001794132227727216,0.00017950502158966723,0.00017959497104320498,0.0001796831302129548,0.00017976955600517358,0.0001798543032397471,0.00017993742473332015,0.0001800189713787724,0.0001800989922212243,0.00018017753453074988,0.00018025464387196188,0.00018033036417062316,0.00018040473777743046,0.0001804778055291062,0.0001805496068069278,0.0001806201795928141,0.0001806895605230853,0.00018075778494000173,0.00018082488694118735,0.0001808908994270279,0.00018095585414614192,0.0001810197817390077,0.00018108271177982605,0.00018114467281670036,0.0001812056924102071,0.00018126579717042394,0.0001813250127924855,0.0001813833640907274,0.00018144087503148162,0.00018149756876457653,0.0001815534676536015,0.0001816085933049826,0.00018166296659592428,0.0001817166077012583,0.00018176953611925297,0.00018182177069641669,0.00018187332965134554,0.00018192423059764794,0.00018197449056598568,0.00018202412602527106,0.00018207315290304774,0.0001821215866050929,0.00018216944203427156,0.00018221673360867066,0.00018226347527904426,0.00018230968054559697,0.00018235536247412915,0.00018240053371157416,0.00018244520650094638,0.00018248939269572878,0.00018253310377371542,0.0001825763508503367,0.00018261914469148513,0.00018266149572585813,0.00018270341405684376,0.00018274490947395837,0.00018278599146386287,0.0001828266692209645,0.00018286695165762974,0.0001829068474140145,0.00018294636486753283,0.0001829855121419749,0.00018302429711628858,0.0001830627274330386
15,0.00014542527641245407,0.00014490421047882,0.00014439804884855886,0.00014390618224673386,0.0001434280313469585,0.00014296304502303743,0.00014251069872277112,0.00014207049295376142,0.00014164195187204602,0.00014122462196525736,0.00014081807082280155,0.00014042188598623086,0.00014003567387362443,0.00013965905877233898,0.0001392916818949973,0.00013893320049402751,0.00013858328703047904,0.00013824162839319308,0.00013790792516475028,0.00013758189093089775,0.00013726325163044463,0.00013695174494284521,0.00013664711971091763,0.00013634913539634566,0.00013605756156579221,0.00013577217740562422,0.00013549277126339483,0.00013521914021437205,0.00013495108965153028,0.00013468843289753292,0.00013443099083734598,0.00013417859157021565,0.0001339310700798372,0.00013368826792161965,0.00013345003292603033,0.00013321621891707156,0.00013298668544500835,0.00013276129753251844,0.00013253992543350182,0.00013232244440382633,0.00013210873448334052,0.00013189868028852354,0.00013169217081518663,0.00013148909925067125,0.00013128936279503027,0.00013109286249070835,0.00013089950306026412,0.00013070919275170824,0.00013052184319105827,0.00013033736924172978,0.00013015568887041155,0.00012997672301908998,0.00012980039548290766,0.00012962663279355996,0.00012945536410795272,0.0001292865211018533,0.00012912003786828935,0.0001289558508204612,0.00012879389859894296,0.00012863412198296673,0.00012847646380558948,0.00012832086887255506,0.00012816728388467694,0.0001280156573635698,0.00012786593958057647,0.0001277180824887335,0.00012757203965763864,0.0001274277662110818,0.0001272852187673112,0.0001271443553818151,0.00012700513549250195,0.00012686751986717084,0.00012673147055316592,0.00012659695082911865,0.0001264639251586824,0.00012633235914617045,0.0001262022194940114,0.00012607347396194436,0.0001259460913278728,0.00012582004135030774,0.00012569529473232795
16,0.00014188980952941805,0.00014084056318748616,0.00013982517912783517,0.00013884210579393627,0.0001378898784004251,0.00013696711315743862,0.0001360725019472476,0.00013520480741219045,0.0001343628584171245,0.00013354554585336755,0.00013275181875440227,0.00013198068069656836,0.00013123118646057185,0.00013050243893198202,0.00012979358622095154,0.0001291038189832612,0.00012843236792644725,0.00012777850148625562,0.00012714152366001246,0.00012652077198468833,0.00012591561564852125,0.00012532545372603938,0.00012474971352719334,0.00012418784905211065,0.000123639339543697,0.00012310368813095814,0.00012258042055651237,0.00012206908398228613,0.00012156924586788165,0.00012108049291654279,0.00012060243008404487,0.00012013467964620539,0.00011967688032104453,0.0001192286864419282,0.00011878976717830869,0.00011835980580092997,0.00011793849898859927,0.00011752555617384466,0.00011712069892496507,0.00011672366036217313,0.00011633418460568327,0.00011595202625375955,0.00011557694988887549,0.00011520872961026208,0.00011484714859124827,0.0001144919986599017,0.00011414307990157884,0.00011380020028209056,0.00011346317529027552,0.00011313182759884884,0.00011280598674247527,0.00011248548881207704,0.00011217017616445831,0.00011185989714637889,0.00011155450583227138,0.0001112538617748429,0.00011095782976785298,0.00011066627962039807,0.00011037908594208213,0.00011009612793848257,0.00010981728921636144,0.00010954245759810316,0.00010927152494489241,0.00010900438698817253,0.00010874094316895207,0.00010848109648455486,0.0001082247533424303,0.00010797182342065974,0.00010772221953482392,0.00010747585751090573,0.00010723265606392756,0.00010699253668203634,0.00010675542351576692,0.00010652124327222621,0.00010628992511395934,0.00010606140056226914,0.0001058356034047693,0.00010561246960697405,0.0001053919372277227,0.0001051739463382621,0.00010495843894481122
17,0.00016840990030578823,0.00016731173900107638,0.00016624809458458937,0.0001652174236083311,0.00016421826668291663,0.0001632492430270636,0.0001623090454342929,0.00016139643561969625,0.00016051023991340142,0.00015964934527072148,0.00015881269557192909,0.00015799928818725382,0.00015720817078503226,0.00015643843836304853,0.00015568923048496716,0.00015495972870543657,0.0001542491541689427,0.0001535567653688373,0.00015288185605417403,0.00015222375327307924,0.00015158181554235768,0.00015095543113392433,0.00015034401646945382,0.00014974701461535606,0.00014916389387084925,0.0001485941464424919,0.00014803728719907312,0.00014749285250125583,0.00014696039910080656,0.00014643950310465998,0.00014592975899942689,0.00014543077873230102,0.0001449421908446238,0.00014446363965464758,0.00014399478448630303,0.00014353529894100167,0.00014308487020973525,0.00014264319842291804,0.00014220999603561571,0.00014178498724596035,0.00014136790744471417,0.00014095850269408157,0.00014055652923400418,0.00014016175301429345,0.00013977394925106647,0.0001393929020060517,0.0001390184037874358,0.00013865025517099692,0.00013828826444036558,0.0001379322472453191,0.00013758202627709364,0.00013723743095975656,0.00013689829715674812,0.0001365644668917525,0.00013623578808311403,0.00013591211429106212,0.00013559330447704965,0.00013527922277456052,0.00013496973827077104,0.0001346647247984935,0.00013436406073786075,0.0001340676288272449,0.00013377531598293064,0.00013348701312709303,0.00013320261502365333,0.00013292202012161645,0.00013264513040550738,0.00013237185125255396,0.00013210209129627603,0.00013183576229616834,0.00013157277901316972,0.000131313059090642,0.0001310565229405852,0.0001308030936348372,0.00013055269680101674,0.00013030526052298545,0.00013006071524560695,0.0001298189936836069,0.00012958003073433393,0.000129343763394244,0.00012911013067892836
18,0.00015708604115501098,0.00015581426273455652,0.00015458438696193936,0.00015339445721548604,0.00015224262853451612,0.0001511271600385723,0.00015004640795065292,0.0001489988191689167,0.00014798292533712434,0.0001469973373691988,0.00014604074038780573,0.00014511188904086823,0.00014420960316350424,0.00014333276375603216,0.0001424803092515238,0.00014165123204890653,0.0001408445752898624,0.00014005942985979828,0.00013929493159496421,0.00013855025867942365,0.00013782462921703388,0.0001371172989649174,0.00013642755921607755,0.00013575473481988788,0.00013509818233014843,0.00013445728827127045,0.0001338314675139474,0.0001332201617523812,0.00013262283807578847,0.0001320389876274952,0.0001314681243454722,0.00013090978377864815,0.00013036352197378577,0.00012982891442810986,0.00012930555510325077,0.0001287930554964018,0.00012829104376490391,0.0001277991639007503,0.00012731707495176894,0.00012684445028647286,0.0001263809768997952,0.00012592635475712003,0.0001254802961742095,0.00012504252523079542,0.00012461277721576174,0.00012419079810198876,0.00012377634404906132,0.00012336918093216754,0.00012296908389562928,0.0001225758369296062,0.00012218923246861926,0.00012180907101061977,0.00012143516075542368,0.00012106731726140089,0.00012070536311937934,0.00012034912764279998,0.00011999844657320722,0.0001196531618002271,0.0001193131210952311,0.00011897817785794109,0.00011864819087526543,0.00011832302409171275,0.0001180025463907584,0.0001176866313865821,0.00011737515722562866,0.00011706800639747367,0.00011676506555451182,0.00011646622534000797,0.0001161713802240801,0.00011588042834721005,0.00011559327137089569,0.00011530981433508706,0.00011502996552206172,0.00011475363632642156,0.00011448074113090208,0.00011421119718771141,0.00011394492450512471,0.0001136818457390783,0.00011342188608951983,0.00011316497320128688,0.00011291103706929181
19,0.00022307634888472117,0.00022196726720981523,0.00022089139181125106,0.0002198473041525308,0.00021883365910072,0.0002178491804059003,0.00021689265651150396,0.00021596293666705616,0.00021505892731768825,0.00021417958874729272,0.0002133239319544133,0.0002124910157419627,0.00021167994400362304,0.00021088986319137286,0.00021011995995000107,0.00020936945890574126,0.00020863762059730468,0.00020792373953860556,0.00020722714240341712,0.00020654718632301397,0.00020588325728861662,0.0002052347686511423,0.00020460115971137154,0.00020398189439420984,0.0002033764600012275,0.00020278436603612685,0.00020220514309819704,0.00020163834183921692,0.00020108353197959635,0.00020054030137988006,0.0002000082551640245,0.00019948701489112307,0.00019897621777250184,0.00019847551593133583,0.00019798457570213083,0.00019750307696761617,0.00019703071253076177,0.00019656718751979047,0.00019611221882421013,0.00019566553456002028,0.0001952268735623735,0.00019479598490409125,0.0001943726274385372,0.00019395656936544852,0.00019354758781841972,0.00019314546847282218,0.0001927500051730046,0.00019236099957771694,0.00019197826082274514,0.00019160160519982036,0.00019123085585091889,0.0001908658424771254,0.00019050640106128085,0.00019015237360368452,0.0001898036078701645,0.00018945995715186808,0.0001891212800361631,0.00018878744018808387,0.00018845830614177127,0.00018813375110141034,0.0001878136527511758,0.00018749789307373935,0.00018718635817691138,0.0001868789381280092,0.00018657552679557593,0.00018627602169809057,0.00018598032385932204,0.00018568833767001574,0.0001853999707555987,0.00018511513384962146,0.00018483374067266038,0.0001845557078164219,0.00018428095463280826,0.0001840094031277048,0.000183740977859276,0.00018347560584055668,0.00018321321644614095,0.0001829537413227839,0.00018269711430373299,0.00018244327132662156,0.00018219215035476387
20,0.00021858225657644403,0.0002167505522892933,0.00021497969970643788,0.00021326683599803936,0.00021160926301454024,0.0002100044360197201,0.0002084499533275295,0.00020694354675916435,0.00020548307284557922,0.00020406650470837677,0.00020269192455883071,0.00020135751676086627,0.00020006156140919343,0.00019880242837856692,0.00019757857180441167,0.00019638852495884417,0.00019523089548951648,0.00019410436099175158,0.00019300766488714423,0.00019193961258426464,0.0001908990678992748,0.0001898849497162519,0.0001888962288687934,0.00018793192522606865,0.00018699110496794385,0.00018607287803510707,0.0001851763957413091,0.00018430084853590423,0.00018344546390585957,0.00018260950440726872,0.0001817922658172264,0.00018099307539764525,0.0001802112902632544,0.00017944629584664277,0.0001786975044537523,0.00017796435390373438,0.00017724630624755026,0.00017654284656011817,0.00017585348180119322,0.000175177739740529,0.00017451516794319045,0.00017386533281119152,0.00017322781867790338,0.00017260222695193275,0.0001719881753074053,0.00017138529691779975,0.00017079323973068203,0.0001702116657808628,0.00016964025053968154,0.00016907868229826319,0.00016852666158275037,0.00016798390059963604,0.00016745012270945195,0.00016692506192717918,0.0001664084624478559,0.00016590007819594974,0.0001653996723971603,0.00016490701717139793,0.0001644218931457642,0.00016394408908643245,0.00016347340154839582,0.00016300963454211163,0.00016255259921613436,0.0001621021135548774,0.00016165800209070087,0.00016122009562956953,0.00016078823098956746,0.00016036225075159906,0.0001599420030216462,0.00015952734120398585,0.0001591181237848072,0.0001587142141257007,0.00015831548026651787,0.0001579217947371345,0.00015753303437766956,0.0001571490801667397,0.0001567698170573562,0.0001563951338200859,0.00015602492289312135,0.0001556590802389274,0.00015529750520714333
21,0.00018113042364903496,0.00017916022710576476,0.00017726022000762778,0.0001754268872402611,0.00017365692941036557,0.00017194724714155002,0.0001702949267005485,0.00016869722682509198,0.00016715156663872627,0.00016565551455015749,0.0001642067780455485,0.0001628031942917564,0.0001614427214769619,0.0001601234308226263,0.00015884349920736982,0.00015760120234925752,0.00015639490849823706,0.00015522307259516443,0.00015408423085801757,0.00015297699575964562,0.0001519000513647367,0.00015085214899668826,0.00014983210320774796,0.0001488387880282074,0.00014787113347260934,0.00014692812228287661,0.00014600878689004297,0.000145112206577855,0.00014423750483295086,0.00014338384686762932,0.00014255043730239684,0.00014173651799654984,0.00014094136601602503,0.00014016429172861977,0.00013940463701750137,0.00013866177360464025,0.0001379351014764726,0.0001372240474047048,0.000136528063555719,0.0001358466261825537,0.00013517923439388484,0.00013452540899486128,0.00013388469139503567,0.00013325664257898484,0.0001326408421355365,0.00013203688734182573,0.00013144439229866774,0.00013086298711399694,0.0001302923171313467,0.00012973204220056146,0.00012918183598812697,0.00012864138532469078,0.00012811038958750737,0.0001275885601156995,0.00012707561965637123,0.0001265713018397391,0.00012607535068156656,0.00012558752011131117,0.00012510757352448214,0.00012463528335782085,0.00012417043068599145,0.00012371280483856553,0.00012326220303615146,0.00012281843004459912,0.0001223812978462757,0.00012195062532746643,0.00012152623798102062,0.0001211079676234083,0.00012069565212541202,0.00012028913515571733,0.00011988826593671619,0.00011949289901187331,0.00011910289402404779,0.00011871811550419521,0.00011833843266990905,0.00011796371923329575,0.00011759385321769934,0.00011722871678282555,0.00011686819605783935,0.00011651218098203091,0.0001161605651526718
22,0.00019207223295369613,0.0001904168010578347,0.00018881674554601624,0.00018726944486100177,0.00018577242924324122,0.00018432337027886008,0.0001829200712907531,0.00018156045849449196,0.0001802425728489842,0.0001789645625390803,0.00017772467603375367,0.00017652125566916245,0.00017535273171095567,0.0001742176168546704,0.0001731145011270646,0.00017204204715479444,0.00017099898577002407,0.0001699841119254081,0.00016899628089342563,0.0001680344047273461,0.00016709744896314542,0.0001661844295435492,0.0001652944099470397,0.00016442649850615748,0.0001635798459007887,0.00016275364281335226,0.0001619471177339003,0.00016115953490415536,0.0001603901923904163,0.00015963842027608328,0.00015890357896531073,0.0001581850575899716,0.00015748227251274576,0.00015679466591969854,0.00015612170449624916,0.00015546287818088222,0.0001548176989913992,0.00015418569991889762,0.00015356643388502115,0.0001529594727583637,0.00015236440642620684,0.00015178084191805102,0.00015120840257765782,0.00015064672728055137,0.0001500954696941502,0.00014955429757789493,0.0001490228921209187,0.0001485009473149864,0.0001479881693605719,0.00014748427610409794,0.0001469889965044911,0.0001465020701273261,0.00014602324666495366,0.00014555228548110628,0.00014508895517857673,0.00014463303318865646,0.00014418430538109875,0.0001437425656934587,0.00014330761577872992,0.000142879264670263,0.00014245732846301774,0.0001420416300102613,0.00014163199863486976,0.00014122826985445424,0.00014083028511956762,0.00014043789156430108,0.00014005094176861564,0.00013966929353179472,0.00013929280965643986,0.00013892135774246187,0.0001385548099905567,0.00013819304301468044,0.00013783593766306655,0.00013748337884735392,0.00013713525537941966,0.00013679145981553364,0.0001364518883074682,0.0001361164404602236,0.00013578501919604314,0.00013545753062441316,0.00013513388391775362
23,0.00016294550195139362,0.00016091355036005567,0.00015895710448944405,0.00015707224050456206,0.0001552552844982313,0.00015350279364599123,0.00015181153900791313,0.00015017848981368947,0.0001486007990855516,0.00014707579046953023,0.00014560094615958597,0.00014417389581149087,0.00014279240635422125,0.00014145437261624448,0.00014015780869258219,0.00013890083998608775,0.00013768169586305306,0.0001364987028692224,0.00013535027845758195,0.00013423492518401615,0.0001331512253311436,0.00013209783592440304,0.00013107348410784802,0.00013007696285011877,0.00012910712695378274,0.00012816288934366823,0.0001272432176120119,0.0001263471308002117,0.0001254736963987659,0.0001246220275485728,0.00012379128042823317,0.00012298065181330205,0.0001221893767946254,0.00012141672664398326,0.00012066200681623236,0.00011992455507802965,0.000119203739754033,0.00011849895808220173,0.00011780963467049424,0.00011713522004786877,0.00011647518930304897,0.00011582904080502706,0.00011519629499973819,0.0001145764932777684,0.00011396919690834394,0.00011337398603520837,0.00011279045873032237,0.00011221823010161474,0.00011165693145129559,0.00011110620948149226,0.0001105657255442004,0.00011003515493275842,0.0001095141862122524,0.00010900252058643506,0.00010849987129891562,0.00010800596306652951,0.00010752053154293986,0.00010704332281065505,0.00010657409289976878,0.00010611260733184305,0.0001056586406874557,0.00010521197619603665,0.000104772405346702,0.00010433972751888015,0.0001039137496316022,0.00010349428581040104,0.00010308115707082661,0.00010267419101765376,0.00010227322155890997,0.00010187808863390855,0.00010148863795451918,0.00010110472075896057,0.00010072619357743557,0.00010035291800897608,9.998476050889937e-05,9.962159218631486e-05,9.926328861115149e-05,9.890972963020938e-05,9.85607991917654e-05,9.821638517829164e-05,9.787637924686912e-05
24,0.0001899771120480607,0.00018782453098134638,0.00018574957679254043,0.0001837483199181981,0.00018181707458769214,0.00017995238089151946,0.00017815098838259305,0.00017640984106104252,0.00017472606360942512,0.00017309694875959207,0.00017151994568512073,0.00016999264932437885,0.00016851279054913768,0.00016707822710238846,0.0001656869352367324,0.0001643370019916019,0.00016302661805365893,0.00016175407115016246,0.00016051773992994766,0.00015931608829098323,0.00015814766011735382,0.00015701107439198216,0.00015590502065450723,0.0001548282547765415,0.0001537795950290271,0.0001527579184186776,0.00015176215727252638,0.00015079129605143518,0.00014984436837508106,0.00014892045424243366,0.0001480186774330941,0.00014713820307609609,0.00014627823537388736,0.00014543801547021383,0.00014461681945155915,0.00014381395647262174,0.00014302876699707364,0.00014226062114554744,0.00014150891714341516,0.00014077307986152035,0.0001400525594435361,0.00013934683001411345,0.00013865538846242727,0.0001379777532961239,0.00013731346356105702,0.00013666207782252838,0.00013602317320406953,0.00013539634448008598,0.00013478120321894685,0.00013417737697335233,0.00013358450851502969,0.00013300225511101284,0.0001324302878389633,0.0001318682909391496,0.00013131596120087439,0.00013077300738128803,0.00013023914965466153,0.00012971411909032537,0.000129197657157592,0.0001286895152561013,0.00012818945427011563,0.0001276972441454008,0.00012721266348740488,0.0001267354991795352,0.0001262655460204086,0.00012580260637901801,0.00012534648986682652,0.00012489701302586132,0.00012445399903193344,0.00012401727741216665,0.00012358668377606639,0.00012316205955940218,0.00012274325178022875,0.00012233011280639988,0.00012192250013397783,0.00012152027617596816,0.00012112330806084456,0.00012073146744036225,0.00012034463030618494,0.00011996267681487413,0.00011958549112082202
25,0.00019601469499732341,0.00019382349408188793,0.00019171099214156494,0.00018967321957894976,0.00018770645218376298,0.00018580719314564208,0.00018397215660000268,0.00018219825255788677,0.0001804825730869863,0.0001788223796253311,0.0001772150913217318,0.00017565827430818698,0.00017414963181926823,0.0001726869950822125,0.0001712683149091467,0.0001698916539297174,0.00016855517940848864,0.00016725715659690244,0.0001659959425744172,0.00016476998053778285,0.0001635777945012612,0.0001624179843740709,0.00016128922138444307,0.00016019024382245967,0.00015911985307635673,0.00015807690993922946,0.00015706033116511743,0.00015606908625527815,0.00015510219445711426,0.00015415872195972843,0.0001532377792714277,0.00015233851876573446,0.0001514601323835774,0.00015060184948034473,0.00014976293480741218,0.00014894268661858376,0.00014814043489265778,0.00014735553966401796,0.00014658738945379113,0.00014583539979468567,0.00014509901184315866,0.00014437769107304084,0.0001436709260451989,0.00014297822724820863,0.00014229912600539728,0.00014163317344394758,0.00014097993952207308,0.00014033901211056045,0.00013970999612524217,0.0001390925127072071,0.0001384861984477785,0.0001378907046554991,0.00013730569666255515,0.00013673085316824094,0.000136165865617241,0.00013561043761064313,0.000135064284347745,0.00013452713209684524,0.00013399871769332163,0.00013347878806342083,0.0001329670997722773,0.0001324634185947797,0.00013196751910798943,0.0001314791843038994,0.0001309982052213949,0.00013052438059635212,0.0001300575165288758,0.00012959742616673524,0.0001291439294041225,0.00012869685259490115,0.00012825602827957021,0.00012782129492521353,0.00012739249667774376,0.00012696948312579861,0.00012655210907567505,0.000126140234336731,0.00012573372351671477,0.00012533244582650852,0.00012493627489380964,0.00012454508858529326,0.00012415876883683157
26,0.00019841791337729065,0.00019619612307965204,0.00019405417055373513,0.00019198802697575443,0.00018999391268189705,0.00018806827889679818,0.00018620779101990474,0.00018440931331818416,0.00018266989489017007,0.00018098675678089447,0.000179357280140055,0.00017777899532706615,0.0001762495718766351,0.00017476680924733036,0.0001733286282834624,0.00017193306332754027,0.00017057825492677002,0.00016926244308256876,0.00016798396099698635,0.0001667412292743226,0.00016553275054015336,0.00016435710444350667,0.0001632129430110772,0.00016209898632521077,0.00016101401849993185,0.0001599568839315924,0.0001589264838027731,0.00015792177281994776,0.00015694175616710066,0.00015598548665900764,0.00015505206207927939,0.0001541406226895095,0.00015325034889700185,0.0001523804590695899,0.0001515302074869904,0.00015069888241898185,0.00014988580432148443,0.000149090324142313,0.00014831182172902723,0.0001475497043318883,0.00014680340519547007,0.00014607238223296416,0.00014535611677766945,0.00014465411240657033,0.00014396589383128242,0.0001432910058519954,0.0001426290123703614,0.00014197949545756663,0.00014134205447409708,0.00014071630523795805,0.00014010187923832741,0.00013949842289184852,0.00013890559683894346,0.00013832307527772607,0.0001377505453332418,0.00013718770645993256,0.0001366342698753464,0.00013608995802326154,0.00013555450406450465,0.00013502765139385538,0.00013450915318154129,0.00013399877193791512,0.00013349627910000196,0.00013300145463868436,0.00013251408668537315,0.00013203397117708056,0.0001315609115188836,0.0001310947182628232,0.00013063520880234815,0.00013018220708146223,0.00012973554331778626,0.00012929505373879353,0.00012886058033052057,0.00012843197059809626,0.00012800907733747215,0.0001275917584177721,0.00012717987657370882,0.00012677329920755687,0.00012637189820018785,0.00012597554973071192,0.00012558413410429056
27,0.00027102295992925983,0.00026896443063509156,0.0002669727337264114,0.0002650447901798909,0.0002631776941824735,0.00026136870153553756,0.0002596152189717216,0.00025791479430134034,0.0002562651073139092,0.00025466396136790284,0.0002531092756085888,0.0002515990777597674,0.00025013149744053934,0.0002487047599629617,0.000247317180570657,0.0002459671590822186,0.00024465317490659876,0.00024337378240071468,0.00024212760654218006,0.00024091333889253075,0.00023972973382847866,0.00023857560502071025,0.00023744982214151845,0.00023635130778416126,0.00023527903457829283,0.00023423202248712654,0.00023320933627317465,0.00023221008312049557,0.0002312334104023592,0.00023027850358412272,0.00022934458425193782,0.00022843090825863484,0.00022753676397880936,0.0002266614706657529,0.00022580437690343231,0.00022496485914722886,0.00022414232034763227,0.00022333618865150496,0.00022254591617592998,0.00022177097785002416,0.00022101087032042478,0.00022026511091646688,0.00021953323667135352,0.00021881480339587628,0.0002181093848014828,0.00021741657166971418,0.000216735971065233,0.00021606720558985112,0.0002154099126751442,0.00021476374391139836,0.00021412836441077787,0.0002135034522027546,0.00021288869765994902,0.00021228380295266764,0.00021168848153052105,0.00021110245762961108,0.0002105254658038766,0.00020995725047926445,0.0002093975655294863,0.0002088461738721834,0.00020830284708441216,0.00020776736503641112,0.00020723951554268115,0.00020671909402946633,0.00020620590321777983,0.00020569975282116112,0.00020520045925740806,0.00020470784537356438,0.00020422174018348529,0.00020374197861734605,0.00020326840128248895,0.0002028008542350416,0.00020233918876177105,0.00020188326117166573,0.0002014329325967674,0.00020098806880179782,0.00020054854000215667,0.00020011422068987912,0.00019968498946717694,0.00019926072888719397,0.0001988413253016331
28,0.00016626927323422255,0.00016399622770540547,0.00016181027455367946,0.00015970676581701605,0.00015768135747671827,0.0001557299859667466,0.00015384884678152415,0.00015203437496968795,0.00015028322732529162,0.0001485922661089803,0.0001469585441501002,0.00014537929119690633,0.00014385190139629424,0.00014237392179705164,0.0001409430417817267,0.00013955708334203868,0.0001382139921214467,0.0001369118291562213,0.00013564876325321891,0.00013442306394866686,0.00013323309499770227,0.00013207730834926745,0.00013095423856529775,0.00012986249764702066,0.0001288007702346619,0.00012776780914996704,0.0001267624312537583,0.00012578351359324746,0.00012482998981610922,0.00012390084683034736,0.00012299512169083431,0.0001221118986950691,0.00012125030667219889,0.00012040951645071015,0.00011958873849143396,0.0001187872206736198,0.00011800424622285203,0.00011723913177050284,0.00011649122553525613,0.00011575990561799498,0.00011504457840204482,0.00011434467705139578,0.00011365966010010796,0.00011298901012662684,0.00011233223250722602,0.00011168885424323036,0.00011105842285707823,0.00011044050535265379,0.00010983468723565977,0.00010924057159011108,0.00010865777820731722,0.00010808594276398623,0.0001075247160463227,0.00010697376321721453,0.00010643276312381379,0.00010590140764299775,0.00010537940106237966,0.00010486645949469099,0.00010436231032351461,0.00010386669167847866,0.00010337935193815002,0.00010290004925898736,0.0001024285511288168,0.00010196463394339992,0.0001015080826047524,0.0001010586901399616,0.00010061625733933158,0.0001001805924127568,9.975151066329797e-05,9.932883417699633e-05,9.891239152802313e-05,9.850201749831723e-05,9.809755281091645e-05,9.769884387623529e-05,9.730574255058953e-05,9.691810590630575e-05,9.653579601280058e-05,9.615867972804232e-05,9.578662849985065e-05,9.541951817651563e-05,9.5057228826251e-05
29,0.00020542809885678307,0.00020312263268373735,0.00020090006704956233,0.00019875621608611235,0.0001966871529532721,0.00019468919083295424,0.00019275886554442884,0.0001908929196231944,0.00018908828772283936,0.00018734208321449208,0.00018565158587178674,0.00018401423054105392,0.0001824275967068305,0.00018088939887199728,0.00017939747768000336,0.00017794979171389518,0.00017654440991330195,0.0001751795045562757,0.0001738533447580021,0.00017256429044297766,0.00017131078675132895,0.00017009135884362553,0.00016890460707181772,0.00016774920248688408,0.00016662388265642358,0.0001655274477678194,0.00016445875699475147,0.00016341672510677507,0.00016240031930344264,0.00016140855625602227,0.00016044049934131317,0.0001594952560533491,0.00015857197557996865,0.00015766984653229759,0.00015678809481616294,0.00015592598163534965,0.0001550828016174064,0.00015425788105345544,0.0001534505762441195,0.0001526602719443043,0.00015188637990011785,0.00015112833747173878,0.00015038560633649943,0.00014965767126688464,0.00014894403897854224,0.00014824423704375782,0.00014755781286618147,0.0001468843327128987,0.00014622338080021378,0.0001455745584297797,0.00014493748317193748,0.00014431178809335332,0.00014369712102624,0.00014309314387663934,0.00014249953196940853,0.00014191597342771864,0.00014134216858501889,0.00014077782942755092,0.0001402226790656353,0.0001396764512320557,0.00013913888980598366,0.00013860974836098704,0.00013808878973575162,0.0001375757856262407,0.00013707051619809128,0.00013657276971812578,0.00013608234220392382,0.0001355990370904629,0.00013512266491290563,0.00013465304300465386,0.00013418999520985474,0.00013373335160958767,0.0001332829482610054,0.00013283862694874805,0.00013240023494798844,0.00013196762479850415,0.0001315406540892045,0.00013111918525257754,0.00013070308536854963,0.00013029222597727894,0.0001298864829004331
30,0.0002749004670139001,0.0002721915629178544,0.0002695764969236561,0.00026705068510643866,0.00026460981778106787,0.0002622498400166233,0.0002599669337666374,0.00025775750146157735,0.0002556181509264839,0.0002535456815011669,0.00025153707125313797,0.00024958946518475057,0.0002477001643460302,0.00024586661577354947,0.0002440864031835996,0.00024235723835491153,0.00024067695314246027,0.00023904349206944474,0.00023745490544955751,0.00023590934299609615,0.0002344050478785014,0.00023294035119048858,0.00023151366679716875,0.00023012348653147946,0.0002287683757128393,0.00022744696896333515,0.0002261579662988551,0.00022490012947452858,0.00022367227856557722,0.0002224732887662557,0.00022130208739100935,0.00022015765106325982,0.0002190390030784389,0.0002179452109289404,0.0002168753839796689,0.00021582867128373074,0.0002148042595286526,0.0002138013711042432,0.0002128192622838974,0.00021185722151177068,0.00021091456778881144,0.00020999064915117337,0.0002090848412350004,0.000208196545922016,0.00020732519006076502,0.00020647022425870576,0.00020563112174071385,0.0002048073772698617,0.0002039985061266246,0.00020320404314294501,0.0002024235417878145,0.0002016565733012791,0.00020090272587396996,0.00020016160386946073,0.0001994328270869374,0.00019871603006182107,0.000198010861402152,0.0001973169831586771,0.0001966340702267162,0.00019596180977801196,0.00019529990072087317,0.0001946480531870354,0.00019400598804375976,0.00019337343642977485,0.00019275013931376847,0.00019213584707419376,0.00019153031909925386,0.00019093332340597166,0.00019034463627734115,0.00018976404191659528,0.00018919133211769786,0.00018862630595121042,0.00018806876946473775,0.0001875185353971996,0.0001869754229062209,0.00018643925730797554,0.00018590986982884805,0.0001853870973683233,0.00018487078227253978,0.0001843607721179774,0.00018385691950477862
31,0.00023654461231540518,0.00023390584624144998,0.00023136179468543348,0.00022890768285002312,0.0002265390309354592,0.00022425163252723975,0.00022204153482498952,0.00021990502053353844,0.00021783859125675567,0.00021583895225186941,0.00021390299841709994,0.00021202780139879525,0.00021021059771602463,0.00020844877781104506,0.00020673987594328766,0.0002050815608527433,0.00020347162712593106,0.00020190798720414648,0.00020038866397949307,0.00019891178392939183,0.00019747557074490882,0.00019607833941238942,0.00019471849071162826,0.00019339450609714756,0.00019210494293216818,0.0001908484300475702,0.00018962366360058462,0.00018842940321015954,0.00018726446834793726,0.00018612773496558214,0.00018501813234082657,0.00018393464012608088,0.00018287628558479434,0.00018184214100197215,0.00018083132125635643,0.00017984298154279235,0.00017887631523420586,0.00017793055187347148,0.00017700495528619412,0.00017609882180613743,0.00017521147860565737,0.0001743422821240946,0.00017349061658759448,0.00017265589261432918,0.00017183754589953184,0.0001710350359751685,0.0001702478450394492,0.00016947547685172639,0.00016871745568865112,0.00016797332535774134,0.00016724264826480063,0.00016652500453186205,0.0001658199911625707,0.00016512722125212515,0.0001644463232390952,0.00016377694019661994,0.00016311872916064643,0.00016247136049303492,0.0001618345172774962,0.000161207894746457,0.00016059119973707865,0.00015998415017476138,0.00015938647458258078,0.00015879791161519606,0.00015821820961586233,0.00015764712619526817,0.0001570844278309927,0.00015652988948645748,0.00015598329424831313,0.00015544443298126236,0.0001549131039993908,0.00015438911275311934,0.00015387227153095705,0.00015336239917527057,0.0001528593208113435,0.00015236286758902852,0.00015187287643634922,0.000151389189824432,0.00015091165554319513,0.0001504401264872441,0.00014997446045146592
32,0.0002685994950467161,0.0002657507444714823,0.00026300273832035144,0.00026035046400636817,0.00025778921453206434,0.0002553145663826226,0.0002529223592814351,0.0002506086776287163,0.0002483698334632562,0.00024620235080448935,0.0002441029512470905,0.00024206854069361864,0.00024009619712249045,0.00023818315929897057,0.00023632681634613457,0.00023452469810096365,0.0002327744661880577,0.00023107390574997477,0.00022942091777902987,0.00022781351200060082,0.0002262498002626388,0.00022472799039028146,0.00022324638046819967,0.00022180335351670256,0.0002203973725306363,0.0002190269758528757,0.00021769077285665125,0.00021638743991319578,0.0002151157166232036,0.00021387440229241706,0.0002126623526333168,0.0002114784766763735,0.00021032173387569241,0.0002091911313951152,0.00020808572156196024,0.00020700459947661922,0.00020594690076714502,0.00020491179947883278,0.00020389850608955895,0.00020290626564236684,0.00020193435598741828,0.00020098208612604834,0.00020004879465018355,0.00019913384827089528,0.00019823664043031535,0.00019735658999156094,0.00019649314000170042,0.00019564575652315232,0.00019481392752923474,0.0001939971618598783,0.00019319498823380503,0.00019240695431372066,0.0001916326258213122,0.00019087158569905632,0.00019012343331604802,0.00018938778371524606,0.0001886642668997056,0.00018795252715552333,0.00018725222240937643,0.0001865630236186689,0.00018588461419242558,0.0001852166894412005,0.00018455895605436616,0.00018391113160325743,0.00018327294406874267,0.00018264413139187734,0.00018202444104637664,0.000181413629631731,0.0001808114624858453,0.00018021771331616518,0.0001796321638482967,0.00017905460349120858,0.00017848482901813457,0.00017792264426236696,0.0001773678598271599,0.00017682029280902692,0.00017627976653373395,0.0001757461103043543,0.00017521915916076473,0.00017469875365001326,0.0001741847396070136
33,0.00026004525113421925,0.0002567753819760475,0.00025362734631137614,0.0002505947978899681,0.00024767179563004403,0.000244852773000502,0.0002421325100841185,0.0002395061080548975,0.00023696896583243516,0.000234516758702238,0.00023214541871379972,0.00022985111668840933,0.00022763024568641608,0.00022547940579937148,0.00022339539014634897,0.00022137517196604077,0.0002194158927071478,0.0002175148510292819,0.0002156694926352313,0.00021387740086313954,0.00021213628797402443,0.00021044398707619136,0.00020879844463361012,0.0002071977135102294,0.00020563994650664392,0.00020412339034947796,0.0002026463800974408,0.00020120733393120518,0.0001998047482971778,0.00019843719337782532,0.00019710330886361184,0.00019580180000370402,0.000194531433914575,0.0001932910361273603,0.00019207948735642765,0.00019089572047306254,0.0001897387176694858,0.0001886075077996097,0.00018750116388403324,0.00018641880076776846,0.00018535957292008842,0.0001843226723667168,0.00018330732674534073,0.00018231279747610242,0.00018133837803937738,0.0001803833923537053,0.0001794471932472881,0.00017852916101694424,0.0001776287020688594,0.00017674524763588957,0.00017587825256653903,0.00017502719418109307,0.00017419157119070213,0.00017337090267550878,0.0001725647271181795,0.00017177260148945535,0.00017099410038257185,0.00017022881519360356,0.00016947635334499506,0.0001687363375497171,0.0001680084051136638,0.00016729220727405378,0.00016658740857175333,0.00016589368625557073,0.00016521072971669302,0.0001645382399515603,0.00016387592905157497,0.0001632235197181461,0.00016258074480166168,0.000161947346863071,0.0001613230777568379,0.00016070769823410249,0.00016010097756495662,0.00015950269317881367,0.0001589126303218969,0.0001583305817309494,0.00015775634732230178,0.00015718973389550184,0.00015663055485073995,0.00015607862991936385,0.00015553378490680558
34,0.00029613693480391056,0.00029298296731441076,0.0002899406729718382,0.0002870044894752246,0.00028416919399621517,0.0002814298785955841,0.00027878192771267906,0.0002762209975280358,0.00027374299702104965,0.0002713440705636245,0.000269020581907492,0.0002667690994377271,0.0002645863825780708,0.00026246936924529367,0.0002604151642601383,0.00025842102863152646,0.00025648436963887844,0.0002546027316446576,0.00025277378757574456,0.00025099533101803406,0.0002492652688738615,0.0002475816145365061,0.0002459424815402013,0.0002443460776478437,0.00024279069934196406,0.00024127472668757574,0.00023979661853825584,0.00023835490805930513,0.00023694819854405794,0.00023557515950146056,0.00023423452299486236,0.00023292508021363625,0.00023164567826075547,0.00023039521714083224,0.00022917264693437397,0.0002279769651451465,0.00022680721420857778,0.00022566247915008377,0.0002245418853830517,0.00022344459663701683,0.00022236981300728653,0.00022131676911792424,0.0002202847323906199,0.00021927300141251287,0.00021828090439656266,0.0002173077977285125,0.00021635306459493505,0.00021541611368723192,0.00021449637797683408,0.00021359331355717736,0.00021270639854834003,0.00021183513206051322,0.00021097903321273522,0.0002101376402035725,0.0002093105094306408,0.00020849721465607908,0.00020769734621527852,0.00020691051026633958,0.00020613632807790585,0.00020537443535316932,0.00020462448158798437,0.00020388612946115937,0.0002031590542551214,0.0002024429433052581,0.00020173749547634613,0.00020104242066457784,0.0002003574393237914,0.00019968228201458239,0.0001990166889750727,0.00019836040971217116,0.00019771320261223772,0.00019707483457012562,0.00019644508063563685,0.00019582372367648126,0.00019521055405688278,0.00019460536933102747,0.00019400797395059362,0.00019341817898564274,0.00019283580185819956,0.00019226066608787887,0.00019169260104895855
35,0.00036273158467643995,0.000359174604961717,0.0003557406767194504,0.0003524237961330598,0.00034921831813143053,0.00034611893092898453,0.0003431206326747345,0.00034021871001010435,0.00033740871835673573,0.0003346864637743693,0.00033204798624553237,0.00032948954425850705,0.0003270076005730843,0.0003245988090651964,0.00032226000255678236,0.0003199881815464156,0.0003177805037643723,0.00031563427448309285,0.0003135469375205267,0.00031151606687964626,0.0003095393589726676,0.00030761462538319835,0.0003057397861237371,0.0003039128633497699,0.000302131975495093,0.00030039533179610536,0.0002987012271755841,0.0002970480374589729,0.00029543421489850184,0.00029385828398251554,0.0002923188375092558,0.0002908145329060612,0.0002893440887764761,0.00028790628165917216,0.0002864999429838764,0.00028512395621065257,0.0002837772541399549,0.00028245881638185765,0.00028116766697372216,0.0002799028721364161,0.00027866353815991074,0.0002774488094097869,0.00027625786644678907,0.00027508992425216374,0.00027394423055201555,0.0002728200642344316,0.0002717167338535465,0.0002706335762151455,0.000269569955038774,0.00026852525969167987,0.0002674989039902204,0.0002664903250646861,0.0002654989822837472,0.0002645243562349971,0.0002635659477582921,0.00026262327702881284,0.0002616958826869677,0.00026078332101245143,0.00025988516513993884,0.00025900100431405917,0.00025813044318144653,0.00025727310111779656,0.00025642861158799293,0.000255596621537485,0.00025477679081320823,0.0002539687916124506,0.0002531723079581536,0.0002523870351992391,0.00025161267953462894,0.0002508489575597054,0.00025009559583403737,0.0002493523304692664,0.0002486189067360968,0.0002478950786894229,0.0002471806088106504,0.00024647526766634364,0.0002457788335823772,0.000245091092332802,0.00024441183684270016,0.00024374086690432805,0.0002430779889058924
36,0.00036354222896053625,0.0003597898582244551,0.00035616916103391855,0.00035267363088893155,0.0003492971551724522,0.0003460339868466065,0.0003428787185192973,0.00033982625865410014,0.00033687180972082656,0.0003340108481056834,0.00033123910561896197,0.00032855255245498174,0.0003259473814738768,0.0003234199936879826,0.00032096698484726846,0.0003185851330286821,0.0003162713871435134,0.0003140228562851626,0.0003118367998470745,0.0003097106183472009,0.0003076418449012726,0.00030562813729245443,0.0003036672705897413,0.00030175713027171544,0.0002998957058161492,0.0002980810847194246,0.0002963114469128567,0.00029458505954586085,0.0002929002721084532,0.000291255511867907,0.0002896492795964796,0.0002880801455690382,0.00028654674581115035,0.00028504777857977126,0.00028358200106010225,0.00028214822626350063,0.0002807453201125001,0.00027937219870011225,0.00027802782571154317,0.00027671120999738966,0.00027542140328819416,0.0002741574980410136,0.0002729186254093352,0.00027170395332832794,0.0002705126847079942,0.00026934405572733207,0.00026819733422311226,0.0002670718181673187,0.00026596683422774886,0.0002648817364066201,0.0002638159047524174,0.000262768744140529,0.0002617396831185201,0.00026072817281218833,0.000259733685888789,0.00025875571557407135,0.00025779377471997267,0.000256847394920051,0.00025591612566989,0.0002549995335699281,0.00025409720156828816,0.00025320872824137534,0.0002523337271101158,0.00025147182598987314,0.00025062266637217737,0.0002497859028365341,0.00024896120249067187,0.0002481482444376981,0.00024734671926872115,0.0002465563285795766,0.00024577678451039085,0.0002450078093067728,0.0002442491349015096,0.0002435005025157002,0.00024276166227832143,0.0002420323728632838,0.0002413124011430867,0.00024060152185822637,0.0002398995173015685,0.0002392061770169327,0.00023852129751118211
37,0.0003932103177557516,0.0003890646189313951,0.00038506527997730835,0.0003812050297070273,0.0003774770395336409,0.00037387489149845314,0.00037039254898957346,0.0003670243298917131,0.00036376488193643413,0.00036060916004674015,0.0003575524054915849,0.00035459012668506484,0.0003517180814819966,0.00034893226083663586,0.00034622887370460684,0.0003436043330799855,0.0003410552430700355,0.0003385783869194969,0.0003361707159047534,0.0003338293390257008,0.0003315515134298841,0.0003293346355094965,0.00032717623261725666,0.00032507395535204454,0.0003230255703695676,0.0003210289536772663,0.000319082084376242,0.0003171830388162028,0.0003153299851323293,0.00031352117813560363,0.0003117549545305203,0.0003100297284362683,0.0003083439871894452,0.0003066962874081284,0.0003050852512987787,0.00030350956318891395,0.00030196796626984126,0.00030045925953497813,0.00029898229490039094,0.0002975359744952409,0.000296119248110727,0.00029473111079701,0.00029337060059836254,0.00029203679641753405,0.00029072881600095775,0.0002894458140370613,0.0002881869803604819,0.00028695153825551055,0.00028573874285256154,0.0002845478796119004,0.0002833782628892615,0.0002822292345783625,0.00028110016282566707,0.0002799904408130506,0.0002788994856043317,0.0002778267370518972,0.00027677165675988913,0.0002757337271006711,0.00027471245028149404,0.00027370734745848287,0.0002727179578952499,0.0002717438381636232,0.0002707845613841126,0.0002698397165039178,0.0002689089076103906,0.00026799175327800635,0.00026708788594702543,0.0002661969513321148,0.0002653186078593301,0.0002644525261299338,0.00026359838840962936,0.0002627558881418669,0.000261924729483961,0.00026110462686482975,0.00026029530456323755,0.0002594964963054845,0.0002587079448815503,0.00025792940177874857,0.0002571606268320152,0.00025640138788998566,0.00025565146049607776
38,0.00045827384569934864,0.0004535856722220278,0.0004490615967825783,0.0004446935287723426,0.0004404738662419312,0.00043639546086357984,0.0004324515858222052,0.00042863590635502024,0.0004249424526897273,0.00042136559515786065,0.00041790002128326873,0.00041454071466642166,0.0004112829355035435,0.00040812220259580886,0.0004050542767182621,0.00040207514523094717,0.0003991810078261528,0.00039636826331588393,0.0003936334973727619,0.000390973471145711,0.0003883851106790841,0.0003858654970704298,0.0003834118573079745,0.00038102155573419894,0.0003786920860866262,0.0003764210640712538,0.0003742062204279227,0.00037204539445041877,0.0003699365279272782,0.0003678776594721176,0.000365866919214931,0.0003639025238281337,0.00036198277186329583,0.00036010603937643485,0.00035827077582153163,0.00035647550019353067,0.0003547187974035721,0.0003529993148705414,0.0003513157593142432,0.00034966689373665087,0.0003480515345786808,0.000346468549040906,0.0003449168525574737,0.00034339540641328435,0.0003419032154952184,0.00034043932616886286,0.0003390028242727999,0.0003375928332230926,0.000336208512221113,0.0003348490545583456,0.0003335136860122309,0.00033220166332753506,0.00033091227277809264,0.00032964482880413207,0.00032839867272070063,0.00032717317149302155,0.00032596771657486615,0.00032478172280631063,0.0003236146273674536,0.00032246588878491196,0.00032133498598810366,0.0003202214174125278,0.000319124700147407,0.00031804436912525035,0.0003169799763510202,0.0003159310901687466,0.00031489729456354957,0.0003138781884971703,0.00031287338527521453,0.00031188251194441696,0.0003109052087183466,0.00030994112843005505,0.00030898993601027056,0.0003080513079897996,0.00030712493202490374,0.00030621050644446184,0.00030530773981782137,0.0003044163505422779,0.00030353606644920673,0.00030266662442790954,0.00030180777006629184
39,0.0004490868799704456,0.0004439244169544094,0.00043894894261493396,0.0004341509547705335,0.0004295215430602698,0.00042505234525298303,0.0004207355073038364,0.00041656364679179596,0.00041252981941184254,0.0004086274882310084,0.0004048504954484005,0.00040119303642675445,0.0003976496357872758,0.0003942151253809165,0.0003908846239682161,0.00038765351845667376,0.0003845174465595895,0.00038147228075363616,0.0003785141134243171,0.00037563924309906257,0.0003728441616772147,0.0003701255425746414,0.0003674802297083262,0.00036490522725313347,0.0003623976901090626,0.0003599549150228615,0.00035757433231282395,0.0003552534981500974,0.0003529900873538808,0.00035078188666155043,0.000348626788438073,0.00034652278479206655,0.0003444679620685931,0.000342460495691234,0.00034049864532825346,0.00033858075035968785,0.0003367052256240636,0.000334870557425139,0.00033307529978060274,0.00033131807089608695,0.0003295975498491147,0.0003279124734688112,0.00032626163339825556,0.0003246438733273548,0.00032305808638501967,0.000321503212680247,0.00031997823698248936,0.00031848218653237064,0.00031701412897446876,0.0003155731704044661,0.00031415845352351777,0.0003127691558931946,0.0003114044882848027,0.00031006369311733676,0.00030874604297868673,0.00030745083922511217,0.00030617741065430503,0.0003049251122477069,0.00030369332397800117,0.00030248144967799515,0.0003012889159673333,0.0003001151712337341,0.0002989596846656353,0.0002978219453333446,0.0002967014613159713,0.0002955977588715821,0.0002945103816481961,0.0002934388899333608,0.0002923828599402154,0.0002913418831280464,0.00029031556555549195,0.0002893035272646339,0.000288305401694341,0.0002873208351213133,0.0002863494861273764,0.00028539102509165127,0.00028444513370631065,0.0002835115045147038,0.0002825898404707071,0.00028167985451821423,0.00028078126918974436
40,0.000494352669350544,0.0004901784989361399,0.0004861432564298067,0.0004822403948825442,0.00047846374461555665,0.0004748074873642611,0.0004712661324994504,0.00046783449513337455,0.00046450767593863765,0.0004612810425256226,0.0004581502122398702,0.00045511103625479893,0.00045215958484751926,0.00044929213375651954,0.00044650515152977607,0.00044379528778061203,0.00044115936227641893,0.00043859435479235093,0.00043609739566836714,0.0004336657570135995,0.00043129684450708705,0.0004289881897484456,0.0004267374431161308,0.0004245423670946468,0.0004224008300353745,0.0004203108003187046,0.0004182703408878934,0.000416277604127505,0.0004143308270615744,0.0004124283268486246,0.0004105684965525432,0.00040874980116999214,0.0004069707738965609,0.0004052300126152622,0.00040352617659225354,0.00040185798336582067,0.0004002242058157254,0.0003986236694009999,0.00039705524955515204,0.00039551786922856506,0.0003940104965686273,0.00039253214272881706,0.0003910818597985886,0.00038965873884650316,0.00038826190806957227,0.0003868905310422722,0.0003855438050591557,0.0003842209595653895,0.0003829212546699444,0.0003816439797365178,0.0003803884520475971,0.0003791540155373836,0.00037794003958957034,0.0003767459178962393,0.00037557106737437783,0.00037441492713674313,0.00037327695751401287,0.00037215663912535123,0.0003710534719947062,0.0003699669747103107,0.00036889668362502634,0.00036784215209531226,0.0003668029497567279,0.00036577866183401867,0.000364768888483936,0.0003637732441690666,0.00036279135706103927,0.000361822868471572,0.0003608674323099246,0.00035992471456538583,0.00035899439281351914,0.0003580761557449563,0.00035716970271559433,0.00035627474331712737,0.00035539099696688765,0.00035451819251604,0.00035365606787522534,0.0003528043696567897,0.00035196285283279076,0.0003511312804080187,0.0003503094231072971
41,0.0006081800525458016,0.0006030689222656262,0.0005981277089874177,0.000593348413746105,0.0005887234980129064,0.000584245852173235,0.0005799000915509718,0.0005756886776676118,0.0005716056170768595,0.0005676452425659251,0.0005638021921527779,0.0005599915018707789,0.0005562892726472588,0.0005526909042973221,0.000549192034751548,0.0005457885255593174,0.0005424796019678185,0.0005392583431126355,0.000536121205708471,0.0005330648214999981,0.0005300859871426989,0.0005271857077208,0.0005243569864948519,0.0005215970622073399,0.0005189033042392336,0.0005162732054080258,0.0005137785647312848,0.0005113422143256174,0.0005089620023231442,0.0005066358745904301,0.000504361869575081,0.0005021381134646564,0.0004999628156362524,0.0004978342643768139,0.0004957508228557759,0.0004937109253330485,0.0004917130735866581,0.0004897558335455317,0.00048783783211400647,0.00048595775417562616,0.00048411433976470883,0.00048230638139500217,0.0004805327215355057,0.00047879225022426353,0.00047708390281155804,0.000475406657824555,0.0004737595349459937,0.00047214159310002187,0.0004705519286387559,0.00046898967362357733,0.00046745399419556496,0.00046594408902985937,0.00046445918786908056,0.00046299855013124183,0.0004615614635879074,0.00046014724310859976,0.0004587552294677371,0.0004573847882105936,0.000456035308575018,0.00045470620246583336,0.0004533969034790371,0.0004521068659730999,0.00045083556418481916,0.00044958249138734284,0.00044834715908812026,0.0004471290962646677,0.00044592784863616946,0.00044474297796903153,0.0004435740614146496,0.0004424206908777085,0.0004412824724134688,0.00044015902565255866,0.0004390499832518774,0.0004379549903703043,0.00043687370416797003,0.0004358057933279206,0.00043475093759906807,0.00043370882735938157,0.00043267916319833256,0.00043166165551765346,0.0004306560241495336
42,0.00056768298106533,0.0005614527570374015,0.0005554450739627878,0.0005496487609492046,0.0005440533342779144,0.0005386489472663299,0.0005334327723768358,0.0005283898946046808,0.0005235121026868134,0.000518791661711699,0.0005142212804535633,0.0005098601002179597,0.0005056372757363133,0.0005015465676050546,0.0004975820812999818,0.0004937382447123934,0.0004900069420077805,0.00048638597537917227,0.00048287062471506515,0.0004794564177984112,0.00047613911501473736,0.0004729107661785726,0.00046977142446985907,0.0004667174701341062,0.0004637454646904556,0.0004608521403017843,0.00045795803113908465,0.0004551356203352576,0.0004523821442807932,0.0004496949710197359,0.0004470715929319314,0.0004445096198830906,0.00044200677280859614,0.0004395608776997888,0.0004371698599639844,0.00043483173913179147,0.0004325446238874006,0.0004303067073994277,0.0004281162629316503,0.00042597163971456835,0.00042387125906018247,0.00042181361070371947,0.000419797249357265,0.00041782079146136716,0.0004158829121217312,0.0004139823422190381,0.00041211786568082155,0.00041028831690509583,0.0004084925783262055,0.00040672957811400446,0.0004049982879981168,0.00040329772120959855,0.0004016269305328537,0.00039998500646113534,0.0003983710754494339,0.0003967842982589505,0.00039522386838775563,0.0003936890105825876,0.0003921789794270712,0.0003906930580019477,0.0003892305566131973,0.00038779081158419313,0.00038637318410826566,0.00038497705915830884,0.00038360184445023637,0.0003822469694573256,0.0003809118844726506,0.00037959605971698873,0.00037829898448973106,0.0003770201663604928,0.00037575913039924395,0.00037451541844291846,0.00037328858839657516,0.00037207821356730444,0.00037088388202916874,0.00036970519601757897,0.0003685417713515803,0.00036739323688263643,0.0003662592339685472,0.00036513941597124465,0.00036403344777725857
43,0.0006498991161851955,0.00064391063616231,0.0006381259129596188,0.0006325351517191576,0.0006271291339068188,0.0006218991770111422,0.0006168177099609906,0.0006118963047779953,0.0006071276859110144,0.0006025049818458367,0.0005980216985679211,0.0005934849780910868,0.0005890751272780483,0.0005847867103394582,0.0005806145761068428,0.0005765538405047918,0.0005726075191685045,0.0005687635796307589,0.0005650178439640086,0.0005613663429461939,0.0005578053038554317,0.0005543412865922562,0.0005509607414814495,0.0005476604180523249,0.0005444372213153207,0.0005412882030913039,0.0005384014952181621,0.0005355836448656247,0.0005328320710198344,0.000530144311911652,0.0005275180186077247,0.0005249509489976173,0.0005224409621490661,0.0005199860130056224,0.0005175841474029998,0.0005152334973822753,0.0005129322767797893,0.0005106787770751411,0.0005084713634800669,0.0005063084712523137,0.0005041886022197715,0.0005021103215012415,0.000500072254411199,0.0004980730835368281,0.000496111545976455,0.0004941864307292708,0.0004922965762269534,0.000490440867998458,0.0004886182364598408,0.00048682765482155376,0.00048506813710615354,0.00048333873626984364,0.0004816385424217247,0.00047996668113501473,0.0004783223118448933,0.00047670462632797293,0.0004751128472587108,0.00047354622683840053,0.00047200404549263764,0.00047048561063342347,0.00046899025548231734,0.00046751733795126184,0.00046606623957791773,0.0004646363645125444,0.0004632271385536353,0.0004618380082296884,0.0004604684399246554,0.0004591179190447466,0.00045778594922442264,0.000456472051569517,0.00045517576393555863,0.0004538966402394787,0.0004526342498029891,0.0004513881767260106,0.0004501580192886314,0.0004489433893801546,0.0004477439119538781,0.0004465592245063252,0.0004453889765797103,0.0004442328292864971,0.0004430904548549686
44,0.0006346358909694035,0.0006272677922946687,0.0006201673844546267,0.0006133210278802804,0.000606715934796082,0.0006003401061768811,0.0005941886885427725,0.0005882452576189619,0.0005824998148798989,0.0005769429505779801,0.0005715658027748801,0.0005664337811423496,0.0005614696766691779,0.0005566657808491768,0.0005520148196279007,0.0005475099245465449,0.0005431411852742902,0.0005389057399899786,0.0005347977935446093,0.0005308118607047567,0.0005269427466743969,0.0005231805559074432,0.0005195254333230497,0.000515972960697755,0.000512518944794133,0.0005091594039321913,0.0005057901422230145,0.0005025054554756408,0.0004993020520103032,0.0004961767986041836,0.0004931267115839221,0.0004901489484940105,0.0004872408002987,0.0004843996840785474,0.0004816231361859134,0.0004789088058266135,0.0004762544490375497,0.00047365792303256677,0.0004711171808909392,0.0004686302665649233,0.0004661953101845874,0.00046381052363985765,0.00046147419642118923,0.00045918469170170125,0.000456940442644889,0.0004547399489231906,0.0004525817734337792,0.0004504645391989284,0.00044838692643921885,0.00044634766980869043,0.0004443455557818076,0.00044237942018282654,0.0004404481458488115,0.00043855066041812774,0.00043668593423683245,0.00043485297837587484,0.0004330508427524978,0.00043127861434968695,0.00042953541552790856,0.00042782040242376036,0.0004261327634305094,0.00042447171775582363,0.00042283651405228934,0.00042122642911660653,0.00041964076665359964,0.0004180788561014294,0.0004165400515146203,0.0004150237305017165,0.000413529293214589,0.0004120561613865871,0.0004106037774169021,0.00040917160349866484,0.00040775912078846045,0.0004063658286150558,0.0004049912437252913,0.000403634899565189,0.00040229634559445606,0.0004009751466326547,0.00039967088223541783,0.0003983831460991813,0.000397111545492982
45,0.0008316390151915713,0.0008243130706333785,0.0008172335303757723,0.0008103886718067069,0.0008037674546208204,0.0007973594736035023,0.0007910732437149587,0.0007849810432947994,0.0007790741475084273,0.0007733443105311091,0.0007677837344479421,0.0007616050251323182,0.0007555814610894457,0.0007497065869568289,0.0007439742779099103,0.0007383787198019358,0.0007329460093280995,0.0007276392179104934,0.0007224533524343632,0.000717383664279996,0.000712425635345451,0.0007076165309710014,0.0007029105908461013,0.0006983039085970084,0.0006937927614469557,0.0006893736001854784,0.0006858190140586782,0.0006823486056297464,0.0006789592364357474,0.0006756479121523904,0.0006724117748983387,0.0006692480960119029,0.0006661542692669956,0.0006631278044978456,0.0006601663216043574,0.0006572675449121931,0.0006544292978636389,0.000651649498017154,0.0006489261523351527,0.0006462573527411089,0.0006436412719284784,0.0006410761594052018,0.0006385603377587515,0.0006360921991277549,0.0006336702018672302,0.0006312928673953922,0.0006289587772108221,0.0006266665700695797,0.0006244149393125607,0.0006222026303340503,0.0006200284381830533,0.0006178912052895332,0.000615789819308235,0.0006137232110732264,0.0006116903526567634,0.0006096902555264916,0.0006077219687953862,0.000605784577559183,0.0006038772013163979,0.000601998992466329,0.0006001491348807342,0.0005983268425451368,0.0005965313582659618,0.0005947619524399394,0.0005930179218824298,0.0005912985887115183,0.0005896032992849218,0.0005879314231869283,0.0005862823522627417,0.0005846554996977713,0.000583050299139538,0.0005814662038600089,0.0005799026859562973,0.0005783592355877756,0.0005768353602477687,0.000575330584068091,0.0005738444471547881,0.0005723765049535372,0.0005709263276432432,0.0005694934995564474,0.0005680776186252428
46,0.0011627511585175696,0.0011553814477974912,0.0011482420828656176,0.0011413228172210675,0.0011346139592101087,0.0011281063362537517,0.001121621789597343,0.0011153213671885051,0.0011091972914497865,0.0011032421834440175,0.001097449038745341,0.0010901945760673495,0.0010830906798460743,0.0010761315593095543,0.0010693116998813448,0.0010626258478007942,0.0010561343448272803,0.0010497668789366777,0.0010435188887268697,0.0010373860219487555,0.0010313641243861818,0.001025534963886339,0.0010198087514908518,0.001014181859780939,0.0010086508218242834,0.0010032123229876079,0.0009994614954677075,0.0009957943240239291,0.0009922078250484035,0.0009886991451744573,0.0009852655547150572,0.0009819044414804458,0.0009786133049498465,0.0009753897507739957,0.0009722314855869842,0.000969136312107519,0.0009661021245111319,0.0009631269040562291,0.0009602087149480876,0.0009573457004260461,0.0009545360790601739,0.0009517781412446417,0.000949070245875952,0.0009464108172049172,0.0009437983418521155,0.0009412313659771834,0.0009387084925929685,0.0009362283790161671,0.0009337897344466008,0.0009313913176678203,0.0009290319348621594,0.0009267104375338566,0.0009244257205341985,0.0009221767201830694,0.0009199624124816307,0.0009177818114111576,0.0009156339673133931,0.0009135179653480421,0.000911432924023306,0.0009093779937955891,0.0009073523557347485,0.0009053552202514732,0.000903385825883569,0.0009014434381381187,0.0008995273483866619,0.0008976368728107008,0.0008957713513949898,0.0008939301469662134,0.0008921126442747812,0.0008903182491176219,0.0008885463874999235,0.0008867965048339459,0.000885068065173071,0.0008833605504794072,0.0008816734599233063,0.0008800063092132925,0.0008783586299549214,0.0008767299690372279,0.0008751198880454374,0.0008735279626987263,0.0008719537823118469
47,0.0009952039262973822,0.000986331446276886,0.0009777582945548332,0.0009694701916595766,0.0009614536916324372,0.0009536961241884178,0.000946266874906476,0.000939074214850427,0.0009321074348755324,0.000925356417993985,0.0009188116006396503,0.0009132584800804336,0.0009079013167990092,0.0009027315875997518,0.0008977412271585604,0.0008929225990245599,0.0008882353255549022,0.0008837054110994095,0.0008793263638466493,0.0008750920236059412,0.0008709965419208529,0.0008669896840147293,0.0008631105276615601,0.0008593540650510996,0.0008557155324800074,0.0008521903964395948,0.0008479216694997344,0.0008437534215113578,0.0008396819229689364,0.0008357036147933656,0.0008318150992836516,0.0008280131316208513,0.0008242946118857112,0.0008206565775545645,0.0008170961964407348,0.0008136107600512806,0.000810197677331207,0.000806854468769377,0.0008035787608423031,0.0008003682807737628,0.0007972208515898115,0.0007941343874502695,0.0007911068892390981,0.000788136440397385,0.0007852212029837709,0.0007823594139482608,0.0007795493816063115,0.0007767894823010104,0.0007740781572419952,0.0007714139095105388,0.0007687953012209247,0.0007662209508289152,0.0007636895305787203,0.0007611997640804215,0.0007587504240103658,0.0007563403299274967,0.0007539683461990543,0.0007516333800295001,0.0007493343795868943,0.0007470703322213345,0.0007448402627703813,0.0007426432319467224,0.0007404783348036147,0.0007383446992739093,0.0007362414847787244,0.000734167880902063,0.0007321231061278929,0.0007301064066364109,0.0007281170551564073,0.0007261543498708321,0.0007242176133727991,0.0007223061916694928,0.0007204194532314897,0.0007185567880852438,0.000716717606946537,0.0007149013403928706,0.0007131074380728451,0.0007113353679507158,0.0007095846155843907,0.0007078546834352403,0.0007061450902081696
48,0.0011594213008171022,0.0011498044019514634,0.0011405061992029602,0.001131511732833225,0.00112280690159993,0.0011143784041562443,0.0011061139515888122,0.0010981021701923631,0.0010903318246768096,0.0010827922892574903,0.0010754735085538258,0.0010674334280338226,0.0010596028259378704,0.0010519729342433736,0.0010445354353537835,0.001037282434930384,0.0010302436029628454,0.001023374351630783,0.001016667919264332,0.0010101178760452932,0.0010037181049778513,0.0009975109539064172,0.0009914423490679657,0.0009855070184668843,0.000979699938170482,0.0009740163187287466,0.0009693400294146566,0.0009647728663663663,0.0009603108048728819,0.000955950002822422,0.0009516867910859085,0.0009475176644825172,0.0009434392732870134,0.0009394484152417336,0.0009355420280389621,0.0009317171822420681,0.000927971074616193,0.0009243010218414731,0.0009207044545837742,0.0009171789118998136,0.0009137220359551752,0.0009103315670353423,0.0009070053388312613,0.0009037412739822889,0.0009005373798605613,0.0008973917445819831,0.000894302533230002,0.0008912679842793511,0.0008882864062077448,0.0008853561742844064,0.0008824757275249616,0.0008796435658030036,0.000876858247109233,0.0008741183849496782,0.0008714226458750515,0.000868769747133822,0.0008661584544420268,0.0008635875798633219,0.0008610559797931447,0.0008585625530412813,0.0008561062390074352,0.000853686015944777,0.0008513008993067171,0.0008489499401724595,0.0008466322237471498,0.0008443468679326595,0.0008420930219653389,0.0008398698651172108,0.0008376766054573483,0.0008355124786703201,0.0008333767469288013,0.0008312686978175913,0.0008291876433064304,0.0008271329187691886,0.0008251038820470938,0.0008230999125538118,0.00082112041042033,0.0008191647956776758,0.0008172325074756275,0.0008153230033356779,0.0008134357584365816
49,0.001303988471770785,0.001294065971098998,0.0012844657483445357,0.001275172950279701,0.0012661735595833289,0.001257454338857462,0.0012489043764679871,0.0012406105871747412,0.0012325617738457649,0.001224747335470828,0.0012171572296382717,0.0012088528454552742,0.0012007580991958856,0.0011928643736524723,0.0011851634851401905,0.0011776476579129004,0.0011703468635456933,0.0011632165309075095,0.001156249973476795,0.001149440826582554,0.001142783029332132,0.0011363196146729987,0.001129996049690843,0.0011238070903205717,0.0011177477348684294,0.00111181321100611,0.00110690540946054,0.0011021102911251649,0.0010974237497557266,0.0010928418628767596,0.0010883608822525822,0.0010839772249258848,0.0010796874647852018,0.0010754883246255579,0.0010713766686693221,0.0010673494955167674,0.0010634039314981673,0.0010595372244013195,0.001055746737550327,0.0010520299442132236,0.0010483844223176531,0.0010448078494552982,0.0010412979981571208,0.0010378527314227452,0.0010344699984884654,0.001031147830819444,0.001027884338312636,0.0010246777056979062,0.0010215261891256392,0.0010184281129299276,0.001015381866557127,0.001012385901650266,0.0010094387292803994,0.0010065389173165558,0.0010036850879264914,0.001000875915200934,0.000998110122894471,0.000995386482276664,0.0009927038100873504,0.000990060966590502,0.000987456853721304,0.0009848904133214864,0.000982360625458208,0.0009798665068220848,0.0009774071092002042,0.0009749815180202392,0.0009725888509619562,0.0009702282566326759,0.0009678989133033954,0.000965600027702515,0.0009633308338642283,0.0009610905920288807,0.0009588785875926485,0.0009566941301041404,0.0009545365523055781,0.0009524052092163804,0.0009502994772570891,0.0009482187534116692,0.0009461624544263355,0.0009441300160431703,0.000942120892266837
50,0.0013356107365696157,0.0013237716778151764,0.0013123314477185542,0.0013012710451362488,0.0012905725765223486,0.0012802191791719602,0.0012701795509799166,0.001260456303014792,0.0012510351391765925,0.0012419025525127582,0.0012330457736946933,0.001224355074088905,0.0012159342316913314,0.0012077714968085755,0.0011998557477916093,0.0011921764515097795,0.0011847259341587623,0.001177491823328969,0.0011704651713362025,0.0011636374856496693,0.0011570007017403798,0.001150548343034797,0.0011442712643453226,0.0011381625708940014,0.0011322157028097791,0.001126424416120655,0.0011207750600671497,0.0011152587146718387,0.001109870442010144,0.001104605529852527,0.0010994594796790165,0.0010944279954253962,0.0010895069729100417,0.0010846924898943475,0.0010799807967334372,0.0010753683075770955,0.0010708515920840546,0.0010664273676154403,0.0010620924918758523,0.0010578439559728167,0.0010536788778675813,0.0010495944961921443,0.00104558816440925,0.0010416573452937423,0.0010377996057152209,0.001034012611703348,0.0010302941237784339,0.0010266419925311814,0.0010230541544365387,0.0010195286278876382,0.001016063509436756,0.0010126569702311008,0.0010093072526320384,0.001006012667007122,0.0010027715886849668,0.0009995824550637056,0.0009964437628642727,0.000993354065520419,0.0009903119706977856,0.0009873161379349007,0.000984365276399386,0.0009814581427530702,0.0009785935391201125,0.0009757703111525694,0.0009729873461881997,0.0009702435714955972,0.0009675379526020469,0.0009648694916997454,0.0009622372261263334,0.0009596402269158463,0.0009570775974164993,0.0009545484719718583,0.0009520520146621931,0.0009495874181029531,0.0009471539022975101,0.0009447507135414537,0.0009423771233758677,0.0009400324275871851,0.0009377159452513221,0.0009354270178199371,0.0009331650082467592
51,0.0013595010178191892,0.0013472542762907103,0.0013354217963284893,0.0013239837683287651,0.0013129215418933003,0.0013022175451956632,0.0012918378838981102,0.0012817847781131533,0.001272043443301092,0.0012625999125393385,0.00125344098304187,0.001244400745707498,0.0012356250300324086,0.001227102439411343,0.0012188221774864767,0.0012107740109397764,0.0012029540767955163,0.0011953471774533023,0.001187944577828329,0.0011807379813553787,0.0011737195041945092,0.0011668889130727975,0.0011602316492656335,0.0011537409362790954,0.001147410323041545,0.0011412336656665338,0.0011353339874758442,0.0011295740984534376,0.0011239487846276728,0.0011184530715943966,0.0011130822117197882,0.0011078316721291268,0.001102697123426357,0.0010976744290936834,0.0010927596355243942,0.0010879489626457752,0.0010832387950922675,0.00107862567389209,0.001074106288633295,0.0010696774700777855,0.001065336183194159,0.001061079520582378,0.0010569046962652178,0.001052809039823276,0.0010487899908519646,0.0010448450937204452,0.0010409719926138584,0.0010371684268415356,0.0010334322263950177,0.0010297613077408687,0.0010261536698342535,0.0010226073903401918,0.0010191206220503252,0.0010156915894837385,0.0010123185856612533,0.001008999969043178,0.001005734160621237,0.0010025196411559555,0.0009993549485513202,0.0009962386753590816,0.0009931694664055172,0.0009901460165339386,0.0009871670684566116,0.000984231410710188,0.0009813378757090544,0.0009784853378913799,0.0009756727119529463,0.0009728989511641186,0.0009701630457656085,0.0009674640214389281,0.0009648009378476702,0.000962172887245969,0.0009595789931507217,0.0009570184090743147,0.0009544903173148145,0.0009519939278007378,0.0009495284769876656,0.0009470932268041485,0.0009446874636444498,0.0009423104974058542,0.0009399616605683364
52,0.0014401203062382433,0.0014263215028612406,0.0014129970794259728,0.0014001240196051016,0.001387680674430765,0.0013756466657902488,0.001363938649492988,0.0013526049102296435,0.001341628259838354,0.0013309924753843296,0.0013206822350585211,0.0013101215737453163,0.0012998763561380073,0.001289932722663509,0.0012802775611511015,0.001270898459391245,0.0012618047779600374,0.0012529636279428155,0.0012443644753510584,0.0012359973267435911,0.0012278526966978344,0.0012199475267034728,0.0012122465949875657,0.0012047417978069534,0.001197425428471193,0.001190290154604546,0.0011837845876567755,0.001177435038014524,0.0011712356343240343,0.0011651807776917537,0.0011592651269688623,0.0011534835849497343,0.0011478312854195439,0.0011423035809913927,0.0011368960316780867,0.0011316043941479654,0.0011264246116181177,0.0011213528043419406,0.001116385260651227,0.0011115184285160136,0.0011067489075881583,0.0011020734416971266,0.0010974889117688093,0.0010929923291402765,0.0010885808292453814,0.001084251665647858,0.001080002204400268,0.0010758299187086466,0.001071732383884083,0.0010677072725638246,0.0010637523501856002,0.001059865470700061,0.0010560445725071679,0.0010522876746033583,0.0010485928729271799,0.001044958336891863,0.0010413823060940995,0.0010378630871889494,0.0010343990509214802,0.0010309886293062842,0.0010276303129466485,0.0010243226484856244,0.0010210642361817136,0.0010178537276023841,0.0010146898234289956,0.001011571271367141,0.0010084968641567477,0.0010054654376766277,0.001002475869138488,0.000999527075365711,0.0009966180111524504,0.000993747667698912,0.0009909150711188742,0.0009881192810157408,0.0009853593891236577,0.00098263451801038,0.0009799438198387883,0.0009772864751841281,0.0009746616919041868,0.0009720687040598014,0.0009695067708832131
53,0.0017187253017158174,0.0017040220179833224,0.0016898096720482933,0.0016760650613061466,0.0016627663243098448,0.001649892848581469,0.0016371447330152727,0.0016247855325341354,0.0016127978636364428,0.0016011652913520736,0.0015898722680453366,0.0015762692137506785,0.001562994781938534,0.0015500354643797167,0.0015373784430828454,0.0015250115489331211,0.0015130282233765705,0.0015013116271058763,0.0014898513284517005,0.001478637405559683,0.0014676604173083645,0.001457047409074235,0.0014466527293086953,0.0014364682369023163,0.001426486172628755,0.001416699138316928,0.0014096079315539072,0.0014026836149933402,0.0013959199948204162,0.001389311160222057,0.0013828514683638829,0.0013765355302838996,0.0013703581976390496,0.0013643145502456502,0.0013583998843594795,0.0013526097016453706,0.001346939698790048,0.001341385757715477,0.00133594393635313,0.0013306104599426027,0.0013253817128206567,0.001320254230669253,0.001315224693193438,0.001310289917201991,0.0013054468500657197,0.0013006925635300167,0.001296024247859942,0.001291439206297595,0.0012869348498129494,0.0012825086921305622,0.0012781583450157893,0.0012738815138052455,0.0012696759931671926,0.0012655396630785872,0.0012614704850062574,0.0012574664982806293,0.0012535258166510238,0.0012496466250123714,0.0012458271762937358,0.0012420657884997042,0.0012383608418962222,0.0012347107763329842,0.0012311140886949747,0.0012275693304761982,0.001224075105469057,0.0012206300675632407,0.0012172329186483357,0.0012138824066147112,0.0012105773234475695,0.001207316503409333,0.001204098821305813,0.0012009231908318852,0.0011977885629926243,0.0011946939245960923,0.0011916382968141664,0.0011886207338080252,0.001185640321415067,0.0011826961758942497,0.0011797874427269517,0.0011769132954706724,0.0011740729346629885
54,0.0017024902780332705,0.0016871271582527601,0.00167228394693281,0.0016579357725685982,0.001644059219679431,0.0016306322274876278,0.0016176539092048038,0.0016050857424424094,0.0015929091393225632,0.0015811065410388245,0.0015696613504677214,0.0015587698886887884,0.0015482132004893863,0.0015379767730740136,0.0015280468636346407,0.001518410451237493,0.0015090458050733464,0.001499950334836435,0.0014911129439227513,0.0014825230964114892,0.0014741707838430347,0.0014660332554809672,0.0014581144052004764,0.0014504056438546247,0.0014428987970716623,0.0014355860818589888,0.0014281983271748786,0.0014209854526039268,0.0014139409399502444,0.001407058570273464,0.0014003324079173206,0.0013937567855182363,0.0013873262899251934,0.00138103574896765,0.0013748802190132058,0.0013688549732612256,0.0013629554907227896,0.0013571774458411364,0.0013515166987101608,0.0013459692858517715,0.0013405314115157623,0.001335199439468563,0.001329969885239627,0.0013248394087965255,0.0013198048076218307,0.0013148630101668122,0.001310011069658691,0.001305246158239857,0.0013005655614188871,0.001295966672814641,0.0012914469891759164,0.0012870041056603839,0.0012826357113575682,0.0012783395850416504,0.0012741135911408196,0.0012699556759107448,0.001265863863800554,0.0012618362540004315,0.0012578710171606594,0.0012539663922725484,0.0012501206837023159,0.0012463322583695091,0.0012425995430621014,0.0012389210218808609,0.0012352952338060396,0.0012317207703798603,0.001228196273498651,0.0012247204333088505,0.0012212919862014484,0.0012179097128997456,0.0012145724366355935,0.001211279021409592,0.0012080283703309299,0.0012048194240328607,0.0012016511591599612,0.0011985225869236035,0.0011954327517222213,0.0011923807298231635,0.0011893656281031062,0.001186386582844136,0.001183442758582804
55,0.001860795965609109,0.0018436042115169513,0.0018269978080263935,0.001810948599087623,0.0017954300864082534,0.001780417313457467,0.0017657192384930751,0.0017514845919095925,0.0017376922701507669,0.0017243223443316525,0.0017113559829166753,0.0016972561053875109,0.001683554109441442,0.0016702327438400475,0.001657275677342708,0.0016446674410149195,0.001632452308687036,0.0016205563814760714,0.0016089665153486384,0.0015976702339629352,0.0015866556889382257,0.001575986192590884,0.0015655752517960107,0.0015554127367078123,0.0015454890092883318,0.0015357948954312546,0.0015276677905400992,0.001519734218076804,0.001511986932793171,0.0015044190237144665,0.001497023896201126,0.0014897952551172844,0.0014827270890281656,0.0014758136553545285,0.0014690494664180355,0.0014624292763165754,0.0014559480685732518,0.0014496010445071137,0.0014433836122775506,0.0014372913765579869,0.0014313201287977327,0.0014254658380339123,0.0014197246422181784,0.0014140928400254605,0.0014085668831143548,0.0014031433688109095,0.0013978190331895804,0.0013925907445269273,0.001387455497105347,0.0013824104053456567,0.001377452698248852,0.001372579714128595,0.0013677888956173372,0.001363077784929996,0.0013584440193702822,0.0013538853270656417,0.0013493995229177675,0.0013449845047564279,0.0013406382496851357,0.0013363588106079741,0.001332144312927447,0.0013279929514039925,0.0013239029871682576,0.0013198727448778373,0.0013159006100107024,0.0013119850262879368,0.0013081244932189422,0.0013043175637625882,0.0013005628420982344,0.0012968589815008744,0.0012932046823149945,0.0012895986900220585,0.0012860397933968134,0.0012825268227478852,0.0012790586482384037,0.0012756341782826208,0.0012722523580147136,0.0012689121678261801,0.0012656126219684426,0.0012623527672174304,0.0012591316815971194
56,0.00193003828950641,0.00191129182728364,0.0018931922069670868,0.0018757079414491783,0.0018588094205743272,0.0018424687782375433,0.001826588482024483,0.0018112180079659138,0.0017963338699504552,0.0017819139051001244,0.0017679371856062604,0.0017537696338166397,0.0017400303302755255,0.0017267003901003004,0.0017137619504768902,0.0017011981055375719,0.0016890156054254846,0.001677175708586154,0.0016656640742514623,0.0016544670999883325,0.0016435718771081354,0.0016329937054768307,0.0016226924677328455,0.001612657139578513,0.001602877238512313,0.001593342792697692,0.0015845210700091952,0.0015759115206220142,0.0015675061429069798,0.0015592973074240147,0.0015512777367680485,0.001543440486669953,0.001535778928263287,0.0015282867314348149,0.0015209578491832774,0.0015137865029168098,0.0015067671686248257,0.001499894563865142,0.0014931636355116358,0.0014865695482118473,0.0014801076735077804,0.0014737735795765769,0.001467563021550937,0.001461471932382128,0.001455496414211053,0.0014496327302153489,0.0014438772969027848,0.0014382266768232714,0.001432677571673759,0.0014272268157720957,0.00142187136987751,0.0014166083153369419,0.0014114348485378568,0.001406348275649412,0.001401346007635128,0.001396425555521259,0.0013915845259061274,0.0013868206166966477,0.0013821316130590879,0.001377515383572039,0.0013729698765702295,0.0013684931166686072,0.001364083201456728,0.0013597382983541039,0.001355456641617783,0.0013512365294938984,0.001347076321505482,0.0013429744358692541,0.0013389293470345784,0.001334939583338131,0.0013310037247682388,0.0013271204008331904,0.0013232882885281438,0.0013195061103955744,0.001315772632674478,0.001312086663533852,0.0013084470513861678,0.0013048526832768693,0.0013013024833460611,0.0012977954113588582,0.0012943304613009569
57,0.002171690585201694,0.0021518237279874813,0.0021326315671493976,0.0021140817238681363,0.002096143721126126,0.002078788850943227,0.0020616837073896186,0.0020451115232650403,0.00202904812213118,0.002013470667744034,0.0019983575762065994,0.0019808278407945435,0.0019637478364909057,0.0019470985963892468,0.0019308621435786286,0.0019150214304782388,0.0018996738111317446,0.001884689308459076,0.0018700533645584082,0.001855752147041021,0.0018417725067624974,0.001828248503869267,0.0018150203495348879,0.0018020767457166819,0.0017894069338488003,0.001777000664835738,0.0017675418699247126,0.0017583086053293688,0.0017492924199850786,0.0017404852531401373,0.001731879413385891,0.0017234675589822754,0.001715242679387425,0.0017071980779071842,0.0016993273553871082,0.0016916243948754987,0.0016840833471915453,0.0016766986173377715,0.0016694648517004906,0.0016623769259862947,0.0016554299338464278,0.0016486191761444383,0.0016419401508258084,0.0016353885433512238,0.001628960217657882,0.0016226512076158131,0.001616457708948499,0.0016103760715891963,0.0016044027924464117,0.0015985345085537392,0.001592767990581009,0.0015871001366852227,0.0015815279666812024,0.0015760486165132287,0.0015706593330101501,0.0015653574689076272,0.0015601404781221747,0.0015550059112627382,0.001549951411366367,0.0015449747098454604,0.0015400736226347826,0.0015352460465272763,0.0015304899556882697,0.0015258033983384042,0.0015211844935961384,0.0015166314284712787,0.001512142455001453,0.0015077158875239942,0.0015033501000760682,0.0014990435239163528,0.0014947946451619536,0.0014906020025346064,0.0014864641852105475,0.0014823798307687657,0.0014783476232326474,0.0014743662912003249,0.0014704346060592402,0.0014665513802807739,0.0014627154657909434,0.0014589257524134293,0.00145518116638139
58,0.0024000081846909022,0.002377784638571421,0.002356318213382723,0.0023355724714437176,0.0023155131216144394,0.002296107869019645,0.0022770326913612612,0.0022585577662161335,0.0022406557491599197,0.002223300818573991,0.0022064685753648535,0.002187459745390109,0.0021689753483558026,0.0021509927071137695,0.0021334903541058168,0.002116447955529104,0.00209995035988535,0.0020838734138343513,0.0020681998515809353,0.0020529132846790156,0.002037998149823299,0.002023571761345563,0.0020094859276359065,0.0019957273557022113,0.0019822833981884094,0.0019691420167682575,0.001958682557948989,0.0019484723746745443,0.0019385021292537634,0.0019287629150953262,0.0019192462335562348,0.0019099439722198809,0.0019008483845029055,0.0018919520704980513,0.0018832479589675573,0.0018747292904082713,0.0018663896011157925,0.0018582227081804749,0.0018502226953532792,0.0018423838997240383,0.0018347008991590635,0.001827168500448846,0.0018197817281203116,0.0018125358138712637,0.0018054261865877975,0.0017984484629081962,0.0017915984382994253,0.001784872078614666,0.0017782655121025917,0.0017717750218410341,0.0017653970385695526,0.0017591281338972214,0.0017529650138634178,0.0017469045128309848,0.001740943587692402,0.0017350793123709401,0.0017293088725998985,0.001723629560964131,0.0017180387721890652,0.001712533998663362,0.0017071128261822229,0.0017017729298991844,0.00169651207047494,0.0016913280904125242,0.0016862189105687306,0.0016811825268323354,0.0016762170069602258,0.00167132048756307,0.0016664911712326643,0.001661727323803522,0.0016570272717417805,0.0016523893996548055,0.0016478121479153148,0.0016432940103942068,0.0016388335322965236,0.001634429308095434,0.0016300799795592289,0.0016257842338667874,0.0016215408018070713,0.0016173484560585245,0.0016132060095444846
59,0.002520171103617854,0.0024974229682992594,0.0024754447152838823,0.0024541995123878698,0.0024336526837969233,0.0024137715600001165,0.0023943607438957283,0.0023755570242431634,0.0023573329237867808,0.0023396624844339007,0.002322521167922213,0.0023043468038860637,0.002286668172343117,0.002269464122050609,0.002252714608117356,0.002236400623984988,0.002220565531199476,0.002205130346578272,0.0021900788293131948,0.002175395549151565,0.0021610658390617053,0.002147155380924463,0.002133570702491826,0.002120299187014649,0.0021073288207005434,0.0020946481591303423,0.0020837158622391415,0.0020730431263841576,0.0020626202556982645,0.002052438000559876,0.002042487533710884,0.002032760427844118,0.0020232486345570324,0.002013944464576527,0.002004840569167315,0.0019959299226430033,0.0019872058059053604,0.001978661790942852,0.001970291726224809,0.00196208972293231,0.0019540501419712634,0.0019461675817171737,0.0019384368664447451,0.001930853035398883,0.001923411332466737,0.0019161071964133348,0.0019089362516459176,0.0019018942994746021,0.001894977309839161,0.0018881814134738514,0.0018815028944840517,0.0018749381833102871,0.0018684838500568639,0.0018621365981637875,0.001855893258402085,0.001849750783173936,0.0018437062411002278,0.001837756811879216,0.0018318997814011093,0.001826132537104226,0.001820452563559389,0.001814857438269979,0.0018093448276758556,0.0018039124833501147,0.0017985582383782577,0.0017932800039100296,0.001788075765874745,0.0017829435818514624,0.0017778815780858843,0.0017728879466463252,0.001767960942711562,0.0017630988819837586,0.0017583001382200597,0.0017535631408768508,0.0017488863728609535,0.001744268368382392,0.001739707710903665,0.0017352030311807243,0.0017307530053911194,0.0017263563533450326,0.0017220118367751768
60,0.0027336560962021032,0.002707976806688025,0.0026831756819372245,0.0026592103153472704,0.002636040807303576,0.002613629589073359,0.0025916451062990378,0.00257035733723392,0.002549734420716668,0.0025297462772481735,0.0025103644911797346,0.002488903163922938,0.0024680569974695537,0.0024477990741715396,0.0024281039278454607,0.0024089474517291383,0.002390408933083334,0.002372362391051399,0.0023547874064545385,0.0023376646079531107,0.0023209756090275015,0.00230483099747769,0.0022890836005833933,0.0022737177525957255,0.002258718555332207,0.002244071834233309,0.0022320566559914266,0.0022203283265508564,0.002208876087001117,0.0021976896758528724,0.0021867593022824898,0.0021760756210314086,0.0021656297088434116,0.0021554130423322875,0.002145417477180812,0.0021356352285797184,0.002126058852822435,0.002116681229977757,0.0021074955475685994,0.002098495285190353,0.002089674200007294,0.0020810263130701004,0.0020725458964016607,0.00206422746080218,0.00205606574432815,0.002048055701402953,0.0020401924925198675,0.0020324714745009733,0.0020248881912780133,0.0020174383651636076,0.0020101178885832934,0.0020029228162409974,0.001995849357692262,0.00198889387030132,0.0019820528525596776,0.001975322937745308,0.001968700887902939,0.0019621835881271773,0.001955768041131337,0.001949451362085985,0.0019432307737121718,0.0019371036016152768,0.0019310672698462843,0.0019251192966780563,0.001919257290585014,0.0019134789464152668,0.0019077820417449148,0.0019021644334048715,0.0018966240541711268,0.0018911589096098538,0.0018857670750693542,0.0018804466928112138,0.001875195969273544,0.0018700131724595265,0.001864896629444952,0.0018598447239987024,0.001854855894310538,0.0018499286308208296,0.0018450614741471793,0.0018402530131031536,0.001835501882804609
61,0.00297070017600527,0.0029419750237374945,0.0029142398222345143,0.002887446434742378,0.002861549590730109,0.0028365066831589673,0.002811930141378228,0.0027881374471741775,0.002765092530732037,0.0027427613525625393,0.002721111768370724,0.0026969811850120614,0.002673540461583412,0.00265075930760839,0.002628609072740971,0.0026070626423289537,0.0025862150289005822,0.0025659187407660908,0.002546150823048884,0.0025268895035748134,0.002508114121449631,0.002489956854464921,0.002472244443910085,0.0024549592938185177,0.002438084673725297,0.0024216046689137694,0.0024082296328936433,0.0023951761087064928,0.0023824319761184725,0.0023699856784091325,0.0023578261918720048,0.0023459429972134695,0.0023343260527150566,0.0023229657690351426,0.002311852985535852,0.0023009789480299015,0.002290335287850374,0.002279914002153855,0.0022697074353741627,0.002259708261750265,0.002249909468857563,0.0022403043420771295,0.002230886449942169,0.002221649630305481,0.002212587977275749,0.002203695828874167,0.0021949677553664685,0.0021863985482284427,0.002177983209706062,0.002169716942933996,0.00216159514257873,0.0021536133859748974,0.0021457674247254265,0.0021380531767382117,0.0021304667186736958,0.002123004278779535,0.0021156622300899934,0.002108437083969257,0.0021013254839790723,0.0020943242000524857,0.002087430122956498,0.0020806402590276512,0.0020739517251654074,0.0020673617440692803,0.0020608676397063943,0.0020544668329970585,0.0020481568377066443,0.0020419352565327563,0.002035799777377372,0.0020297481697942117,0.002023778281602164,0.002017888035656151,0.00201207542676731,0.002006338518764812,0.002000675441692108,0.001995084389130777,0.0019895636156455456,0.001984111434344426,0.001978726214548193,0.0019734063795638327,0.0019681504045568083
62,0.0030237616878300054,0.0029922047244938634,0.0029617586018043708,0.002932368275625284,0.0029039820435314465,0.0028765513040257275,0.0028499701267824993,0.002824262746875093,0.0027993881937733622,0.002775307848575911,0.002751985284422673,0.0027289682345049506,0.0027066975271659655,0.0026851393987333033,0.0026642619650351735,0.0026440350981411405,0.0026244420811765913,0.0026054423174003685,0.002587010394805372,0.0025691222441245397,0.002551755055493587,0.0025348969528830143,0.002518515571157078,0.0025025915363363267,0.002487106449394665,0.0024720428287911263,0.0024574747681759554,0.002443262136902018,0.0024293913885491676,0.002415849614153767,0.002402624507247068,0.0023897043310988834,0.002377077888007967,0.0023647344904933094,0.0023526639342523114,0.002340856472762395,0.002329302793412319,0.0023179939950583902,0.0023069215669087456,0.002296077368646388,0.002285453611708363,0.002275042841644685,0.0022648379214863035,0.0022548320160566,0.00224501857716575,0.0022353913296315575,0.002225944258074585,0.0022166715944389303,0.0022075678061936103,0.002198627585172534,0.002189845837014002,0.002181217671163407,0.0021727383914051704,0.0021644034868924054,0.002156208623644736,0.0021481496364868205,0.002140222521401849,0.0021324234282759833,0.0021247486540113144,0.0021171946359862886,0.002109757945843952,0.002102435283589596,0.002095223471980503,0.002088119451191685,0.0020811202737423314,0.00207422309966881,0.0020674251919307936,0.002060723912037952,0.0020541167158854255,0.002047601149786938,0.0020411748466951166,0.0020348355225992217,0.0020285809730909597,0.002022409070089738,0.0020163177587190846,0.0020103050543265285,0.0020043690396396095,0.0019985078620511467,0.001992719731027235,0.001987002915631867,0.001981355742162331
63,0.0033117637433448307,0.0032771559800056234,0.0032437669028147825,0.0032115361037417358,0.00318040684334581,0.0031503257863552863,0.0031207721049261706,0.003092177894366728,0.0030644982377399346,0.0030376907923996836,0.0030117156155926687,0.0029822494424252685,0.00295361938010189,0.0029257884336492505,0.0028987216316723142,0.0028723858962167825,0.0028469163086604177,0.0028221138964752168,0.0027979506882609283,0.0027744001681740843,0.0027514371871429975,0.0027292485901369463,0.0027075976120122134,0.002686462853327621,0.0026658239775546296,0.0026456616493529877,0.002629764672213725,0.0026142573333381857,0.002599124732116252,0.002584352671718582,0.002569927620341003,0.0025558366749034458,0.0025420675270263005,0.002528608431121294,0.002515448174447277,0.002502576048993087,0.0024899818250606214,0.0024776557264311206,0.0024655884070067537,0.0024537709288278494,0.0024421947413737254,0.00243085166206197,0.0024197338578673985,0.002408833827987744,0.0023981443874884893,0.0023876586518641117,0.002377370022457632,0.002367272172684379,0.0023573590350098286,0.0023476247886348336,0.002338063847844788,0.0023286708509823507,0.0023194406500060254,0.0023103683005995185,0.002301449052799107,0.002292678342108512,0.002284051781072647,0.0022755651512837167,0.002267214395794608,0.0022589956119163763,0.0022509050443779164,0.002242939078827481,0.002235094235656823,0.002227367164130109,0.0022197546368006894,0.0022122535442000396,0.002204860889783975,0.0021975737851222684,0.0021903894453185815,0.002183305184648418,0.002176318412403548,0.002169426628932003,0.0021626274218634373,0.002155918462510174,0.0021492975024348976,0.0021427623701763807,0.0021363109681251996,0.0021299412695418357,0.002123651315709937,0.0021174392132179876,0.002111303131362961
64,0.00356304138002296,0.0035245245354700167,0.0034873773877486395,0.003451531451888904,0.0034169224389669125,0.003383489951111933,0.003350765010258486,0.003319117720751757,0.0032884971716526782,0.0032588553976050576,0.0032301471774088403,0.0031986578182140756,0.0031681142870455207,0.003138473853658081,0.00310969616891029,0.0030817431086546114,0.0030547186093121694,0.003028445162191999,0.0030028906513674897,0.0029780246606732393,0.0029538183681424766,0.002930418798717915,0.0029076217923382033,0.002885402913307793,0.002863738958281983,0.002842607883510509,0.0028250914566567446,0.002808006973584727,0.0027913378418030145,0.002775068256335241,0.002759183156122974,0.002743668183204473,0.0027285096444680207,0.002713694475794788,0.0026992102084213267,0.0026850449373652346,0.0026711872917699804,0.0026576264070362374,0.002644351898617298,0.0026313538373656884,0.0026186227263265797,0.0026061494788816447,0.002593925398154117,0.0025819421575924996,0.0025701917826564127,0.0025586666335337136,0.0025473593888230557,0.0025362630301208914,0.0025253708274561256,0.002514676325519797,0.0025041733306406474,0.0024938558984610505,0.002483718322270694,0.002473755121958514,0.0024639610335458893,0.002454330999266678,0.0024448601581619216,0.0024355438371592127,0.002426377542608604,0.00241735695224888,0.0024084779075795606,0.002399736406615719,0.002391128597004024,0.0023826507694799113,0.002374299351646861,0.002366070902060159,0.002357962104598403,0.0023499697631071776,0.0023420907963001883,0.002334322232904047,0.002326661207033769,0.0023191049537867473,0.002311650805043713,0.002304296185465893,0.002297038608678176,0.0022898756736286535,0.0022828050611155446,0.002275824530472924,0.0022689319164072214,0.0022621251259769136,0.0022554021357082
65,0.004025089174791338,0.003981616598629358,0.003939689543906257,0.0038992307523503535,0.0038601676981549556,0.003822432244072643,0.0037851277116071062,0.003749042015926097,0.0037141176450199652,0.0036803004109097087,0.003647539222612887,0.003608213720502561,0.0035699943068989107,0.0035328318501324034,0.0034966799324634913,0.003461494673879442,0.003427527257643421,0.0033944400705726353,0.00336219613002979,0.003330760395812686,0.0033000996505370005,0.003270551598033615,0.003241710615360412,0.003213548546356728,0.003186038645543449,0.0031591554954262897,0.003139523420457604,0.00312037645700429,0.0031016959419336485,0.003083464099364546,0.003065663991460905,0.003048279472363869,0.003031295145034613,0.0030146963207982953,0.002998468981396738,0.0029825997433726745,0.00296707582462266,0.002951885012968368,0.0029370156366078292,0.0029224565363188118,0.0029081970392962637,0.0028942269345147912,0.002880536449515254,0.002867116228522046,0.002853957311804653,0.002841051116203212,0.002828389416743772,0.0028159643292741997,0.0028037682940566214,0.0027917940602568397,0.002780034671275263,0.0027684834508678673,0.002757133990009061,0.0027459801344518137,0.002735015972943285,0.0027242358260570723,0.002713634235605721,0.00270320595459964,0.002692945937720668,0.0026828493322807105,0.00267291146963767,0.002663127857042784,0.002653494169895023,0.0026440062443798137,0.0026346600704707187,0.002625451785274092,0.0026163776666978827,0.002607434127426991,0.0025986177091885916,0.00258992507729187,0.002581353015427525,0.0025728984207132976,0.002564558298972543,0.0025563297602336906,0.0025482100144390628,0.002540196367352298,0.0025322862166540956,0.0025244770482167455,0.002516766432548322,0.002509152021398005,0.002501631544514409
66,0.00437464424580793,0.004326174094458787,0.004279440174437366,0.004234355114600382,0.00419083693200675,0.00414880863784154,0.004107568852154634,0.004067694380850632,0.004029120343695423,0.003991785637331772,0.003955632675467765,0.0039149723835226755,0.003875523912695528,0.0038372323403935513,0.003800045820020582,0.003763915378345641,0.003729010316115699,0.0036950662896573427,0.0036620420982319685,0.0036298987323544595,0.0035985992370505117,0.0035683780418504546,0.003538926811382157,0.0035102142601727447,0.003482210687958777,0.0034548878856438267,0.003433030302566982,0.0034117152085413184,0.003390921665149255,0.0033706297328993462,0.0033508204156147466,0.0033314756083824685,0.0033125780488037554,0.003294111271307202,0.003276059564305638,0.0032584079299952363,0.0032411420466115994,0.003224248232972002,0.003207713415146368,0.0031915250951117845,0.003175671321256447,0.0031601406606091413,0.003144922172679717,0.003130005384804512,0.0031153802688986022,0.003101037219523853,0.003086967033188469,0.0030731608887997275,0.003059610329197243,0.003046307243699196,0.0030332438515987266,0.0030204126865521303,0.0030078065818043976,0.002995418656201463,0.002983242300941961,0.002971271167024439,0.0029594991533488744,0.0029479203954342393,0.0029365292547161494,0.0029253203083911346,0.002914288339776211,0.0029034283291543748,0.002892735445078578,0.0028822050361085017,0.0028718326229559476,0.0028616138910162827,0.00285154468326473,0.0028416209934975806,0.0028318389598996226,0.0028221948589202675,0.0028126850994417904,0.00280330621722424,0.0027940548696123433,0.002784927830490684,0.0027759219854742263,0.002767034327321956,0.002758261951562153,0.002749602052318478,0.0027410519183266395,0.002732608929131979,0.002724270551458918
67,0.004586872275497548,0.004532459858133839,0.004480037538614087,0.00442950332087842,0.004380761616093614,0.004333722765800319,0.00428794448770314,0.004243724473039478,0.004200987282590149,0.004159661953082169,0.0041196816834855945,0.004077983941362228,0.004037657336924456,0.003998637636741352,0.003960864316850495,0.003924280310547801,0.003888939677434686,0.0038546786081376416,0.0038214493506092836,0.003789206764881757,0.003757908155175634,0.003727640080383535,0.003698231675792927,0.003669646964970754,0.0036418518415094283,0.0036148139550240517,0.0035906388870755412,0.0035670723163645783,0.003544090512427837,0.0035216708896166453,0.0034997919425933566,0.003478433186007549,0.0034575750980439875,0.0034371990675594816,0.003417287344549279,0.0033978229937044672,0.0033787898508411194,0.0033601724819994376,0.003341956145026939,0.003324126753474418,0.0033066708426465505,0.003289575537661263,0.0032728285233829973,0.0032564180161052322,0.003240332736866869,0.0032245618862957455,0.0032090951208802224,0.003193922530577166,0.0031790346176711164,0.0031644222768056375,0.0031500767761133866,0.003135989739376597,0.0031221531291545346,0.003108559230818711,0.0030952006374408586,0.0030820702354823135,0.0030691611912369425,0.003056466937982994,0.003043981163802162,0.003031697800026911,0.003019611010279697,0.0030077151800700303,0.002996004906917515,0.0029844749909711294,0.00297312042609672,0.0029619363914066316,0.002950918243206896,0.002940061507338974,0.002929361871894493,0.0029188151802826343,0.0029084174246311566,0.002898164739503205,0.002888053395912975,0.0028780797956244695,0.002868240465718434,0.002858532053413434,0.002848951321127851,0.002839495141770393,0.0028301604942473266,0.002820944459175411,0.002811844214790054
68,0.005140836764527604,0.005081706649351277,0.005024718650109012,0.004969763894431902,0.004916740291854055,0.0048655520330696984,0.0048149802676212055,0.00476608588095295,0.00471878858420876,0.004673012797703112,0.00462868732464685,0.004575381456908409,0.004523558039129638,0.004473151336773087,0.004424099250792088,0.004376343081377045,0.004330230814446936,0.004285299679726046,0.004241500140455369,0.0041987852663740825,0.004157110572957964,0.004116946026509825,0.004077731535284396,0.004039429328890935,0.00400200353402885,0.003965420063016251,0.003938918602483764,0.003913084076081871,0.003887890477827462,0.0038633130561513155,0.003839328243229887,0.003815913588895767,0.003793047698789268,0.0037707101764414123,0.0037488815690042477,0.003727543316367161,0.0037066777034191465,0.0036862678152359317,0.0036662974949883734,0.0036467513043844696,0.0036276144864718267,0.003608872930640752,0.0035905131396802474,0.0035725221987503966,0.0035548877461447537,0.0035375979457257425,0.0035206414609246714,0.003504007430205848,0.0034876854439014784,0.00347166552233085,0.003455938095123235,0.0034404939816697726,0.003425324372634798,0.0034104208124617146,0.0033957751828132448,0.003381379686889702,0.003367226834572939,0.00335330942834702,0.003339620549949968,0.0033261535477138826,0.0033129020245536113,0.0032998598265666377,0.003287021032209329,0.0032743799420168964,0.003261931068836399,0.003249669128544226,0.0032375890312211415,0.0032256858727596153,0.003213954926879905,0.003202391637532568,0.003190991611666559,0.0031797506123433495,0.0031686645521785493,0.003157729487093752,0.003146941610362215,0.003136297246933087,0.0031257928480195965,0.0031154249859376947,0.003105190349182138,0.0030950857377280423,0.0030851080585463514
69,0.005746757908891193,0.005682459125248196,0.005620470306731343,0.005560674910706394,0.0055029636005238716,0.005447233717191651,0.0053921121131969745,0.00533880360085344,0.005287221980900761,0.005237286074915043,0.0051889193797894665,0.005130330573661049,0.005073355187977405,0.005017922087336761,0.004963964049717765,0.004911417513514156,0.004860678554041583,0.0048112264110241314,0.004763007411395564,0.004715970691969504,0.004670068027026896,0.004625832664973658,0.004582633234640661,0.004540428770414281,0.004499180354326421,0.004458850996338892,0.0044298872790301085,0.004401647184786311,0.004374102647703924,0.004347226947894485,0.004320994636123661,0.00429538146330302,0.00427036431447882,0.004245921146991355,0.004222030932505047,0.004198673602633698,0.004175829997907342,0.004153481819847223,0.004131611585933809,0.004110202587269396,0.004089238848752261,0.004068705091593145,0.004048586698017858,0.004028869678011308,0.0040095406379691695,0.003990586751133161,0.003971995729695009,0.003953755798462527,0.003935855669988741,0.003918284521072314,0.0039010319705436456,0.0038840880582573386,0.0038674432252170333,0.003851088294763742,0.0038350144547635617,0.0038192132407349217,0.003803676519859588,0.0037883964758253642,0.0037733655944517555,0.0037585766500532834,0.0037440226924978243,0.003729697034920302,0.003715593242054464,0.0037017051191479762,0.003688026701428078,0.003674552244087277,0.0036612762127603716,0.0036481932744658126,0.0036352982889861765,0.0036225863006639626,0.0036100525305904135,0.003597692369166377,0.0035855013690154645,0.003573475238230952,0.003561609833938916,0.0035499011561612053,0.003538345341962645,0.003526938659867956,0.0035156775045344997,0.003504558391667953,0.003493577953168561
70,0.006238796803684678,0.006164075151484031,0.006092094616081045,0.006022714340296852,0.005955802338729359,0.005891234835833945,0.005827916707356969,0.0057667553378098245,0.00570764600729942,0.005650490229037465,0.005595195311176195,0.0055331865907856746,0.005473178924421473,0.005415077971569444,0.00535879488873504,0.005304245952620752,0.005251667084623315,0.005200657990904884,0.005151148889181826,0.005103073846618168,0.005056370530388111,0.005011362446547626,0.004967599153175887,0.004925028373787465,0.004883600570348853,0.004843268775006733,0.004810638146766264,0.004778830417609978,0.004747813450520563,0.004717556661187331,0.004688030930378548,0.004659208522001233,0.0046310630064284744,0.004603569188708964,0.004576703041305355,0.004550441641036524,0.00452476310992511,0.0044996465596754895,0.004475072039529098,0.004451020487263775,0.00442747368312192,0.004404414206468837,0.004381825394997739,0.004359691306311684,0.004337996681725577,0.0043167269121427865,0.00429586800587182,0.004275406558258155,0.004255329723015462,0.004235625185148687,0.004216281135369058,0.004197286245908244,0.004178629647645266,0.004160300908465768,0.0041422900127787874,0.0041245873421213,0.004107183656785445,0.004090070078407763,0.004073238073463827,0.004056679437615277,0.004040386280859904,0.004024351013438473,0.004008566332455026,0.003993025209170257,0.003977720876929921,0.003962646819692819,0.003947796761125026,0.003933164654229119,0.003918744671479065,0.003904531195433275,0.0038905188097999375,0.003876702290930343,0.0038630765997173504,0.0038496368738775368,0.003836378420596752,0.0038232967095201006,0.0038103873660684,0.0037976461650642353,0.003785069024651637,0.0037726520004944856,0.00376039128023936
71,0.006728174396404024,0.006644730248493014,0.006564381361777025,0.006486967130574572,0.006412337163304846,0.0063403505134305566,0.006269850516658101,0.006201769902804807,0.006135990280549631,0.0060724003606266366,0.006010895452806716,0.005942343593195652,0.005875956522593725,0.005811632653975596,0.00574927629013918,0.005688797222052671,0.005630450927256198,0.005573806788895528,0.005518789424355579,0.005465327592183621,0.005413353924953444,0.005363224697969453,0.005314448627123872,0.005266969042840709,0.005220732234659104,0.0051756872700637405,0.005139194413256677,0.005103632978955323,0.005068966268749497,0.005035159374125093,0.005002179074426909,0.004969993741510559,0.004938573250585218,0.004907888896790006,0.0048779133170852255,0.004848620417073556,0.004819985302397794,0.0047919842143901055,0.004764594469673622,0.004737794403440811,0.004711563316154751,0.00468588142343888,0.004660729808939021,0.004636090379957816,0.004611945825676795,0.004588279577795165,0.0045650757734270525,0.0045423192201105335,0.004519995362792502,0.0044980902526633075,0.004476590517723914,0.004455483334976943,0.004434756404140411,0.004414397922790049,0.004394396562842773,0.004374741448299653,0.004355422134172469,0.004336428586522969,0.004317751163548816,0.004299380597654405,0.004281307978449014,0.004263524736618427,0.004246022628619625,0.004228793722151496,0.004211830382357459,0.004195125258718671,0.004178671272599161,0.004162461605406636,0.0041464896873348945,0.004130749186655954,0.004115233999531942,0.004099938240318559,0.004084856232333699,0.004069982499066371,0.0040553117558024855,0.004040838901645555,0.00402655901191157,0.004012467330878554,0.003998559264872395,0.0039848303756716726,0.003971276374215126
72,0.007315963647461564,0.007221645056443844,0.007130869594334006,0.007043451382407109,0.006959216493310498,0.006878002041904739,0.006798385174931543,0.006721534613231235,0.006647313543306068,0.006575593447887895,0.006506253512200809,0.0064280167812113586,0.0063522901522379506,0.006278954329235281,0.0062078970255863035,0.006139012479802068,0.0060726201854881924,0.006008194359256435,0.005945646896696983,0.005884894594415849,0.0058258588298716225,0.00576898038531003,0.005713659726197617,0.005659830923272564,0.005607431530228407,0.005556402367888013,0.0055157447922625415,0.005476135468700432,0.005437532787547536,0.005399897184621075,0.005363191023623434,0.0053273784863283845,0.005292425469956152,0.005258299491202516,0.0052249695964321444,0.005192406277586339,0.005160581393392491,0.005129468095495769,0.005099040759164036,0.005069274918244841,0.005040147204078443,0.005011635288094129,0.004983717827837994,0.004956374416199802,0.004929585533624072,0.0049033325031068616,0.004877597447794372,0.004852363251013195,0.0048276135185745086,0.004803332543206054,0.004779505270976003,0.004756117269582885,0.004733154698394525,0.00471060428012701,0.004688453274062609,0.004666689450712285,0.004645301067835113,0.004624276847732758,0.00460360595574273,0.004583277979859281,0.0045632829114154675,0.00454361112676433,0.004524253369901227,0.004505200735972982,0.004486444655623248,0.004467976880126452,0.004449789467265921,0.004431874767914488,0.004414225413278476,0.004396834302768424,0.00437969459246217,0.004362799684127987,0.004346143214777431,0.0043297190467194175,0.004313521258088746,0.004297544133823812,0.004281782157069844,0.004266230000985368,0.004250882520930759,0.004235734747019216,0.004220781877011402
73,0.008377349915559447,0.008270035501884402,0.008166743930005781,0.008067264540775878,0.007971400195146729,0.007878966247427508,0.0077872696215155,0.007698721784720467,0.007613167567547848,0.007530461177695918,0.007450465531326649,0.007350299380970751,0.0072531045696506025,0.007158744162178904,0.007067089114951434,0.006978017741512331,0.006892284581029134,0.006808891434714197,0.006727736681975414,0.006648724257863146,0.0065717632965668,0.006497853198126304,0.006425803693218729,0.006355538475912201,0.006286985210022,0.006220075286903549,0.0061741111228016225,0.006129335263097308,0.006085700444112019,0.0060431617305060584,0.006001676381131092,0.005961203723769379,0.005921705038091099,0.005883143446217247,0.005845483810326908,0.00580869263679407,0.005772737986381208,0.005737589390055421,0.005703217770027555,0.005669595365646782,0.0056366956638120025,0.005604493333587895,0.005572964164737667,0.005542085009906701,0.005511833730211421,0.005482189144006326,0.005453130978619061,0.005424639824859009,0.005396697094119146,0.005369284977904097,0.005342386409629302,0.005315985028547339,0.00529006514566784,0.005264611711546515,0.005239610285827846,0.005215047008433754,0.005190908572298059,0.005167182197553414,0.005143855607083607,0.005120917003360022,0.005098355046486461,0.005076158833381528,0.005054317878032428,0.005032822092758283,0.005011661770425141,0.004990827567558454,0.004970310488302406,0.004950101869178471,0.004930193364598729,0.004910576933092105,0.004891244824204402,0.004872189566035279,0.004853403953377663,0.004834881036427044,0.004816614110030266,0.004798596703444957,0.004780822570582737,0.004763285680710655,0.004745980209587003,0.004728900531008948,0.004712041208750694
74,0.009156618949956381,0.009033559377478696,0.008915187443394085,0.008801254236372923,0.008691527041461842,0.008585788094130542,0.00848205878176561,0.00838198671790208,0.008285388842778388,0.008192093332487778,0.008101938785442983,0.007999303711083674,0.007900050877542123,0.0078040167022993545,0.0077110473854239085,0.007620998221829888,0.007534308940329792,0.007450256095319573,0.007368719647916441,0.007289586347442051,0.007212749280565287,0.007138809826474244,0.0070669489156358995,0.006997077276181528,0.006929110424507664,0.0068629683638783915,0.006810838788628038,0.006760067358565705,0.0067105997469134706,0.006662384319222659,0.0066153719772729675,0.006569516013377078,0.00652477197430331,0.006481097534095247,0.006438452375128331,0.006396798076797633,0.006356098011281431,0.006316317245870134,0.006277422451391593,0.0062393818163011495,0.006202164966039199,0.006165742887290165,0.0061300878568052875,0.006095173374477721,0.006060974100382238,0.006027465795513713,0.005994625265978398,0.005962430310410485,0.005930859670403184,0.005899892983759006,0.005869510740378009,0.005839694240615998,0.005810425555956565,0.005781687491851884,0.00575346355259742,0.005725737908115078,0.005698495362527928,0.005671721324417863,0.005645401778664614,0.005619523259771637,0.005594072826590607,0.005569038038362196,0.005544406931996085,0.005520168000518363,0.005496310172618987,0.005472822793236456,0.005449695605120668,0.005426918731318907,0.005404482658533181,0.005382378221300444,0.005360596586950242,0.005339129241297178,0.005317967975027984,0.005297104870745752,0.00527653229063583,0.005256242864720208,0.005236229479669104,0.00521648526814032,0.005197003598618709,0.005177778065729626,0.0051588024810018005
75,0.010537457035983846,0.01040236924846516,0.010272346691463504,0.01014712406286389,0.010026453091296088,0.00991010124252575,0.009794289597549626,0.009682428169413568,0.009574322684688923,0.00946979058680624,0.009368660202189289,0.009238141232451378,0.00911127995311621,0.00898791359787764,0.008867888547678037,0.008751059726533976,0.00863854978882147,0.008528944435205348,0.008422121760470204,0.008317966374322236,0.00821636899272126,0.008118812577977716,0.008023582998427878,0.007930587918318764,0.007839739710084729,0.007750955172806356,0.007692676254536921,0.007635911337754262,0.007580599989161275,0.007526684763777968,0.007474111032084304,0.0074228268186590195,0.007372782651446175,0.0073239314208546295,0.007276228247962256,0.007229630361156886,0.007184096980601222,0.007139589209958525,0.007096069934861391,0.007053503727647443,0.007011856757923099,0.006971096708551453,0.006931192696691326,0.00689211519954347,0.006853835984486099,0.0068163280433060115,0.0067795655302536634,0.00674352370367047,0.006708178870955654,0.006673508336656492,0.006639490353481701,0.006606104076052187,0.006573329517216363,0.006541147506769673,0.006509539652429108,0.00647848830292383,0.006447976513072734,0.006417988010728466,0.006388507165475668,0.0063595189589787555,0.006331008956881499,0.006302963282167291,0.006275368589894681,0.006248212043228665,0.006221481290693196,0.006195164444575089,0.006169250060414139,0.006143727117518271,0.006118585000446456,0.006093813481405535,0.006069402703510687,0.006045343164862198,0.0060216257033940054,0.005998241482452435,0.005975181977065821,0.005952438960868136,0.005930004493641984,0.005907870909448277,0.005886030805311875,0.0058644770304342175,0.00584320267590572
76,0.011783193148693425,0.011631716517169904,0.011485924813083333,0.011345520040105824,0.011210223346470686,0.011079773569729365,0.010950755125381633,0.01082618213979735,0.01070583524579139,0.01058950835030846,0.010477007686536834,0.010339628162338098,0.010206392465549271,0.01007710802017062,0.009951593402946272,0.009829677584343216,0.009712287425662016,0.009598156265276063,0.00948714135294188,0.00937910777749899,0.009273927961617443,0.009172838039919287,0.009074337004549005,0.008978317748040032,0.008884678757483682,0.008793323771873083,0.008728344054342467,0.008665044248466602,0.008603357537322871,0.008543220395575802,0.008484572399831851,0.008427356051557328,0.008371516611614414,0.008317001945549105,0.008263762378838009,0.008211750561365814,0.008160921340465475,0.00811123164190682,0.008062640358269094,0.008015108244177652,0.00796859781792606,0.007923073269042406,0.007878500371392675,0.007834846401445376,0.007792080061350208,0.0077501714065096265,0.007709091777346513,0.007668813734992597,0.007629311000643167,0.007590558398341558,0.0075525318009744494,0.007515208079274304,0.007478565053640069,0.007442581448600444,0.007407236849756106,0.007372511663049001,0.007338387076216923,0.007304845022301375,0.007271868145085725,0.007239439766348828,0.0072075438548267964,0.0071761649967830975,0.007145288368093174,0.0071148997077563015,0.0070849852927528465,0.007055531914170335,0.007026526854526596,0.006997957866222875,0.006969813151063938,0.006942081340786037,0.006914751478537407,0.006887813001259223,0.006861255722918198,0.006835069818544925,0.0068092458090347596,0.006783774546670734,0.006758647201330268,0.006733855247339779,0.006709390450943361,0.006685244858353565,0.006661410784354392
77,0.01320153004155927,0.013028421606767926,0.012861852849822586,0.012701479003728519,0.012546977576536231,0.012398046649121468,0.012250735760749988,0.012108545772079248,0.011971222377392567,0.011838526758785894,0.011710234473293998,0.0115534522301497,0.011401548451795408,0.011254292468300573,0.011111467179457074,0.010972868116710648,0.01083953867714476,0.010710027380010555,0.01058416425404333,0.010461788796950089,0.01034274935609197,0.010228432066037085,0.010117133794758924,0.010008727749935624,0.009903093848482765,0.009800118300026282,0.009726768462763899,0.009655321698079254,0.00958570211427658,0.00951783756863392,0.009451659450773966,0.009387102480427206,0.009324104518501257,0.009262606390462225,0.009202551721117204,0.009143886779962295,0.009086560336329345,0.009030523523626842,0.008975729712027166,0.008922134389004252,0.008869695047172532,0.008818371078921467,0.008768123677379013,0.00871891574327314,0.008670711797293873,0.008623477897587809,0.00857718156204508,0.008531791695063823,0.008487278518500303,0.008443613506534529,0.008400769324200275,0.00835871976934673,0.008317439717815749,0.008276905071633384,0.008237092710028995,0.008197980443108108,0.008159546968016731,0.008121771827446663,0.008084635370340855,0.008048118714667762,0.008012203712142202,0.007976872914778442,0.007942109543168659,0.007907897456386847,0.007874221123424945,0.007841065596073593,0.007808416483165823,0.0077762599261068915,0.0077445825756186,0.007713371569630495,0.007682614512254905,0.0076522994537864715,0.007622414871670402,0.007592949652387163,0.007563893074204421,0.007535234790749983,0.007506964815362179,0.0074790735061767925,0.007451551551912039,0.007424389958315052,0.007397580035235992
78,0.015199569394999673,0.015003606076566015,0.014815004325558627,0.014633377936775356,0.014458365536988718,0.014289628695919293,0.014121346358910178,0.013958834638855243,0.013801808832818204,0.013650001465848906,0.013503161060933359,0.013311215301693113,0.013124870212269008,0.012943870270857562,0.012767974626154841,0.012596956107370192,0.012432502956689422,0.012272464782488121,0.012116651923453578,0.011964885052138314,0.011816994513744208,0.011675193191553667,0.011536903289043639,0.011401982448713805,0.011270295696758793,0.01114171499353789,0.011058440137133472,0.010977325014451178,0.010898283523320087,0.010821233813642467,0.010746098041772408,0.010672802141207567,0.01060127560836372,0.010531451302305315,0.010463265257399825,0.010396656507949069,0.010331566923928368,0.010267941057035213,0.010205725996313161,0.010144871232675635,0.01008532853170728,0.01002705181416967,0.009969997043682437,0.009914122121091622,0.009859386785074349,0.009805752518563039,0.009753182460603407,0.00970164132328937,0.009651095313444122,0.009601512058741025,0.009552860537979612,0.00950511101525307,0.009458234977762046,0.009412205077046659,0.009366995073425116,0.009322579783441707,0.009278935030140292,0.009236037595992744,0.009193865178322342,0.00915239634707375,0.009111610504790596,0.009071487848671041,0.009032009334580279,0.0089931566429066,0.00895491214615529,0.00891725887818115,0.00888018050496681,0.008843661296860013,0.008807686102188343,0.008772240322174935,0.008737309887083596,0.008702881233526015,0.008668941282867892,0.008635477420674605,0.008602477477140675,0.008569929708450582,0.008537822779021546,0.008506145744581858,0.008474888036040996,0.00844403944411045,0.008413590104636276
79,0.017697780949599066,0.017469992284084263,0.01725075598838985,0.017039623601526374,0.01683617548357151,0.016640018624168165,0.016443739921569108,0.016254196225232158,0.016071055086606573,0.01589400418728381,0.015722749900869398,0.015493617746993654,0.015271295769310918,0.01505546986288363,0.014845844153812026,0.01464213975539504,0.014446497064924409,0.014256201130988846,0.014071020033625255,0.013890734613238977,0.013715137645727946,0.013547013139028542,0.013383123215299601,0.013223294763683632,0.01306736372897089,0.012915174555113604,0.012819439381377761,0.012726181371715587,0.012635301936666019,0.012546707346808895,0.012460308452554851,0.012376020422510793,0.012293762499022781,0.012213457769614763,0.012135032953150068,0.01205841819963832,0.011983546902699618,0.011910355523777819,0.011838783427267373,0.011768772725785425,0.011700268134880945,0.011633216836528484,0.01156756835080447,0.011503274415190291,0.011440288870988751,0.011378567556379353,0.011318068205672913,0.011258750354359366,0.01120057524957159,0.01114350576561654,0.011087506324249149,0.011032542819388622,0.01097858254599766,0.010925594132864647,0.01087354747904772,0.010822413693755467,0.010772165039455134,0.010722774878013316,0.010674217619687168,0.01062646867479648,0.01057950440791829,0.010533302094456276,0.010487839879446431,0.010443096738470088,0.010399052440553381,0.010355687512939886,0.010312983207630707,0.010270921469592673,0.01022948490654165,0.010188656760213684,0.010148420879042259,0.010108761692164668,0.010069664184685568,0.010031113874129671,0.009993096788020019,0.00995559944252194,0.009918608822096156,0.009882112360108074,0.009846097920343327,0.009810553779382414,0.009775468609790155
80,0.020060650995167118,0.019800817180633333,0.019550759236362528,0.01930996361498186,0.019077949832364594,0.018854267949320744,0.018631785735002862,0.01841697809537559,0.018209465414583993,0.018008891107254746,0.01781491996994344,0.01756702303176415,0.017326622232073315,0.01709336813120916,0.016866931667616082,0.016647002761337924,0.016435573531183592,0.016230024081754047,0.016030096447770106,0.015835546920354125,0.015646145121901704,0.015464507785621145,0.015287526346535293,0.01511500814967025,0.014946770660134738,0.014782640839208662,0.014672763100036967,0.014565730632551675,0.014461430133365765,0.014359753887765786,0.01426059944729046,0.014163869328696522,0.01406947073270045,0.013977315281020555,0.013887318770367472,0.013799400942142626,0.01371348526670629,0.013629498741169177,0.01354737169974566,0.013467037635783299,0.013388433034653587,0.013311497216752335,0.013236172189916398,0.013162402510617096,0.013090135153338902,0.013019319387597128,0.01294990666208875,0.012881850495508518,0.012815106373596528,0.01274963165201544,0.01268538546468407,0.012622328637221429,0.012560423605179637,0.01249963433676648,0.012439926259779986,0.012381266192496077,0.012323622278268422,0.012266963923616056,0.012211261739589386,0.012156487486219565,0.012102614019868653,0.012049615243310923,0.011997466058385694,0.011946142321073609,0.01189562079885689,0.011845879130233656,0.011796895786264418,0.011748650034036438,0.011701121901939298,0.011654292146650801,0.011608142221739668,0.011562654247796131,0.01151781098400782,0.011473595801102687,0.011429992655585898,0.011386986065201601,0.011344561085554886,0.011302703287832706,0.01126139873756656,0.011220633974382591,0.011180395992688138
81,0.023266219849316417,0.022972325390616173,0.022689397567081573,0.022416864391499102,0.022154190441513105,0.021900874093145367,0.021646837264400122,0.021401424463239126,0.021164212758133356,0.020934804659222612,0.02071282631231428,0.0204106737448677,0.02011712471708271,0.01983179347175876,0.019554316164331936,0.019284349399005776,0.019024899509979792,0.01877225000004937,0.01852611387555629,0.01828621962403402,0.018052310232733532,0.017828296202854612,0.017609700872687616,0.017396308485078556,0.017187914369346066,0.016984324271913483,0.016859408908679315,0.016737718723931812,0.016619125563200988,0.01650350757882632,0.016390748866981133,0.016280739128716956,0.016173373353222716,0.016068551521644166,0.015966178329948563,0.015866162929443452,0.015768418683672986,0.01567286294051852,0.015579416818424192,0.015488005005754524,0.015398555572368999,0.015310999792569975,0.015225271978646147,0.015141309324292787,0.015059051757244982,0.014978441800510167,0.014899424441631871,0.014821947009458923,0.014745959057932613,0.014671412256440374,0.014598260286316334,0.014526458743099826,0.014455965044190394,0.01438673834156266,0.014318739439229004,0.014251930715158657,0.01418627604738215,0.014121740744028761,0.014058291477061375,0.01399589621948889,0.0139345241858512,0.013874145775785282,0.013814732520492994,0.01375625703194362,0.013698692954654241,0.013642014919901517,0.013586198502227503,0.013531220178110943,0.013477057286683436,0.01342368799237741,0.013371091249399746,0.01331924676793149,0.013268134981960054,0.013217737018656016,0.013168034669211827,0.013119010361064788,0.013070647131430973,0.013022928602081553,0.012975838955296339,0.012929362910933889,0.012883485704560051
82,0.026653298764084482,0.026314231420996058,0.02598784558133405,0.025673478484492713,0.02537050982218732,0.025078358520497987,0.024786313970618538,0.024504269728390086,0.024231733459145945,0.023968242560330533,0.023713362042762157,0.023375427557696088,0.023047610532191627,0.022729442086359797,0.022420480622654823,0.022120309960002044,0.02183199283630805,0.021551611201625295,0.02127881917559497,0.02101328994966921,0.020754714551764572,0.020507080500199202,0.020265726177749632,0.020030393620509977,0.019800838383373435,0.0195768287079878,0.019433991630854328,0.019294834325376802,0.01915921081072503,0.019026982277857533,0.018898016677512366,0.018772188335414323,0.018649377592655777,0.018529470469380114,0.01841235835005285,0.018297937688746588,0.018186109732994674,0.01807678026488593,0.017969859358178117,0.017865261150306278,0.01776290362824941,0.017662708427300486,0.01756460064185837,0.01746850864742775,0.017374363933074947,0.017282100943644182,0.017191656931090742,0.017102971814334806,0.017015988047083846,0.016930650493111456,0.016846906308516985,0.01676470483052515,0.01668399747241527,0.016604737624199065,0.016526880558692333,0.01645038334265033,0.01637520475265945,0.016301305195498616,0.016228646632703084,0.01615719250908128,0.016086907684952082,0.016017758371884825,0.015949712071738953,0.01588273751881318,0.015816804624926472,0.01575188442726429,0.01568794903883417,0.015624971601384555,0.015562926240650194,0.015501788023795104,0.015441532918933158,0.015382137756612492,0.015323580193158045,0.015265838675771767,0.015208892409296898,0.015152721324557986,0.015097306048193107,0.015042627873900698,0.014988668735026548,0.014935411178422226,0.01488283833950884
83,0.03174030225217667,0.03136145915964453,0.030996498652357887,0.030644708024579234,0.030305419417182913,0.02997800647466392,0.029645405331561583,0.029323763260488772,0.02901255213394893,0.028711275047054022,0.02841946413866329,0.02798540932033977,0.027562722919483765,0.027150930020698502,0.026749581430348546,0.026358252032420492,0.025982333830063306,0.02561551967635037,0.02525745140953037,0.02490778934731356,0.024566211161835466,0.024239656501442827,0.023920433574709205,0.023608269942290202,0.023302906601215655,0.023004097202708528,0.022841053533757677,0.02268217712549313,0.02252730361696079,0.022376276672379788,0.022228947523115203,0.02208517453971217,0.021944822831748506,0.021807763873450507,0.021673875153187305,0.021543039845112962,0.021415146501367065,0.021290088763372038,0.02116776509088175,0.02104807850754316,0.020930936361828415,0.02081625010228496,0.020703935066130788,0.020593910280296897,0.02048609827408648,0.020380424902682857,0.020276819180794638,0.020175213125779513,0.020075541609635456,0.019977742219293278,0.019881755124683608,0.01978752295409048,0.019694990676336725,0.019604105489378937,0.019514816714918778,0.01942707569866457,0.019340835715901648,0.019256051882053978,0.01917268106793971,0.019090681819443987,0.019010014281350258,0.018930640125088372,0.018852522480173363,0.018775625869123614,0.018699916145660394,0.018625360436003532,0.018551927083089663,0.01847958559355005,0.018408306587295715,0.01833806174956635,0.01826882378530869,0.018200566375758145,0.018133264137104844,0.018066892581132865,0.018001428077727342,0.017936847819151346,0.017873129785998844,0.0178102527147372,0.017748196066755918,0.017686939998844593,0.017626465335026587
84,0.03747868788500185,0.037052471051851985,0.0366416415811,0.036245419787096916,0.03586307440402397,0.035493919021151836,0.03511842850712038,0.034755149075734376,0.03440349884854654,0.0340629299536479,0.03373292617888197,0.03323996862360305,0.032759865620663034,0.032292077629454324,0.03183609438638376,0.03139143303121842,0.030964262422173566,0.030547373024886578,0.030140358558445116,0.029742833732147384,0.029354432967041967,0.028983094594575612,0.028620026582128578,0.02826492037932404,0.02791748266291226,0.02757743445075449,0.027392560049151884,0.027212341903978428,0.027036598345433985,0.026865156472194708,0.02669785165710106,0.02653452708489402,0.026375033319635848,0.026219227899646348,0.026066974957964607,0.02591814486650694,0.025772613902239422,0.0256302639338173,0.025490982127265638,0.025354660669387366,0.025221196507686314,0.025090491105686383,0.02496245021261279,0.024836983646479478,0.02471400508969832,0.024593431896391096,0.02447518491064546,0.024359188295011432,0.024245369368585564,0.024133658454076952,0.02402398873329173,0.023916296110513015,0.02381051908328912,0.023706598620177034,0.023604478045018862,0.023504102927358234,0.023405420978629275,0.023308381953776654,0.023212937557986518,0.023119041358230338,0.023026648699342473,0.02293571662437082,0.022846203798956355,0.02275807043951321,0.022671278244995388,0.0225857903320494,0.02250157117336523,0.022418586539048827,0.02233680344085118,0.022256190079098178,0.02217671579217552,0.02209835100843166,0.022021067200369462,0.021944836841005677,0.021869633362283834,0.02179543111543325,0.021722205333172758,0.021649932093664028,0.021578588286124436,0.021508151578014674,0.02143860038372132
85,0.04354225689659852,0.043071099187918155,0.04261670111722028,0.042178224488517685,0.041754882474987896,0.0413459358842512,0.040930350583444006,0.040528075063366815,0.04013848289901247,0.039760983806444154,0.039395021179844156,0.03885295073689011,0.038324572212822344,0.03780931951858654,0.037306656839781224,0.03681607672814288,0.03634430229415782,0.03588352424542822,0.03543331405206917,0.03499326502846683,0.03456299102198416,0.03415117604328994,0.03374824347433992,0.03335386612552065,0.03296773275711322,0.03258954716399811,0.03238143177392348,0.032178493670372045,0.03198053268353382,0.031787358210949405,0.03159878868381574,0.031414651067532294,0.031234780393986663,0.031059019323282755,0.03088721773280281,0.030719232331662998,0.030554926298778314,0.03039416894289241,0.030236835383057447,0.030082806248166224,0.029931967394246216,0.02978420963832354,0.029639428507754577,0.0294975240040058,0.029358400379937307,0.029221965929715637,0.029088132790544376,0.028956816755460447,0.02882793709649681,0.028701416397563198,0.02857718039644056,0.028455157835328485,0.02833528031942283,0.02821748218303684,0.028101700362812187,0.027987874277596903,0.027875945714595684,0.027765858721423963,0.02765755950372155,0.027550996328004305,0.027446119429452673,0.027342880924356053,0.027241234726948886,0.0271411364703922,0.02704254343166897,0.02694541446017634,0.02684970990981161,0.02675539157436059,0.026662422626009492,0.02657076755681137,0.02648039212294934,0.026391263291647423,0.026303349190589003,0.02621661905971112,0.02613104320525068,0.02604659295592543,0.025963240621139708,0.025880959451111258,0.025799723598820868,0.0257195080836928,0.025640288756918577
86,0.050876463091031915,0.05034091144790388,0.04982425832537856,0.04932556522024444,0.048843950732764096,0.04837858644340123,0.04790368363194117,0.04744390476529218,0.04699854167798188,0.04656692685219165,0.046148430661652085,0.04551377956766927,0.04489551728370736,0.044292954912473134,0.043705440897795635,0.043132358638782155,0.04258187402821407,0.04204448364702296,0.04151966942167222,0.041006940001292964,0.04050582913393602,0.04002683077475412,0.0395583536660223,0.039100005000086806,0.03865141130933909,0.03821221734458932,0.03797748594312429,0.037748538470845014,0.03752515287089409,0.03730711761929678,0.037094231142242105,0.03688630127044208,0.036683144727881076,0.03648458665248627,0.03629046014644972,0.03610060585411359,0.03591487156549641,0.03573311184368812,0.03555518767448011,0.03538096613672211,0.0352103200920125,0.03504312789243467,0.034879273105148025,0.03471864425273076,0.03456113456825287,0.03440664176413223,0.03425506781389532,0.03410631874602668,0.03396030444914956,0.033816938487833736,0.03367613792837488,0.03353782317393632,0.033401917808485164,0.03326834844899344,0.033137044605411455,0.033007938547952295,0.032880965181258485,0.03275606192504896,0.03263316860087144,0.03251222732460924,0.03239318240441462,0.032275980243761146,0.032160569249327565,0.032046899743443304,0.031934923880843034,0.03182459556949302,0.03171587039526663,0.031608705550260255,0.03150305976455317,0.03139889324122673,0.03129616759446983,0.03119484579060697,0.03109489209189573,0.030996272002948713,0.030898952219644168,0.030802900580396596,0.030708086019666455,0.030614478523595064,0.03052204908765667,0.030430769676226533,0.03034061318396856
87,0.058691262845755224,0.058078878778273745,0.05748804994240304,0.056917708298484866,0.056366850643435516,0.05583453393928049,0.05529298943724634,0.054768730443877,0.05426094828177625,0.053768880644184065,0.053291808453665504,0.05258430626245071,0.05189552477349251,0.05122466042570662,0.05057095377056232,0.049933686620797106,0.049321527511051816,0.04872426502683586,0.04814129732735137,0.04757205398051327,0.04701599403454846,0.04648427295115,0.04596448015409896,0.04545616102226128,0.044958883555732174,0.04447223705201191,0.04420408043123034,0.043942501875689544,0.04368724967106984,0.043438083999922744,0.04319477628605736,0.04295710858048034,0.04272487298588763,0.04249787111694993,0.04227591359385655,0.04205881956678379,0.04184641626913846,0.04163853859759566,0.04143502871710278,0.0412357356891627,0.04104051512183678,0.04084922884002648,0.04066174457469965,0.04047793566982629,0.040297680805879345,0.04012086373883933,0.03994737305371791,0.039777101931686,0.03960994792995663,0.03944581277363324,0.03928460215878725,0.03912622556608199,0.03897059608430464,0.03881763024321264,0.03866724785514026,0.03851937186484841,0.03837392820713469,0.038230845671752715,0.03809005577521925,0.037951492639114306,0.037815092874505504,0.037680795472151155,0.03754854169815789,0.03741827499478995,0.03728994088614523,0.03716348688843117,0.037038862424590015,0.03691601874303796,0.036794908840297055,0.03667548738731196,0.036557710659256296,0.03644153646864425,0.03632692410157467,0.03621383425694428,0.036102228988476724,0.035992071649422405,0.03588332683979271,0.035775960355999926,0.03566993914278123,0.03556523124729202,0.03546180577526043
88,0.06803986459723148,0.06737342122556413,0.06673002585799744,0.06610855426986868,0.06550794939292282,0.06492721655057622,0.0643316864474607,0.06375455081918698,0.06319496488022129,0.06265213136405975,0.06212529736505953,0.06130139489709113,0.06049673918703433,0.059710577955366086,0.05894219758165774,0.05819092075785809,0.057468180576732364,0.056761057693991465,0.05606897619766912,0.055391388454215096,0.054727773470121685,0.054092862617334966,0.05347067793787015,0.052860775217261576,0.05226273115604365,0.05167614220832097,0.05137472713627599,0.051080648256391796,0.05079362646161122,0.05051339575335566,0.05023970252411373,0.049972304885185115,0.0497109720363394,0.04945548367441019,0.04920562943808436,0.04896120838636257,0.04872202850836603,0.048487906262345185,0.04825866614191089,0.04803414026766014,0.047814168002506395,0.047598595589151256,0.047387275808250556,0.047180067655933945,0.04697683603943535,0.04677745148968119,0.04658178988976601,0.0463897322183213,0.04620116430685288,0.046015976610187685,0.04583406398922893,0.04565532550527507,0.045479664225207474,0.04530698703689957,0.04513720447424259,0.04497023055122455,0.04480598260453439,0.04464438114419979,0.044485349711797316,0.04432881474580413,0.04417470545368747,0.044022953690354666,0.043873493842608344,0.04372626271927597,0.043581199446700886,0.0434382453693035,0.04329734395493716,0.043158440704781253,0.04302148306752877,0.04288642035764039,0.04275320367745042,0.04262178584292286,0.042492121312867295,0.04236416612143547,0.04223787781372989,0.042113215384365243,0.041990139218832406,0.04186861103752352,0.04174859384228433,0.041630051865367806,0.04151295052066919
89,0.08021014770257894,0.07945042348162228,0.07871673684005338,0.07800782795151194,0.07732251161978183,0.07665967202605174,0.07597357316161157,0.07530851512131286,0.07466353687330725,0.07403773115563293,0.07343024092179351,0.0724300394641876,0.07145412181821637,0.07050151413117736,0.06957129374392221,0.06866258600950602,0.06779026192539994,0.06693747617243731,0.06610349159674739,0.06528760796364415,0.06448915977228233,0.06372714468381344,0.06298091066812465,0.062249896023515675,0.061533565934693356,0.06083141095125537,0.06049380911134881,0.0601643313382619,0.05984267113100647,0.059528536251425554,0.05922164795148913,0.05892174024872972,0.05862855924639573,0.058341862495173584,0.05806141839358117,0.057787005624361065,0.0575184126244116,0.05725543708598307,0.05699788548703954,0.05674557264884661,0.05649832131899025,0.056255961778165116,0.05601833146919395,0.05578527464685065,0.05555664204716419,0.055332290574974165,0.055112083008596935,0.054895887720541395,0.05468357841328717,0.05447503386920741,0.054270137713779615,0.05406877819128828,0.05387084795227516,0.05367624385204375,0.053484866759570315,0.05329662137621645,0.053111416063677516,0.05292916268063842,0.05274977642764151,0.05257317569970365,0.05239928194624788,0.052228019537943905,0.05205931564007464,0.05189310009207251,0.05172930529288804,0.05156786609187671,0.051408719684906755,0.051251805515409705,0.051097065180111895,0.0509444423391997,0.050793882630687306,0.050645333588768195,0.05049874456594413,0.050354066658738386,0.05021125263680945,0.050070256875293345,0.0499310352902113,0.04979354527678914,0.04965774565054327,0.04952359659099612,0.049391059587891216
90,0.09253910968161522,0.09175556750854193,0.09099812145977569,0.09026554100581366,0.08955666657278664,0.08887040467650313,0.08815844892047012,0.08746726374182077,0.08679592824048807,0.08614357141756614,0.08550936898052941,0.08444790537844403,0.08340721655117589,0.082386600582881,0.08138538807608028,0.08040294036228714,0.07945605174218628,0.07852647833160914,0.07761366497395697,0.07671708129789866,0.07583622040575748,0.07499277047248953,0.07416377082952028,0.07334877968270906,0.0725473743345841,0.07175915020694863,0.07138637327327867,0.07102243821440489,0.07066701498625395,0.07031978872233068,0.0699804589221917,0.06964873868980735,0.06932435401830889,0.06900704311789445,0.0686965557839234,0.068392652802456,0.06809510539070977,0.067803694670095,0.06751821116966927,0.06723845435801161,0.06696423220166699,0.06669536074844563,0.06643166373398811,0.06617297221012126,0.06591912419363516,0.06566996433420938,0.06542534360030527,0.06518511898192338,0.06494915320920212,0.06471731448590301,0.06448947623689251,0.06426551686879108,0.06404531954301504,0.06382877196048804,0.06361576615734614,0.06340619831100565,0.06319996855600177,0.06299698080904617,0.06279714260278457,0.0626003649277699,0.06240656208219548,0.062215651528962405,0.062027553759679936,0.06184219216522371,0.061659492912498115,0.06147938482707151,0.06130179928137224,0.06112667008815149,0.06095393339893752,0.06078352760722074,0.06061539325612493,0.06044947295033383,0.06028571127205529,0.060124054700818,0.0599644515369072,0.05980685182825639,0.05965120730062262,0.059497471290882356,0.05934559868329386,0.05919554584858039,0.05904727058569659
91,0.10863259715668837,0.10778670527141863,0.10696843198190678,0.10617649827944452,0.10540969750541075,0.10466689048138786,0.10388547266598086,0.10312637803068185,0.10238863120590255,0.10167130887410154,0.10097353648879559,0.09972059146008502,0.098492848844952,0.09728943339570068,0.09610951146130897,0.09495228863468706,0.09383926486582715,0.09274705946761781,0.09167498952315797,0.09062240325103714,0.08958867831746682,0.08860136417949596,0.08763126146157446,0.08667783460132397,0.08574057155676738,0.08481898257837803,0.0844205609177355,0.08403139668020725,0.08365114953222592,0.08327949452511647,0.08291612128817061,0.08256073327035762,0.08221304702731819,0.0818727915505483,0.08153970763592339,0.08121354728892512,0.0808940731641385,0.08058105803676661,0.08027428430407788,0.0799735435148555,0.07967863592505871,0.07938937007803515,0.07910556240774264,0.0788270368635478,0.0785536245552704,0.07828516341723432,0.07802149789017243,0.07776247861991074,0.0775079621718309,0.0772578107601778,0.07701189199133976,0.07677007862028849,0.07653224831941798,0.07629828345907179,0.07606807089909315,0.07584150179077662,0.07561847138863691,0.07539887887145008,0.07518262717205453,0.0749696228154315,0.07475977576461407,0.07455299927400258,0.07434920974968741,0.0741483266164066,0.07395027219078659,0.07375497156053516,0.07356235246927638,0.07337234520673333,0.07318488250398417,0.0729998994335298,0.07281733331392924,0.07263712361877071,0.07245921188976022,0.07228354165372175,0.07211005834331424,0.07193870922128155,0.07176944330806155,0.07160221131259036,0.0714369655661457,0.07127365995908298,0.07111224988032412
92,0.12162076368997232,0.12064965927565668,0.11971044676075039,0.11880164138147217,0.11792184284000419,0.11706972958760707,0.11619721497863257,0.11535076540646796,0.11452922794738785,0.11373151197772154,0.11295658519559852,0.11177659566795103,0.11062584321592618,0.10950311008767033,0.1084072431071668,0.1073371496486728,0.10630818508824216,0.10530262264741694,0.10431954285870165,0.10335807267705545,0.10241738272985514,0.10151724746275081,0.10063594729194107,0.09977278285530097,0.0989270885001238,0.09809823037904884,0.09765425883920742,0.0972205290447022,0.09679666647611365,0.09638231344200647,0.0959771282023678,0.09558078414450447,0.0951929690078067,0.09481338415406239,0.09444174388026487,0.09407777477108584,0.09372121508839996,0.09337181419544319,0.09302933201336366,0.0926935385080905,0.09236421320559396,0.09204114473375097,0.0917241303891559,0.09141297572733344,0.09110749417491981,0.09080750666247651,0.09051284127669261,0.09022333293081752,0.08993882305224284,0.08965915928622563,0.0893841952148108,0.08911379009007374,0.08884780858086108,0.08858612053226023,0.08832860073707818,0.08807512871865629,0.08782558852438885,0.08757986852935447,0.08733786124950507,0.08709946316389157,0.08686457454543726,0.08663309929980008,0.08640494481189151,0.08618002179964698,0.08595824417466555,0.08573952890935953,0.08552379591027648,0.08531096789727408,0.08510097028824813,0.08489373108913052,0.08468918078888946,0.0844872522592816,0.08428788065911623,0.08409100334280821,0.08389655977300711,0.083704491437102,0.08351474176741208,0.08332725606488375,0.08314198142612518,0.08295886667361668,0.08277786228894547
93,0.13621289429356584,0.1351673440146783,0.13415581963534437,0.13317675013367372,0.1322286530722565,0.1313101286541625,0.13036575637455974,0.12944887135483601,0.1285582719222676,0.12769282050138994,0.12685143957445905,0.12553034246395048,0.12423763104175357,0.12297221792348863,0.12173307006415439,0.12051920556409462,0.1193493073119786,0.1182025610372005,0.11707812803870796,0.11597520972368316,0.11489304535770603,0.11385585866032122,0.1128376387083161,0.11183773387775717,0.1108555224642873,0.1098904110748048,0.10939448777867021,0.10890999845784433,0.10843652516370343,0.10797366871836205,0.10752104773742487,0.10707829771119196,0.10664507014031546,0.10622103172221618,0.10580586358485362,0.10539926056469984,0.10500093052600623,0.10461059371867011,0.10422798217220326,0.1038528391234934,0.10348491847621018,0.10312398428986766,0.10276981029669291,0.10242217944458186,0.1020808834645443,0.10174572246115055,0.10141650452459304,0.10109304536307276,0.10077516795430502,0.1004627022150225,0.10015548468742429,0.09985335824159311,0.09955617179296254,0.09926378003397855,0.09897604317915218,0.09869282672275388,0.09841400120844407,0.09813944201018167,0.09786902912379165,0.09760264696861075,0.09734018419866657,0.09708153352287807,0.09682659153379647,0.09657525854443368,0.09632743843275317,0.09608303849342226,0.09584196929644931,0.0956041445523498,0.09536948098350716,0.09513789820141197,0.09490931858948254,0.09468366719118539,0.0944608716031905,0.09424086187331075,0.09402357040298928,0.09380893185411064,0.0935968830599244,0.0933873629398814,0.09318031241819304,0.0929756743459348,0.09277339342652406
94,0.15763256217943686,0.15656980137166604,0.15554067112239015,0.1545436581695765,0.15357733223304906,0.15264034059706388,0.15164861221431947,0.1506838520169062,0.1497449159728568,0.14883071912861776,0.14794023200812212,0.1462901717084955,0.14466787518638805,0.1430725071558102,0.14150326811906427,0.1399593925362273,0.1384708878516513,0.1370059013804962,0.13556375927221986,0.13414381565789663,0.13274545126716417,0.1314073809217872,0.1300892063129707,0.12879038130391993,0.12751038185582142,0.12624870496532473,0.12572119721024125,0.12520568005481414,0.1247017197912016,0.12420890195633723,0.12372683034376498,0.12325512607373529,0.12279342671762737,0.12234138547306399,0.12189867038636297,0.12146496361921708,0.1210399607567315,0.12062337015415465,0.12021491231983518,0.11981431933211578,0.11942133428803836,0.11903571078188592,0.11865721241172601,0.11828561231224738,0.11792069271230035,0.11756224451565982,0.11721006690363084,0.11686396695820785,0.11652375930458699,0.11618926577190822,0.11586031507117861,0.11553674248939548,0.1152183895989529,0.11490510398147107,0.1145967389652448,0.11429315337555744,0.1139942112971517,0.11369978184819586,0.11340973896512106,0.11312396119774647,0.11284233151414107,0.11256473711470742,0.11229106925499954,0.11202122307682025,0.11175509744716455,0.11149259480460672,0.11123362101274642,0.11097808522035614,0.11072589972788852,0.11047697986002407,0.11023124384395648,0.10998861269313034,0.1097490100961609,0.10951236231068125,0.1092785980618757,0.10904764844547174,0.10881944683497397,0.10859392879293728,0.10837103198608426,0.10815069610408555,0.10793286278182773
95,0.19272904963825777,0.19188779233476536,0.1910712311552292,0.19027833080791387,0.18950810842178623,0.18875963038963417,0.18788661705007353,0.18703204377319166,0.18619519689726138,0.18537539607646972,0.18457199245491612,0.18237315014077848,0.1801894315780645,0.1780212779367168,0.17586909089347597,0.17373323507411978,0.1716700281898982,0.16962320651859258,0.16759300082307166,0.16557961624346118,0.16358323394093408,0.16167605499112392,0.1597853338399421,0.15791115439366105,0.15605358523892823,0.15421268067725766,0.15370694971515647,0.153212272388538,0.15272826034928078,0.15225454190282656,0.15179076118662124,0.1513365773949804,0.15089166404736615,0.1504557082972867,0.15002841027923308,0.1496094824912568,0.14919864921096196,0.14879564594284797,0.14840021889507918,0.14801212448389717,0.1476311288640109,0.14725700748341616,0.14688954466120063,0.1465285331869861,0.1461737739407517,0.14582507553186366,0.1454822539562134,0.14514513227043785,0.1448135402822619,0.14448731425606315,0.14416629663281677,0.14385033576363024,0.14353928565612825,0.14323300573299147,0.142931360601997,0.14263421983694746,0.14234145776891213,0.14205295328723808,0.14176858964982142,0.14148825430215894,0.14121183870472673,0.14093923816826198,0.1406703516965435,0.14040508183629516,0.14014333453385225,0.13988501899825534,0.13963004757045175,0.1393783355983046,0.13912980131712419,0.13888436573545357,0.1386419525258527,0.1384024879204423,0.13816590061097697,0.13793212165323449,0.13770108437551484,0.1374727242910563,0.13724697901418442,0.13702378818002,0.13680309336758112,0.13658483802612176,0.13636896740455856
96,0.19909372318932245,0.19769434459674975,0.19633963494736498,0.19502756809478236,0.19375622997446834,0.19252381122307138,0.1913166985744164,0.19014848882983798,0.18901747367926153,0.1879220366998028,0.18686064751528583,0.18579215370327273,0.18478144609406263,0.18382592106785323,0.1829231338306129,0.18207078719456735,0.18126580094758937,0.1805061394576886,0.179789929279727,0.1791154050919812,0.17848090252835527,0.17788074718949723,0.17731649641500358,0.17678679031203456,0.17629034347452682,0.17582594033918691,0.17526777559964546,0.1747217535987922,0.1741874492073213,0.17366445545106343,0.17315238261979812,0.17265085742615446,0.1721595222113676,0.17167803419489433,0.17120606476511285,0.170743298808529,0.17028943407509858,0.16984418057744416,0.16940726002189851,0.16897840526945446,0.16855735982482875,0.1681438773519737,0.16773772121447977,0.16733866403941827,0.16694648730326897,0.16656098093866642,0.16618194296078115,0.16580917911222842,0.1654425025254682,0.1650817334017252,0.1647266987055192,0.1643772318739531,0.16403317253995706,0.16369436626873896,0.16336066430673385,0.16303192334239036,0.16270800527816964,0.16238877701317128,0.16207411023583285,0.16176388122618446,0.16145797066716733,0.16115626346455614,0.1608586485750486,0.16056501884211263,0.16027527083920262,0.15998930471998002,0.15970702407519127,0.15942833579587765,0.15915314994260735,0.15888137962043805,0.1586129408593337,0.15834775249977373,0.15808573608330767,0.15782681574781923,0.15757091812727947,0.1573179722557767,0.15706790947562432,0.15682066334935663,0.1565761695754331,0.1563343659074807,0.15609519207691097
97,0.22997986613065632,0.2287916447935816,0.2276392221093491,0.2265210596958527,0.2254356993161361,0.22438175790849274,0.22323323651317883,0.2221121652065718,0.22101744198612633,0.21994801827946597,0.21890289589470138,0.2166675089794652,0.2144512129497885,0.2122540004434632,0.21007585102577225,0.20791673228853438,0.20582539723401674,0.20375273724629206,0.2016986578434198,0.19966305849382449,0.19764583325050689,0.19571043101810484,0.1937927447256268,0.19189262359528708,0.1900099157993419,0.18814446875634985,0.18747203619897515,0.18681449341601833,0.1861713121966428,0.18554198724289248,0.1849260350238486,0.18432299269548613,0.18373241708190888,0.18315388371396304,0.1825869859215285,0.18203133397605722,0.18148655428017843,0.18095228860141957,0.18042819334730215,0.1799139388792656,0.17940920886305023,0.1789136996533344,0.17842711971057426,0.17794918904813062,0.17747963870790026,0.17701821026278605,0.17656465534445123,0.17611873519490456,0.17568022024055896,0.175248889687493,0.1748245311367252,0.17440694021838782,0.17399592024375643,0.1735912818741558,0.1731928428058249,0.17280042746987767,0.17241386674655115,0.17203299769298044,0.17165766328378418,0.17128771216378894,0.17092299841225958,0.17056338131803864,0.17020872516503455,0.1698588990275287,0.1695137765748032,0.1691732358846185,0.16883715926509701,0.1685054330845936,0.1681779476091573,0.16785459684720996,0.16753527840108814,0.1672198933251149,0.166908345989884,0.16660054395245846,0.16629639783219924,0.16599582119195655,0.16569873042436906,0.1654050446430307,0.16511468557829637,0.16482757747751023,0.1645436470094508
98,0.2448366261297713,0.2434471566492093,0.24210022912529733,0.24079398735285867,0.2395266735051303,0.2382966219260791,0.237051261314783,0.23584134714886232,0.23466539855255503,0.2335220097589945,0.23240984561659753,0.23087077141678153,0.22937170661159834,0.22791100265227288,0.22648709565532368,0.22509850130997427,0.22376123436195378,0.22245610748088207,0.2211818658216823,0.2199373160113853,0.2187213226350837,0.21755451417286487,0.2164136679076942,0.21529782243061396,0.2142060613706397,0.21313751093953245,0.21247776210277908,0.21183231519596557,0.21120067081309088,0.2105823508078851,0.2099768972541838,0.20938387146449366,0.2088028530630084,0.2082334391096061,0.20767524327161466,0.20712789504036133,0.20659103898973558,0.20606433407419203,0.20554745296379695,0.205040081414091,0.20454191766869081,0.20405267189269624,0.20357206563509672,0.20309983131849363,0.20263571175456524,0.2021794596838034,0.2017308373381489,0.20128961602523632,0.2008555757330471,0.20042850475384028,0.20000819932630384,0.19959446329493483,0.1991871077857172,0.19878595089722287,0.19839081740631548,0.19800153848768418,0.1976179514464817,0.19723989946338444,0.19686723135143025,0.1964998013240292,0.19613746877357646,0.19578009806012897,0.19542755830963887,0.19507972322126516,0.19473647088331014,0.19439768359735607,0.19406324771019642,0.1937330534531823,0.19340699478862267,0.19308496926289717,0.19276687786596003,0.1924526248969282,0.19214211783546536,0.19183526721868746,0.1915319865233296,0.19123219205292913,0.1909358028297899,0.1906427404915075,0.19035292919184446,0.19006629550575596,0.18978276833837654
99,0.2731363644360898,0.2715314707217871,0.2699760247896756,0.2684678563322164,0.26700491083001016,0.2655852421968278,0.2641038852480297,0.262663625745834,0.2612627421129399,0.25989960040195914,0.2585726490342763,0.2563325145869202,0.25414114898662266,0.25199664588829296,0.24989719491167792,0.24784107597273386,0.2458633531715754,0.24392509366074894,0.24202484029309096,0.24016120597968427,0.23833286974730264,0.23658495396507187,0.23486908773084014,0.23318415118283214,0.2315290760157288,0.22990284270690728,0.22914156459941384,0.22839694914189718,0.2276684103071961,0.22695538723039366,0.22625734296564357,0.22557376331335874,0.22490415571319008,0.2242480481985594,0.22360498840882587,0.2229745426554473,0.22235629503876012,0.22174984661224434,0.22115481459135805,0.22057083160423263,0.21999754498170468,0.21943461608433687,0.21888171966423642,0.2183385432596289,0.21780478662028208,0.21728016116199825,0.21676438944851206,0.21625720469923787,0.21575835032141102,0.21526757946526126,0.21478465460093943,0.2143093471160032,0.21384143693233879,0.21338071214146545,0.21292696865723382,0.2124800098849911,0.21203964640633766,0.2116056956786568,0.21117798174864402,0.2107563349791094,0.21034059178836842,0.2099305944015772,0.2095261906134024,0.2091272335614553,0.2087335815099461,0.2083450976430506,0.2079616498675058,0.20758311062397888,0.20720935670678084,0.20684026909151584,0.20647573277028256,0.20611563659406376,0.20575987312195873,0.20540833847693207,0.2050609322077707,0.20471755715695553,0.2043781193341697,0.20404252779518137,0.20371069452585003,0.20338253433102016,0.20305796472807705
100,0.331067249097703,0.3307965578618887,0.33053288874696957,0.33027598161092653,0.3300255876035263,0.329781468592923,0.3292808581318401,0.3287762779960102,0.3282679177764048,0.327755957175499,0.32724056653934896,0.324017584523725,0.32073658906503816,0.31740294700736316,0.3140217885422703,0.3105980135683236,0.30724828888665756,0.3038655436833526,0.30045380120022713,0.2970168936720779,0.29355846879523817,0.29023078981015554,0.2868881972303868,0.28353358816851026,0.2801697145309227,0.27679918861807923,0.27621470326525793,0.2756423292438349,0.2750816576583235,0.27453229631419995,0.2739938689418107,0.2734660144613276,0.27294838628625256,0.2724406516631466,0.271942491045422,0.2714535974991833,0.27097367613923945,0.2705024435935394,0.270039627494395,0.26958496599496673,0.26913820730958626,0.2686991092765813,0.26826743894235494,0.26784297216554975,0.26742549324020143,0.26701479453685456,0.2666106761606751,0.2662129456256565,0.26582141754406663,0.26543591333033845,0.2650562609186509,0.2646822944934934,0.2643138542325475,0.26395078606125894,0.2635929414185075,0.26324017703281793,0.2628923547085859,0.2625493411218216,0.2622110076249428,0.2618772300601743,0.26154788858113415,0.26122286748221196,0.2609020550353639,0.26058534333397076,0.2602726281434212,0.25996380875810593,0.2596587878645188,0.2593574714101797,0.25905976847810996,0.2587655911666025,0.2584748544740426,0.25818747618854887,0.2579033767822147,0.25762247930974147,0.2573447093112649,0.25706999471918707,0.25679826576883374,0.25652945491276824,0.25626349673859833,0.25600032789012306,0.25573988699167194
