Age,2020,2021,2022,2023,2024,2025,2026,2027,2028,2029,2030,2031,2032,2033,2034,2035,2036,2037,2038,2039,2040,2041,2042,2043,2044,2045,2046,2047,2048,2049,2050,2051,2052,2053,2054,2055,2056,2057,2058,2059,2060,2061,2062,2063,2064,2065,2066,2067,2068,2069,2070,2071,2072,2073,2074,2075,2076,2077,2078,2079,2080,2081,2082,2083,2084,2085,2086,2087,2088,2089,2090,2091,2092,2093,2094,2095,2096,2097,2098,2099,2100
0,0.001627904827512454,0.00129310866748406,0.0011636749538672766,0.0010693043950333755,0.0009934643193916417,0.0009296473131087244,0.000874463619672195,0.0008258691206037991,0.0007825128393851631,0.0007434437857746257,0.0007079609790027111,0.0006755292790010293,0.0006457287386854038,0.0006182224173425327,0.0005927350065641097,0.0005690381130508751,0.0005469398127763016,0.0005262770430404537,0.0005069099370311615,0.0004887175227215563,0.0004715944018414951,0.00045544814699601617,0.0004401972343561353,0.0004257693820998086,0.00041210020062858063,0.00039913208543085733,0.0003868133009922335,0.0003750972167229774,0.0003639416650200399,0.0003533083983282415,0.0003431626271046599,0.0003334726243973355,0.00032420938565635136,0.00031534633463683803,0.0003068590679978532,0.0002987251325701608,0.0002909238303491548,0.0002834360471326181,0.000276244101416075,0.0002693316107185698,0.000262683372967042,0.00025628526093987656,0.000250124128076466,0.0002441877242127834,0.00023846462001330776,0.0002329441390451889,0.0002276162965877358,0.00022247174439422583,0.00021750172072780767,0.00021269800508215102,0.00020805287707321881,0.00020355907905324043,0.0001992097820534569,0.00019499855470992986,0.00019091933486790376,0.0001869664035958365,0.000183134361371145,0.0001794181062266269,0.00017581281366997647,0.00017231391820935108,0.00016891709633593178,0.000165618250830225,0.00016241349627276732,0.00015929914565217793,0.00015627169797435408,0.0001533278267862187,0.00015046436953596777,0.0001476783176993443,0.0001449668076082317,0.00014232711192388006,0.00013975663170247144,0.00013725288900555052,0.0001348135200121701,0.00013243626859348162,0.0001301189803139873,0.00012785959682682025,0.00012565615063323782,0.0001235067601790829,0.00012140962526326994,0.00011936302273544787,0.00011736530246188693
1,0.00031924875712210156,0.0002666122838716315,0.00024549198683044925,0.0002297705960699931,0.00021691675290069664,0.00020593461914580224,0.00019630541110671426,0.00018771607108537147,0.00017995943260051814,0.00017288939999241768,0.00016639803570852755,0.000160402710736692,0.00015483837776668599,0.0001496526637979675,0.0001448026130136371,0.0001402524450084387,0.00013597196410742644,0.0001319354010096512,0.0001281205501879411,0.00012450811490942684,0.00012108120133400897,0.00011782492180838376,0.00011472607957103893,0.00011177291512196497,0.00010895489997040232,0.00010626256725590994,0.00010368737140501282,0.00010122157089709086,9.885812960346511e-05,9.65906331886753e-05,9.441321782817297e-05,9.232050907451979e-05,9.030756914524321e-05,8.836985124548317e-05,8.65031598030596e-05,8.470361570113139e-05,8.296762575778639e-05,8.129185583274132e-05,7.967320704634846e-05,7.810879468095946e-05,7.65959294036931e-05,7.513210050608356e-05,7.371496090250154e-05,7.234231366761806e-05,7.1012099925077e-05,6.972238792617153e-05,6.847136317965583e-05,6.725731951264514e-05,6.60786509584673e-05,6.493384438084824e-05,6.382147275533149e-05,6.274018903868317e-05,6.168872056549407e-05,6.066586391846572e-05,5.967048022516297e-05,5.8701490839456684e-05,5.7757873370617224e-05,5.6838658027143286e-05,5.594292424600617e-05,5.506979758115048e-05,5.421844682785282e-05,5.338808136198016e-05,5.2577948675334505e-05,5.178733209016704e-05,5.101554863762837e-05,5.0261947086407026e-05,4.952590610914018e-05,4.880683257535375e-05,4.8104159960749133e-05,4.7417346863589206e-05,4.6745875619783305e-05,4.608925100902514e-05,4.544699904501479e-05,4.481866584341042e-05,4.420381656170182e-05,4.3602034405695375e-05,4.301291969775037e-05,4.2436089002308316e-05,4.187117430462786e-05,4.1317822238969936e-05,4.077569336277848e-05
2,0.00016415388732077488,0.00013541212973192674,0.0001239842753438022,0.0001155208967573477,0.00010863044546787261,0.00010276534521907664,9.764030316181688e-05,9.308316603087253e-05,8.898003078747696e-05,8.52505966902896e-05,8.183556208802195e-05,7.86895548590763e-05,7.577688032003139e-05,7.30688201074712e-05,7.054183904572973e-05,6.817635077832065e-05,6.595584177430417e-05,6.386623334223636e-05,6.189540649718763e-05,6.0032841171163455e-05,5.826933753936381e-05,5.659679750335919e-05,5.500805103054662e-05,5.34967164740045e-05,5.2057087002585596e-05,5.068403735354917e-05,4.9372946588772224e-05,4.811963358838722e-05,4.6920302781593036e-05,4.577149817915222e-05,4.46700641937738e-05,4.3613112053066896e-05,4.259799085286732e-05,4.162226248617002e-05,4.06836798287311e-05,3.978016767684767e-05,3.8909806023356704e-05,3.807081533006129e-05,3.7261543512712234e-05,3.648045440148686e-05,3.572611747796168e-05,3.499719872071145e-05,3.429245241727245e-05,3.361071382137893e-05,3.2950892551980724e-05,3.231196664523928e-05,3.169297718302237e-05,3.109302343179792e-05,3.051125843460671e-05,2.994688500624618e-05,2.9399152088151993e-05,2.8867351424894667e-05,2.8350814528873547e-05,2.7848909903799992e-05,2.7361040501031614e-05,2.6886641385818452e-05,2.6425177593130294e-05,2.5976142155006018e-05,2.5539054283347034e-05,2.5113457693814213e-05,2.4698919058010146e-05,2.4295026572468476e-05,2.3901388634153315e-05,2.351763261321385e-05,2.3143403714664738e-05,2.2778363921479318e-05,2.242219101231352e-05,2.2074577647723727e-05,2.1735230519321657e-05,2.1403869556825225e-05,2.108022718842607e-05,2.0764047650309642e-05,2.0455086341534833e-05,2.0153109220815143e-05,1.9857892242044354e-05,1.956922082568087e-05,1.9286889363351205e-05,1.90107007532534e-05,1.8740465964142708e-05,1.8476003625864326e-05,1.82171396445616e-05
3,0.00014590248182607505,0.00012500318995347333,0.0001164571512031173,0.00011002803346124323,0.00010472513873233471,0.00010015903671302157,9.612695866115535e-05,9.250657390149051e-05,8.921692617959968e-05,8.620090593165276e-05,8.341629499519727e-05,8.083074732957707e-05,7.841877250334258e-05,7.615982095584794e-05,7.403701383809852e-05,7.203626924904412e-05,7.014568253320613e-05,6.835507519192634e-05,6.665565908754759e-05,6.50397815442208e-05,6.350072850779235e-05,6.203257021341439e-05,6.063003853155489e-05,5.928842829947586e-05,5.800351707466306e-05,5.677149922121173e-05,5.558893127958192e-05,5.445268631477693e-05,5.335991547941496e-05,5.230801542718198e-05,5.1294600509920084e-05,5.0317478916375707e-05,4.9374632082124006e-05,4.846419683233086e-05,4.758444982177707e-05,4.673379391717777e-05,4.5910746230572865e-05,4.511392756334929e-05,4.434205306120295e-05,4.359392391327168e-05,4.28684199554217e-05,4.216449305955717e-05,4.148116120881154e-05,4.081750317335798e-05,4.0172653713936154e-05,3.9545799250510855e-05,3.893617394213665e-05,3.8343056131390065e-05,3.7765765112900846e-05,3.7203658190749234e-05,3.665612799395976e-05,3.6122600023141596e-05,3.5602530404603155e-05,3.5095403831089034e-05,3.4600731670729945e-05,3.411805022790509e-05,3.364691914155594e-05,3.318691990808878e-05,3.273765451740128e-05,3.2298744191794575e-05,3.186982821860553e-05,3.145056286834303e-05,3.10406203909446e-05,3.063968808350956e-05,3.0247467423519416e-05,2.9863673262134704e-05,2.9488033072677294e-05,2.9120286249864506e-05,2.8760183455774507e-05,2.8407486008889882e-05,2.8061965312894155e-05,2.7723402322193872e-05,2.7391587041403748e-05,2.7066318056270338e-05,2.6747402093727502e-05,2.643465360897096e-05,2.61278943976143e-05,2.582695323114964e-05,2.553166551408048e-05,2.524187296122447e-05,2.4957423293804466e-05
4,0.000144281559051063,0.0001272009859083419,0.00012006743293112145,0.00011463706262393846,0.00011011369887568053,0.00010618478867638941,0.00010268776331579158,9.95246207509761e-05,9.663053603252062e-05,9.395978742729952e-05,9.147857133834268e-05,8.916097840186705e-05,8.698657714331075e-05,8.493888145069263e-05,8.300433478503895e-05,8.117161195841954e-05,7.94311243127738e-05,7.777465979727559e-05,7.619511522087218e-05,7.468629313521095e-05,7.324274507000484e-05,7.185964868167966e-05,7.053271015839712e-05,6.925808573551344e-05,6.803231787948295e-05,6.685228287752025e-05,6.57151474012083e-05,6.46183322071689e-05,6.355948157023759e-05,6.253643736303748e-05,6.154721693334862e-05,6.058999410985804e-05,5.9663082803509886e-05,5.876492277690043e-05,5.789406723594914e-05,5.7049171962194446e-05,5.622898575473551e-05,5.543234199119603e-05,5.4658151149445266e-05,5.3905394157941786e-05,5.317311646379376e-05,5.2460422724981954e-05,5.176647204745447e-05,5.109047369958747e-05,5.043168324629893e-05,4.978939905326884e-05,4.9162959118574216e-05,4.855173819481331e-05,4.795514516967218e-05,4.737262067703065e-05,4.6803634914229385e-05,4.6247685644144745e-05,4.570429636330376e-05,4.517301461950514e-05,4.4653410464340245e-05,4.4145075027675836e-05,4.3647619202613145e-05,4.316067243070351e-05,4.2683881578304e-05,4.2216909895926146e-05,4.175943605328159e-05,4.131115324347619e-05,4.087176835046597e-05,4.044100117447175e-05,4.0018583710568096e-05,3.9604259476121425e-05,3.919778288316265e-05,3.8798918652143095e-05,3.8407441263850065e-05,3.802313444654995e-05,3.764579069568673e-05,3.727521082370199e-05,3.691120353775042e-05,3.655358504327694e-05,3.62021786715934e-05,3.585681452974765e-05,3.551732917111746e-05,3.518356528529094e-05,3.485537140590815e-05,3.4532601635246126e-05,3.421511538442232e-05
5,0.00013051155266879908,0.00011656825017416498,0.0001106888395006038,0.00010618903162534137,0.00010242399877120297,9.914079256848957e-05,9.620793179388765e-05,9.354619749594983e-05,9.110321073904241e-05,8.884203859586293e-05,8.67353795217645e-05,8.476230829759069e-05,8.290632220566964e-05,8.115410238619623e-05,7.949469319921458e-05,7.791893839117158e-05,7.641908168665049e-05,7.498847639044567e-05,7.362136944835439e-05,7.231273769670058e-05,7.105816152714998e-05,6.985372591569559e-05,6.869594182298815e-05,6.758168300305495e-05,6.650813463456692e-05,6.547275114168969e-05,6.447322124270583e-05,6.350743874504157e-05,6.25734779543596e-05,6.166957282240383e-05,6.079409914991978e-05,5.994555930550928e-05,5.9122569031465164e-05,5.83238459924571e-05,5.754819978885104e-05,5.679452320810734e-05,5.606178452851134e-05,5.534902072198498e-05,5.465533142877691e-05,5.397987359785334e-05,5.3321856703891096e-05,5.2680538465730734e-05,5.205522100261386e-05,5.144524737400231e-05,5.084999845664644e-05,5.026889011913217e-05,4.970137065963913e-05,4.9146918477275417e-05,4.860503995127158e-05,4.807526750563848e-05,4.755715783972945e-05,4.7050290307567236e-05,4.655426543087519e-05,4.606870353254368e-05,4.559324347880572e-05,4.512754151973672e-05,4.467127021885873e-05,4.422411746363981e-05,4.37857855495699e-05,4.335599033126662e-05,4.2934460434750215e-05,4.252093652562486e-05,4.2115170628433094e-05,4.1716925492921434e-05,4.1325974003366406e-05,4.094209862748317e-05,4.0565090901764735e-05,4.01947509503934e-05,3.9830887035126784e-05,3.9473315133797834e-05,3.912185854527273e-05,3.877634751890577e-05,3.843661890669375e-05,3.8102515836490075e-05,3.777388740477349e-05,3.7450588387593106e-05,3.7132478968422185e-05,3.681942448175819e-05,3.651129517139649e-05,3.620796596239184e-05,3.590931624579665e-05
6,0.00014599430286492545,0.0001317477688537119,0.00012569474604508642,0.00012104228518290847,0.00011713571168589467,0.00011371838442783772,0.0001106569812080348,0.00010787121467213498,0.0001053080216121944,0.00010292999856784015,0.00010070950221545424,9.862534788272649e-05,9.666082856864462e-05,9.480245954782912e-05,9.303914694665552e-05,9.136161671608949e-05,8.976201028106789e-05,8.823359065957455e-05,8.677052401389522e-05,8.536771405618195e-05,8.402067433428498e-05,8.272542821279983e-05,8.147842946516097e-05,8.027649845032582e-05,7.911677024332257e-05,7.799665205447144e-05,7.69137879520232e-05,7.58660293895659e-05,7.485141039298968e-05,7.386812652199571e-05,7.291451691510129e-05,7.198904887334253e-05,7.109030454934357e-05,7.021696939421004e-05,6.936782208135068e-05,6.85417256785489e-05,6.773761988085015e-05,6.69545141496602e-05,6.619148162975697e-05,6.544765373715512e-05,6.472221532799789e-05,6.401440037274139e-05,6.332348807146236e-05,6.26487993556813e-05,6.198969373002504e-05,6.134556641367177e-05,6.0715845747069726e-05,6.0099990834087245e-05,5.9497489393700135e-05,5.890785579867171e-05,5.833062928153125e-05,5.776537229059875e-05,5.721166898089615e-05,5.666912382658501e-05,5.613736034313004e-05,5.561601990873183e-05,5.510476067574715e-05,5.4603256563832956e-05,5.411119632744336e-05,5.362828269108862e-05,5.315423154645329e-05,5.268877120607113e-05,5.223164170879154e-05,5.178259417273947e-05,5.1341390191891766e-05,5.090780127276082e-05,5.0481608308011134e-05,5.0062601084122705e-05,4.965057782048474e-05,4.924534473753419e-05,4.884671565176641e-05,4.845451159563539e-05,4.806856046053104e-05,4.7688696661174835e-05,4.731476081991417e-05,4.6946599469521855e-05,4.658406477321881e-05,4.622701426074458e-05,4.587531057938892e-05,4.5528821258988504e-05,4.5187418489963894e-05
7,0.00016318544929904598,0.00015649674778777284,0.00015352515670645714,0.0001511830143024317,0.00014917482941373555,0.00014738535226526935,0.00014575500049694197,0.00014424805582373163,0.0001428410094928667,0.0001415173518956408,0.0001402649205207356,0.0001390744193720033,0.00013793853278723278,0.000136851365295735,0.00013580807164037987,0.00013480460337477953,0.00013383752993183326,0.00013290390894933163,0.00013200119015845157,0.00013112714273770252,0.00013027979944631459,0.00012945741299698015,0.0001286584215155631,0.00012788142085505438,0.00012712514215399925,0.0001263884334599634,0.00012567024454121622,0.00012496961422605183,0.00012428565976599677,0.0001236175678344235,0.00012296458685787345,0.00012232602044197623,0.00012170122170298334,0.00012108958835368209,0.0001204905584217312,0.00011990360650135331,0.00011932824045736429,0.00011876399851486532,0.00011821044667938469,0.00011766717644150142,0.00011713380272746271,0.00011660996206341709,0.00011609531092588463,0.0001155895242552121,0.00011509229411218124,0.00011460332846077704,0.00011412235006251008,0.00011364909546968128,0.00011318331410666273,0.00011272476742970275,0.00011227322815696791,0.00011182847956158242,0.0001113903148213003,0.00011095853641922083,0.00011053295559060357,0.00011011339181141806,0.00010969967232474622,0.00010929163170159416,0.00010888911143303627,0.00010849195955094767,0.00010810003027486317,0.0001077131836827572,0.00010733128540375965,0.00010695420633101765,0.00010658182235309125,0.00010621401410242009,0.00010585066671954009,0.000105491669631848,0.00010513691634582168,0.00010478630425170454,0.0001044397344397427,0.00010409711152715267,0.00010375834349505581,0.00010342334153468999,0.00010309201990226126,0.00010276429578184735,0.00010244008915582084,0.00010211932268229145,0.00010180192157911507,0.00010148781351404518,0.00010117692850063835
8,0.00014226272689959001,0.00013648364683109708,0.0001339154569712301,0.00013189094772607848,0.00013015487844548627,0.00012860770195345154,0.00012719795582333312,0.00012589479062423677,0.0001246779028650351,0.00012353303439095533,0.00012244968164790715,0.00012141981683377421,0.00012043712247513776,0.00011949650762301531,0.00011859378830284094,0.00011772546865474194,0.00011688858639663533,0.00011608060083130684,0.00011529930984178913,0.00011454278715355492,0.00011380933408868146,0.00011309744189064906,0.00011240576189705629,0.00011173308163186707,0.00011107830542685945,0.00011044043855363525,0.00010981857410891726,0.00010921188208262733,0.00010861960017368942,0.00010804102601805633,0.0001074755105675511,0.00010692245241388893,0.00010638129289467945,0.0001058515118508063,0.00010533262392987134,0.00010482417535015155,0.00010432574105511093,0.00010383692220089132,0.00010335734392910651,0.00010288665338524805,0.00010242451794946925,0.00010197062365179205,0.0001015246737480947,0.00010108638743680658,0.00010065549869918547,0.00010023175524850799,9.981491757556054e-05,9.940475807954198e-05,9.900106027495062e-05,9.86036180662511e-05,9.821223508317745e-05,9.782672407041316e-05,9.744690632616126e-05,9.707261118477275e-05,9.670367553917221e-05,9.63399433993052e-05,9.598126548326393e-05,9.56274988381129e-05,9.527850648776199e-05,9.493415710551677e-05,9.459432470918112e-05,9.425888837680905e-05,9.392773198139075e-05,9.360074394293106e-05,9.327781699652394e-05,9.295884797516518e-05,9.264373760616046e-05,9.233239032008986e-05,9.202471407139149e-05,9.172062016970058e-05,9.14200231211656e-05,9.112284047902383e-05,9.082899270278445e-05,9.053840302541842e-05,9.02509973280074e-05,8.996670402134492e-05,8.968545393402876e-05,8.94071802066128e-05,8.913181819142882e-05,8.885930535771125e-05,8.858958120169035e-05
9,0.00013846172484001127,0.0001322663318987919,0.00012952179752668543,0.0001273621190478338,0.00012551287596573036,0.00012386699528173608,0.00012236910080371696,0.00012098598336083722,0.0001196957777870227,0.0001184831235331729,0.00011733670105933704,0.00011624785622152069,0.00011520977677222024,0.00011421697174161421,0.00011326492749852902,0.00011234987213449358,0.00011146860905706938,0.00011061839636636951,0.00010979685743211552,0.00010900191328790626,0.00010823173062885519,0.00010748468119263232,0.00010675930959345177,0.00010605430753320532,0.0001053684928929195,0.00010470079260770557,0.00010405022850968183,0.000103415905524384,0.00010279700175199297,0.00010219276007189721,0.00010160248098889085,0.00010102551649936985,0.00010046126480159486,9.990916570920723e-05,9.936869665442305e-05,9.883936918863204e-05,9.832072590492789e-05,9.781233772044181e-05,9.7313801467029e-05,9.68247377474594e-05,9.634478902123418e-05,9.587361788983566e-05,9.541090555587788e-05,9.495635043447151e-05,9.450966689829626e-05,9.40705841405301e-05,9.36388451420008e-05,9.321420573078747e-05,9.279643372407372e-05,9.238530814338771e-05,9.198061849548958e-05,9.158216411214554e-05,9.118975354284257e-05,9.080320399521878e-05,9.042234081859521e-05,9.004699702652262e-05,8.96770128547219e-05,8.931223535119361e-05,8.895251799562328e-05,8.859772034551466e-05,8.824770770675081e-05,8.79023508265185e-05,8.756152560673955e-05,8.722511283633716e-05,8.689299794082574e-05,8.656507074785858e-05,8.624122526749578e-05,8.592135948606814e-05,8.560537517261745e-05,8.529317769697996e-05,8.498467585866725e-05,8.467978172576873e-05,8.437841048316669e-05,8.408048028941414e-05,8.378591214168136e-05,8.349462974822261e-05,8.32065594078602e-05,8.292162989602354e-05,8.263977235691435e-05,8.236092020140588e-05,8.208500901031037e-05
10,0.00012591798299284234,0.00011860502005640525,0.00011539858996665045,0.0001128900501191527,0.00011075243893362912,0.00010885801462049628,0.00010714062635422696,0.00010556055395624132,0.00010409161445494721,0.00010271539381933169,0.00010141830883012881,0.0001001899655394827,9.90221759692997e-05,9.790833606338349e-05,9.684301446411428e-05,9.582167060649575e-05,9.484045547502038e-05,9.389606707104258e-05,9.298564318407439e-05,9.210668026235109e-05,9.125697095977227e-05,9.043455531611276e-05,8.963768206695113e-05,8.88647776004774e-05,8.811442077003579e-05,8.738532224928999e-05,8.667630745320502e-05,8.598630228846601e-05,8.531432117140905e-05,8.465945687982076e-05,8.40208719004968e-05,8.339779100638488e-05,8.278949485191648e-05,8.219531441722326e-05,8.16146261646109e-05,8.104684779621833e-05,8.04914345219602e-05,7.994787576288064e-05,7.941569222787125e-05,7.889443331205614e-05,7.83836747735226e-05,7.788301665192512e-05,7.739208139809934e-05,7.691051218845196e-05,7.64379714017349e-05,7.597413923900661e-05,7.551871247025932e-05,7.507140329344583e-05,7.463193829353149e-05,7.420005749081352e-05,7.377551346911651e-05,7.335807057564113e-05,7.294750418524959e-05,7.254360002282898e-05,7.214615353812072e-05,7.175496932804549e-05,7.136986060211244e-05,7.099064868698798e-05,7.061716256672278e-05,7.02492384555087e-05,6.988671940016094e-05,6.952945490980989e-05,6.917730061053892e-05,6.883011792292693e-05,6.848777376065406e-05,6.815014024850304e-05,6.781709445824769e-05,6.748851816105508e-05,6.71642975951571e-05,6.684432324765501e-05,6.65284896494222e-05,6.621669518215955e-05,6.590884189673839e-05,6.560483534203947e-05,6.530458440355927e-05,6.500800115112028e-05,6.471500069506727e-05,6.442550105038817e-05,6.413942300823703e-05,6.385669001437994e-05,6.357722805411864e-05
11,0.0001442209152106362,0.00013998902131475557,0.0001380922462662187,0.00013658978071215397,0.0001352961939040724,0.00013413925210768672,0.00013308165751182332,0.0001321010780999868,0.00013118283294455586,0.000130316623619761,0.00012949487136012546,0.00012871178922369122,0.00012796282705800275,0.00012724432087601761,0.00012655326140801376,0.00012588713568078313,0.0001252438152284644,0.00012462147513270838,0.0001240185340595393,0.00012343360896884515,0.00012286548031049444,0.00012231306486562037,0.00012177539426087212,0.0001212515977593286,0.00012074088832176249,0.00012024255120126336,0.00011975593452356123,0.00011928044144063778,0.00011881552354326993,0.000118360675290197,0.00011791542926520431,0.00011747935211375149,0.00011705204104144711,0.00011663312078023766,0.0001162222409464345,0.00011581907372898164,0.00011542331185762181,0.00011503466680954477,0.00011465286722025261,0.00011427765747012194,0.00011390879642280381,0.00011354605629539844,0.00011318922164345134,0.0001128380884463805,0.00011249246328106895,0.0001121521625731191,0.00011181701191674624,0.00011148684545552155,0.00011116150531722811,0.00011084084109697166,0.00011052470938344043,0.00011021297332385299,0.00010990550222367921,0.00010960217117768926,0.00010930286072929363,0.00010900745655549127,0.00010871584917503848,0.00010842793367772437,0.00010814360947286487,0.00010786278005533004,0.00010758535278759565,0.00010731123869646551,0.00010704035228324761,0.00010677261134629043,0.00010650793681488545,0.0001062462525936466,0.000105987485416553,0.00010573156470992245,0.00010547842246364344,0.00010522799311006257,0.0001049802134099682,0.00010473502234516583,0.00010449236101717982,0.0001042521725516607,0.0001040144020081029,0.00010377899629452117,0.00010354590408675141,0.00010331507575207837,0.00010308646327690426,0.00010286002019820803,0.00010263570153854999
12,0.00016732888610961785,0.000167977910405353,0.00016827604312572,0.00016851550217156027,0.00016872406746930118,0.00016891251933239364,0.00016908640262602558,0.00016924902431734317,0.00016940254987493338,0.00016954849249133805,0.00016968796159582016,0.00016982180130395452,0.00016995067310301908,0.00017007510799597688,0.00017019554085980393,0.00017031233391848888,0.00017042579327392147,0.00017053618085318797,0.00017064372323840203,0.0001707486183211342,0.00017085104040436748,0.00017095114417438656,0.00017104906783547156,0.0001711449356145067,0.00017123885978460578,0.00017133094231681293,0.0001714212762408221,0.0001715099467755915,0.0001715970322761929,0.00017168260503256234,0.0001717667319478954,0.00017184947511846062,0.00017193089233208378,0.00017201103749907287,0.00017208996102667176,0.00017216771014602186,0.00017224432919896453,0.00017231985989070163,0.00017239434151328293,0.00017246781114405518,0.00017254030382251608,0.0001726118527084705,0.00017268248922392706,0.00017275224318080514,0.00017282114289621142,0.00017288921529678538,0.00017295648601340716,0.0001730229794673742,0.00017308871894900822,0.0001731537266895207,0.00017321802392686244,0.00017328163096618667,0.00017334456723547994,0.0001734068513368421,0.00017346850109384657,0.000173529533595354,0.00017358996523611413,0.0001736498117544534,0.00017370908826730669,0.00017376780930283497,0.00017382598883083154,0.00017388364029110836,0.00017394077662003012,0.00017399741027534897,0.0001740535532594736,0.00017410921714129806,0.00017416441307670208,0.0001742191518278224,0.00017427344378118884,0.00017432729896480644,0.00017438072706426214,0.00017443373743792321,0.00017448633913129052,0.00017453854089056976,0.00017459035117550534,0.0001746417781715324,0.0001746928298012916,0.00017474351373554205,0.00017479383740351826,0.00017484380800276018,0.00017489343250845377
13,0.00010788080690640822,0.00010259130798125615,0.00010025578449837018,9.842136773455804e-05,9.68530577931585e-05,9.545912302075968e-05,9.419210131175369e-05,9.302351779571208e-05,9.19346169888356e-05,9.091221805528845e-05,8.994660444191958e-05,8.903034528083914e-05,8.815758969026978e-05,8.732362053576085e-05,8.652455956460904e-05,8.575716536175406e-05,8.501869062003069e-05,8.430677865434439e-05,8.361938666452464e-05,8.295472770569982e-05,8.231122604048854e-05,8.168748225571879e-05,8.108224563138965e-05,8.049439198204127e-05,7.992290568692847e-05,7.936686496827809e-05,7.88254297180603e-05,7.829783134607819e-05,7.778336424721277e-05,7.72813785775816e-05,7.679127409780376e-05,7.631249489308544e-05,7.584452481905059e-05,7.538688355237864e-05,7.493912314868334e-05,7.450082502835178e-05,7.40715973254849e-05,7.365107254653584e-05,7.323890549441734e-05,7.283477142122891e-05,7.243836437874976e-05,7.204939574072308e-05,7.166759287496423e-05,7.129269794662964e-05,7.092446683671631e-05,7.056266816214778e-05,7.02070823857027e-05,6.985750100565162e-05,6.951372581631326e-05,6.917556823189425e-05,6.884284866694514e-05,6.851539596760166e-05,6.819304688848963e-05,6.787564561078721e-05,6.75630432974663e-05,6.725509768218815e-05,6.695167268873137e-05,6.665263807816943e-05,6.635786912131978e-05,6.606724629424768e-05,6.578065499484184e-05,6.549798527867908e-05,6.52191316125756e-05,6.494399264438315e-05,6.467247098772352e-05,6.44044730204844e-05,6.413990869600676e-05,6.387869136599471e-05,6.362073761426514e-05,6.33659671005347e-05,6.311430241351126e-05,6.286566893262154e-05,6.261999469776157e-05,6.237721028651124e-05,6.213724869829714e-05,6.190004524503202e-05,6.166553744779692e-05,6.143366493916613e-05,6.120436937080492e-05,6.097759432600176e-05,6.0753285236819765e-05
14,0.00017749979202026414,0.0001792324024168918,0.0001800316812798877,0.0001806752086199812,0.00018123683713990193,0.00018174520574330843,0.00018221503403742945,0.00018265509416050003,0.0001830711258471725,0.0001834671368148549,0.00018384606314911665,0.0001842101371092759,0.00018456110672595956,0.00018490037424333158,0.00018522908731074243,0.00018554820126193434,0.00018585852295949082,0.0001861607424703883,0.00018645545646707765,0.00018674318585598556,0.00018702438928752563,0.0001872994736690239,0.00018756880245792107,0.00018783270228490227,0.00018809146830253435,0.00018834536854872265,0.00018859464753965784,0.00018883952925366067,0.00018908021962876664,0.00018931690866858374,0.00018954977222991636,0.000189778973549845,0.00019000466455793504,0.0001902269870100415,0.0001904460734730457,0.00019066204818428536,0.00019087502780507315,0.00019108512208421081,0.0001912924344446408,0.00019149706250414585,0.0001916990985392075,0.00019189862989966213,0.0001920957393805963,0.00019229050555694124,0.0001924830030853998,0.00019267330297767038,0.00019286147284836792,0.0001930475771405587,0.00019323167733143848,0.00019341383212033943,0.00019359409760096995,0.0001937725274195432,0.0001939491729202492,0.0001941240832793464,0.00019429730562898473,0.00019446888517176073,0.0001946388652868698,0.00019480728762863995,0.000194974192218127,0.00019513961752839944,0.00019530360056404733,0.0001954661769354201,0.0001956273809280242,0.0001957872455674845,0.0001959458026804214,0.00019610308295156978,0.00019625911597742895,0.00019641393031670832,0.0001965675535378097,0.0001967200122635625,0.0001968713322134108,0.0001970215382432341,0.00019717065438296628,0.00019731870387216388,0.00019746570919366426,0.00019761169210545765,0.00019775667367089215,0.00019790067428732244,0.00019804371371329212,0.00019818581109435197,0.00019832698498759203
15,0.00014542527641245407,0.00013890180526557615,0.0001360121848006442,0.0001337384493695282,0.00013179162348647428,0.0001300589538029766,0.00012848212569002785,0.00012702616740367214,0.00012566805304113445,0.00012439160645954684,0.0001231849069794805,0.00012203884079131507,0.00012094623376201694,0.00011990130318994388,0.00011889929561274278,0.00011793623868560652,0.00011700876594113167,0.00011611398976188214,0.0001152494072093177,0.00011441282882789208,0.00011360232388075601,0.0001128161775731605,0.00011205285717758608,0.00011131098487462593,0.00011058931573334817,0.00010988671967609228,0.00010920216656887737,0.00010853471379032089,0.00010788349578550817,0.00010724771522413843,0.00010662663546628494,0.00010601957410236408,0.0001054258973820342,0.00010484501538373342,0.00010427637780524334,0.00010371947027810747,0.00010317381112641753,0.00010263894850453785,0.00010211445785958493,0.00010159993967353323,0.00010109501744716414,0.00010059933589405776,0.00010011255931774092,9.963437014914597e-05,9.916446762489681e-05,9.870256658972196e-05,9.824839640863777e-05,9.780169997650306e-05,9.736223281420515e-05,9.692976224213595e-05,9.650406662281584e-05,9.608493466553439e-05,9.567216478675338e-05,9.526556452076561e-05,9.486494997574898e-05,9.447014533091437e-05,9.408098237093119e-05,9.369730005423474e-05,9.331894411219029e-05,9.294576667640645e-05,9.257762593177919e-05,9.221438579308856e-05,9.185591560319436e-05,9.150208985107083e-05,9.115278790808475e-05,9.08078937810839e-05,9.046729588098685e-05,9.013088680569453e-05,8.97985631362454e-05,8.947022524523633e-05,8.914577711661314e-05,8.88251261760173e-05,8.850818313094032e-05,8.81948618200027e-05,8.788507907072946e-05,8.757875456524742e-05,8.727581071337217e-05,8.697617253259889e-05,8.667976753454618e-05,8.638652561743698e-05,8.609637896423502e-05
16,0.00014188980952941805,0.00012904350065598262,0.0001235540893880353,0.00011932124629741536,0.0001157575041687376,0.00011263269192953796,0.00010982729666466007,0.00010726937819754948,0.00010491140762735234,0.00010271989252501988,0.00010067008558742195,9.87430243540637e-05,9.692375546234393e-05,9.520020964442355e-05,9.356245688338124e-05,9.200219500565934e-05,9.051238765882381e-05,8.908700127529833e-05,8.772080961031482e-05,8.640924561633435e-05,8.514828723445388e-05,8.393436797691665e-05,8.276430595454895e-05,8.163524684723083e-05,8.054461756628e-05,7.949008822273408e-05,7.846954062462814e-05,7.748104196220593e-05,7.652282265651307e-05,7.55932575797897e-05,7.469085002970848e-05,7.381421797040564e-05,7.296208215298819e-05,7.213325580495797e-05,7.132663563760318e-05,7.054119396710296e-05,6.977597178197092e-05,6.903007261880713e-05,6.830265713183862e-05,6.759293826070623e-05,6.690017691635122e-05,6.622367811743931e-05,6.556278752008962e-05,6.491688829221034e-05,6.428539829082229e-05,6.366776750666217e-05,6.306347574530222e-05,6.247203051819041e-05,6.189296512053476e-05,6.132583687594143e-05,6.077022553026072e-05,6.0225731779268204e-05,5.9691975916675036e-05,5.916859659056754e-05,5.8655249657760096e-05,5.815160712674973e-05,5.765735618100076e-05,5.717219827520004e-05,5.669584829791474e-05,5.6228033794781336e-05,5.5768494246966364e-05,5.5316980400174446e-05,5.4873253639956546e-05,5.4437085409489154e-05,5.4008256666367076e-05,5.358655737528375e-05,5.317178603376741e-05,5.2763749228400013e-05,5.2362261219186274e-05,5.196714354994367e-05,5.1578224682775755e-05,5.1195339654860695e-05,5.0818329755934574e-05,5.044704222499265e-05,5.008132996484764e-05,4.9721051273303576e-05,4.936606958979854e-05,4.9016253256465806e-05,4.86714752926432e-05,4.833161318193921e-05,4.79965486710292e-05
17,0.00016840990030578823,0.00015489591375463283,0.00014907323687284895,0.00014456248627720333,0.0001407500505178218,0.00013739571632532098,0.00013437485305673537,0.00013161249262920788,0.00012905913621844462,0.00012667992136909534,0.00012444909920252204,0.00012234694592578354,0.00012035791097753782,0.00011846944432916726,0.000116671220418101,0.00011495460555194329,0.00011331228106575975,0.0001117379696479559,0.00011022623206970109,0.00010877231321405397,0.00010737202341497272,0.00010602164559528698,0.00010471786159168975,0.00010345769297781345,0.00010223845300027347,0.00010105770714415811,9.991324047906189e-05,9.880303039075855e-05,9.772522363319142e-05,9.667811687799747e-05,9.566014011948595e-05,9.466984242918737e-05,9.370587965782789e-05,9.276700376239704e-05,9.185205349794301e-05,9.095994626225018e-05,9.008967091987226e-05,8.924028146245765e-05,8.841089138672275e-05,8.760066869111549e-05,8.680883140818843e-05,8.603464360275091e-05,8.527741177657981e-05,8.453648162931382e-05,8.381123513249147e-05,8.31010878798149e-05,8.240548668184128e-05,8.172390737761878e-05,8.105585283942518e-05,8.040085114985645e-05,7.975845393314225e-05,7.912823482481775e-05,7.85097880658034e-05,7.790272720860934e-05,7.73066839248089e-05,7.672130690416872e-05,7.61462608368996e-05,7.558122547143062e-05,7.502589474092857e-05,7.447997595250362e-05,7.394318903366943e-05,7.341526583118575e-05,7.289594945789508e-05,7.238499368360334e-05,7.188216236643296e-05,7.138722892142098e-05,7.089997582343753e-05,7.042019414176743e-05,6.994768310394365e-05,6.948224968663328e-05,6.902370823157467e-05,6.857188008473333e-05,6.812659325700692e-05,6.768768210494645e-05,6.725498703008874e-05,6.68283541956137e-05,6.640763525914007e-05,6.599268712057073e-05,6.558337168398394e-05,6.517955563264393e-05,6.478111021627731e-05
18,0.00015708604115501098,0.00014157875145202772,0.00013499616484425282,0.0001299393045589861,0.0001256950026997861,0.00012198366450275646,0.00011866003264214023,0.00011563662658590685,0.00011285562584088757,0.0001102762718301545,0.00010786844065733669,0.00010560904620055942,0.00010347988177503692,0.00010146625227831992,9.955606824412072e-05,9.773922360296798e-05,9.600715504650774e-05,9.435252175939337e-05,9.276896734512627e-05,9.12509393463739e-05,8.979355004446179e-05,8.839246744034747e-05,8.704382869786868e-05,8.574417057205507e-05,8.449037286604322e-05,8.327961201220212e-05,8.210932261395287e-05,8.097716531501045e-05,7.988099974791754e-05,7.881886159728769e-05,7.778894302454645e-05,7.678957586034927e-05,7.581921709233178e-05,7.487643626934638e-05,7.395990451597932e-05,7.306838490805545e-05,7.220072400479353e-05,7.135584436905726e-05,7.053273793582808e-05,6.973046011216936e-05,6.894812451074615e-05,6.81848982343218e-05,6.743999764126248e-05,6.671268453250573e-05,6.600226270909483e-05,6.530807485660004e-05,6.462949971879433e-05,6.396594952804231e-05,6.331686766416343e-05,6.268172651718364e-05,6.206002553250025e-05,6.145128941964372e-05,6.0855066508104795e-05,6.027092723565749e-05,5.969846275630668e-05,5.913728365646068e-05,5.858701876920206e-05,5.8047314077648575e-05,5.7517831699363065e-05,5.699824894462718e-05,5.6488257442139836e-05,5.5987562326360224e-05,5.5495881481296135e-05,5.501294483605429e-05,5.4538493707920946e-05,5.407228018915133e-05,5.3614066574001004e-05,5.316362482285748e-05,5.272073606061559e-05,5.228519010669752e-05,5.185678503434807e-05,5.143532675704419e-05,5.102062864004262e-05,5.0612511135256715e-05,5.021080143780731e-05,4.981533316272713e-05,4.942594604042296e-05,4.9042485629612074e-05,4.8664803046552026e-05,4.829275470947386e-05,4.792620209721578e-05
19,0.00022307634888472117,0.00020930376702081406,0.00020328228334997962,0.00019857897018447603,0.0001945764795226548,0.00019103353368046282,0.00018782514561223372,0.00018487624298252367,0.0001821373243913041,0.00017957356687461798,0.00017715927685117559,0.00017487478935937354,0.00017270461035574205,0.0001706362413078518,0.00016865940201624518,0.00016676549773616352,0.00016494724248209352,0.00016319838571621513,0.00016151350953831845,0.0001598878752085204,0.00015831730497739937,0.0001567980896936639,0.0001553269155679889,0.00015390080540014016,0.00015251707088348204,0.00015117327350430793,0.00014986719218899603,0.0001485967963064331,0.00014736022296289803,0.0001461557577691185,0.00014498181843982457,0.00014383694072215772,0.00014271976625286788,0.0001416290320238561,0.00014056356119741568,0.0001395222550608783,0.00013850408594853154,0.00013750809098899862,0.0001365333665605618,0.0001355790633564739,0.00013464438197818406,0.00013372856898735179,0.0001328309133581542,0.00013195074328015504,0.0001310874232692826,0.00013024035155050995,0.0001294089576809162,0.00012859270038605432,0.00012779106558616628,0.00012700356459182432,0.0001262297324511855,0.00012546912643325358,0.00012472132463344892,0.00012398592468942552,0.00012326254259647045,0.00012255081161306118,0.00012185038124819863,0.00012116091632306545,0.00012048209610036362,0.00011981361347538749,0.00011915517422350863,0.00011850649629929443,0.00011786730918295871,0.00011723735327027229,0.00011661637930243227,0.00011600414783272417,0.00011540042872711098,0.00011480500069614111,0.00011421765085581328,0.00011363817431523691,0.00011306637378912489,0.00011250205923332346,0.00011194504750173425,0.00011139516202312678,0.00011085223249645884,0.00011031609460344145,0.00010978658973717944,0.0001092635647458187,0.0001087468716902108,0.00010823636761468073,0.00010773191433006068
20,0.00021858225657644403,0.00019628449887059955,0.00018684493136518165,0.00017960424906795063,0.00017353467076999877,0.00016823316238622719,0.00016349029163656328,0.00015917990550181108,0.0001552186099718847,0.0001515476122698234,0.0001481234561161427,0.00014491283621235633,0.0001418894862501002,0.0001390322064129733,0.0001363235567910999,0.0001337489598442224,0.00013129606472830874,0.0001289542852050353,0.00012671445609686063,0.00012456857281813386,0.00012250959045544057,0.00012053126639278331,0.00011862803534841132,0.0001167949089229181,0.0001150273939512243,0.00011332142546829605,0.00011167331116699091,0.000110079684991246,0.00010853746806337985,0.00010704383555333825,0.00010559618840267063,0.00010419212904600243,0.00010282944044805783,0.00010150606790922557,0.00010022010319749398,9.896977064673189e-05,9.775341492618851e-05,9.656949023774523e-05,9.541655073885428e-05,9.429324202252985e-05,9.319829351288623e-05,9.213051165690487e-05,9.108877381132095e-05,9.00720227385798e-05,8.907926163830543e-05,8.810954965114841e-05,8.716199778062307e-05,8.623576518589257e-05,8.533005580468837e-05,8.444411527081845e-05,8.357722809522222e-05,8.272871508337202e-05,8.189793096511886e-05,8.108426221592448e-05,8.028712505086993e-05,7.950596357496014e-05,7.8740248075088e-05,7.798947344063267e-05,7.725315770107168e-05,7.653084067021794e-05,7.582208268777414e-05,7.512646344985401e-05,7.444358092095009e-05,7.377305032058492e-05,7.311450317852722e-05,7.24675864530516e-05,7.183196170723317e-05,7.120730433873729e-05,7.059330285897755e-05,6.998965821788902e-05,6.939608317089194e-05,6.881230168492741e-05,6.823804838070841e-05,6.767306800857842e-05,6.711711495558296e-05,6.656995278156272e-05,6.603135378225268e-05,6.550109857753366e-05,6.497897572313346e-05,6.446478134420511e-05,6.39583187893334e-05
21,0.00018113042364903496,0.000157492715879297,0.00014772092138135725,0.0001403246579873139,0.00013419299736340177,0.00012888952123409696,0.00012418710446688815,0.000119948767504295,0.00011608387558046087,0.00011252849271315507,0.00010923534797338776,0.00010616821396123383,0.00010329852969555563,0.00010060325783834544,9.80634638233662e-05,9.566333878827864e-05,9.338950685854653e-05,9.123052108399134e-05,8.917648832629921e-05,8.721878459554336e-05,8.534983527950626e-05,8.356294286820911e-05,8.185215006227406e-05,8.021212966402943e-05,7.863809503293442e-05,7.712572653638618e-05,7.567111058939879e-05,7.427068870921018e-05,7.292121461604422e-05,7.161971785715415e-05,7.036347276391896e-05,6.914997180280462e-05,6.797690257248588e-05,6.684212784692407e-05,6.574366817888128e-05,6.46796866682825e-05,6.364847557093062e-05,6.264844447971341e-05,6.16781098558648e-05,6.073608572453904e-05,5.982107537876444e-05,5.8931863960229274e-05,5.806731180538885e-05,5.722634846194988e-05,5.6407967294555595e-05,5.5611220609978216e-05,5.483521524176532e-05,5.4079108542397206e-05,5.334210473787979e-05,5.2623451605521995e-05,5.19224374406144e-05,5.12383882819769e-05,5.057066536998602e-05,4.991866281383754e-05,4.9281805447509346e-05,4.86595468562447e-05,4.805136755741551e-05,4.745677332140891e-05,4.6875293619734653e-05,4.6306480188915276e-05,4.5749905699917006e-05,4.520516252393501e-05,4.467186158627403e-05,4.4149631300891e-05,4.3638116578892655e-05,4.313697790492836e-05,4.26458904759974e-05,4.216454339769783e-05,4.1692638933407965e-05,4.122989180229893e-05,4.077602852244359e-05,4.033078679562083e-05,3.989391493070671e-05,3.9465171302814594e-05,3.9044323845585644e-05,3.863114957424954e-05,3.822543413727262e-05,3.782697139458794e-05,3.7435563020565184e-05,3.7051018130023864e-05,3.667315292572815e-05
22,0.00019207223295369613,0.0001719483090898782,0.00016344831389183783,0.00015693663352608632,0.00015148392496888057,0.0001467256844101963,0.00014247246856397938,0.00013861014791439726,0.00013506326746254838,0.00013177862652565545,0.00012871689974270213,0.00012584794682788455,0.00012314799750642278,0.00012059786702435183,0.00011818177396799307,0.00011588652809358237,0.00011370095504945511,0.00011161547814250822,0.00010962180736533423,0.00010771270359804868,0.00010588179670078108,0.00010412344301702143,0.00010243261221442447,0.00010080479631417251,9.923593574398488e-05,9.772235862257671e-05,9.626073045018488e-05,9.484801207185136e-05,9.348142428288437e-05,9.215841781612108e-05,9.087664772661307e-05,8.963395139751746e-05,8.842832954964636e-05,8.725792975928272e-05,8.612103208377665e-05,8.501603646881877e-05,8.394145167004512e-05,8.289588546841198e-05,8.187803599627025e-05,8.088668402134607e-05,7.992068606041075e-05,7.897896821451368e-05,7.806052063415378e-05,7.716439253640419e-05,7.628968770732272e-05,7.543556043243018e-05,7.460121180595578e-05,7.378588637621205e-05,7.298886909010362e-05,7.220948250454883e-05,7.144708423667612e-05,7.070106462813752e-05,6.997084460187457e-05,6.925587369224273e-05,6.855562823163139e-05,6.78696096786341e-05,6.719734307450607e-05,6.653837561610048e-05,6.589227533474937e-05,6.525862987167565e-05,6.463704534149877e-05,6.402714527626408e-05,6.342856964318594e-05,6.284097392996776e-05,6.22640282921626e-05,6.169741675756558e-05,6.114083648310303e-05,6.059399706010433e-05,6.00566198642183e-05,5.9528437446573285e-05,5.90091929630818e-05,5.849863963906124e-05,5.7996540266588084e-05,5.750266673222003e-05,5.701679957292153e-05,5.6538727558207074e-05,5.6068247296676205e-05,5.5605162865266446e-05,5.514928545967933e-05,5.470043306455814e-05,5.425843014210656e-05
23,0.00016294550195139362,0.00013879114140318068,0.00012895665993503232,0.00012157612830996144,0.00011550070946300077,0.00011027871393299599,0.00010567491967328595,0.00010154740388882245,9.780224199403376e-05,9.43731784085828e-05,9.121123847575559e-05,8.827890529362394e-05,8.554661957184206e-05,8.299055758963853e-05,8.059115697832844e-05,7.833210244696749e-05,7.619960633495931e-05,7.418188485751201e-05,7.226876817655655e-05,7.045140438337807e-05,6.872203088930634e-05,6.707379517470558e-05,6.55006123257968e-05,6.399705042852434e-05,6.255823736002876e-05,6.117978422974228e-05,5.9857721928661714e-05,5.858844810981359e-05,5.7368682551523395e-05,5.619542931841605e-05,5.50659444808518e-05,5.3977708414546434e-05,5.292840190130889e-05,5.191588540532347e-05,5.093818101878934e-05,4.999345666437872e-05,4.908001221603733e-05,4.8196267258666746e-05,4.7340750254578757e-05,4.651208892287351e-05,4.570900166898983e-05,4.493028992711226e-05,4.4174831299034236e-05,4.3441573390370184e-05,4.2729528259378485e-05,4.203776740565716e-05,4.136541723603388e-05,4.071165495345279e-05,4.0075704821826925e-05,3.945683476591884e-05,3.8854353270495794e-05,3.8267606547452406e-05,3.7695975943399816e-05,3.713887556350348e-05,3.659575009018795e-05,3.606607277778291e-05,3.5549343606317506e-05,3.5045087579534574e-05,3.4552853153815895e-05,3.407221078613822e-05,3.360275159042514e-05,3.314408609276441e-05,3.269584307692656e-05,3.225766851248087e-05,3.182922455856495e-05,3.141018863703635e-05,3.1000252569338295e-05,3.05991217719426e-05,3.0206514505713213e-05,2.9822161174958623e-05,2.944580367232501e-05,2.907719476602477e-05,2.871609752620326e-05,2.836228478752462e-05,2.801553864530731e-05,2.767564998276679e-05,2.7342418027125153e-05,2.7015649932535143e-05,2.669516038793074e-05,2.6380771248071143e-05,2.6072311186180628e-05
24,0.0001899771120480607,0.0001642191370551384,0.0001536168339969678,0.000145611397246788,0.00013898808493665975,0.00013326957110956604,0.00012820738958097902,0.0001236516676662306,0.00011950323095854805,0.00011569211759475109,0.00011216660321383744,0.00010888705106359037,0.00010582221687044405,0.00010294690389502366,0.00010024040774952311,9.768544679975503e-05,9.526740373128203e-05,9.297377358547887e-05,9.079375294515621e-05,8.871792813954598e-05,8.673803450087333e-05,8.484676763096546e-05,8.30376334204772e-05,8.130482740458917e-05,7.964313664665404e-05,7.804785914664321e-05,7.651473704369144e-05,7.503990079347644e-05,7.36198221637689e-05,7.225127437973377e-05,7.093129811485153e-05,6.965717229828125e-05,6.842638891922308e-05,6.72366311704295e-05,6.608575439865857e-05,6.497176942840429e-05,6.38928279031477e-05,6.284720935043735e-05,6.183330972690123e-05,6.0849631239510064e-05,5.989477327209798e-05,5.896742427287667e-05,5.8066354480652286e-05,5.719040938562027e-05,5.633850383571183e-05,5.5509616712057154e-05,5.470278610770801e-05,5.3917104952654734e-05,5.315171703570585e-05,5.240581338019083e-05,5.167862893589278e-05,5.0969439554281786e-05,5.0277559218118915e-05,4.9602337499946376e-05,4.894315722695691e-05,4.829943233231401e-05,4.7670605875236316e-05,4.7056148214114035e-05,4.64555553186299e-05,4.586834720835548e-05,4.5294066506603824e-05,4.473227709947837e-05,4.4182562891076156e-05,4.364452664670486e-05,4.311778891677485e-05,4.260198703473427e-05,4.209677418304831e-05,4.1601818521786656e-05,4.111680237488321e-05,4.064142146958673e-05,4.01753842250178e-05,3.971841108611526e-05,3.927023389957502e-05,3.883059532868226e-05,3.839924830419632e-05,3.797595550869263e-05,3.756048889197511e-05,3.715262921537344e-05,3.675216562291291e-05,3.6358895237508e-05,3.597262278047492e-05
25,0.00019601469499732341,0.00016977144812720888,0.0001589537103960244,0.0001507789640726159,0.00014401100153728312,0.0001381641037518824,0.0001329854525758426,0.00012832255747853298,0.0001240745144537021,0.00012017014192494403,0.00011655681301305252,0.00011319419799993184,0.00011005050472485768,0.00010710009285404458,0.00010432189173333436,0.00010169831230181654,9.921447558685275e-05,9.685765125399194e-05,9.461683975057325e-05,9.248245517861318e-05,9.04460804428941e-05,8.850027530237779e-05,8.663842383807476e-05,8.485461175865202e-05,8.314352661798095e-05,8.150037585551963e-05,7.992081886487693e-05,7.840091022309324e-05,7.693705188718237e-05,7.552595266112152e-05,7.416459360701736e-05,7.285019835383003e-05,7.158020747036047e-05,7.035225623354882e-05,6.916415525091566e-05,6.801387349618847e-05,6.689952339638499e-05,6.581934767174154e-05,6.477170768050174e-05,6.37550730614806e-05,6.276801250055461e-05,6.18091854744016e-05,6.087733484716056e-05,5.997128021415054e-05,5.908991190213178e-05,5.823218554840628e-05,5.7397117191793677e-05,5.658377881757023e-05,5.579129430611217e-05,5.50188357414819e-05,5.426562004173664e-05,5.353090587747491e-05,5.281399084920689e-05,5.2114208897634104e-05,5.1430927923951274e-05,5.076354759990624e-05,5.01114973496305e-05,4.947423448724092e-05,4.885124249594679e-05,4.824202943591789e-05,4.764612646950341e-05,4.7063086493567476e-05,4.649248286974377e-05,4.5933908244328496e-05,4.538697345034362e-05,4.485130648502447e-05,4.432655155662718e-05,4.381236819502301e-05,4.330843042105953e-05,4.2814425970124734e-05,4.233005556575843e-05,4.185503223952747e-05,4.138908069370624e-05,4.0931936703607656e-05,4.048334655667333e-05,4.004306652567795e-05,3.96108623736199e-05,3.918650888807129e-05,3.876978944293765e-05,3.836049558574475e-05,3.7958426648715846e-05
26,0.00019841791337729065,0.00017181120779219766,0.00016084561431412307,0.0001525599681737691,0.0001457007628678806,0.0001397754771571931,0.00013452775017943036,0.0001298029536403262,0.00012549876860890117,0.00012154301530283274,0.0001178823289232034,0.00011447581442376868,0.00011129123419363135,0.00010830258886006297,0.00010548851293630314,0.00010283117145707273,0.0001003154776357931,9.792852352409354e-05,9.565915628069639e-05,9.349765658415341e-05,9.143549033618921e-05,8.946511401191999e-05,8.757981998074025e-05,8.57736120846444e-05,8.404110445088282e-05,8.23774383783267e-05,8.077821344953617e-05,7.923942996074082e-05,7.77574404454151e-05,7.632890857075431e-05,7.495077406210602e-05,7.362022259399864e-05,7.233465980273327e-05,7.10916887421591e-05,6.98890902338354e-05,6.872480566440509e-05,6.759692186335113e-05,6.650365775830871e-05,6.544335255645314e-05,6.441445524195429e-05,6.341551521319438e-05,6.244517391100387e-05,6.150215731183051e-05,6.058526917848406e-05,5.969338497666627e-05,5.882544637848206e-05,5.7980456285025006e-05,5.7157474309308045e-05,5.6355612668568885e-05,5.5574032441573354e-05,5.481194015215626e-05,5.4068584645042514e-05,5.334325422412036e-05,5.263527402688625e-05,5.194400361185251e-05,5.126883473836658e-05,5.060918932060304e-05,4.996451753950188e-05,4.933429609818781e-05,4.871802660794602e-05,4.811523409318467e-05,4.752546560500463e-05,4.694828893405184e-05,4.638329141425291e-05,4.583007880986359e-05,4.5288274278986795e-05,4.4757517407372764e-05,4.423746330688949e-05,4.372778177357274e-05,4.322815650062908e-05,4.273828434217777e-05,4.225787462389393e-05,4.1786648497049134e-05,4.1324338332746415e-05,4.087068715342217e-05,4.04254480989309e-05,3.998838392475079e-05,3.9559266530053994e-05,3.913787651356167e-05,3.872400275527637e-05,3.831744202232974e-05
27,0.00027102295992925983,0.0002458491125843771,0.0002351123919140121,0.00022684222667545992,0.0002198855382724224,0.00021379046528294764,0.00020832234629033906,0.0002033399070849248,0.0001987497997561737,0.0001944862374884691,0.00019050060700556736,0.00018675565663937087,0.0001832220096725184,0.00017987595518752797,0.00017669798528058872,0.000173671790613487,0.00017078354929719137,0.00016802141015888943,0.00016537510871862855,0.00016283567613832454,0.0001603952147920138,0.00015804672253617606,0.00015578395321680063,0.00015360130457128321,0.0001514937271393247,0.0001494566494959195,0.00014748591631572847,0.00014557773663415144,0.0001437286402920724,0.00014193544100886695,0.00014019520486933422,0.00013850522326736857,0.00013686298954514127,0.00013526617871736473,0.000133712629787343,0.00013220033025327337,0.00013072740247573603,0.00012929209163498238,0.00012789275505283918,0.0001265278526913498,0.00012519593867053898,0.00012389565367242425,0.00012262571811870834,0.00012138492602636369,0.00012017213945924705,0.00011898628350549309,0.00011782634172017667,0.00011669135198091322,0.0001155804027110005,0.00011449262943057392,0.00011342721160125087,0.00011238336973401836,0.00011136036273379137,0.00011035748545722071,0.00010937406646306476,0.00010840946593679858,0.00010746307377318508,0.00010653430780232747,0.00010562261214627875,0.0001047274556946552,0.0001038483306889056,0.00010298475140593948,0.00010213625293275925,0.00010130239002456046,0.00010048273603950153,9.967688194398781e-05,9.888443538290304e-05,9.810501980972738e-05,9.733827367194803e-05,9.65838496475821e-05,9.58414139289936e-05,9.511064555053202e-05,9.43912357568043e-05,9.368288740867366e-05,9.298531442431496e-05,9.229824125287841e-05,9.162140237851421e-05,9.095454185268789e-05,9.029741285288238e-05,8.964977726593275e-05,8.901140529437009e-05
28,0.00016626927323422255,0.00013943618505024593,0.00012863611566806232,0.00012058293340036728,0.00011398917683707715,0.00010834841131429104,0.00010339682416024114,9.897522048914436e-05,9.497824893001888e-05,9.133160862670556e-05,8.798039817205645e-05,8.488258218530735e-05,8.20050628933432e-05,7.932118535408913e-05,7.680908175346339e-05,7.445053191908778e-05,7.223015483128701e-05,7.0134819900788e-05,6.815320857942594e-05,6.627548149734301e-05,6.449302136641602e-05,6.279823137699206e-05,6.118437496544148e-05,5.964544691644964e-05,5.817606853926412e-05,5.677140157951354e-05,5.5427076883778705e-05,5.41391348055603e-05,5.290397504786247e-05,5.171831415852419e-05,5.0579149283288976e-05,4.948372707523552e-05,4.842951688329822e-05,4.741418751534178e-05,4.643558700563324e-05,4.54917249219919e-05,4.458075683129396e-05,4.370097060847667e-05,4.285077432752769e-05,4.202868551605227e-05,4.123332159005168e-05,4.046339131421117e-05,3.9717687156569695e-05,3.899507842593672e-05,3.8294505096620795e-05,3.7614972238559316e-05,3.695554498228599e-05,3.6315343957727535e-05,3.5693541153907166e-05,3.5089356153495634e-05,3.450205270200207e-05,3.393093557640212e-05,3.337534772229529e-05,3.2834667632383e-05,3.2308306942254135e-05,3.1795708222230816e-05,3.129634294643365e-05,3.080970962232059e-05,3.0335332065781827e-05,2.9872757808477124e-05,2.942155662550883e-05,2.8981319172759605e-05,2.8551655724317965e-05,2.8132195001376846e-05,2.7722583084846573e-05,2.7322482404680282e-05,2.6931570799584675e-05,2.6549540641388923e-05,2.617609801888003e-05,2.5810961976392863e-05,2.5453863802870227e-05,2.510454636749469e-05,2.476276349833824e-05,2.44282794007871e-05,2.4100868112778795e-05,2.3780312994142112e-05,2.346640624755711e-05,2.3158948468861573e-05,2.285774822461483e-05,2.2562621655001105e-05,2.2273392100308563e-05
29,0.00020542809885678307,0.00017782338642594213,0.00016644921673687066,0.00015785600751885354,0.0001507429859097159,0.00014459905167603894,0.00013915817046397118,0.0001342598779730624,0.00012979799305060056,0.00012569761126829312,0.00012190335353478835,0.00011837278142273324,0.00011507244095511259,0.00011197535207253589,0.00010905934369466365,0.00010630590867853086,0.00010369939191766405,0.00010122639948635943,9.88753588926503e-05,9.663618533367843e-05,9.4500024010854e-05,9.245904811928943e-05,9.05062983187594e-05,8.863555360602675e-05,8.684122630007856e-05,8.511827578462346e-05,8.346213701440428e-05,8.186866076760221e-05,8.033406333591456e-05,7.88548838665361e-05,7.742794796022628e-05,7.60503364239546e-05,7.471935830111239e-05,7.343252747524305e-05,7.218754227771957e-05,7.098226763527021e-05,6.981471937663391e-05,6.868305038405436e-05,6.758553832860885e-05,6.652057477141137e-05,6.548665544770905e-05,6.448237157949327e-05,6.350640208576496e-05,6.255750657903216e-05,6.163451905276947e-05,6.073634217805362e-05,5.986194213889561e-05,5.901034394531414e-05,5.818062717125282e-05,5.737192207128178e-05,5.658340603585479e-05,5.581430034988254e-05,5.506386722366095e-05,5.4331407068881226e-05,5.361625599563453e-05,5.291778350908164e-05,5.223539038685951e-05,5.156850672038393e-05,5.0916590105036353e-05,5.0279123965821635e-05,4.965561600648906e-05,4.904559677134678e-05,4.8448618310089246e-05,4.7864252936925536e-05,4.729209207614779e-05,4.673174518704265e-05,4.618283876172003e-05,4.564501539003971e-05,4.511793288635121e-05,4.4601263473245325e-05,4.409469301794646e-05,4.3597920317361195e-05,4.3110656428149046e-05,4.26326240384914e-05,4.216355687852001e-05,4.1703199166620774e-05,4.125130508905974e-05,4.080763831058615e-05,4.037197151385962e-05,3.994408596571797e-05,3.952377110846112e-05
30,0.0002749004670139001,0.00024220617397185845,0.0002285579425224748,0.00021817098567768133,0.0002095207566529304,0.0002020087475758181,0.00019532364675410764,0.00018927778047180867,0.00018374700701779848,0.00017864376700641,0.00017390332461390075,0.0001694760620307858,0.00016532285220920178,0.00016141212404556957,0.00015771791708575362,0.0001542185443638027,0.00015089564475405476,0.00014773349365875893,0.00014471849021739048,0.00014183876828963876,0.00013908389620948043,0.00013644464148880386,0.0001339127838920012,0.00013148096511144243,0.0001291425665368542,0.00012689160887005424,0.00012472266892766867,0.00012263081011380797,0.00012061152387263432,0.00011866068004063206,0.00011677448447324995,0.00011494944266377024,0.00011318232833393781,0.00011147015617741777,0.00010981015809379638,0.00010819976237363735,0.00010663657539216848,0.00010511836544646047,0.0001036430484329416,0.00010220867511214506,0.00010081341974824224,9.945556994415672e-05,9.813351752037087e-05,9.684575030811387e-05,9.559084474637617e-05,9.43674591878414e-05,9.317432783195345e-05,9.201025521438505e-05,9.087411119151918e-05,8.976482636649246e-05,8.868138791010114e-05,8.762283573566512e-05,8.658825899189933e-05,8.557679284212157e-05,8.458761550181524e-05,8.361994550976414e-05,8.267303921076175e-05,8.174618843031279e-05,8.083871832386973e-05,7.99499853849972e-05,7.907937559848632e-05,7.82263027258816e-05,7.739020671213821e-05,7.657055220325841e-05,7.576682716573912e-05,7.497854159954855e-05,7.420522633713382e-05,7.344643192165911e-05,7.270172755829716e-05,7.197070013296357e-05,7.125295329337232e-05,7.054810658775352e-05,6.985579465696884e-05,6.917566647613184e-05,6.850738464216647e-05,6.785062470403306e-05,6.720507453262317e-05,6.657043372756684e-05,6.594641305841563e-05,6.53327339378689e-05,6.472912792489032e-05
31,0.00023654461231540518,0.00020493676054637308,0.00019190477937291406,0.00018205554728245658,0.00017390041523000123,0.0001668544850902575,0.00016061331891880243,0.00015499329240607198,0.00014987290064151032,0.00014516642947509596,0.00014081050749423417,0.0001367565708505664,0.00013296633607410262,0.00012940892728254322,0.00012605897104554396,0.0001228952861809097,0.0001198999547650496,0.00011705764608106515,0.00011435511347396234,0.00011178081249730447,0.00010932460608818834,0.00010697753344394854,0.0001047316263605082,0.00010257976149833675,0.0001005155402364871,9.853318998683396e-05,9.662748239933426e-05,9.479366500559258e-05,9.302740365960279e-05,9.13247337325547e-05,8.968201846477e-05,8.80959132145592e-05,8.656333460066342e-05,8.508143373281517e-05,8.364757287882842e-05,8.225930503727815e-05,8.091435598023718e-05,7.961060840652502e-05,7.834608790689072e-05,7.711895049179035e-05,7.592747147243852e-05,7.477003551853473e-05,7.36451277429652e-05,7.255132568602305e-05,7.148729209016128e-05,7.045176837172293e-05,6.944356870902146e-05,6.846157467704442e-05,6.750473036826603e-05,6.657203794687985e-05,6.566255359043068e-05,6.477538377853237e-05,6.390968189325105e-05,6.30646450999562e-05,6.223951148107882e-05,6.143355739837845e-05,6.064609506206135e-05,5.987647028748427e-05,5.912406042226746e-05,5.8388272428471394e-05,5.766854110609706e-05,5.696432744558854e-05,5.6275117098260835e-05,5.560041895468338e-05,5.4939763822025754e-05,5.429270319224325e-05,5.3658808093749766e-05,5.303766801991752e-05,5.242888992835645e-05,5.183209730547899e-05,5.124692929134485e-05,5.067303986022971e-05,5.011009705275398e-05,4.955778225577036e-05,4.9015789526530624e-05,4.8483824957943696e-05,4.796160608200459e-05,4.7448861308707296e-05,4.6945329397978896e-05,4.64507589623622e-05,4.596490799835939e-05
32,0.0002685994950467161,0.00023436730705231866,0.00022017909698667976,0.0002094244687633489,0.00020049789776163148,0.0001927687728585779,0.00018590894913126998,0.0001797205415993518,0.0001740726248084425,0.00016887284327010273,0.00016405291356621563,0.00015956050252534243,0.00015535434856037375,0.00015140116647451005,0.00014767359525147544,0.0001441487869863606,0.0001408074065706615,0.00013763290386800513,0.0001346109721309467,0.0001317291370398709,0.00012897643944872897,0.00012634318670910657,0.00012382075508065676,0.00012140143080663762,0.00011907828087492008,0.00011684504686725397,0.00011469605697842526,0.00011262615248929582,0.0001106306258516236,0.00010870516818641583,0.00010684582447787119,0.0001050489551074043,0.00010331120264868348,0.00010162946305754078,0.00010000086055615526,9.842272564070907e-05,9.689257574433267e-05,9.540809816887478e-05,9.396713496459518e-05,9.256766948981715e-05,9.120781442559994e-05,8.988580105566173e-05,8.859996965070368e-05,8.734876082017534e-05,8.613070771439114e-05,8.494442897646408e-05,8.378862235743396e-05,8.266205891966512e-05,8.156357776348853e-05,8.049208122047205e-05,7.944653046386165e-05,7.842594149286598e-05,7.742938145271961e-05,7.645596525698235e-05,7.550485248245274e-05,7.457524451046038e-05,7.366638189124802e-05,7.277754191072692e-05,7.190803634112677e-05,7.10572093590345e-05,7.022443561603516e-05,6.940911844869718e-05,6.86106882159765e-05,6.782860075330767e-05,6.706233593369762e-05,6.631139632707108e-05,6.557530594995005e-05,6.485360909828708e-05,6.414586925693635e-05,6.345166807983665e-05,6.277060443551261e-05,6.210229351297418e-05,6.144636598352538e-05,6.0802467214378885e-05,6.017025653031845e-05,5.9549406519968616e-05,5.893960238351485e-05,5.8340541318972605e-05,5.775193194434181e-05,5.7173493753190714e-05,5.660495660141068e-05
33,0.00026004525113421925,0.00022119887009288075,0.00020539827259824782,0.00019354693110058835,0.00018379580442356232,0.0001754178691624016,0.00016803450790352077,0.00016141727519403292,0.00015541498522882134,0.0001499209908647195,0.000144856462897777,0.00014016101675264636,0.00013578707826746947,0.00013169630673714097,0.00012785722170214736,0.00012424357011087497,0.00012083316807979407,0.00011760705767903172,0.00011454887915546215,0.00011164439434270728,0.00010888111859314045,0.00010624803217515729,0.00010373535089911565,0.00010133434159434434,9.903717203796885e-05,9.683678769144485e-05,9.472680954303992e-05,9.27014487461985e-05,9.075543475571454e-05,8.888395440956089e-05,8.708259996092357e-05,8.534732448528087e-05,8.367440340806669e-05,8.206040114560053e-05,8.05021420441898e-05,7.899668495310567e-05,7.754130088638556e-05,7.613345332344208e-05,7.477078077471263e-05,7.345108130018764e-05,7.217229871873654e-05,7.093251028710705e-05,6.972991566115836e-05,6.85628269797312e-05,6.742965993470517e-05,6.632892571011148e-05,6.52592236893752e-05,6.421923484341314e-05,6.320771572386117e-05,6.222349299551074e-05,6.126545845039053e-05,6.033256445308137e-05,5.942381977298954e-05,5.853828576458682e-05,5.767507286119294e-05,5.6833337351831294e-05,5.6012278414127024e-05,5.521113537921166e-05,5.442918520721405e-05,5.36657401542118e-05,5.2920145613528486e-05,5.219177811603407e-05,5.1480043475666415e-05,5.0784375067776716e-05,5.010423222912119e-05,4.9439098769410116e-05,4.878848158529159e-05,4.815190936850505e-05,4.75289314007129e-05,4.691911642820111e-05,4.6322051610258826e-05,4.5737341535596855e-05,4.516460730166371e-05,4.460348565216178e-05,4.405362816847218e-05,4.351470051105809e-05,4.2986381707246e-05,4.2468363482081694e-05,4.196034962922737e-05,4.1462055419111625e-05,4.0973207041765374e-05
34,0.00029613693480391056,0.0002582468704764883,0.00024254923392376022,0.00023065328899390055,0.00022078134953605906,0.00021223516421302468,0.0002046513826646148,0.00019781088586218212,0.00019156869778875606,0.0001858225510946348,0.0001804968340450596,0.0001755335973393236,0.00017088715194621816,0.00016652064172392655,0.00016240377092219732,0.00015851124162041865,0.00015482164600070288,0.0001513166603587701,0.00014798044534859196,0.00014479919087332703,0.00014176076474539505,0.00013885443728995652,0.00013607066252206473,0.0001334009021426205,0.00013083748240926758,0.0001283734765765307,0.00012600260745855612,0.0001237191659992646,0.00012151794270247654,0.0001193941694875589,0.00011734347006803188,0.0001153618173519503,0.0001134454966689951,0.00011159107386502947,0.00010979536748819077,0.00010805542443435048,0.00010636849853340437,0.0001047320316483754,0.00010314363693190691,0.00010160108394336523,0.00010010228537741515,9.864528519388386e-05,9.722824797076047e-05,9.58494493286409e-05,9.450726729692397e-05,9.320017451041748e-05,9.192673114040552e-05,9.06855784771941e-05,8.947543309211675e-05,8.829508151628865e-05,8.714337538133463e-05,8.601922697410492e-05,8.492160516321321e-05,8.384953166025424e-05,8.28020775828887e-05,8.177836029073936e-05,8.077754046830858e-05,7.97988194319679e-05,7.88414366405608e-05,7.790466739133292e-05,7.698782068481863e-05,7.609023724399875e-05,7.52112876745242e-05,7.435037075411996e-05,7.350691184044494e-05,7.268036138771801e-05,7.187019356334188e-05,7.10759049565735e-05,7.029701337202635e-05,6.953305670144341e-05,6.87835918677656e-05,6.804819383605288e-05,6.732645468628337e-05,6.661798274348941e-05,6.592240176106884e-05,6.523935015346315e-05,6.456848027470648e-05,6.390945773963424e-05,6.326196078480136e-05,6.26256796663928e-05,6.200031609262491e-05
35,0.00036273158467643995,0.0003197897055302258,0.00030185541937965564,0.00028820306903423076,0.0002768310047929344,0.0002669534436201844,0.00025816167487199246,0.00025020931362072617,0.00024293338478404764,0.0002362189402834075,0.00022998099518304745,0.00022415441127859848,0.00021868782221634998,0.000213539780599347,0.00020867620421148359,0.00020406862063179602,0.00019969292321451011,0.0001955284662147627,0.0001915573916500486,0.00018776411864762294,0.00018413494932563362,0.00018065775993495725,0.00017732175549758475,0.00017411727249017306,0.00017103561840524438,0.00016806893998737676,0.00016521011403061866,0.0001624526561190488,0.0001597906437793176,0.00015721865131460626,0.00015473169418655264,0.0001523251812621767,0.00014999487358635598,0.00014773684860493866,0.0001455474689692089,0.0001434233552136032,0.00014136136172598784,0.0001393585555312422,0.00013741219749026967,0.00013551972558222732,0.0001336787399911567,0.0001318869897618099,0.00013014236082532424,0.00012844286522503836,0.00012678663139734488,0.00012517189538302403,0.00012359699286172417,0.00012206035191675269,0.00012056048644961626,0.00011909599017415084,0.0001176655311289626,0.00011626784665448462,0.00011490173878747699,0.00011356607003139387,0.00011225975946590031,0.00011098177916301215,0.00010973115088098067,0.00010850694301023082,0.00010730826774843261,0.00010613427848422381,0.0001049841673712407,0.00010385716307599328,0.00010275252868478564,0.00010166955975635014,0.00010060758250816442,9.956595212557986e-05,9.854405118391946e-05,9.754128817461551e-05,9.655709612728413e-05,9.559093132036417e-05,9.464227207360408e-05,9.371061761627518e-05,9.279548702551712e-05,9.189641822970113e-05,9.101296707213052e-05,9.014470643078531e-05,8.929122539017092e-05,8.845212846165524e-05,8.762703484896058e-05,8.681557775575024e-05,8.601740373248114e-05
36,0.00036354222896053625,0.00031837708660781424,0.00029960669500927594,0.00028535715808288454,0.00027351479462967444,0.00026324955264660574,0.00025412957027177264,0.00024589444650275895,0.0002383719069564379,0.000231440433067444,0.00022501017964594275,0.0002190122858953819,0.00021339245539323795,0.00020810688345433294,0.00020311955714310317,0.0001984003990033063,0.00019392395127642054,0.00018966841864240298,0.00018561495597922218,0.00018174712795260647,0.0001780504918632052,0.00017451227068987003,0.00017112109331691574,0.00016786678560549675,0.00016474020049757457,0.00016173307847544812,0.00015883793190847503,0.00015604794840028103,0.00015335690939931264,0.00015075912118242037,0.0001482493559528752,0.000145822801270846,0.00014347501639789566,0.00014120189441702057,0.00013899962920742193,0.00013686468652384002,0.0001347937785651838,0.00013278384152460936,0.0001308320156993771,0.00012893562780839996,0.00012709217522192663,0.00012529931185403944,0.00012355483550663377,0.00012185667648494877,0.00012020288733081439,0.00011859163354154608,0.00011702118516068206,0.00011548990914212995,0.00011399626240230153,0.00011253878548584778,0.00011111609678002052,0.00010972688722073468,0.00010836991544031685,0.00010704400331286923,0.0001057480318583224,0.00010448093747070494,0.00010324170844002188,0.00010202938174051517,0.00010084304006102341,9.96818090557359e-05,9.854485479591374e-05,9.74313814051393e-05,9.634062886242111e-05,9.527187095903875e-05,9.422441339639135e-05,9.319759201334604e-05,9.219077113266416e-05,9.120334201706703e-05,9.02347214263615e-05,8.928435026783384e-05,8.835169233280935e-05,8.743623311290414e-05,8.653747869006136e-05,8.565495469496527e-05,8.478820532888875e-05,8.393679244444305e-05,8.310029468106906e-05,8.227830665145038e-05,8.147043817533791e-05,8.067631355755085e-05,7.989557090717504e-05
37,0.0003932103177557516,0.0003433751086992886,0.0003227075560223456,0.00030703634930389604,0.0002940252875486896,0.0002827568038535874,0.00027275344824244743,0.00026372730559826106,0.0002554878874230573,0.00024790082317567255,0.000240866765363412,0.00023430957230006756,0.00022816920982774783,0.0002223972480290954,0.00021695387547916934,0.00021180584633759833,0.0002069250250639162,0.00020228732758282374,0.00019787193340824484,0.00019366068780321473,0.00018963764026654414,0.00018578868278669962,0.0001821012624142409,0.00017856415008171507,0.00017516725260720344,0.00017190145828390924,0.00016875850890067908,0.00016573089278760643,0.0001628117547522594,0.00015999481970875763,0.00015727432750065035,0.00015464497694583012,0.0001521018775338345,0.0001496405075156576,0.0001472566773669941,0.0001449464977946577,0.00014270635160518072,0.00014053286887348078,0.00013842290494483556,0.00013637352088042285,0.00013438196601925348,0.00013244566238048634,0.00013056219067216992,0.00012872927770722482,0.00012694478505634712,0.00012520669879162756,0.00012351312019489064,0.00012186225732178109,0.00012025241732702403,0.00011868199946851172,0.00011714948871828298,0.0001156534499173786,0.00011419252241920613,0.00011276541517262848,0.00011137090220168871,0.00011000781844381345,0.00010867505591261804,0.00010737156015517966,0.00010609632697690232,0.00010484839940995826,0.00010362686490380339,0.000102430852718475,0.0001012595315033282,0.00010011210704559486,9.898782017467997e-05,9.788594480946285e-05,9.68057861370831e-05,9.574667891276813e-05,9.470798587121828e-05,9.368909624093164e-05,9.268942435361456e-05,9.170840834152685e-05,9.07455089162237e-05,8.980020822272545e-05,8.887200876364646e-05,8.796043238827764e-05,8.706501934202499e-05,8.61853273719859e-05,8.532093088478195e-05,8.447142015307987e-05,8.363640056750601e-05
38,0.00045827384569934864,0.00040181491910528316,0.00037833039351304194,0.00036049339497656467,0.00034566356642942096,0.00033280409022722843,0.0003213755546653417,0.00031105272164175745,0.000301620428017054,0.00029292690464305957,0.0002848599407242671,0.00027733353280924507,0.0002702798661902388,0.0002636442283659651,0.00025738163700222565,0.00025145452170189785,0.00024583108082945127,0.00024048408610586437,0.00023538999320617943,0.00023052826694823487,0.00022588086040736227,0.0002214318066660427,0.00021716689445890508,0.00021307340730690902,0.0002091399113902256,0.0002053560813240338,0.0002017125557598272,0.00019820081671011785,0.000194813087930005,0.00019154224874662736,0.00018838176051636158,0.00018532560348483027,0.00018236822227871087,0.00017950447860793354,0.00017672961002863864,0.00017403919383033695,0.00017142911527913513,0.00016889553958303845,0.00016643488705290522,0.0001640438110195219,0.00016171917813784082,0.00015945805076714138,0.0001572576711632967,0.00015511544725854814,0.00015302893983674075,0.00015099585093916542,0.00014901401335894353,0.00014708138110107965,0.0001451960207015489,0.0001433561033125644,0.00014155989747291177,0.0001398057624922944,0.00013809214238725046,0.00013641756031362596,0.00013478061344701414,0.00013317996826811744,0.00013161435621483067,0.00013008256966704764,0.00012858345823387593,0.00012711592531616588,0.0001256789249200905,0.00012427145870001188,0.0001228925732110561,0.00012154135735377856,0.00012021693999501347,0.00011891848775053987,0.00011764520291655527,0.00011639632153816426,0.00011517111160417177,0.00011396887135844799,0.00011278892771899317,0.0001116306347966194,0.00011049337250586822,0.00010937654526141152,0.00010827958075375768,0.00010720192879860621,0.0001061430602546457,0.00010510246600503402,0.00010407965599816207,0.00010307415834366902,0.00010208551845998273
39,0.0004490868799704456,0.00038737142358956513,0.0003620085211019904,0.00034287472825683544,0.00032705594248442696,0.00031340697967397873,0.0003013316865014784,0.00029047045095607546,0.00028058530284874285,0.00027150836729261435,0.00026311553297705996,0.00025531169627853215,0.00024802189475399064,0.00024118568009555072,0.00023475338602428579,0.00022868356134129127,0.00022294114965095967,0.00021749616455572573,0.00021232270358800094,0.00020739819978508208,0.00020270284379373275,0.0001982191308091746,0.00019393150053240363,0.00018982604754734343,0.0001858902857768259,0.00018211295500894276,0.00017848386053898296,0.00017499373915963681,0.0001716341463223929,0.00016839736046493482,0.00016527630137372666,0.0001622644601109436,0.0001593558385383859,0.00015654489685889742,0.0001538265078974464,0.0001511959170805994,0.00014864870726015057,0.00014618076767569782,0.0001437882664704902,0.00014146762627145325,0.0001392155024227753,0.00013702876352662282,0.00013490447399731526,0.00013283987837891972,0.0001308323872124721,0.00012887956426928186,0.00012697911499216693,0.00012512887600782936,0.0001233268055916755,0.00012157097498172523,0.00011985956045134593,0.00011819083606174384,0.00011656316702475067,0.00011497500361471568,0.00011342487557547061,0.00011191138697451955,0.00011043321146199965,0.00010898908789663953,0.00010757781630505203,0.00010619825414427896,0.00010484931284066846,0.00010352995458093335,0.00010223918933369675,0.00010097607208198829,9.973970024907859e-05,9.852921130174421e-05,9.734378051656805e-05,9.61826188962324e-05,9.504497122396888e-05,9.393011424541147e-05,9.283735496806034e-05,9.17660290694374e-05,9.071549940579424e-05,8.968515461393237e-05,8.86744077993359e-05,8.768269530438284e-05,8.670947555092328e-05,8.575422795197883e-05,8.481645188774521e-05,8.389566574146328e-05,8.299140599107758e-05
40,0.000494352669350544,0.0004435584152230549,0.00042206811053832394,0.00040558943393570376,0.0003917799135162697,0.00037972092400768596,0.00036893508939902603,0.0003591348472354482,0.0003501300967794342,0.0003417868136106182,0.00033400593277773375,0.000326711529271323,0.0003198437245518822,0.00031335419030526613,0.0003072031700348945,0.00030135743303265133,0.0002957888252511638,0.0002904732158568161,0.00028538971401311365,0.00028052007504463053,0.0002758482423532074,0.00027135998860431326,0.0002670426308049229,0.0002628848012632076,0.0002588762614192316,0.00025500774899436037,0.0002512708513429172,0.0002476578996330659,0.00024416187975039624,0.00024077635675019338,0.00023749541037958297,0.00023431357971505172,0.00023122581536046436,0.00022822743795833622,0.000225314102006131,0.00022248176415665618,0.00021972665532958246,0.0002170452560789155,0.00021443427475563534,0.00021189062808094699,0.00020941142380745856,0.00020699394519616845,0.00020463563707869928,0.0002023340933085238,0.00020008704543343392,0.00019789235244527687,0.000195747991482905,0.00019365204938106523,0.00019160271497213857,0.00018959827205966418,0.000187637092992852,0.00018571763278004493,0.00018383842368662314,0.00018199807026931375,0.00018019524480447266,0.00017842868307274329,0.00017669718046671955,0.00017499958839189492,0.00017333481093440877,0.0001717018017718841,0.0001700995613061424,0.0001685271339987365,0.0001669836058921682,0.0001654681023013498,0.0001639797856613719,0.00016251785351897245,0.0001610815366562982,0.0001596700973365946,0.00015828282766242084,0.00015691904803783079,0.00015557810572670738,0.00015425937350014427,0.00015296224836635846,0.00015168615037718705,0.0001504305215057127,0.0001491948245900171,0.00014797854233846903,0.0001467811763923221,0.00014560224644173789,0.00014444128939165241,0.00014329785857418033
41,0.0006081800525458016,0.0005459698055956465,0.000519639632482738,0.00049944548831519,0.00048251933777077537,0.0004677364871823891,0.0004545056542888366,0.0004424819795873733,0.0004314326932023035,0.0004211936877747713,0.000411643661486984,0.0004026317731143363,0.0003941449508733744,0.00038612382125869006,0.0003785195331293046,0.0003712912469767868,0.00036440649417785115,0.0003578333957901801,0.0003515462698492045,0.0003455226840191384,0.00033974289334065305,0.00033419199577709626,0.00032885171334533946,0.0003237080656117356,0.0003187484591731299,0.00031396150002056654,0.00030938202992073665,0.00030495414979349826,0.0003006692890502453,0.0002965195844817657,0.00029249780151841735,0.000288597266622009,0.0002848118089104633,0.00028113570949206965,0.0002775636572780339,0.0002740907102707947,0.00027071226150626927,0.00026742400897205486,0.00026422192893889404,0.0002611022522357961,0.00025806144307476494,0.0002550961800928525,0.0002522033393299793,0.00024937997890288604,0.00024662332517036466,0.00024393076021397362,0.00024129981048274835,0.00023872813647092298,0.00023621352331498502,0.00023375387221109535,0.00023134719256639942,0.00022899159480850513,0.00022668528378654875,0.00022442655270520458,0.00022221377753982131,0.0002200454118867822,0.0002179199822083259,0.00021583608343556714,0.00021379237489733722,0.0002117875765459295,0.00020982046545382354,0.0002078898725581278,0.00020599467963181082,0.00020413381646287222,0.00020230625822442757,0.00020051102302032643,0.00019874716959234894,0.00019701379517635622,0.00019531003349588158,0.00019363505288272763,0.00019198805451502463,0.00019036827076406935,0.00018877496364198924,0.00018720742334296601,0.00018566496687135914,0.00018414693675062295,0.0001826526998073997,0.00018118164602563851,0.000179733187465988,0.0001783067572460938,0.0001769018085777569
42,0.00056768298106533,0.0004929773589915588,0.0004621229168152718,0.0004387813976164298,0.00041943917103469955,0.00040271585845473785,0.0003879019033053938,0.00037455542133879783,0.00036238962907361277,0.00035120221781244967,0.0003408436101471839,0.0003312882600149569,0.00032235764363975613,0.0003139785674998952,0.0003060908781358182,0.0002986443581820366,0.00029159283496374823,0.00028490364184157173,0.0002785453765222576,0.00027249067155310616,0.0002667154956989927,0.00026119372752166726,0.0002559113675783194,0.0002508515338679644,0.0002459990620274089,0.00024134027149285008,0.00023677198846185876,0.00023237420829859802,0.00022813670830984785,0.0002240501348159276,0.00022010590532759445,0.00021629612456961728,0.0002126135119947939,0.00020905133889696285,0.00020560337359296803,0.00020226383342692768,0.00019902734257418953,0.00019588889480082875,0.00019284382047769257,0.00018988775726362208,0.0001870166239664482,0.0001842265971671779,0.00018151409025594405,0.00017887573458051658,0.00017630836245152639,0.00017380899178478043,0.00017137481219139478,0.0001690031723520587,0.00016669156853336436,0.00016443763412251537,0.00016223913007235827,0.00016009393616209957,0.0001580000429905444,0.00015595554462859818,0.0001539586318663268,0.00015200758599727193,0.00015010077308916925,0.00014823663869581964,0.00014641370296977445,0.00014463055613978532,0.0001428858543207508,0.0001411783156272043,0.00013950671656432867,0.00013786988867306267,0.00013626671540817417,0.0001346961292302043,0.00013315710889400976,0.000131648676918239,0.00013016989722153157,0.00012871987291252098,0.00012729774422187291,0.0001259026865656431,0.00012453390873016015,0.00012319065116949839,0.00012187218440734482,0.00012057780753577154,0.00011930684680402833,0.00011805865429104548,0.0001168326066558378,0.00011562810396046995,0.00011444456856066017
43,0.0006498991161851955,0.0005773534674753146,0.000546884405170453,0.0005236166900579787,0.0005041843210427646,0.0004872664824288722,0.0004721563434000975,0.00045846016360636565,0.00044590428407924695,0.00043429572017219853,0.00042349180262584666,0.0004131939526488304,0.00040350652789306616,0.0003943600711077035,0.00038569744938755327,0.0003774709143852745,0.0003696475588894412,0.00036218511154266595,0.00035505357256534787,0.0003482267501443428,0.00034168160140474646,0.0003354074299902121,0.0003293762304871513,0.000323571706926026,0.00031797918850410835,0.0003125854094371816,0.00030755582860023583,0.00030270009070707465,0.00029800816452892835,0.0002934708550265585,0.00028907970995150424,0.0002848269396518732,0.00028070534783265294,0.0002767082714651786,0.00027282952838598095,0.00026906337139608614,0.0002654044478859084,0.0002618477641812838,0.0002583886539428426,0.0002550227500612453,0.0002517459595804202,0.00024855444125417193,0.00024544458540173803,0.00024241299577758537,0.00023945647321206245,0.00023657200081397784,0.0002337567305550818,0.00023100797108074585,0.00022832317661172224,0.00022569993681932006,0.0002231359675712174,0.00022062910245785794,0.00021817728502030812,0.0002157785616098399,0.00021343107481764683,0.00021113305742013162,0.00020888282679131748,0.00020667877973927655,0.0002045193877281132,0.0002024031924511391,0.00020032880172444253,0.0001982948856732196,0.00019630017318602737,0.00019434344861456518,0.00019242354869878308,0.000190539359699061,0.0001886898147189147,0.00018687389120323493,0.00018509060859843088,0.0001833390261620934,0.00018161824091087868,0.00017992738569632189,0.00017826562739916614,0.0001766321652336075,0.00017502622915357006,0.00017344707835379467,0.0001718939998590967,0.000170366307195708,0.0001688633391390898,0.0001673844585330522,0.00016592905117541698
44,0.0006346358909694035,0.0005466113269559971,0.0005104758595427227,0.00048323193016808983,0.00046071958857975655,0.0004413039566582871,0.000424147048036475,0.00040872316379842165,0.0003946923360933087,0.0003818147277799493,0.00036991302296713674,0.0003589914398153248,0.0003488064122194864,0.00033927078770567095,0.00033031296459507084,0.00032187319327727236,0.00031389496582947364,0.0003063409984660978,0.0002991739999741744,0.00029236149242316083,0.0002858749775025627,0.00027968121484942427,0.00027376587634752025,0.00026810899622630563,0.0002626926550522348,0.0002575007005700662,0.0002523664152415881,0.00024742879893608423,0.00024267589948456837,0.00023809678809406993,0.00023368144378698339,0.0002294206542103137,0.0002253059300299216,0.0002213294306739473,0.00021748389961656462,0.00021376260772808424,0.00021015930348220615,0.00020666816902214813,0.00020328378125659532,0.00020000107729313798,0.0001968153236279429,0.00019372208860125956,0.00019071721770306594,0.00018779681137489772,0.00018495720500522783,0.00018219495085858683,0.0001795068017145379,0.00017688969602288481,0.00017434074440708154,0.00017185721736954639,0.00016943653407110252,0.00016707625207262495,0.0001647740579405575,0.00016252775862969767,0.00016033527356674844,0.00015819462736692033,0.00015610394312347422,0.00015406143621674875,0.00015206540859501056,0.00015011424348455272,0.0001482064004909279,0.00014634041105713935,0.0001445148742480717,0.00014272845283351188,0.0001409798696448338,0.00013926790418281797,0.00013759138945624257,0.000135949209032773,0.00013434029428540574,0.00013276362181923682,0.00013121821106469987,0.00012970312202464294,0.00012821745316373074,0.0001267603394296354,0.00012533095039638995,0.00012392848852108693,0.00012255218750582941,0.00012120131075751948,0.00011987514993865097,0.0001185730236028439,0.00011729427590933293
45,0.0008316390151915713,0.0007426812886117851,0.0007051749289699536,0.000676471171118291,0.0006524556694570178,0.0006315144637823573,0.0006127273083561283,0.0005956706988952804,0.0005800104884009602,0.0005655110644138603,0.0005519982549591342,0.0005385820230736569,0.000525922456433802,0.0005139347910033714,0.0005025492726608381,0.0004917075745243903,0.00048139001154364164,0.0004715240175755424,0.00046207287355610273,0.0004530044964828636,0.00044429063731648893,0.0004359441806057637,0.00042790430661674323,0.0004201509864613278,0.00041266617182923027,0.00040543352722028866,0.0003991251004922145,0.00039303146566845227,0.0003871403174447551,0.0003814403726449592,0.0003759212561987508,0.00037057340323869495,0.0003653879745688453,0.0003603567833004981,0.00035547223087278,0.0003507272510066162,0.00034611526040203335,0.0003416301151968927,0.0003372660723719765,0.0003330177554220924,0.0003288801237222284,0.0003248484451072305,0.0003209182712569272,0.0003170854155393428,0.00031334593301504606,0.0003096961023477444,0.00030613240940149624,0.0003026515323346027,0.000299250328025335,0.0002959258196859745,0.00029267518553977294,0.000289495748450993,0.00028638496641149335,0.0002833404237988007,0.0002803598233305251,0.00027744097864854897,0.0002745818074738935,0.0002717803252796621,0.0002690346394351379,0.00026634294377909343,0.00026370351358474744,0.0002611147008826384,0.0002585749301110967,0.0002560826940669884,0.00025363655013206995,0.0002512351167526673,0.00024887707015247573,0.0002465611412601848,0.00024428611283527403,0.00024205081677685752,0.00023985413160178257,0.0002376949800793971,0.00023557232701150167,0.00023348517714696235,0.00023143257322136025,0.0002294135941128429,0.00022742735310607215,0.00022547299625681646,0.000223549700850325,0.00022165667394717563,0.00021979315101076005
46,0.0011627511585175696,0.0010719625911629485,0.0010327775874012406,0.0010023919956251796,0.0009766896885128075,0.0009540596025950753,0.0009334959252399422,0.0009146666808022974,0.0008972401593310054,0.0008809827672046953,0.0008657219947706392,0.000849724172861622,0.0008344980159261376,0.0008199599559931882,0.0008060412267315207,0.0007926843138979717,0.0007799040693130532,0.0007675943744361504,0.0007557189324151452,0.0007442459913049153,0.0007331475548624324,0.0007224807186497572,0.0007121404529301111,0.0007021067982853073,0.000692361733417784,0.0006828889132239018,0.0006751731637140969,0.0006676881682900895,0.0006604214477823959,0.0006533615323660978,0.0006464978498359494,0.0006398206297001314,0.0006333208203851136,0.0006269900173814492,0.0006208204005775102,0.000614804679354915,0.0006089360442773329,0.0006032081244094951,0.0005976149494676421,0.0005921509161351534,0.0005868107579847231,0.0005815895185362641,0.000576482527051854,0.0005714853767285725,0.0005665939049994966,0.0005618041756942731,0.0005571124628452415,0.0005525152359540507,0.0005480091465582775,0.0005435910159583337,0.0005392578239826605,0.000535006698684355,0.0005308349068753424,0.0005267398454153908,0.0005227190331828925,0.0005187701036627057,0.0005148907980935796,0.0005110789591240327,0.0005073325249310425,0.0005036495237607585,0.0005000280688546846,0.000496466353728513,0.0004929626477740821,0.0004895152921578569,0.00048612269599189684,0.00048278333275557556,0.0004794957369483676,0.0004762585009558158,0.00047307027211244046,0.00046992974994679055,0.0004668356835951557,0.00046378686937161386,0.0004607821484831636,0.00045782040487962484,0.000454900563228854,0.00045202158700861136,0.00044918247670708056,0.0004463822681247337,0.0004436200307707618,0.0004408948663478523,0.000438205907319546
47,0.0009952039262973822,0.0008875334901727298,0.0008421832584812683,0.0008074962060722321,0.0007784883389356347,0.0007532043913112995,0.000730718405116208,0.0007103283259498154,0.0006916288562152231,0.0006743341912454731,0.0006582330457013852,0.000644037930958028,0.0006307487953150359,0.0006182613634643212,0.0006064898800740232,0.0005953626977212088,0.0005847833040640805,0.000574735562977794,0.0005651745486146407,0.0005560610606583403,0.0005473606338314006,0.0005389954109773284,0.0005309856307450944,0.000523306988783259,0.0005159376208346536,0.0005088577718305117,0.0005011648691523861,0.0004937305946598809,0.00048654022017396233,0.0004795802373373381,0.00047283822167626247,0.0004663027158796436,0.0004599631290186302,0.00045380964907790785,0.0004478331666735297,0.00044202520822672424,0.0004363778771749258,0.000430883802049479,0.00042553609044846503,0.00042032828809369715,0.0004152543422914032,0.00041030856922269314,0.0004054856245775171,0.00040078047711816626,0.0003961883848184713,0.0003917048732749786,0.0003873257161284172,0.0003830469172691365,0.00037886469463012704,0.000374775465396606,0.00037077583248278697,0.00036686257214495877,0.00036303262261586246,0.00035928307365902697,0.0003556111569535272,0.0003520142372298634,0.0003484898040865302,0.0003450354644246125,0.0003416489354444935,0.00033832803815469776,0.00033507069134809295,0.000331874906005269,0.00032873878008894626,0.00032566049369684845,0.00032263830454365086,0.00031967054374541987,0.0003167556118824841,0.0003138919753188911,0.0003110781627586261,0.00030831276202053525,0.00030559441701551144,0.0003029218249109357,0.0003002937334686678,0.0002977089385440359,0.00029516628173434465,0.00029266464816635695,0.0002902029644130766,0.00028778019653093645,0.0002853953482092118,0.0002830474590241059,0.00028073560279056714
48,0.0011594213008171022,0.0010422943200266291,0.000992669414080338,0.000954586981845006,0.0009226519026885896,0.0008947486847110765,0.0008696906158483204,0.0008469057293154582,0.0008259561205112239,0.0008065330573492009,0.000788408332909853,0.0007706299890963336,0.0007538571496404975,0.0007379772677889352,0.0007228976874979764,0.0007085409007641481,0.0006948708484829551,0.000681800788315541,0.0006692819082000836,0.0006572715452457698,0.0006457321233926485,0.0006346673206981309,0.0006240096021634877,0.0006137323328365375,0.0006038115054426558,0.0005942253857496169,0.0005856132580671713,0.0005772854307551174,0.0005692258503233964,0.0005614197874709187,0.0005538536897162973,0.0005465150548629058,0.0005393923217439333,0.0005324747753964166,0.000525752464359655,0.0005192161282216132,0.000512857133875137,0.0005066674192150881,0.0005006394432232882,0.0004947661415623824,0.0004890408869411616,0.0004834574536294809,0.0004780099855958565,0.00047269296781926574,0.00046750120039181945,0.00046242977508328026,0.00045747405408397615,0.0004526296506809648,0.0004478924116547358,0.0004432584012112237,0.00043872388628734703,0.00043428532308832873,0.0004299393447322397,0.0004256827498920059,0.0004215124923379186,0.0004174256712947442,0.0004134195225371684,0.0004094914101556848,0.0004056388189323787,0.00040185934727245224,0.0003981507006430078,0.00039451068547553326,0.0003909372034929454,0.0003874282464258958,0.0003839818910864908,0.000380596294770627,0.00037726969096285053,0.0003740003853200726,0.0003707867519126408,0.0003676272297031946,0.00036452031924547317,0.0003614645795867997,0.0003584586253593759,0.0003555011240467773,0.00035259079341318027,0.00034972639908389095,0.0003469067522666735,0.0003441307076042196,0.0003413971611488763,0.0003387050484514429,0.000336053342756477
49,0.001303988471770785,0.001182655633626589,0.0011309136534316789,0.0010910613583918125,0.0010575405185405413,0.0010281729812217449,0.0010017356785832021,0.0009776411197883511,0.0009554392173973784,0.0009348127605137078,0.0009155273361777265,0.0008965644127809122,0.0008786351629751072,0.0008616247195686973,0.0008454385324561536,0.0008299975155479668,0.0008152673232834131,0.0008011571786802411,0.0007876172455388948,0.0007746039555921586,0.0007620789239756676,0.0007500496283480823,0.0007384435041778372,0.0007272332948793529,0.0007163944208182377,0.0007059046179061991,0.0006964944718169224,0.0006873843382152085,0.0006785575412586798,0.0006699987705117364,0.0006616939293338374,0.0006536300047082845,0.0006457949548498991,0.0006381776116552698,0.0006307675956226083,0.0006235552413095844,0.0006165315317461316,0.0006096880404965582,0.000603016880287658,0.0005965106572988617,0.0005901624303561328,0.0005839656743902639,0.0005779142476179731,0.0005720023619848882,0.000566224556476525,0.000560575672959222,0.0005550508342598442,0.0005496454242324678,0.0005443550695935614,0.0005391756233354757,0.0005341031495520755,0.000529133909530994,0.0005242643489846019,0.0005194910863070068,0.0005148109017575197,0.0005102207274823991,0.0005057176382965588,0.0005012988431555334,0.0004969616772555255,0.0004927035947059304,0.0004885221617245264,0.00048441505031062153,0.00048038003235592293,0.0004764149741568795,0.00047251783129577727,0.00046868664386097897,0.0004649195319795048,0.0004612146916376162,0.00045757039076729257,0.0004539849655784824,0.0004504568171187755,0.00044698440804376093,0.0004435662595827604,0.00044020094868593484,0.0004368871053399241,0.00043362341004024314,0.00043040859140962284,0.00042724142395233203,0.00042412072593533203,0.00042104535738781416,0.00041801421821132913
50,0.0013356107365696157,0.001191897150859585,0.0011313363414296523,0.001085002545800352,0.0010462460360669745,0.0010124581684070437,0.000982296890040471,0.0009549359367035404,0.0009298342649586328,0.0009066103236755183,0.0008849820268403627,0.0008649581153909748,0.0008461700933303953,0.0008284769226058847,0.000811762515383698,0.0007959297992689017,0.0007808849954369976,0.0007665683609726728,0.0007529189228535412,0.0007398834367857573,0.0007274150535376141,0.0007154549268902828,0.0007039827317066351,0.000692965401742833,0.0006823731700069777,0.000672179122828633,0.0006620046652192858,0.0006521724467483237,0.0006426629729156693,0.0006334583639972217,0.0006245421750850742,0.0006158992415682681,0.0006075155457161658,0.0005993781008844358,0.0005914748505302739,0.0005837945797459019,0.0005763268374321468,0.0005690618675624896,0.0005619905482513832,0.0005551043375532842,0.0005483952250915214,0.0005418556887572553,0.0005354786558347322,0.000529257468004832,0.000523185849758458,0.0005172578798176973,0.0005114679652182978,0.0005058108177538603,0.0005002814325217389,0.0004948750683442527,0.0004895872298674445,0.00048441365116412566,0.0004793502806889474,0.0004743932674513361,0.00046953894828776247,0.0004647838361283502,0.0004601246091645995,0.0004555581008352478,0.00045108129055625916,0.00044669129512877177,0.00044238536076572854,0.0004381608556839966,0.0004340152632141198,0.00042994617538459384,0.0004259512869417555,0.0004220283897700977,0.0004181753676811514,0.00041439019154202464,0.00041067091471734296,0.000407015668800696,0.00040342265961381844,0.00039989016345364593,0.00039641652356909,0.0003930001468509284,0.0003896395007196083,0.000386333110197003,0.00038307955514931794,0.0003798774676893765,0.0003767255297274394,0.0003736224706605857,0.0003705670651914402
51,0.0013595010178191892,0.0012109633047738386,0.0011484552715593517,0.001100668439463437,0.0010607220547039801,0.0010259165405832802,0.000994838435276165,0.0009666533643245761,0.0009408019280398306,0.0009168896484569776,0.0008946248988988488,0.0008737139345179538,0.0008540585398076283,0.0008355156248310765,0.0008179674700393232,0.0008013156789453285,0.0007854790520077666,0.0007703837635469722,0.0007559680005680188,0.0007421777936291905,0.0007289656604140012,0.0007162917144731044,0.000704116074819209,0.0006924051813876799,0.0006811288214320615,0.0006702596763548397,0.0006598038595682949,0.0006497044526721649,0.0006399410260898734,0.0006304948476575226,0.0006213486932534064,0.0006124866841987954,0.000603894146866722,0.0005955574908376365,0.0005874641026418882,0.0005796022526784097,0.0005719610133331813,0.0005645301866666457,0.0005573002403163999,0.0005502622504851876,0.0005434078510659163,0.000536729188103921,0.0005302188789187264,0.0005238699753083722,0.0005176759303430918,0.0005116305683250059,0.0005057280575490423,0.000499962885549612,0.000494329836559256,0.0004888239709408728,0.00048344060638527025,0.0004781753006916018,0.00047302383597034524,0.00046798220412756146,0.00046304659350561423,0.00045821337656979316,0.00045347909854268385,0.00044884046689891736,0.00044429434164236915,0.00043983772629614974,0.00043546775954298746,0.0004311817074599892,0.00042697695629741986,0.00042285100575611235,0.00041880146272256665,0.0004148260354246943,0.0004109225279746891,0.0004070888352686034,0.0004033229382149983,0.0003996228992675425,0.000395986858238639,0.0003924130283732073,0.0003888996926635168,0.00038544520038761475,0.00038204796385535935,0.0003787064553473883,0.00037541920423356034,0.0003721847942584911,0.00036900186098280083,0.00036586908936957777,0.0003627852115063884
52,0.0014401203062382433,0.0012733157101517151,0.0012035023313690066,0.0011502936835287747,0.001105928056345019,0.0010673589380125284,0.0010329683119878169,0.0010018400244494801,0.00097334162777214,0.0009470270245741359,0.0009225663742625656,0.0008994892171245857,0.000877845197245573,0.0008574699446342415,0.0008382281898842189,0.0008200068446872098,0.0008027161736442765,0.0007862670856803002,0.0007705885986607118,0.0007556187491428895,0.0007413030359464933,0.0007275985813535264,0.0007144561276610708,0.000701837249321785,0.0006897073702753951,0.0006780352431133963,0.0006668559386951452,0.0006560673565415701,0.0006456468291791295,0.0006355735837351154,0.0006258285301088582,0.0006163940790933284,0.0006072539853448989,0.000598393211107113,0.0005897978073777313,0.0005814548098225058,0.0005733521472244278,0.0005654785606436708,0.0005578235317733121,0.0005503772192261388,0.0005431304016910635,0.0005360744270638207,0.0005292011667931355,0.0005225029747963862,0.0005159726503924746,0.0005096034047778396,0.0005033888306370755,0.0004973228745348557,0.0004913998117825269,0.0004856142235123705,0.00047996097572628973,0.00047443520011458446,0.0004690322764652412,0.0004637478165055248,0.00045857764903608914,0.00045351780623380684,0.000448564511013391,0.00044371416535000387,0.00043896333947558903,0.0004343087618709538,0.0004297473099837534,0.00042527600160968617,0.0004208919868805425,0.00041659254080832886,0.00041237505633965043,0.00040823703787893235,0.00040417609524298447,0.00040018993801289285,0.00039627637025235475,0.0003924332855643603,0.0003886586624606259,0.00038495056002043726,0.0003813071138175764,0.000377726532095839,0.00037420709217527424,0.00037074713707279067,0.0003673450723220876,0.0003639993629791191,0.0003607085308003711,0.0003574711515822729,0.0003542858526509431
53,0.0017187253017158174,0.0015399210994345664,0.0014643513773696618,0.001406439120669358,0.0013579311637247082,0.0013155906455918122,0.0012774806669416077,0.0012428485955344986,0.001211024002217043,0.0011815341594507815,0.0011540296041588681,0.0011259520772113959,0.0010994328194842997,0.0010742989854063871,0.001050408213888349,0.0010276413639119216,0.0010059850617980784,0.0009852628467342437,0.0009653995988012619,0.0009463296315032879,0.0009279950638021,0.0009104540488555746,0.0008935488524012068,0.0008772384108543737,0.0008614856961346328,0.0008462571718667879,0.0008334728235095413,0.0008211181356480422,0.0008091686439405089,0.0007976019100914331,0.0007863972960724775,0.0007755357702612996,0.0007649997400558047,0.0007547729065976933,0.0007448401380755782,0.0007351873587334003,0.0007258014512277405,0.0007166701703898728,0.0007077820667789106,0.0006991264186791506,0.0006906931714114172,0.0006824728830052167,0.0006744566754240253,0.0006666361906562044,0.0006590035510838365,0.0006515513236250546,0.000644272487215223,0.000637160403251105,0.0006302087886718059,0.0006234116913924911,0.0006167634678427566,0.0006102587623922845,0.0006038924884727788,0.0005976598112278544,0.0005915561315421906,0.0005855770713182146,0.0005797184598833635,0.0005739763214238369,0.0005683468633519655,0.0005628264655242065,0.0005574116702353934,0.0005520991729224895,0.0005468858135178274,0.0005417685683977381,0.0005367445428777561,0.000531810964210253,0.0005269651750445341,0.0005222046273131223,0.000517526876511289,0.0005129295763398579,0.0005084104736839604,0.0005039674039028242,0.0004995982864078256,0.0004953011205079693,0.0004910739815037053,0.00048691501701160576,0.00048282244350379385,0.0004787945430473898,0.00047482966023034865,0.0004709261992611814,0.00046708262123100046
54,0.0017024902780332705,0.0015161717581994858,0.001437776366582858,0.0013778487934152626,0.0013277570911503318,0.0012841145834844667,0.0012451931356356352,0.0012099011135441038,0.0011775365829913764,0.0011476045458984332,0.001119739060215159,0.0010940032009199583,0.0010698413161060506,0.0010470733542537651,0.0010255511984554998,0.001005151057074602,0.000985753318280553,0.0009672826719053307,0.0009496613960696907,0.0009328216437816306,0.0009167037353527319,0.0009012347474188018,0.0008863875070615609,0.0008721198678975074,0.0008583938962613362,0.000845175300644736,0.000832050234556619,0.0008193716694902071,0.0008071140361670346,0.0007952538887690796,0.0007837696680755169,0.0007726414980846439,0.0007618510104129848,0.0007513811918921396,0.0007412162516608721,0.0007313415047372706,0.0007217432695988629,0.0007124087777309118,0.0007033260934497756,0.00069448404258801,0.000685872148855188,0.0006774805768741246,0.0006693000810448564,0.0006613219595147846,0.0006535380126381485,0.0006459405053953443,0.0006385221333158807,0.0006312759915103975,0.00062419554646935,0.000617274610330204,0.0006105073173526874,0.0006038881023739174,0.0005974116810428905,0.0005910730316576334,0.0005848673784489373,0.00057879017617238,0.000572837095885892,0.0005670040118035803,0.0005612869891283625,0.0005556822727762742,0.0005501862769144078,0.0005447955752424383,0.0005395068919547269,0.0005343170933262625,0.0005292231798712004,0.0005242222790276894,0.0005193116383270563,0.0005144886190092888,0.0005097506900502622,0.0005050954225692786,0.0005005204845882563,0.0004960236361164432,0.0004916027245367716,0.00048725568027201393,0.00048298051271073426,0.00047877530637468617,0.0004746382173108122,0.0004705674696923701,0.0004665613526149266,0.0004626182170741082,0.00045873647311299616
55,0.001860795965609109,0.0016525612448282053,0.001565123308045259,0.001498359991933167,0.001442607689149027,0.0013940743394273605,0.001350669273571736,0.001311332104573331,0.0012752758251535288,0.001241945351525273,0.0012109302645075526,0.0011809621355575943,0.0011528043018134016,0.0011262511172000112,0.0011011332523954353,0.00107730906243114,0.0010546920144617082,0.001033143813183693,0.0010125754128173297,0.000992909029733782,0.0009740762012318363,0.0009560552864659168,0.0009387513459261564,0.0009221160382569425,0.0009061058346349456,0.0008906813691728105,0.0008764603057939795,0.0008627290699743108,0.0008494594446323392,0.0008366255628732102,0.000824203645562274,0.0008121717759993378,0.0008005097053711852,0.0007891986839095756,0.0007782213136530329,0.0007675614194718882,0.0007572039356175123,0.000747134805535543,0.0007373408930668834,0.0007278099034702224,0.0007185303129516242,0.0007094913055925256,0.00070068271673658,0.0006920949820355337,0.0006837190914703612,0.0006755465477607377,0.0006675693286570777,0.0006597798526777616,0.0006521709479119417,0.0006447358235573913,0.0006374680439046611,0.0006303615045145677,0.0006234104103667173,0.0006166092557831916,0.0006099528059543425,0.0006034360799134137,0.0005970543348239005,0.0005908030514585273,0.0005846779207618066,0.0005786748313996133,0.0005727898582092693,0.0005670192514725113,0.0005613594269415175,0.0005558069565551102,0.0005503585597883667,0.0005450110955843254,0.0005397615548213263,0.0005346070532738357,0.0005295448250284733,0.00052457221632043,0.00051968667975853,0.0005148857689100137,0.0005101671332185916,0.000505528513231593,0.0005009677361140552,0.0004964827114294575,0.000492071427168444,0.000487731946008417,0.00048346240178821916,0.0004792609961834095,0.0004751259955687214
56,0.00193003828950641,0.00170359776173416,0.001608943081453007,0.0015368520450182693,0.0014767772078142036,0.001424578254806759,0.0013780699852065713,0.0013359927575885306,0.0012974869254672827,0.0012619461213680746,0.0012289219989441865,0.0011978977524923066,0.0011688146857270116,0.0011414495923130232,0.001115618806339046,0.001091168800440554,0.0010679731205771568,0.001045915621146638,0.0010248999787785557,0.0010048421233824004,0.000985668122977442,0.0009673140517865397,0.0009497190191676122,0.0009328309246771936,0.0009166028965293039,0.0009009925837360608,0.0008859450904657852,0.000871426633241584,0.0008574064317239195,0.0008438562819916966,0.0008307502683245136,0.0008180645157381608,0.0008057769763316922,0.0007938672438756435,0.0007823163921367927,0.0007711068332703196,0.000760222193270499,0.0007496472019968497,0.0007393675957142527,0.0007293700304259936,0.0007196420045552117,0.0007101717897563071,0.0007009483688236225,0.0006919613798182456,0.0006832010656613194,0.0006746582285486188,0.000666324188630419,0.0006581907464757832,0.0006502501489039384,0.0006424950578193578,0.0006349185217330902,0.0006275139496922361,0.0006202750873731739,0.0006131959951232093,0.0006062710277604032,0.0005994948159631039,0.0005928622490995728,0.0005863684593646016,0.0005800088071043724,0.0005737788672234583,0.0005676744165788931,0.0005616914222760339,0.0005558260307895128,0.0005500745578401858,0.000544433478965755,0.000538899420728697,0.0005334691525104933,0.0005281395788458818,0.0005229077322551201,0.0005177707665360437,0.0005127259504810959,0.0005077706619875889,0.0005029023825321883,0.0004981186919831089,0.0004934172637257272,0.0004887958600793622,0.0004842523279847795,0.00047978459494365714,0.0004753906651927352,0.0004710686160967467,0.00046681659474547617
57,0.002171690585201694,0.0019309264825518738,0.0018297420938940619,0.0017524452183782769,0.0016878706060356704,0.0016316372431174145,0.0015812004818003627,0.0015354631212709023,0.0014935166348768367,0.0014547202719729878,0.0014186002941094066,0.0013824364625290087,0.0013483665343006256,0.0013161554386733182,0.0012856095958580155,0.0012565670416939505,0.001228979596668751,0.0012026378376671306,0.0011774397874041794,0.001153296323116487,0.0011301289594183,0.0011079783942166248,0.001086669497759935,0.001066146715400288,0.0010463599897811632,0.0010272640193499788,0.0010107663120587232,0.0009948383455613895,0.00097944725774595,0.0009645629252821745,0.0009501576577343358,0.0009362059349195023,0.0009226841801423015,0.0009095705633934085,0.0008968448297308872,0.000884488148950567,0.0008724829833527436,0.0008608129709705804,0.0008494628220731786,0.0008384182271175719,0.0008276657746173737,0.00081719287763572,0.0008069877078072333,0.0007970391359566451,0.0007873366785169713,0.0007778704490630277,0.0007686311143707133,0.0007596098544921374,0.0007507983264040938,0.000742188630844541,0.0007337732820004855,0.00072554517975236,0.000717497584215768,0.0007096240923522211,0.0007019186164471605,0.0006943753642765631,0.0006869888208034854,0.0006797537312633545,0.0006726650855120695,0.0006657181035243375,0.0006589082219414124,0.0006522310815777468,0.000645682515805161,0.000639258539741235,0.0006329553401757539,0.0006267692661753872,0.0006206968203124601,0.0006147346504686776,0.000608879542169191,0.0006031284114064189,0.0005974782979166457,0.0005919263588756639,0.0005864698629826493,0.0005811061849040884,0.000575832800051942,0.0005706472796723918,0.0005655472862234277,0.0005605305690213342,0.0005555949601376795,0.0005507383705299202,0.0005459587863899935
58,0.0024000081846909022,0.002130858675588251,0.00201786497750254,0.0019315981360165564,0.0018595656124826903,0.001796865179516363,0.001740730819419466,0.001689857675611309,0.0016432279937184891,0.0016001239146382653,0.0015600146474025241,0.0015207158725405565,0.001483778784283533,0.0014489359053349912,0.001415966924916887,0.001384687495451833,0.0013550048400436294,0.001326718333464214,0.0012997120246602753,0.00127388460190811,0.001249146872050818,0.0012254948132428818,0.0012027797868600977,0.001180938807166466,0.0011599151476631526,0.0011396574972142503,0.0011213931234298766,0.001103758903978487,0.001086718508720808,0.00107023863464708,0.0010542886678127728,0.0010388403930687395,0.0010238677434413724,0.001009346582627997,0.0009952545153236625,0.000981570721075944,0.0009682758081392023,0.0009553516844165919,0.0009427814430727439,0.0009305492607993741,0.0009186403070404292,0.0009070406627484725,0.0008957372474619008,0.0008847177536725456,0.0008739705876027906,0.0008634848156360076,0.0008532501157487654,0.0008432567333812815,0.0008334954412570806,0.0008239575027260095,0.000814634638258624,0.0008055189947660202,0.0007966031174587371,0.0007878799239923656,0.0007793426806769122,0.0007709849805524636,0.0007628007231557971,0.0007547840958219202,0.0007469295563813429,0.000739231817128676,0.0007316858299511275,0.0007242867725168682,0.0007170300354333402,0.0007099112102944796,0.0007029260785437307,0.0006960706010867542,0.0006893409085939625,0.0006827332924386053,0.0006762441962210769,0.0006698702078346012,0.0006636080520314123,0.0006574545834521666,0.0006514067800845117,0.000645461737119679,0.0006396166611785634,0.000633868864881138,0.0006282157617351901,0.0006226548613223153,0.0006171837647608559,0.0006118001604271048,0.000606501819917503
59,0.002520171103617854,0.0022442937489057656,0.0021282183507480867,0.0020394883441318262,0.0019653223588854477,0.0019007057158603592,0.001842887543605604,0.0017904452475761615,0.001742339596708407,0.0016978377280813459,0.0016563978433290583,0.0016163307260266416,0.0015786168744626175,0.0015429899242603324,0.001509230665482418,0.0014771558055189545,0.0014466585449434421,0.0014175559776300197,0.0013897328427890864,0.0013630884654106817,0.0013375342357464634,0.0013130520689959159,0.0012895101694806743,0.0012668458511735572,0.0012450026577804736,0.0012239295204815497,0.001204654451991982,0.0011860392062238527,0.0011680458854463915,0.0011506397438200459,0.00113378883563452,0.0011174637132760092,0.00110163716644792,0.001086283995844888,0.001071380815781849,0.001056905881300456,0.0010428389360814317,0.0010291610781334884,0.0010158546407441147,0.0010029030865930857,0.0009902909132670674,0.0009780035686895072,0.0009660273752066922,0.0009543494612581195,0.0009429576997148903,0.0009318406520995899,0.0009209875180099335,0.0009103880891600561,0.0009000327075307754,0.0008899122271859117,0.0008800179793677494,0.0008703417405326584,0.0008608757030289955,0.000851612448154816,0.0008425449213634815,0.0008336664094117937,0.0008249705192682471,0.0008164511586191231,0.0008081025178276168,0.000799919053216604,0.0007918954715591015,0.0007840267156723943,0.0007763079510222426,0.0007687345532528785,0.0007613020965667185,0.0007540063428850017,0.0007468432317270708,0.0007398088707518055,0.0007328995269098793,0.000726111618160167,0.0007194417057077524,0.000712886486724743,0.0007064427875184337,0.0007001075571144007,0.0006938778612248145,0.000687750876574753,0.0006817238855615003,0.0006757942712238615,0.0006699595125003382,0.0006642171797567062,0.0006585649305650151
60,0.0027336560962021032,0.0024228964767351083,0.002292600253372944,0.002193194611978709,0.0021102405549919727,0.002038071476257356,0.0019735456949794426,0.0019151003227725258,0.0018615582621070725,0.001812089213656747,0.0017660792235562918,0.0017215617044262432,0.001679775672711896,0.0016404101523990093,0.001603209016405237,0.001567957968031601,0.001534525847685183,0.0015027028537681155,0.001472354302501321,0.0014433625433191487,0.001415624026942496,0.0013891035995715496,0.0013636594018780009,0.0013392184037170456,0.0013157148549318147,0.0012930893034568966,0.0012722010830827969,0.0012520361339774426,0.0012325526854475779,0.0012137124502329202,0.001195480235360994,0.001177823608019206,0.0011607126070697128,0.001144119492685202,0.0011280185280234585,0.0011123857879870892,0.0010971989910065563,0.001082437350494709,0.0010680814431903592,0.001054113092068053,0.0010405152618646002,0.001027271965578076,0.0010143681805457828,0.001001789772914908,0.0009895234294917006,0.000977556596098629,0.0009658774216893504,0.0009544747075727431,0.0009433378611829397,0.0009324568539050928,0.0009218221825286105,0.0009114248339526139,0.0009012562528139004,0.0008913083117468951,0.0008815732840188842,0.0008720438183132209,0.0008627129154586056,0.000853573906924847,0.000844620434924836,0.0008358464339795295,0.0008272461138176442,0.0008188139434949427,0.0008105446366295496,0.0008024331376600605,0.0007944746090422525,0.0007866644193083035,0.0007789981319196383,0.0007714714948508962,0.0007640804308482602,0.0007568210283105296,0.0007496895327458923,0.0007426823387614835,0.0007357959825465491,0.0007290271348133613,0.0007223725941630533,0.0007158292808462871,0.0007093942308911052,0.0007030645905725922,0.0006968376112009735,0.0006907106442066423,0.00068468113650227
61,0.00297070017600527,0.00262363814049524,0.002478502220179846,0.0023679379088523025,0.0022757847624683717,0.002195699323838347,0.002124145823845067,0.0020593920625912436,0.0020001198750465186,0.001945399395402468,0.0018945430261192268,0.0018451707223193165,0.0017988471674203216,0.0017552244246049986,0.0017140159510430288,0.00167498202806189,0.0016379832332925558,0.0016027776247505255,0.0015692145997744347,0.001537162624412672,0.0015065059508323655,0.0014772148503598291,0.0014491211840945671,0.0014221433633168734,0.0013962079480884478,0.0013712485476027902,0.0013484024207398397,0.0013263586197319814,0.0013050704890919477,0.0012844952774874513,0.0012645937010379927,0.0012453295683596843,0.0012266694568400555,0.0012085824317025647,0.0011910398010355164,0.0011740149012259894,0.0011574829082398848,0.0011414206709857988,0.001125806563639311,0.0011106203543200324,0.0010958430879328056,0.0010814569813269242,0.0010674453292087627,0.0010537924194757907,0.0010404834568331633,0.0010275044937153293,0.0010148423676702557,0.0010024846444777167,0.0009904195663693527,0.0009786360047999122,0.0009671234172887299,0.0009558718079100626,0.0009448716910620116,0.0009341140581877706,0.0009235903471609832,0.0009132924140799289,0.0009032125072438673,0.0008933432431098715,0.000883677584050249,0.0008742088177497411,0.0008649305380985203,0.0008558366274517234,0.0008469212401393187,0.000838178787121643,0.0008296039216961357,0.0008211915261698895,0.0008129366994207315,0.0008048347452766997,0.000796881161650271,0.000789071630369424,0.0007814020076527731,0.0007738683151806803,0.000766466731718391,0.0007591935852509998,0.0007520453455934699,0.0007450186174419489,0.0007381101338354362,0.000731316749999344,0.0007246354375447826,0.0007180632789994697,0.0007115974626480548
62,0.0030237616878300054,0.0026441815390335264,0.0024866023507144645,0.002367049404004684,0.002267743106911752,0.0021817008171875216,0.0021053195924304567,0.002036392311824896,0.0019734670214326343,0.0019155193934043118,0.001861791997847948,0.001812256319802782,0.0017659777002704514,0.001722576353067489,0.0016817398961989074,0.0016432073453559815,0.0016067288363878457,0.0015721421548641969,0.0015392839717632677,0.0015080118618164607,0.0014782006947379586,0.0014496960276921815,0.0014224414376507396,0.0013963490623914198,0.0013713399458936905,0.0013473428296551255,0.0013234005828247227,0.0013003249682494475,0.0012780648301290501,0.0012565733261477897,0.0012358074435457759,0.0012157275836440897,0.0011962972031700349,0.0011774825030292364,0.0011592521569597208,0.0011415770739050964,0.0011244301890522947,0.0011077862793619153,0.0010916218001271786,0.0010759147396691337,0.0010606444897402615,0.0010457917295883484,0.0010313383219446492,0.0010172672194583088,0.0010035623803133485,0.0009902086919433724,0.0009771919019091382,0.0009644985551304352,0.0009521159367705686,0.0009400320201624117,0.0009282354192422841,0.0009167153450240578,0.0009054615657026198,0.0008944643700246688,0.0008837145336071004,0.0008732032879197372,0.0008629222916810256,0.0008528636044429879,0.0008430196621659224,0.0008333832546046049,0.0008239475043462945,0.0008147058473573458,0.0008056520149096064,0.0007967800167706525,0.0007880841255532166,0.0007795588621292464,0.0007711989820230198,0.0007629994627056906,0.0007549554917208269,0.0007470624555768663,0.0007393159293481267,0.0007317116669312085,0.0007242455919081727,0.0007169137889721194,0.0007097124958744873,0.0007026380958568446,0.0006956871105329687,0.0006888561931898237,0.000682142122478567,0.0006755417964689943,0.0006690522270429357
63,0.0033117637433448307,0.0028955202720856088,0.0027227430865977807,0.002591669190687599,0.002482799640013531,0.0023884764781537393,0.002304369095765667,0.002228443881113581,0.0021591081843199125,0.0020952383622473555,0.00203600349972474,0.001977940890240467,0.0019235276259540269,0.0018723446313619256,0.0018240468694707085,0.001778345776381795,0.0017350974916307245,0.0016939868615047492,0.0016548327883231426,0.0016174771771675944,0.0015817809745930535,0.0015477395895935478,0.0015151197648457077,0.00148382362630676,0.0014537631254525308,0.0014248587113366723,0.0013990455047564324,0.0013741753434091332,0.0013501923004673436,0.0013270451762689283,0.0013046869674578415,0.001283074411230273,0.001262167591902024,0.0012419295995359787,0.0012223262323300837,0.0012033257360041104,0.0011848985746392442,0.0011670172283927739,0.0011496560142867929,0.0011327909268969984,0.0011163994962773327,0.0011004606608728059,0.0010849546535153965,0.0010698628988809551,0.0010551679210202534,0.001040853259773576,0.0010269033950428819,0.0010133036780341402,0.00100004026869976,0.0009871000787104946,0.0009744707193710937,0.0009621404539665292,0.0009500981540878895,0.0009383332595407104,0.000926835741484817,0.0009155960684949267,0.00090460517526615,0.0008938544337189425,0.0008833356262846425,0.0008730409211759886,0.0008629628494674874,0.0008530942838284956,0.0008434284187677515,0.0008339587522621551,0.0008246790686550554,0.0008155834227203181,0.0008066661247983482,0.0007979217269189621,0.0007893450098338571,0.0007809309708884493,0.0007726748126691198,0.0007645719323675531,0.0007566179118089333,0.0007488085080953337,0.0007411396448197472,0.0007336074038099499,0.0007262080173647421,0.0007189378609481652,0.0007117934463100896,0.000704771415004042,0.0006978685322754546
64,0.00356304138002296,0.0031007499647344727,0.0029095169112537864,0.002764720819852873,0.002644645949307021,0.0025407618102447236,0.002448372388745338,0.0023650838893330014,0.0022891208466122854,0.0022192305685192946,0.0021544867089508747,0.002092268895731585,0.0020340933958385033,0.0019794909400487077,0.0019280753082064309,0.0018795236390033818,0.0018336253420798338,0.0017900783936144434,0.0017486805602974728,0.0017092554149452425,0.001671647890723156,0.0016357895661020707,0.001601484724235394,0.0015686244945615042,0.0015371110146016303,0.0015068559392286001,0.0014788646866843872,0.0014519085557765043,0.0014259257782034307,0.0014008598234224094,0.0013766588096650154,0.00135327499830351,0.0013306643573827708,0.001308786182931451,0.0012876027688419494,0.0012670791178150784,0.0012471826872141347,0.0012278831647474988,0.0012091522697606015,0.0011909635766142333,0.001173292357191636,0.0011561154400393247,0.0011394110840266976,0.0011231588647237288,0.0011073395719570956,0.0010919351172229736,0.0010769284498174955,0.001062303480699724,0.001048045013232222,0.0010341386800547627,0.001020570885440925,0.0010073287525679488,0.0009944000751993059,0.00098177327333907,0.0009694373524685782,0.0009573818660204885,0.0009455968807840816,0.0009340729449694169,0.0009228010586874743,0.0009117726466292483,0.0009009795327494869,0.00089041391678074,0.0008800683524210208,0.0008699357270539993,0.0008600092428744328,0.0008502823993038559,0.0008407489765924466,0.0008314030205127319,0.0008222388280594915,0.0008132509340780028,0.0008044340987497393,0.0007957832958709147,0.0007872937018648592,0.0007789606854743319,0.000770779798084413,0.0007627467646307678,0.0007548574750518085,0.0007471079762466771,0.0007394944645040178,0.0007320132783693384,0.0007246608919212506
65,0.004025089174791338,0.003503288086181989,0.003287418074068727,0.0031239591186190603,0.002988401874076734,0.0028711185096614807,0.002766488626415239,0.002672141656340644,0.002586072859186432,0.0025068676908957853,0.0024334800503450077,0.002360139307825468,0.0022914588776050846,0.0022269036057118645,0.0021660326737124704,0.0021084772618553647,0.002054100771288796,0.00200245022317215,0.0019532941428942957,0.001906430424173947,0.0018616812817998881,0.001819095547305312,0.0017783175367521668,0.001739222268564092,0.001701697312437009,0.0016656410954051864,0.0016344395901352446,0.0016043966686023522,0.0015754430496070038,0.0015475153332597906,0.0015205553393232375,0.0014945095391980835,0.0014693285656178243,0.0014449667872593606,0.0014213819379220178,0.001398534791843953,0.0013763888782403707,0.0013549102293548847,0.0013340671572835893,0.001313830055613394,0.0012941712225515798,0.001275064702743096,0.0012564861453992582,0.001238412676714521,0.0012208227848413535,0.0012036962159380578,0.0011870138800097183,0.0011707577654353348,0.0011549108612205728,0.0011394570861396186,0.0011243812240355527,0.001109668864639194,0.001095306349344029,0.0010812807214418295,0.0010675796803813467,0.001054191539662572,0.0010411051880226184,0.0010283100536071913,0.0010157960708548177,0.001003553649850012,0.0009915736479270828,0.0009798473433287704,0.0009683664107436813,0.0009571228985640392,0.0009461092077208057,0.0009353180719669827,0.0009247425394922366,0.0009143759557628714,0.0009042119474909781,0.0008942444076453266,0.0008844674814243977,0.0008748755531189985,0.0008654632337982057,0.0008562253497581187,0.0008471569316780018,0.0008382532044330787,0.0008295095775173869,0.0008209216360339786,0.000812485132213126,0.0008041959774223924,0.0007960502346352186
66,0.00437464424580793,0.003793800536624332,0.0035541444016361115,0.0033729452207912265,0.0032228624093258206,0.0030931541762913984,0.0029778191760174155,0.00287393402478621,0.0027792618673471423,0.002692224405752717,0.002611654504719039,0.0025335117114149287,0.0024604764787751403,0.0023919551138427094,0.00232745894939632,0.0022665794598859634,0.0022090769027883557,0.0021545413790577854,0.0021027170601996214,0.0020533807740375494,0.0020063363817706087,0.001961529702639754,0.0019186797971451064,0.0018776490602011625,0.001838313816944588,0.0018005624364379749,0.0017662283397995144,0.0017331803644054697,0.0017013412546171786,0.001670640328668228,0.0016410127383441966,0.0016123988334633542,0.0015847436133254813,0.0015579962508134489,0.0015321096775672333,0.0015070402207947545,0.0014827472839795228,0.0014591930650957544,0.0014363423070250976,0.0014141620757442332,0.0013926215625637735,0.0013716919072803678,0.0013513460395820195,0.0013315585364417433,0.0013123054935630478,0.0012935644092147685,0.0012753140790226641,0.0012575345004786822,0.0012402067860926413,0.001223313084250039,0.0012068365069581803,0.0011907610637642372,0.0011750716012158043,0.0011597537473094662,0.0011447938604376255,0.0011301789823999215,0.0011158967950943245,0.0011019355805454685,0.0010882841839649198,0.0010749319795705786,0.001061868838920987,0.0010490851015454623,0.00103657154767315,0.001024319372883717,0.001012320164519784,0.001000565879716641,0.000989048824918525,0.0009777616367629832,0.0009666972642257765,0.0009558489519285642,0.0009452102245204018,0.0009347748720519138,0.0009245369362681251,0.0009144906977522766,0.0009046306638587253,0.0008949515573782138,0.0008854483058834718,0.0008761160317074149,0.0008669500425100149,0.0008579458223934485,0.0008490990235283242
67,0.004586872275497548,0.003937774898911124,0.003671953159589759,0.00347181066778567,0.0033066137005946196,0.0031642821832309253,0.0030384081499647765,0.0029253532127006573,0.00282259981763047,0.002728371634930627,0.0026413552544120233,0.002560132281634698,0.0024845285642047903,0.002413877106433045,0.0023476295535451923,0.0022853280754818587,0.0022265843641457723,0.0021710626853976285,0.0021184775486510787,0.0020685803002318945,0.0020211527636818296,0.0019759851457616983,0.0019329183347400866,0.001891799972055451,0.001852493356701444,0.001814875312793794,0.001778305901642018,0.0017431447802847327,0.0017093061212579289,0.0016767114570218548,0.0016452888483091026,0.0016149721703027581,0.0015857004965997117,0.001557417564866047,0.0015300713111643062,0.001503613462342691,0.0014779991777819413,0.0014531867333138666,0.001429137241343629,0.001405814402191845,0.0013831842824722598,0.0013612151169747526,0.001339877131061167,0.0013191423810259306,0.0012989846102428632,0.0012793791192278728,0.001260302648005889,0.0012417332693881872,0.001223650291950557,0.0012060341716592057,0.001188866431224612,0.0011721295863777127,0.0011558070783606372,0.001139883212008603,0.001124343098872399,0.001109172604894047,0.0010943583022030542,0.0010798874246485362,0.0010657478267242107,0.001051927945579882,0.0010384167658451867,0.0010252037870196273,0.0010122789932079188,0.0009996328250016938,0.0009872561533282233,0.0009751402551041146,0.0009632767905474364,0.0009516577820154717,0.0009402755942475848,0.0009291229159037056,0.0009181927422987638,0.0009074783592422848,0.0008969733279002738,0.0008866714706036942,0.0008765668575342958,0.0008666537942244049,0.0008569268098124947,0.0008473806460012187,0.0008380102466688343,0.0008288107480889435,0.0008197774697169952
68,0.005140836764527604,0.004433983698888027,0.004143509965041253,0.00392438406825686,0.0037432279173068464,0.0035869245421008126,0.0034477638181133236,0.0033225567266355785,0.003208571819801737,0.0031038817949745777,0.0030070614778469444,0.002909626869571882,0.002818453808768444,0.002732820592106109,0.002652132967978935,0.0025758939375274906,0.0025039494227472618,0.002435659722288047,0.00237071313793477,0.0023088376248081846,0.0022497939682689975,0.0021936881325833623,0.0021400013561276698,0.002088565563262908,0.002039229617133026,0.00199185702935118,0.0019517490996847065,0.0019131851875079022,0.0018760712109316276,0.0018403211550233403,0.0018058561603031455,0.0017726037403819057,0.0017404971067721535,0.0017094745832336655,0.0016794790953835862,0.0016504577239425553,0.001622361312076989,0.0015951441189616647,0.001568763513021786,0.0015431796993921486,0.001518355477007517,0.0014942560214550704,0.0014708486903091322,0.001448102848155578,0.001425989708918156,0.0014044821934369044,0.001383554800532283,0.0013631834900273742,0.0013433455764025105,0.0013240196319280787,0.0013051853982674715,0.0012868237056671713,0.001268916398958292,0.0012514462696862822,0.0012343969937653957,0.0012177530741237202,0.0012014997878646298,0.001185623137523006,0.0011701098060402973,0.0011549471151226236,0.0011401229866813403,0.001125625907086499,0.0011114448939909829,0.0010975694655072808,0.0010839896115403013,0.0010706957670986584,0.001057678787423786,0.0010449299247913225,0.0010324408068526874,0.0010202034163968342,0.0010082100724229236,0.0009964534124244262,0.000984926375793801,0.0009736221882647967,0.0009625343473164833,0.0009516566084695037,0.0009409829724108116,0.000930507672888437,0.0009202251653224856,0.0009101301160829737,0.0009002173923889528
69,0.005746757908891193,0.0049767183417219595,0.00465933021958626,0.004419499173098461,0.004220949188407033,0.004049426955159615,0.0038965164082965732,0.003758794273528404,0.0036332930384669893,0.0035179188364839764,0.0034111232628169165,0.003303356272485115,0.0032024339088296116,0.003107570571648446,0.003018119253049852,0.0029335387000146186,0.0028536725379757575,0.0027778119435916166,0.002705617209499334,0.0026367917545748,0.002571074706796972,0.0025085951157129364,0.0024487731473969818,0.002391425351367481,0.0023363867090351524,0.0022835081442565113,0.002238808065380272,0.0021958044204832923,0.002154394612581704,0.0021144848064594494,0.0020759889404157214,0.002038827877963367,0.002002928675667544,0.0019682239480092404,0.001934651313809465,0.0019021529116131548,0.0018706749736958146,0.0018401674501592796,0.0018105836760298108,0.0017818800754404473,0.0017540158979291905,0.00172695298266128,0.0017006555470223353,0.0016750899965569696,0.001650224753666008,0.001626030102841631,0.0016024780505267174,0.0015795421979433143,0.0015571976254539345,0.001535420787205085,0.001514189414960723,0.0014934824301688363,0.0014732798634205218,0.0014535627805610748,0.0014343132147990841,0.0014155141042344825,0.0013971492342915964,0.0013792031846000543,0.0013616612799159532,0.0013445095447191721,0.0013277346611608339,0.0013113239300685776,0.0012952652347468414,0.0012795470073356577,0.0012641581975146238,0.0012490882433593398,0.0012343270441759861,0.001219864935156012,0.001205692663707558,0.00119180136733328,0.0011781825529359263,0.0011648280774436022,0.0011517301296560154,0.0011388812132215734,0.0011262741306628371,0.0011139019683748081,0.0011017580825267385,0.001089836085803884,0.00107812983493075,0.0010666334189220312,0.0010553411480117368
70,0.006238796803684678,0.00534801689011507,0.00498361861572894,0.0047094236811919,0.00448321912681241,0.004288411938178201,0.004115876346909202,0.003960966376480728,0.0038202195070069687,0.0036911924212232996,0.003572078402436989,0.003458414059576569,0.0033526492361067965,0.0032538475517086083,0.003161238707117956,0.0030741792171171053,0.0029922094363401103,0.0029147656785143733,0.002841446625440519,0.0027719026407953514,0.002705826869390872,0.002643023611186956,0.0025831646007270772,0.002526035827654902,0.002471445259419485,0.002419219853916628,0.0023701144033038838,0.002322907081446164,0.002277481978839119,0.002233733136138658,0.002191563419280079,0.0021508835539934376,0.002111611292599817,0.0020736706913184414,0.0020369914804713183,0.0020015085132322617,0.0019671612811451226,0.0019338934866897548,0.0019016526648221186,0.0018703898467459994,0.0018400592602556523,0.0018106180618734562,0.0017820260967340747,0.0017542456827680333,0.0017272414162373124,0.0017009799960927194,0.0016754300649727376,0.001650562064958171,0.0016263481064463028,0.0016027618487198887,0.0015797783909667284,0.0015573741726599916,0.001535526882341836,0.0015142153739670652,0.0014934195900620614,0.0014731204910396864,0.0014532999900850512,0.001433940893091741,0.001415026843184608,0.0013965422694147374,0.0013784723392556775,0.0013608029145683238,0.0013435205107355493,0.001326612258697596,0.0013100658696456524,0.0012938696021545213,0.0012780122315562451,0.0012624830213750686,0.0012472716966608472,0.0012323684190728478,0.001217763763579181,0.0012034486966491348,0.0011894145558264029,0.0011756530305808456,0.0011621561443452273,0.0011489162376512158,0.0011359259522860398,0.001123178216397715,0.001110666230482547,0.0010983834541939852,0.001086323593916669
71,0.006728174396404024,0.005735860528961584,0.0053315756728108685,0.005028059615984774,0.004778139281701547,0.0045632681578604865,0.00437319508873973,0.004202757786525751,0.004048088479319435,0.003906458133013173,0.003775849038158669,0.0036504756475127264,0.003533788126091938,0.0034247552512574166,0.0033225290213176797,0.0032264012813617957,0.0031359074080648717,0.003050388149687931,0.0029694019486048518,0.0028925642013210478,0.0028195374357022026,0.002750165696168534,0.0026840302658050186,0.002620895692907301,0.002560550740545794,0.002502805090413951,0.0024496560271735947,0.002398609842145409,0.0023495365103724133,0.0023023172449965807,0.002256843222810488,0.0022130144905636853,0.0021707390212780393,0.002129931895884703,0.002090514590207449,0.0020524143510130986,0.0020155636477726924,0.0019798996891060195,0.0019453639947507124,0.0019119020154069806,0.0018794627940360265,0.0018479986631939746,0.0018174649738082666,0.0017878198514859145,0.0017590239770098905,0.0017310403881533615,0.0017038343003384852,0.0016773729440008774,0.0016516254168038984,0.0016265625490869651,0.001602156781136977,0.0015783820510470608,0.0015552136920772112,0.0015326283385608608,0.001510603839513299,0.0014891191791947791,0.0014681544039653561,0.001447690554841919,0.0014277096052320011,0.001408194403375094,0.001389128619071563,0.0013704966943226182,0.0013522837975431291,0.0013344757810429193,0.0013170591415021576,0.0013000209831930966,0.0012833489837241199,0.001267031362103135,0.001251056848936185,0.0012354146585940805,0.0012200944631948322,0.0012050863682633423,0.001190380889941902,0.0011759689336360403,0.001161841773990147,0.001147991036096244,0.0011344086778472817,0.0011210869733537174,0.0011080184973486994,0.0010951961105132254,0.001082612945658071
72,0.007315963647461564,0.006197511062914798,0.005743968988216195,0.005404365786074984,0.005125340116274059,0.004885908000918122,0.004674421661979202,0.004485096112128923,0.004313552480163634,0.004156701217510783,0.004012258306761167,0.003873401808586246,0.0037443620969265672,0.003623965284345899,0.003511246305142459,0.003405399510538566,0.003305902511389412,0.003211998591330126,0.0031231862194628394,0.003039028782426386,0.0029591433844043578,0.0028833580619821754,0.0028111921923978885,0.002742379247327126,0.002676680262534018,0.0026138800793058187,0.0025562904509312673,0.00250102397975337,0.002447935497727524,0.0023968924571803165,0.0023477734956598656,0.002300467204512611,0.0022548710665334444,0.0022108905348625085,0.00216843823061162,0.0021274332408687518,0.0020878005020231955,0.0020494702559791206,0.0020123775689316887,0.0019764619040818646,0.0019416667410495098,0.0019079392358759073,0.0018752299164374537,0.0018434924088614887,0.0018126831911747822,0.0017827613709488171,0.001753688484153861,0.001725428312810964,0.0016979467193500464,0.0016712114958531573,0.0016451922265929596,0.0016198601624739441,0.0015951881061535436,0.0015711503067662507,0.0015477223633000123,0.0015248811357834835,0.001502604663537656,0.0014808720898281508,0.0014596635923267507,0.0014389603188540818,0.001418744327930912,0.0013989985337145175,0.0013797066549396794,0.0013608531675220526,0.0013424232605154292,0.001324402795144429,0.0013067782666608243,0.0012895367687954912,0.001272665960599167,0.0012561540354842314,0.0012399896922966505,0.0012241621082625638,0.0012086609136676048,0.0011934761681394797,0.00117859833841535,0.0011640182774856978,0.0011497272050153388,0.001135716688950538,0.001121978628228558,0.0011085052365127723,0.0010952890268825996
73,0.008377349915559447,0.007104184451985676,0.006587498626534779,0.006200444412346258,0.005882315615673479,0.005609240765887451,0.005367019725115524,0.005150054202611614,0.004953360849747172,0.0047734232945410284,0.004607641688497063,0.004439951316983736,0.004283761491708123,0.004137720684433866,0.0040007162348453884,0.003871817944242584,0.0037507247026342095,0.0036362465297168065,0.0035278022575747155,0.003424885207303484,0.003327050388829903,0.0032344625058529928,0.0031461844258183274,0.0030619055392230535,0.002981346979471756,0.0029042573200913704,0.00283964168792235,0.0027776462301260523,0.0027181067505710364,0.0026608733505015577,0.0026058088014411234,0.0025527871491294613,0.0025016925091944702,0.00245241802300174,0.002404864948145366,0.0023589418627674255,0.0023145639666293776,0.0022716524648356004,0.0022301340224981773,0.00218994028056238,0.0021510074245812225,0.002113275799510846,0.0020766895646539387,0.002041196383750903,0.0020067471459436982,0.0019732957139427317,0.0019407986962349556,0.0019092152405991625,0.0018785068465563095,0.001848637194690028,0.001819571991034286,0.0017912788249493557,0.0017637270390994718,0.0017368876103111715,0.0017107330402344153,0.0016852372548525184,0.0016603755119945999,0.0016361243160981805,0.001612461339551457,0.0015893653500166725,0.0015668161431989726,0.0015447944805807175,0.0015232820316900461,0.00150226132051586,0.0014817156757196278,0.001461629184328497,0.0014419866486243887,0.0014227735459707623,0.0014039759913427382,0.0013855807023478463,0.0013675749665438583,0.0013499466108775424,0.0013326839730836428,0.0013157758748973982,0.0012992115969465072,0.0012829808551998569,0.0012670737788605519,0.0012514808896001435,0.0012361930820393642,0.0012212016053883457,0.001206498046166211
74,0.009156618949956381,0.0077019652597829285,0.007115178465579486,0.006677091391386393,0.006318025718359025,0.006010575088863895,0.005739522026794878,0.005497327587864337,0.0052782684494444,0.005078306752289477,0.004894457861345283,0.004718064961743336,0.0045544728836783635,0.004402135934701457,0.004259783917964023,0.004126356993140278,0.004001150760209693,0.0038831869435050877,0.0037718073060376556,0.0036664392370369513,0.003566580968244674,0.0034719811431814067,0.0033820358560781804,0.0032963969186497887,0.003214752425193371,0.0031368217923822945,0.00306510025811562,0.0029963299765601984,0.0029303244986877523,0.0028669136846488238,0.0028059418436151796,0.0027472661379508035,0.0026907552067469377,0.0026362879726118424,0.002583752602494628,0.0025330455987268114,0.0024840710007397954,0.0024367396813228916,0.0023909687240201917,0.0023466808704734614,0.0023038040283139384,0.0022622708316745416,0.0022220182476020375,0.0021829872226473367,0.002145122364742106,0.002108371656162888,0.002072686193965161,0.002038019954759422,0.00200432958111557,0.0019715741872336303,0.0019397151818185121,0.0019087161063531266,0.001878542487184113,0.0018491617000241094,0.0018205428456381238,0.0017926566356234806,0.0017654752873160495,0.0017389724269628504,0.0017131230003949456,0.001687903190516666,0.0016632903409993902,0.0016392628856315235,0.0016158002828323315,0.001592882954886739,0.001570492231502059,0.0015486102973264707,0.0015272201431037232,0.001506305520169249,0.0014858508980204771,0.0014658414247186757,0.0014462628899016704,0.001427101690206556,0.0014083447969192742,0.0013899797256838773,0.0013719945081187186,0.0013543776651997932,0.0013371181822831608,0.0013202054856490814,0.001303629420460025,0.0012873802300335426,0.0012714485363388458
75,0.010537457035983846,0.008934881650312598,0.008284572628141862,0.007797445351000294,0.007397081497103505,0.007053430999424567,0.006748080787758973,0.00647450766530483,0.006226443532305076,0.005999465595929252,0.005790303897943892,0.0055734626568958315,0.005371125790899799,0.005181611999400403,0.005003536417188261,0.004835740553303722,0.0046780604254347165,0.004528796150876991,0.0043872218960432415,0.004252704286798892,0.004124686529910681,0.004003634152998554,0.0038881068854022434,0.0037777147220465564,0.0036721071517226596,0.0035709678175474303,0.0034901394617636674,0.0034126190583299936,0.0033381982530880493,0.0032666868861771095,0.003197910918590982,0.003131710653285293,0.0030679392007309987,0.003006461148678078,0.0029471514035697335,0.0028898941770695878,0.0028345820959275,0.0027811154172052996,0.0027294013339297955,0.0026793533587016164,0.0026308907747891767,0.0025839381458735784,0.002538424876956047,0.0024942848200522477,0.0024514559192226654,0.0024098798902601956,0.00236950193100382,0.002330270458792726,0.0022921368720367355,0.0022550553332707887,0.00221898257139516,0.002183877701088924,0.0021497020576293326,0.002116419045561011,0.0020839939998412624,0.0020523940582458803,0.002021588043957159,0.001991546357375481,0.0019622408763004,0.0019336448637186385,0.0019057328825168897,0.0018784807165079453,0.0018518652972211427,0.0018258646359632165,0.0018004577607044958,0.0017756246573887525,0.0017513462153035577,0.0017276041761823257,0.0017043810867399091,0.001681660254371029,0.0016594257057653073,0.001637662148214824,0.0016163549334097425,0.0015954900235355192,0.001575053959501142,0.0015550338311424085,0.0015354172492572876,0.001516192319342304,0.0014973476169096009,0.0014788721642740817,0.0014607554087088617
76,0.011783193148693425,0.009986563310034524,0.009257757216985088,0.008711934067653127,0.008263399813750068,0.007878456380660287,0.007537391190912189,0.00723195518857924,0.006955114519764613,0.006701906070966232,0.006468660472550184,0.006235584484092132,0.006018609280149865,0.00581583392664411,0.005625694043127964,0.005446882287625806,0.005278874211757229,0.005120104062858791,0.004969755813943035,0.004827118303791805,0.004691567197683953,0.004563213899503624,0.004440868567321802,0.004324095716516133,0.004212504508775617,0.004105742690734452,0.0040143954874648485,0.003926752432763928,0.0038425814018954118,0.0037616704823887626,0.0036838256738050495,0.0036088689141158706,0.003536636377138989,0.003466976996417748,0.0033997511794436022,0.0033348296827987495,0.003272092624077466,0.003211428610653123,0.0031527339687352817,0.003095912058889879,0.003040872666413814,0.0029875314567694173,0.0029358094877763655,0.0028856327714921496,0.002836931879737405,0.0027896415880783077,0.0027437005537961365,0.0026990510239789218,0.0026556385703816725,0.0026134118481360006,0.0025723223757602933,0.0025323243342383725,0.0024933743832063317,0.0024554314925214773,0.0024184567876894976,0.002382413407801227,0.0023472663747826092,0.0023129824728942453,0.0022795301375326364,0.0022468793524869387,0.0022150015548940386,0.002183869547213284,0.002153457415611345,0.0021237404542088483,0.002094695094694641,0.0020662988408615295,0.0020385302076602607,0.002011368664406454,0.0019847945818092976,0.0019587891825212493,0.0019333344949351403,0.0019084133099796401,0.001884009140685871,0.001860106184317863,0.0018366892868772432,0.0018137439098087045,0.0017912560987473195,0.001769212454161891,0.0017476001037605028,0.0017264066765352317,0.0017056202783327812
77,0.01320153004155927,0.011151389213802841,0.0103217958737599,0.009701347035528534,0.009192072940077121,0.008755444219404617,0.008369055394322386,0.008023362206635685,0.007710316314274638,0.007424238809029438,0.007160931313678026,0.006899454331536328,0.006656424089943627,0.006429645243824514,0.00621731156941559,0.006017914105761232,0.005830766517250352,0.005654143066634411,0.0054871035643222965,0.005328829083139427,0.005178601094673569,0.0050364410978772966,0.004901087546211862,0.004772040515626342,0.0046488516308377335,0.004531117055402777,0.004429020785994817,0.004331092688642508,0.0042370705818853315,0.004146715161592549,0.004059807394798184,0.003976146283716694,0.003895546936970755,0.003817838897464923,0.003742864685986228,0.003670478527181367,0.003600545230546112,0.003532939203832798,0.0034675435801098326,0.0034042494428000634,0.0033429551355394415,0.003283565645753757,0.003225992052542635,0.0031701510308583722,0.0031159644051292263,0.003063358746447141,0.003012265008253667,0.0029626181961434623,0.00291435706798465,0.002867423861047784,0.0028217640432548815,0.0027773260860190782,0.002734061256453694,0.0026919234269947366,0.0026508689007103538,0.0026108562507691996,0.0025718461727123184,0.0025338013483236417,0.0024966863200253904,0.002460467374839853,0.0024251124370600124,0.002390590968860384,0.0023568738781577737,0.0023239334331011203,0.002291743182630805,0.0022602778826024098,0.002229513427018373,0.0021994267839540323,0.002169995935803271,0.0021411998235032737,0.0021130182944288363,0.0020854320536743782,0.0020584226184666293,0.002031972275473369,0.0020060640407938007,0.001980681622434348,0.0019558093850900442,0.001931432317066741,0.0019075359991926613,0.0018841065755802926,0.0018611307261105067
78,0.015199569394999673,0.012875796220930507,0.01193349110863115,0.011227913945012028,0.010648197152717474,0.010150742814398343,0.009708888440712656,0.00931317302931402,0.008954491044879788,0.008626417155644462,0.008324200624992258,0.008012371776745929,0.007721851013888635,0.007450147492471497,0.007195209428851053,0.0069553205422927524,0.006730131691665241,0.006517227925808463,0.006315535814361156,0.006124119050441193,0.005942154929523004,0.005770186630756698,0.005606230372192526,0.0054497116786711396,0.005300114576134388,0.005156973678862726,0.005040936239349471,0.0049296326158387626,0.004822765169632956,0.0047200622272904275,0.004621275123017537,0.00452617566114408,0.004434553927225432,0.004346216390388633,0.004260984250487775,0.004178691992222772,0.00409918611516858,0.004022324014075197,0.003947972988142772,0.003876009361486172,0.0038063176998565282,0.003738790111021291,0.0036733256181232334,0.0036098295969260144,0.0035482132691725225,0.0034883932453832842,0.0034302911113457566,0.0033738330533233567,0.0033189495176711107,0.0032655749011036637,0.003213647268337674,0.0031631080942381047,0.003113902027947655,0.0030659766767797652,0.0030192824079156803,0.002973772166171668,0.002929401306298095,0.0028861274384429686,0.00284391028556145,0.0028027115516835077,0.0027624948000664557,0.0027232253403601187,0.002684870124001193,0.0026473976471321136,0.0026107778604094454,0.002574982085128497,0.002539982935146081,0.00250575424413205,0.0024722709977242634,0.0024395092702005246,0.0024074461653161264,0.0023760597609871433,0.0023453290575276608,0.0023152339291747496,0.0022857550786576884,0.0022568739945888136,0.0022285729114718436,0.0022008347721406358,0.0021736431924564577,0.0021469824281059786,0.002120837343354549
79,0.017697780949599066,0.014996277401866452,0.013900572738807357,0.013080038160840758,0.012405804937609824,0.01182719677753609,0.011312953624729661,0.01085240656310554,0.010434961393838888,0.010053141758653399,0.00970141943953956,0.009337137362760673,0.008997990578835999,0.008681033731828698,0.008383839984577642,0.008104378927665362,0.007842243260642125,0.007594562458761488,0.007360067361343311,0.007137650962251772,0.006926340634602683,0.00672676748971125,0.00653659154859509,0.006355134744046493,0.0061817881677359915,0.0060160027220724855,0.005881742336982623,0.00575293518756909,0.00562923923137918,0.005510342224384777,0.005395958328979981,0.005285825203653066,0.005179701492400389,0.005077364648088423,0.004978609036523412,0.004883244277836147,0.004791093789578348,0.004701993502133666,0.0046157907220271245,0.004532343122741109,0.004451517845917385,0.004373190698500386,0.004297245433577247,0.004223573104489671,0.0041520714833043456,0.004082644535991231,0.004015201947717591,0.0039496586925577525,0.0038859346426729892,0.0038239542126566398,0.003763646035285507,0.0037049426653859253,0.003647780308923776,0.0035920985747729403,0.003537840246915035,0.003484951075081766,0.003433379582075623,0.003383076886200473,0.003333996537404494,0.0032860943658875566,0.0032393283420566513,0.003193658446828631,0.003149046551381601,0.0031054563055464115,0.0030628530341096282,0.003021203640370331,0.0029804765163560626,0.0029406414591594764,0.0029016695929074236,0.0028635332959190125,0.0028262061326493684,0.002789662790051904,0.002753879018024198,0.002718831573631836,0.0026844981688307554,0.002650857421432436,0.0026178888090775485,0.0025855726260033034,0.0025538899424071278,0.0025228225662253046,0.0024923530071597768
80,0.020060650995167118,0.01698055399905722,0.015732269459199383,0.014797880804897646,0.01403037196313545,0.01337192844544524,0.012787920594089074,0.012265083281044383,0.01179133638627591,0.011358155555478623,0.010959238183123157,0.010554516767813405,0.010177942389675888,0.00982619412519245,0.009496537653050892,0.009186686931489559,0.00889590363668833,0.008621254502299478,0.008361312564307569,0.008114833969227185,0.00788072653792599,0.007659378548219361,0.007448500405791741,0.007247331190332333,0.007055187963938644,0.006871455200067124,0.006717687171002541,0.006570173773284464,0.0064285223851639536,0.00629237460504334,0.006161402355300732,0.006035304539423696,0.0059138041583341495,0.00579664581032516,0.0056835935134502465,0.005574428800518631,0.005468949045797011,0.0053669659896482995,0.005268304433059234,0.005172801078631835,0.005080303498371453,0.004990669211678086,0.004903764859475206,0.00481946546250046,0.004737653753519345,0.0046582195746732065,0.00458105933238904,0.004506075503303412,0.004433176185519367,0.004362274690251345,0.004293289169540189,0.0042261422762572805,0.0041607608530772385,0.004097075647495306,0.004035021050308301,0.003974534855274715,0.003915558037927684,0.003858034551739194,0.003801911140030313,0.0037471371621942166,0.003693664432949678,0.0036414470734757484,0.003590441373395414,0.003540605662679619,0.00349190019263495,0.003444287025219528,0.0033977299300043196,0.0033521942881614155,0.003307647002918571,0.003264056415970775,0.003221392229385693,0.0031796254325813997,0.003138728233991788,0.0030986739970686942,0.003059437180299842,0.0030209932809490796,0.0029833187822497454,0.0029463911038046173,0.002910188554965776,0.0028746902909862356,0.002839876271751763
81,0.023266219849316417,0.01977588820221605,0.018356993658423866,0.017293070748276657,0.01641791348346245,0.015666169769194094,0.014996732798239076,0.014396614280887881,0.01385216242270516,0.013353743061918912,0.012894232109517217,0.012410655952623827,0.011959596299462017,0.011537290108281547,0.011140635243621319,0.010767034746910431,0.010416292712505843,0.01008440158034006,0.009769733815646976,0.009470868612631933,0.009186556509631374,0.00891800670625513,0.008661802068588933,0.00841706868137382,0.008183020992497483,0.00795894990083131,0.007782704585354867,0.0076135881775070595,0.007451154550803338,0.0072949963953582875,0.007144740802037942,0.007000045473545879,0.00686059545580311,0.00672610030398872,0.006596291613947477,0.006470920862488595,0.006349757510237825,0.0062325873287827445,0.006119210920334241,0.006009442403364214,0.005903108241937568,0.005800046199938756,0.005700104404256784,0.0056031405033605,0.005509020909663465,0.005417620115720827,0.005328820075678098,0.005242509644552989,0.005158584068913031,0.0050769445233456,0.004997497687827624,0.004920155361710163,0.004844834110555019,0.0047714549425096975,0.0046999430112953985,0.004630227343219034,0.004562240585912386,0.004495918776756452,0.004431201129171256,0.004368029835146337,0.004306349882558306,0.004246108885972307,0.004187256929757067,0.00412974642246071,0.004073531961498283,0.004018570207294563,0.003964819766107513,0.003912241080831088,0.0038607963291413497,0.003810449328408213,0.0037611654468474192,0.0037129115204343815,0.0036656557751435876,0.003619367754115232,0.0035740182493850027,0.0035295792378438047,0.0034860238211220393,0.003443326169118466,0.003401461466916432,0.003360405864851143,0.0033201364315103973
82,0.026653298764084482,0.02262857733542363,0.020993845610899706,0.019768670771819822,0.01876127356628125,0.017896243571671917,0.017127418661136526,0.016438570307250787,0.015813932903405242,0.015242380377831533,0.014715685499252777,0.014173671355004639,0.01366906147312969,0.013197467757561266,0.01275527487507775,0.012339458296022138,0.011949285813593552,0.011580611730381394,0.01123154595552892,0.010900440021712164,0.01058584569138611,0.010288551133006248,0.010005229172699932,0.009734870356762328,0.009476568255463577,0.009229505533951736,0.009026738579928728,0.008832138835136984,0.008645196375258965,0.008465445586423394,0.008292460127469285,0.008125848607288998,0.007965250855618064,0.007810334689601106,0.007660793097100191,0.007516341772332813,0.007376716950989057,0.007241673501191802,0.00711098323405718,0.006984433403586204,0.0068618253704745644,0.006742973408398978,0.006627703634604825,0.006515853049319801,0.006407268670762789,0.006301806754390462,0.006199332086595661,0.006099717344395413,0.006002842513766435,0.005908594360236393,0.0058168659461502225,0.0057275561897237575,0.005640569461592276,0.005555815215073916,0.0054732076468107585,0.005392665384833919,0.005314111201432299,0.005237471748495169,0.005162677313252426,0.005089661592558701,0.005018361484062451,0.004948716892773286,0.004880670551691765,0.004814167855300254,0.004749156704831833,0.004685587364339554,0.004623412326682143,0.004562586188625493,0.004503065534333975,0.004444808826592069,0.004387776305156574,0.0043319298916931846,0.0042772331007992805,0.00422365095665819,0.004171149914909062,0.004119697789351942,0.004069263683139264,0.0040198179241339406,0.00397133200414039,0.003923778521738423,0.003877131128471575
83,0.03174030225217667,0.027222916814324514,0.025374226003857088,0.023982854102459834,0.022834793529378297,0.021845924204874374,0.02095930494168066,0.020162330660823534,0.019437439958800047,0.018772238499229845,0.018157559332233484,0.017475754762310048,0.016837303934539718,0.016237355171415835,0.015671901532000803,0.015137581830152574,0.014635463851181833,0.014158968788467119,0.013705976529335268,0.013274631766403725,0.012863298842744845,0.012475107848392498,0.01210396529271276,0.011748719394981975,0.011408332154271703,0.011081864135062368,0.01084531354153781,0.010618147510461837,0.010399784929466391,0.010189694952245976,0.00998739129603767,0.009792427347981927,0.009604391942777069,0.009422905701150543,0.009247617839755584,0.009078203379641716,0.008914360693527237,0.008755809342524045,0.008602288161327387,0.008453553557639779,0.008309377997089565,0.008169548649396244,0.008033866175228067,0.007902143636250565,0.00777420551340269,0.007649886820555205,0.007529032302483062,0.007411495707580169,0.007297139127011306,0.007185832393070643,0.007077452530432962,0.006971883254767663,0.00686901451385844,0.006768742066950842,0.006670967098550901,0.006575595863331422,0.006482539359179726,0.006391713025748856,0.0063030364661615145,0.00621643318976713,0.006131830374073164,0.006049158644166393,0.005968351868110696,0.00588934696695995,0.005812083738158451,0.005736504691220641,0.005662554894687921,0.005590181833454613,0.005519335275639622,0.005449967148255706,0.005382031420995817,0.005315483997516591,0.005250282613653646,0.00518638674205221,0.00512375750274107,0.005062357579217584,0.005002151139647576,0.004943103762816754,0.004885182368499825,0.004828355151940325,0.004772591522158682
84,0.03747868788500185,0.032379768218754386,0.030281821422678268,0.028698085145728164,0.027388019931343526,0.02625710497397219,0.025241248968506342,0.024326452812575377,0.023492985353685557,0.022726920585081807,0.02201795775659147,0.021233287018024825,0.020497746929162907,0.019805852449664943,0.019153072834402173,0.01853560692398298,0.01795465942934491,0.017402794994517752,0.016877615419989254,0.016377021717781146,0.015899163119649878,0.015447586557156844,0.015015396653515737,0.014601289812819319,0.014204091014354618,0.013822736635838512,0.013543547013669508,0.013275122033064926,0.013016805227940033,0.012767996445332224,0.012528145481181514,0.012296746617844042,0.012073333909939874,0.011857477095377305,0.011648778031912785,0.011446867578049242,0.011251402851660142,0.01106206481134508,0.010878556114844617,0.010700599216372522,0.010527934670843323,0.010360319617978253,0.01019752642338781,0.010039341457130839,0.009885563993077235,0.009736005214760977,0.009590487315389274,0.009448842681341094,0.009310913149898249,0.009176549333149757,0.009045610001030494,0.008917961517328784,0.008793477323246604,0.008672037463741424,0.008553528152436688,0.00843784137137071,0.008324874502273696,0.008214529986428718,0.008106715010491983,0.008001341215927736,0.007898324429959361,0.007797584416154539,0.007699044642953224,0.007602632068616542,0.007508276941223688,0.007415912612477424,0.00732547536419658,0.007236904246479374,0.0071501409266156125,0.007065129547909823,0.006981816597652788,0.006900150783546796,0.00682008291795057,0.006741565809364763,0.006664554160628173,0.006589004473339701,0.006514874958061076,0.006442125449892191,0.006370717329043925,0.006300613446063274,0.0062317780513932745
85,0.04354225689659852,0.03788762034739542,0.03554874048997599,0.03377790918500395,0.03230948331430623,0.031039110908900124,0.029896066713267624,0.02886480987798339,0.02792358188504605,0.027057027132782425,0.026253787516877496,0.025365804018764017,0.024531837975450964,0.02374590355336041,0.023003056863944753,0.022299150198235942,0.02163566210026386,0.021004326077780276,0.02040252258786938,0.019827958274374807,0.019278610311488906,0.01875859421146317,0.018260142535102948,0.01778182728870965,0.01732236067800168,0.01688057638029628,0.016555686544254777,0.016243022918938747,0.01594184933766376,0.015651492355124665,0.015371334180158222,0.015100806609082137,0.014839385789361665,0.014586587676933093,0.014341964076622983,0.014105099175575977,0.013875606495791871,0.013653126204767314,0.01343732273358143,0.01322788266012017,0.013024512821923925,0.012826938628694802,0.012634902549064743,0.012448162749998617,0.012266491870341447,0.0120896759126358,0.011917513239530171,0.011749813662947162,0.011586397615744681,0.011427095396929982,0.011271746482618233,0.011120198895895586,0.010972308629576934,0.010827939116564335,0.01068696074313031,0.01054925040098572,0.010414691074457286,0.01028317145950585,0.010154585611670605,0.010028832620335333,0.009905816306985029,0.009785444945362109,0.009667631001642186,0.009552290892937857,0.009439344762604001,0.009328716270966066,0.009220332400223848,0.009114123272399978,0.009010021979306976,0.008907964423600158,0.008807889170067133,0.008709737306380097,0.008613452312604648,0.008518979938819332,0.008426268090255712,0.008335266719417637,0.008245927724683693,0.008158204854937096,0.00807205361980458,0.00798743120511867,0.007904296393248725
86,0.050876463091031915,0.04443800262123433,0.04176743267160118,0.03974228779211669,0.0380607810434805,0.03660438376098869,0.03529199061791305,0.03410692116104281,0.03302443830752243,0.032027083271053705,0.03110194106724535,0.03007688838982028,0.029114482213827654,0.028207769527710435,0.027351004504702413,0.02653936444632324,0.025774508798106395,0.02504686363287684,0.024353383594234106,0.02369140206773341,0.023058566723086104,0.022459538650861904,0.02188539737551552,0.021334484752366246,0.02080530548027904,0.020296505394528472,0.019920650008659738,0.019558672743684447,0.019209746099760564,0.018873112717974184,0.018548077494351407,0.018234000809825537,0.017930292686234885,0.017636407715900974,0.017351840641471765,0.017076122485560032,0.016808817147766605,0.016549518401063144,0.016297847231047394,0.01605344947090261,0.015815993692465717,0.015585169319998978,0.01536068493835054,0.01514226677139574,0.014929657310145837,0.014722614072828648,0.01452090848169169,0.014324324843338855,0.0141326594211543,0.013945719589847274,0.013763323063411857,0.013585297188875089,0.01341147829913258,0.013241711118967785,0.013075848219040636,0.012913749513227466,0.012755281795213435,0.01260031831069042,0.012448738361908645,0.012300426941676226,0.012155274394204944,0.012013176100468011,0.011874032185971932,0.011737747249052988,0.011604230107994553,0.011473393565425006,0.011345154188603138,0.011219432104327314,0.011096150807322073,0.010975236981059336,0.010856620330065077,0.01074023342284607,0.01062601154464688,0.010513892559314833,0.010403816779612348,0.010295726845371061,0.010189567608932346,0.01008528602736419,0.009982831060985482,0.009882153577766147,0.00978320626320548
87,0.058691262845755224,0.051325155131434624,0.04826711553602691,0.04594699819208115,0.04401977967290241,0.04234995790690257,0.04084679753794663,0.03948927223553838,0.03824909563390285,0.03710630389152579,0.036046128791187564,0.03489071928638612,0.033806729745829295,0.03278617364244735,0.03182245279015081,0.030910030792521217,0.030050070358903086,0.029232350398395238,0.02845337934643588,0.027710101203696415,0.026999821392743022,0.026326987940972383,0.025682305723463014,0.025063878207322147,0.02446999595873452,0.02389911167618378,0.023464639571658848,0.02304606687464724,0.022642449876976084,0.022252924671738627,0.021876698190014834,0.021513040505749915,0.02116127819293496,0.02082078856183339,0.020490994634114707,0.02017136074272375,0.01986138866284065,0.019560614196635344,0.019268604147632973,0.018984953631097774,0.018709283675447136,0.018441239076742905,0.018180486474090436,0.01792671261855567,0.01767962281218187,0.017438939497001395,0.017204400976718236,0.01697576025607717,0.016752783984915216,0.01653525149557253,0.016322953923771265,0.016115693404297717,0.015913282333873808,0.01571554269451013,0.015522305431415483,0.015333409880215504,0.01514870323882226,0.014968040079810879,0.014791281899607158,0.014618296701183815,0.014448958607308219,0.014283147501688385,0.014120748695632318,0.013961652618072907,0.013805754527021019,0.013652954240695762,0.013503155886747753,0.01335626766813831,0.013212201644370787,0.013070873526888111,0.012932202487556674,0.012796110979252444,0.012662524567650291,0.01253137177339507,0.012402583923902574,0.012276095014101212,0.012151841575482276,0.012029762552878309,0.011909799188435563,0.011791894912289467,0.01167599523948994
88,0.06803986459723148,0.059993657683554406,0.05663287411281901,0.05407434808580166,0.05194305436549742,0.0500917713075137,0.04841541099909094,0.04689743102191245,0.045507186431672744,0.04422305417166342,0.04302904092378721,0.0416656897687758,0.0403799913158409,0.03916356496785202,0.03800948408512687,0.03691193241427522,0.03587496591453994,0.034884948243197156,0.033938192279157835,0.03303146549482802,0.03216191238568926,0.03133775532980672,0.03054554554711614,0.02978325682558253,0.02904905868642066,0.02834129032156636,0.027842793674837985,0.027362253341199367,0.026898611974624582,0.026450901273368136,0.026018231995130443,0.025599785384504574,0.025194805772255545,0.024802594153453445,0.024422502588382876,0.02405392929908209,0.023696314357232334,0.02334913587732971,0.023011906643677204,0.022684171111529827,0.022365502732308265,0.022055501560630804,0.0217537921073527,0.02146002140812378,0.021173857281397066,0.02089498675350961,0.020623114631551823,0.020357962207346526,0.02009926607806278,0.019846777070860185,0.01960025926055369,0.019359489070652894,0.01912425444930018,0.018894354112639955,0.018669596849022328,0.018449800878198738,0.01823479326032297,0.01802440935014268,0.01781849229226553,0.01761689255382185,0.017419467491229818,0.017226080948107732,0.017036602881675928,0.016850909015255794,0.016668880514706195,0.01649040368684653,0.01631536969809985,0.016143674311754574,0.015975217642390804,0.015809903926148717,0.015647641305634813,0.015488341628368077,0.015331920257763216,0.015178295895734191,0.015027390416078958,0.014879128707876206,0.014733438528188267,0.014590250363422035,0.014449497298751618,0.014311114895053857,0.01417504107285074
89,0.08021014770257894,0.07102046292014211,0.06717023943816702,0.06423404677881964,0.06178463953196642,0.05965433501641766,0.057720063496527245,0.05596688456347502,0.05435983508377817,0.05287424243274701,0.05149185521676754,0.04989454858604864,0.04838926287322275,0.04696605586974963,0.045616700066400444,0.04433427938974016,0.04312379930308178,0.0419687817460543,0.040864840908992256,0.039808129635995455,0.03879524801459005,0.037836033930560606,0.036914370219729715,0.03602785007576467,0.03517429895827443,0.034351743816865093,0.03377667657074369,0.03322184949621615,0.03268608435092023,0.03216830154189331,0.03166750908877233,0.031182793147586253,0.03071330982932478,0.0302582780999744,0.029816973589525404,0.02938872316944513,0.02897290018339663,0.02856892023611579,0.02817623746150356,0.027794341204027035,0.027422753058112332,0.02706102421886861,0.02670873310459725,0.026365483217418724,0.026030901213233912,0.02570463515631053,0.025386352937203264,0.02507574083559241,0.024772502212059514,0.02447635631488359,0.024187037189701346,0.023904292681381112,0.023627883518751218,0.0233575824739371,0.02309317358902151,0.022834451463576048,0.02258122059733503,0.022333294782914227,0.02209049654402729,0.0218526566151365,0.021619613458897662,0.021391212818133037,0.021167307299395168,0.020947755985476393,0.020732424074476587,0.020521182543271316,0.0203139078334271,0.020110481557791705,0.019910790226150728,0.01971472498848705,0.01952218139450996,0.0193330591682384,0.019147261996527755,0.01896469733052473,0.0187852761991206,0.01860891303355045,0.018435525502355977,0.018265034355993245,0.01809736328042392,0.017932438759081404,0.017770189942650335
90,0.09253910968161522,0.0830057171324572,0.07897317570435682,0.07588142591005947,0.07329073564185636,0.07102865595142828,0.06896130629428382,0.06707979415328938,0.0653483916494125,0.06374190481559819,0.062241707134643054,0.060432544627529027,0.058713961883159735,0.0570766454616996,0.055512903211047196,0.05401627769241938,0.05259630995688457,0.05123275501104111,0.04992150185704693,0.04865894164452215,0.047441881238832695,0.04628584640391395,0.04516934213708154,0.04409008009036926,0.04304598774094182,0.04203517953813647,0.041376256645188535,0.04073984319740529,0.04012464761570506,0.039529485687306735,0.03895326858535399,0.03839499258221356,0.03785373016776904,0.03732862234109972,0.03681887188828242,0.036323737493812,0.03584252856060119,0.035374600635386104,0.03491935135389454,0.03447621683428708,0.03404466845887609,0.03362420999352197,0.03321437500182608,0.0328147245176183,0.03242484494453406,0.03204434615589571,0.031672859771818364,0.03131003759357983,0.030955550177932147,0.03060908553627143,0.030270347945489558,0.029939056858963992,0.02961494590754166,0.02929776198157802,0.02898726438613453,0.02868322406233944,0.028385422868701236,0.028093652916847126,0.027807715956756227,0.027527422807079878,0.027252592826601224,0.02698305342329057,0.0267186395977697,0.026459193518314543,0.026204564124804965,0.02595460675927887,0.025709182820969886,0.025468159443903873,0.02523140919530658,0.02499880979323252,0.02477024384196592,0.02454559858387219,0.024324765666492585,0.024107640923777093,0.02389412417044436,0.023684119008540835,0.023477532645347198,0.023274275721849733,0.023074262151056065,0.02287740896549188,0.022683636173266766
91,0.10863259715668837,0.09829968537949409,0.09390065129755089,0.09051566143831954,0.08767069081953001,0.08517994971548153,0.08289192320470291,0.08080498677362344,0.07888061613293308,0.07709164817807057,0.0754180011657208,0.07335415034600339,0.07139256307832051,0.06952276431366256,0.06773608827030311,0.06602524922245812,0.06440222477424788,0.0628428440104592,0.06134246305506902,0.059897001437357995,0.05850284577318879,0.057178851495475615,0.05589932256608539,0.054661674395332926,0.053463565140500886,0.05230286348490255,0.05156113434729021,0.05084366624848725,0.0501490950260726,0.04947616881679765,0.04882373556679659,0.04819073230763508,0.047576175896864914,0.046979154981394426,0.04639882298832008,0.04583439198416935,0.04528512727218528,0.04475034262010937,0.04422939602921499,0.04372168597011143,0.04322664802282763,0.042743751868481734,0.04227249858789115,0.041812418229125035,0.0413630676115215,0.04092402833829547,0.04049490499372257,0.0400753235041326,0.039664929644691885,0.03926338767628492,0.038870379098789334,0.038485601508737664,0.03810876755081462,0.03773960395389248,0.03737785064339089,0.03702325992268465,0.036675595717098816,0.03633463287474043,0.03600015651903703,0.035671961448395455,0.035349851578871966,0.0350336394261656,0.03472314562361666,0.034418198473221036,0.03411863352696183,0.03382429319601739,0.033535026385635554,0.03325068815366851,0.03297113939094542,0.032696246521825255,0.03242588122341759,0.032159920162092154,0.031898244746017206,0.03164074089257231,0.03138729880957931,0.031137812789381922,0.03089218101488311,0.030650305376722174,0.030412091300837267,0.03017744758571927,0.029946286248716033
92,0.12162076368997232,0.1097720177521248,0.10473710660766683,0.10086690246379863,0.09761697656853577,0.09477390814847704,0.09219158773290047,0.0898406873563475,0.0876768041887877,0.08566862025268561,0.08379297600663815,0.08174198791557344,0.07980726505484853,0.07797614859512005,0.07623816922379179,0.07458453155785312,0.0730180426444771,0.07152145161381541,0.07008918866807601,0.06871637026892477,0.06739868248706479,0.06614436556310331,0.06493737854080463,0.06377466871274048,0.06265347871316954,0.06157130733257267,0.06072987696459377,0.05991554716327448,0.05912680471585327,0.058362260571362956,0.0576206360454182,0.056900750975660656,0.056201513494835584,0.055521911154418645,0.054861003182937566,0.05421791370326895,0.05359182576488889,0.05298197607228725,0.0523876503109728,0.0518081789888151,0.05124293372371613,0.05069132391942794,0.05015279378022387,0.04962681962247296,0.04911290744726474,0.048610590743314974,0.04811942849364553,0.04763900336311721,0.047168920046926896,0.04670880376275274,0.04625829887142184,0.04581706761284996,0.04538478894560936,0.044961157479864816,0.04454588249461353,0.044138687031198956,0.04373930705596903,0.043347490685732626,0.042962997470352496,0.04258559772741336,0.04221507192442998,0.041851210104524604,0.04149381135191136,0.041142683293887976,0.04079764163635583,0.04045850973017349,0.040125118165903924,0.03979730439474025,0.03947491237359821,0.039157792232543356,0.038845799962884155,0.03853879712440673,0.03823665057035957,0.03793923218891309,0.03764641865992656,0.03735809122595112,0.03707413547648456,0.03679444114457305,0.036518901914926606,0.03624741524278024,0.03597988218279249
93,0.13621289429356584,0.12343281222615701,0.11798622304089862,0.11379268005397206,0.11026641664490124,0.10717786959173974,0.10436112078176392,0.10179263279300226,0.09942481536178821,0.09722411581064819,0.09516573052744655,0.09281988536724552,0.09059535199789016,0.08847922919234454,0.08646085865672523,0.0845312931252643,0.08269821107138235,0.08093926434737045,0.0792487769815331,0.07762177113720035,0.0760538476181717,0.07455974971309422,0.07311674851126106,0.07172171256343979,0.07037181051594064,0.06906447112949018,0.06812331656209757,0.06721243899501092,0.06633014874096864,0.06547489472068463,0.06464524906369533,0.0638398938866894,0.06305760987755545,0.06229726638700218,0.06155781278679047,0.06083827089842269,0.06013772833152068,0.059455332599289236,0.05879028590103221,0.05814184047990357,0.05750929447886455,0.056891988229900055,0.056289300921471316,0.05570064759737953,0.05512547644702008,0.054563266352681945,0.05401352466430558,0.053475785176113774,0.052949606282916076,0.05243456929675833,0.05193027690703408,0.05143635176926802,0.050952435209574154,0.05047818603333721,0.0500132794279992,0.04955740595098871,0.049110270594834735,0.0486715919223812,0.04824110126578345,0.047818541983636144,0.047403668771171394,0.04699624701898277,0.046596052216187706,0.04620286939434495,0.045816492608801766,0.04543672445446311,0.04506337561325932,0.044696264430839544,0.04433521652024534,0.04398006439051967,0.04363064709838788,0.04328680992131029,0.042948404050351406,0.04261528630144362,0.04228731884374167,0.04196436894387183,0.04164630872497729,0.041333014939549655,0.041024368755115934,0.04072025555192461,0.0404205647318389
94,0.15763256217943686,0.1445711068944863,0.13895517017671294,0.13460969506744924,0.1309405408234476,0.12771506566703478,0.12473222156303115,0.12200053191456936,0.11947202037755024,0.11711288916963333,0.11489817014511912,0.11206697468297441,0.10935907905864962,0.10676226317687013,0.1042664461959964,0.10186317307521014,0.09957353555589028,0.09736234078522832,0.09522420499629028,0.09315440126777347,0.09114874555375771,0.08923858545801178,0.08738459958469538,0.08558377632295791,0.08383338497724871,0.08213093797044448,0.08109434514832756,0.08009008605187605,0.07911638061988048,0.07817159390472461,0.07725421997892748,0.0763628681182991,0.07549625087262907,0.07465317371194535,0.07383252599627481,0.07303327306375093,0.07225444926896463,0.07149515183292997,0.07075453538965983,0.07003180713340217,0.06932622248605852,0.06863708121694127,0.06796372395740359,0.06730552906144556,0.06666190977051195,0.06603231164662893,0.06541621024299656,0.0648131089853361,0.06422253724082572,0.06364404855445667,0.06307721903519586,0.06252164587652378,0.061976945997790425,0.061442754794442604,0.06091872498656838,0.06040452555641046,0.059899840766546635,0.05940436925134876,0.058917823175128246,0.058439927451074423,0.05797041901570496,0.05750904615408826,0.057055567871571976,0.05660975330817514,0.05617138119217308,0.05574023932973653,0.05531612412778126,0.05489884014744801,0.054488199685866504,0.05408402238406971,0.05368613485911081,0.053294370358607415,0.05290856843608808,0.052528574645654254,0.05215424025459576,0.05178542197270876,0.05142198169716765,0.051063786271893785,0.050710707260448296,0.05036262073155166,0.0500194070564018
95,0.19272904963825777,0.18224511917593544,0.177635197586823,0.17402282748653447,0.17094047881117214,0.1682055555156898,0.16555417803071765,0.1630948765206866,0.16079089532994523,0.15861644071473707,0.15655252557359225,0.15290584923640432,0.14934123802171373,0.14585362442173058,0.14243903695441867,0.13909430041600487,0.13588256647291663,0.13273477250863333,0.12964899202653882,0.12662357059907725,0.12365706541487079,0.1208308795630022,0.11805930990731744,0.11534122431656896,0.11267558552606492,0.11006143317503132,0.10897016491298225,0.1079100656044322,0.10687948052095134,0.10587688773390111,0.10490088343626744,0.10395016934545923,0.1030235418302499,0.10211988247596025,0.10123814985702842,0.1003773723292075,0.09953664168764224,0.0987151075641217,0.09791197245846338,0.09712648731644737,0.09635794758088606,0.09560568965398042,0.09486908771860339,0.09414755087398628,0.09344052054778078,0.09274746815188346,0.09206789295394627,0.091401320140308,0.09074729904930434,0.09010540155664536,0.08947522059687202,0.08885636880689295,0.08824847727930267,0.08765119441464961,0.08706418486308505,0.0864871285469199,0.08591971975656605,0.08536166631316722,0.08481268879194606,0.08427251980092873,0.0837409033102616,0.08321759402782583,0.08270235681728487,0.08219496615508225,0.0816952056232444,0.0812028674351437,0.08071775199164292,0.08023966746528162,0.07976842941037578,0.07930386039709499,0.0788457896677487,0.07839405281366936,0.07794849147121682,0.07750895303555203,0.07707529039094187,0.07664736165645729,0.07622502994601879,0.07580816314182709,0.07539663368029209,0.0749903183496421,0.07458909809845801
96,0.19909372318932245,0.18192396898831648,0.17456161666955594,0.1688734916014991,0.164076743874441,0.1598647559742636,0.15611224282331726,0.15269744072220934,0.14955589853357007,0.14664213208841856,0.14392248596640728,0.14185096541502668,0.13997725752016713,0.13828035111035855,0.1367429237003611,0.13535048508926734,0.13406636586264506,0.13290275710906696,0.1318506759113166,0.13090230868857664,0.13005081505134525,0.12925256303597135,0.12853782851813325,0.12790192304123862,0.1273406616240661,0.12685029683630344,0.1256326699907321,0.12444944702414346,0.1232988091133669,0.12217908315508975,0.12108872566372884,0.12002630895297131,0.11899050920923294,0.11798009614317018,0.11699392396583545,0.11603092348339125,0.1150900951416385,0.1141705028813163,0.11327126868890222,0.11239156774681747,0.11153062410249097,0.11068770678843039,0.10986212633586413,0.10905323163311759,0.10826040708701425,0.10748307005153619,0.10672066849295248,0.10597267886480995,0.10523860416971138,0.10451797218780572,0.10381033385446162,0.10311526177177599,0.10243234884043768,0.10176120700007009,0.10110146606756555,0.10045277266412439,0.09981478922275082,0.09918719306886992,0.09856967556751786,0.09796194133125383,0.09736370748355039,0.09677470297295464,0.09619466793378559,0.09562335308954982,0.09506051919562948,0.09450593651812443,0.09395938434602208,0.09342065053413103,0.09288953107444607,0.09236582969382179,0.09184935747601737,0.09133993250634535,0.09083737953730663,0.09034152967372966,0.08985222007605727,0.08936929368053223,0.08889259893513682,0.08842198955022983,0.08795732426290931,0.08749846661420421,0.08704528473826618
97,0.22997986613065632,0.21524135032073388,0.2088093754892404,0.2037906270992882,0.19952337647670296,0.19574894401352508,0.19218839033285476,0.18890282425192606,0.18583970278984516,0.18296209742823238,0.18024278549579067,0.17622673268271505,0.17232724084413345,0.16853443304660803,0.1648403316355382,0.16123837564869967,0.15778001027489982,0.15440293817587505,0.15110307718070892,0.147876882555702,0.1447212444994543,0.1417059735438482,0.13875480542648191,0.13586544822368435,0.13303582532914512,0.13026404290686927,0.12885686661737816,0.12749109596258443,0.12616450658091855,0.12487505351051097,0.12362085134306709,0.12240015718886568,0.12121135597142586,0.12005294766599114,0.11892353617019583,0.1178218195533943,0.11674658147700798,0.11569668361473079,0.11467105893065854,0.11366870569697751,0.11268868215197064,0.11173010171471566,0.11079212868566646,0.10987397437289063,0.10897489359251483,0.10809418149924675,0.1072311707089722,0.10638522868058249,0.10555575532854009,0.10474218084138794,0.10394396368455032,0.10316058876846063,0.10239156576535902,0.1016364275600812,0.10089472882187557,0.10016604468576527,0.0994499695332602,0.09874611586334522,0.09805411324564876,0.09737360734855476,0.09670425903577348,0.09604574352554791,0.09539774960725919,0.09475997891070884,0.09413214522381605,0.09351397385487227,0.09290520103586054,0.09230557336366625,0.09171484727629707,0.09113278856148731,0.09055917189529132,0.08999378040848235,0.0894364052787564,0.08888684534691171,0.08834490675532608,0.08781040260719092,0.08728315264508713,0.08676298294759995,0.08624972564277154,0.08574321863728619,0.08524330536036452
98,0.2448366261297713,0.22765305707058126,0.22018992027437712,0.2143822800000139,0.20945534305182742,0.20510606276193202,0.2011448075433758,0.19751316929795246,0.19414840281650136,0.19100631114157976,0.18805424492065403,0.18502865388292053,0.18217152701803224,0.1794648665195854,0.17689378465165156,0.1744457695120194,0.17211774616913433,0.16989223263413525,0.16776129158994785,0.1657179572596189,0.16375607005572515,0.16187801152619385,0.1600702567207396,0.15832843211007713,0.1566485819377404,0.15502711290067298,0.15357598847683687,0.15216552904302053,0.15079359154105199,0.14945820439148305,0.14815754854831142,0.14688994124137233,0.14565382194518625,0.14444774020477114,0.1432703450201187,0.1421203755467527,0.14099665291376262,0.1398980729956658,0.1388236000024454,0.13777226077468124,0.13674313968899518,0.1357353740939766,0.13474815020901199,0.1337806994285631,0.13283229498282753,0.13190224891270927,0.13098990932288118,0.13009465788164348,0.12921590754044268,0.1283531004494363,0.12750570604849246,0.12667321931557354,0.12585515915665202,0.12505106692319481,0.12426050504488355,0.1234830557666514,0.1227183199803391,0.12196591614234459,0.12122547926956768,0.12049666000677153,0.119779123759194,0.119072549884877,0.11837663094173259,0.11769107198485981,0.1170155899100597,0.11634991283988128,0.11569377954887912,0.11504693892506405,0.11440914946480779,0.11378017879870395,0.1131598032461086,0.11254780739628246,0.11194398371423098,0.11134813216950268,0.11076005988634727,0.11017958081376832,0.10960651541412082,0.10904069036901425,0.10848193830137645,0.10793009751262458,0.10738501173396685
99,0.2731363644360898,0.25331192773452865,0.24471810903557067,0.23803772618414826,0.23237541862207797,0.22738090719256063,0.22279025746402145,0.21858068342500708,0.21467965169997924,0.211036064403389,0.20761217019783723,0.20368120135846804,0.1999484008517785,0.1963929737176696,0.19299770336396813,0.18974810699723696,0.1866572154993275,0.1836879667227537,0.18083114787082294,0.1780786650811406,0.17542335327267833,0.1728892392832548,0.17043907821700735,0.16806776981090027,0.1657706958878805,0.16354365671155843,0.1619064047409631,0.16031606897427542,0.15877015549616275,0.1572663706448251,0.15580259887642828,0.15437688376742764,0.15298741161680177,0.15163249721712968,0.15031057144643437,0.14902017039768453,0.1477599258141233,0.14652855663936937,0.14532486152388868,0.14414771215576713,0.14299604730507354,0.14186886748854136,0.14076523017560716,0.13968424546865796,0.1386250722001348,0.13758691439730847,0.1365690180723785,0.13557066830130052,0.13459118655960256,0.13362992828757164,0.1326862806606951,0.13175966054424154,0.13084951261342975,0.12995530762284696,0.1290765408106835,0.1282127304250021,0.12736341636069276,0.12652815889701477,0.1257065375267162,0.12489814986867456,0.12410261065684332,0.12331955079902447,0.12254861649963682,0.1217894684412277,0.12104178101998272,0.12030524163094124,0.11957954999903002,0.11886441755238311,0.11815956683473962,0.11746473095399634,0.11677965306425109,0.11610408587890222,0.11543779121257947,0.11478053954986722,0.11413210963895172,0.11349228810847657,0.11286086910602885,0.1122376539568043,0.11162245084111426,0.11101507448950072,0.11041534589431903
100,0.331067249097703,0.3276228181518717,0.32605704867807145,0.32480684442587626,0.3237232805575759,0.32274846739176133,0.3214262067994485,0.3201305993291948,0.31885334707889906,0.31758893764012797,0.316333548499718,0.3103526232730462,0.3042180691528996,0.29795588328240624,0.2915896591169531,0.2851409312796495,0.2788244067338612,0.27246247720337674,0.26607085106909306,0.25966401485765234,0.2532553309447227,0.2471090367815372,0.2409803637727476,0.23487891587811247,0.2288135407393028,0.22279237471559343,0.2213683347026625,0.2199800920281163,0.21862583108670777,0.2173038794820996,0.21601269221290212,0.2147508381127031,0.21351698815543607,0.21230990531500332,0.21112843572822423,0.20997150095723552,0.20883809118457877,0.20772725920368706,0.20663811509107446,0.20556982146553193,0.20452158925503452,0.20349267390462705,0.2024823719688527,0.20149001804078134,0.20051498197673276,0.19955666638164743,0.19861450432496058,0.19768795726095317,0.19677651313102917,0.19587968462831196,0.1949970076074551,0.19412803962470296,0.19327235859506275,0.19242956155502575,0.19159926352063122,0.1907810964318386,0.18997470817519338,0.18917976167765596,0.18839593406523694,0.18762291588075755,0.18686041035564624,0.18610813273120574,0.18536580962524307,0.18463317844036084,0.18390998681056844,0.18319599208319073,0.1824909608333358,0.18179466840843467,0.18110689850059425,0.1804274427447035,0.17975610034041817,0.17909267769630668,0.17843698809459063,0.1777888513750424,0.17714809363672215,0.1765145469563437,0.1758880491221558,0.1752684433823146,0.17465557820680108,0.17404930706201305,0.17344948819722347
