Age,2020,2021,2022,2023,2024,2025,2026,2027,2028,2029,2030,2031,2032,2033,2034,2035,2036,2037,2038,2039,2040,2041,2042,2043,2044,2045,2046,2047,2048,2049,2050,2051,2052,2053,2054,2055,2056,2057,2058,2059,2060,2061,2062,2063,2064,2065,2066,2067,2068,2069,2070,2071,2072,2073,2074,2075,2076,2077,2078,2079,2080,2081,2082,2083,2084,2085,2086,2087,2088,2089,2090,2091,2092,2093,2094,2095,2096,2097,2098,2099,2100
0,0.0020823299541971514,0.0015110700777591702,0.0013032590267548821,0.0011568558106437538,0.0010425296372693427,0.0009487552471713596,0.0008695466695299728,0.0008013085271028039,0.0007416761006706269,0.000688994055398753,0.0006420497467808641,0.000599923574984292,0.0005618989746179754,0.0005274052516242295,0.0004959796585534192,0.0004672413126367017,0.0004408727106914452,0.00041660628923201033,0.00039421443597316034,0.00037350192364979325,0.00035430008233199186,0.00033646224424673497,0.0003198601364137143,0.00030438099032989555,0.0002899252017577786,0.00027640441789688675,0.00026373996041245093,0.00025186151515615263,0.00024070603567973283,0.00023021681963476367,0.0002203427261036134,0.00021103750866505725,0.00020225924415460567,0.0001939698410525985,0.00018613461452209764,0.00017872191754068575,0.00017170281948445477,0.00016505082504653259,0.00015874162759431943,0.0001527528920555868,0.00014706406322409217,0.0001416561960290685,0.00013651180484965531,0.00013161472939831538,0.00012695001506460695,0.00012250380591675408,0.00011826324881456665,0.00011421640730246131,0.00011035218413289374,0.0001066602514242403,0.00010313098758782202,9.97554202701584e-05,9.652517465186677e-05,9.34324265263988e-05,9.046985965221896e-05,8.763062693279914e-05,8.490831503139947e-05,8.229691207326213e-05,7.979077812755e-05,7.738461819600033e-05,7.50734574655398e-05,7.285261860862597e-05,7.071770093836644e-05,6.866456124595564e-05,6.668929616602246e-05,6.478822593143287e-05,6.295787939320474e-05,6.119498019369894e-05,5.949643399235873e-05,5.785931665314774e-05,5.6280863311639465e-05,5.475845824756015e-05,5.328962549560718e-05,5.1872020133639426e-05,5.050342019296955e-05,4.918171914053256e-05,4.7904918887243125e-05,4.667112328094157e-05,4.547853204599934e-05,4.4325435134978905e-05,4.321020746073477e-05
1,0.00032039144254066877,0.00023316129749342504,0.0002013608045380062,0.0001789305111915055,0.0001613972444434412,0.000147003107770064,0.0001348349471392385,0.0001243441881057976,0.00011516994850570374,0.00010705954435767345,9.982781829640478e-05,9.333431762032078e-05,8.74695666844173e-05,8.214634850295566e-05,7.729392025986586e-05,7.285403491065155e-05,6.877812136778562e-05,6.502523414430558e-05,6.156052939544178e-05,5.835411041984696e-05,5.538013833334565e-05,5.2616136847711635e-05,5.0042441634883726e-05,4.764175908122497e-05,4.539880896931702e-05,4.330003236932552e-05,4.1333350779386554e-05,3.948796596475579e-05,3.775419242624475e-05,3.612331625753409e-05,3.458747551628286e-05,3.3139558264785585e-05,3.177311522246747e-05,3.048228457853253e-05,2.9261726984275706e-05,2.8106569114053777e-05,2.701235447592842e-05,2.5975000385509456e-05,2.499076020294264e-05,2.405619008342756e-05,2.3168119613799313e-05,2.2323625807463277e-05,2.15200100118809e-05,2.075477735041202e-05,2.0025618376385713e-05,1.9330392663994655e-05,1.866711409970352e-05,1.803393767072029e-05,1.7429147574799293e-05,1.6851146499121385e-05,1.629844593594944e-05,1.5769657419772678e-05,1.5263484585213122e-05,1.4778715957463115e-05,1.4314218397778966e-05,1.3868931135843033e-05,1.3441860328844688e-05,1.3032074094108312e-05,1.2638697968166478e-05,1.2260910750472784e-05,1.18979406945768e-05,1.1549062013640593e-05,1.1213591670736669e-05,1.089088642750228e-05,1.058034012748628e-05,1.0281381192966099e-05,9.993470316171749e-06,9.716098327768421e-06,9.448784227149272e-06,9.191073360603147e-06,8.942535734769025e-06,8.702764453991702e-06,8.471374271268495e-06,8.248000243437853e-06,8.032296482123869e-06,7.823934992723977e-06,7.6226045944229075e-06,7.428009914841745e-06,7.239870453494746e-06,7.057919708735723e-06,6.881904363335097e-06
2,0.00025152266207085626,0.00019963448660278445,0.0001794486193127904,0.0001646845002404007,0.00015278909592294812,0.00014275749348415372,0.00013406627252778619,0.00012639981454307158,0.00011954951486519608,0.00011336850200006741,0.00010774847585125107,0.00010260671237682077,9.78782464304385e-05,9.351090597451868e-05,8.946201595456936e-05,8.569612982183263e-05,8.218342021134742e-05,7.889850738539642e-05,7.581958718866137e-05,7.292776926679194e-05,7.020656625225357e-05,6.764149351442975e-05,6.521975132302838e-05,6.292996941670981e-05,6.076199950059011e-05,5.870674502889498e-05,5.675602033209066e-05,5.490243308527538e-05,5.3139285523918033e-05,5.146049085211364e-05,4.986050206419767e-05,4.833425098628594e-05,4.687709579130176e-05,4.548477558556533e-05,4.415337093297433e-05,4.287926939302267e-05,4.16591353151308e-05,4.048988326420718e-05,3.9368654558625326e-05,3.829279648762994e-05,3.725984384494295e-05,3.626750247236928e-05,3.531363455408344e-05,3.4396245441024046e-05,3.351347181700357e-05,3.2663571044994665e-05,3.1844911554565014e-05,3.105596415038491e-05,3.029529413774842e-05,2.9561554174643705e-05,2.8853477771485494e-05,2.8169873369515598e-05,2.7509618937367714e-05,2.6871657032590563e-05,2.6254990281227147e-05,2.5658677234002114e-05,2.508182856240345e-05,2.4523603562066515e-05,2.3983206934465783e-05,2.345988582106485e-05,2.2952927066835845e-05,2.2461654692485755e-05,2.1985427556862392e-05,2.1523637192901657e-05,2.107570580214544e-05,2.0641084394340303e-05,2.0219251059940694e-05,1.980970936451091e-05,1.9411986855061513e-05,1.9025633669287223e-05,1.865022123950732e-05,1.8285341083853468e-05,1.7930603677921067e-05,1.7585637400701463e-05,1.7250087549153425e-05,1.6923615416261002e-05,1.660589742786459e-05,1.6296624333951377e-05,1.5995500450449925e-05,1.5702242947901224e-05,1.5416581183675082e-05
3,0.00019624704085815896,0.00015017436584736246,0.00013273340639028831,0.0001201702749901853,0.00011017633614677976,0.00010184306207778499,9.469754534361847e-05,8.845493530478622e-05,8.292724264713616e-05,7.798235587365616e-05,7.352307167981247e-05,6.947532662371509e-05,6.578111661881644e-05,6.239399844634186e-05,5.927610358402626e-05,5.6396083060233896e-05,5.372764961689692e-05,5.12485166390451e-05,4.893960858796814e-05,4.678446205787106e-05,4.47687637082303e-05,4.287998844199893e-05,4.110711230297544e-05,3.9440381946448436e-05,3.787112755227032e-05,3.6391609524823786e-05,3.499489177586384e-05,3.367473614368358e-05,3.242551378065962e-05,3.124213028407849e-05,3.011996204908436e-05,2.905480185419761e-05,2.8042812095590885e-05,2.708048439904219e-05,2.6164604581731838e-05,2.5292222126882332e-05,2.4460623485138484e-05,2.3667308636807482e-05,2.290997044552505e-05,2.2186476411809468e-05,2.149485249825265e-05,2.0833268749836274e-05,2.0200026475373654e-05,1.9593546791210376e-05,1.901236035747801e-05,1.8455098161526256e-05,1.7920483223543168e-05,1.7407323116524298e-05,1.69145032072445e-05,1.644098053717324e-05,1.598577827273622e-05,1.554798066325912e-05,1.5126728452587134e-05,1.4721214696955955e-05,1.4330680947366363e-05,1.3954413759623601e-05,1.359174149946058e-05,1.324203141386647e-05,1.2904686942968685e-05,1.257914524963942e-05,1.2264874946466805e-05,1.1961374001902535e-05,1.1668167809306006e-05,1.1384807404289362e-05,1.111086781725558e-05,1.0845946549338573e-05,1.0589662161123297e-05,1.0341652964561579e-05,1.0101575809423908e-05,9.869104956451768e-06,9.643931030110868e-06,9.425760044504633e-06,9.214312496597216e-06,9.009322521424475e-06,8.810537104447778e-06,8.617715346633329e-06,8.43062777822512e-06,8.249055717528783e-06,8.07279067133677e-06,7.901633773911067e-06,7.735395261696345e-06
4,0.00013889146974812946,0.00010341907180660926,9.026296584218495e-05,8.089400691953535e-05,7.35117275883115e-05,6.740800802232559e-05,6.221460832059817e-05,5.7710007296252356e-05,5.3748241344017194e-05,5.022692238351247e-05,4.707087336260908e-05,4.422294442421693e-05,4.163848769874496e-05,3.9281847365547554e-05,3.712403013295704e-05,3.51411024361883e-05,3.331305386797298e-05,3.162297029740066e-05,3.0056418890679198e-05,2.860098189221704e-05,2.7245897204968327e-05,2.598177717270767e-05,2.480038563547832e-05,2.369445909215238e-05,2.2657561719797768e-05,2.1683966713166222e-05,2.0768558321864675e-05,1.9906750335089724e-05,1.909441776218774e-05,1.8327839193496932e-05,1.760364787554596e-05,1.69187899497223e-05,1.6270488620263088e-05,1.5656213261521988e-05,1.5073652664306244e-05,1.4520691769981118e-05,1.3995391358759047e-05,1.3495970252356066e-05,1.3020789666399846e-05,1.2568339408688716e-05,1.2137225668718437e-05,1.1726160184188253e-05,1.1333950603300926e-05,1.0959491889008854e-05,1.0601758634042343e-05,1.0259798174470926e-05,9.932724405385479e-06,9.619712215608511e-06,9.319992469583977e-06,9.032847474127883e-06,8.757606875826745e-06,8.49364394178831e-06,8.240372182373702e-06,7.997242279628194e-06,7.763739289512395e-06,7.5393800898239296e-06,7.323711048982442e-06,7.116305893702037e-06,6.916763756059131e-06,6.7247073826322975e-06,6.539781490287927e-06,6.361651254850397e-06,6.1900009203582475e-06,6.024532517896435e-06,5.864964684132427e-06,5.711031570689354e-06,5.562481836380755e-06,5.419077715122169e-06,5.280594153038219e-06,5.146818008909835e-06,5.017547312665069e-06,4.892590577116018e-06,4.771766158590967e-06,4.654901662511072e-06,4.5418333903201756e-06,4.43240582449892e-06,4.326471148684803e-06,4.223888800181838e-06,4.124525052378815e-06,4.02825262480939e-06,3.934950318779244e-06
5,0.0001185638106594614,8.820310066229848e-05,7.695047923675241e-05,6.89400991077654e-05,6.263030716553445e-05,5.741479068106051e-05,5.297826399651677e-05,4.9131070784076504e-05,4.5748251024954265e-05,4.2742155798083193e-05,4.0048434907178135e-05,3.761817309502147e-05,3.5413159031033325e-05,3.340287991430421e-05,3.1562526833654386e-05,2.9871622393486463e-05,2.8313047559144792e-05,2.6872333676946208e-05,2.553713593713164e-05,2.429683421332714e-05,2.3142225348450562e-05,2.2065282400026466e-05,2.1058963780555675e-05,2.0117060163040894e-05,1.923407037473403e-05,1.840509982577223e-05,1.7625776658491346e-05,1.6892181978280715e-05,1.620079138172955e-05,1.554842562819236e-05,1.4932208771520513e-05,1.4349532424086572e-05,1.3798025096438525e-05,1.3275525764932224e-05,1.2780060982239145e-05,1.2309824973123464e-05,1.1863162258677058e-05,1.1438552432484387e-05,1.103459677657776e-05,1.0650006457027131e-05,1.0283592081233203e-05,9.934254433492175e-06,9.600976233741237e-06,9.282814787798848e-06,8.97889541683432e-06,8.688405569993336e-06,8.410589537665182e-06,8.144743694278115e-06,7.890212209136305e-06,7.646383171968292e-06,7.412685086796326e-06,7.188583693656417e-06,6.973579082770418e-06,6.7672030701265845e-06,6.5690168071773e-06,6.3786086006057955e-06,6.195591920921847e-06,6.01960358108807e-06,5.850302068502985e-06,5.687366015523158e-06,5.530492795330308e-06,5.379397231373782e-06,5.233810409870206e-06,5.093478585945183e-06,4.958162174974619e-06,4.827634821544021e-06,4.701682539206255e-06,4.580102914894992e-06,4.462704372452492e-06,4.349305490265974e-06,4.239734368484901e-06,4.133828041718101e-06,4.031431933491965e-06,3.932399349092786e-06,3.836591003723979e-06,3.74387458318456e-06,3.6541243345235827e-06,3.5672206843494383e-06,3.483049882674139e-06,3.401503670355638e-06,3.322478968365749e-06
6,0.00016935017231672756,0.0001389101916675453,0.00012677446153552187,0.00011777540842523355,0.00011044124632491674,0.00010419289993017372,9.872876540040437e-05,9.386692048265447e-05,8.948704525899397e-05,8.550434154869476e-05,8.185619860844132e-05,7.849471515303825e-05,7.538220309035815e-05,7.248833249408774e-05,6.978823724418635e-05,6.726121170657028e-05,6.488978636827702e-05,6.265905505144779e-05,6.0556174189217095e-05,5.856998284996691e-05,5.6690709429362065e-05,5.4909741796531026e-05,5.321944472578138e-05,5.161301312602426e-05,5.0084352758912796e-05,4.862798233844657e-05,4.7238952457147254e-05,4.591277789623392e-05,4.464538068608238e-05,4.3433041879441296e-05,4.2272360444797325e-05,4.11602180231508e-05,4.0093748547712696e-05,3.9070311923473735e-05,3.808747111713036e-05,3.714297212826878e-05,3.623472640790777e-05,3.536079536634091e-05,3.451937667305275e-05,3.370879210061491e-05,3.292747670439338e-05,3.217396916253328e-05,3.144690312751845e-05,3.074499946277362e-05,3.0067059256191522e-05,2.941195751783585e-05,2.8778637481953982e-05,2.8166105444279638e-05,2.757342607477716e-05,2.6999718153759805e-05,2.6444150685947304e-05,2.5905939352694445e-05,2.5384343267485576e-05,2.4878662003977384e-05,2.4388232869482362e-05,2.3912428399918188e-05,2.3450654054963026e-05,2.3002346094525893e-05,2.2566969619705094e-05,2.2144016763219546e-05,2.1733005015883237e-05,2.133347567709007e-05,2.0944992418508386e-05,2.0567139951270294e-05,2.0199522787905665e-05,1.9841764091124518e-05,1.9493504602310506e-05,1.9154401643265697e-05,1.8824128185349598e-05,1.8502371980695243e-05,1.818883475066824e-05,1.788323142716775e-05,1.7585289442757578e-05,1.729474806596559e-05,1.7011357778405173e-05,1.6734879690657405e-05,1.6465084994108715e-05,1.6201754446173194e-05,1.594467788653793e-05,1.569365378226201e-05,1.5448488799733262e-05
7,0.00017912709862304336,0.0001574941379024635,0.0001484139625786584,0.0001414826577763347,0.0001356953380851008,0.00013065773401226832,0.0001261649439479194,0.00012209356869238174,0.00011836207033024136,0.00011491299954765398,0.00011170392368491452,0.00010870234753568101,0.0001058826645097102,0.00010322422395113613,0.00010071005092059256,9.832596685813968e-05,9.605996692513859e-05,9.390176751066937e-05,9.184246995380706e-05,8.98743057070032e-05,8.799043987106538e-05,8.618481740666278e-05,8.445204110362503e-05,8.278727355968611e-05,8.118615757128801e-05,7.964475082737747e-05,7.815947184539055e-05,7.672705483896675e-05,7.534451175197808e-05,7.40091000947742e-05,7.271829551770111e-05,7.146976828254228e-05,7.0261362964448e-05,6.909108084923813e-05,6.795706459374153e-05,6.685758479735269e-05,6.57910281965789e-05,6.475588724494417e-05,6.375075088117061e-05,6.277429632126068e-05,6.182528173666193e-05,6.090253970237908e-05,6.000497131670377e-05,5.913154090894003e-05,5.828127126369803e-05,5.745323930050443e-05,5.664657215599882e-05,5.586044362315138e-05,5.509407090799568e-05,5.43467116695041e-05,5.36176613126092e-05,5.2906250508106485e-05,5.2211842916381956e-05,5.153383309466192e-05,5.087164456986069e-05,5.022472806116276e-05,4.9592559838263044e-05,4.897464020274466e-05,4.837049208143549e-05,4.777965972177172e-05,4.7201707480242804e-05,4.663621869590929e-05,4.608279464179747e-05,4.554105354768648e-05,4.5010629688442614e-05,4.449117253261422e-05,4.3982345946502964e-05,4.3483827449373766e-05,4.299530751586239e-05,4.251648892199684e-05,4.204708613156875e-05,4.15868247198751e-05,4.1135440832111075e-05,4.069268067392448e-05,4.025830003185286e-05,3.983206382155357e-05,3.941374566190672e-05,3.900312747322768e-05,3.859999909796451e-05,3.820415794238582e-05,3.781540863787856e-05
8,0.00015226454463405058,0.00013040926970609462,0.00012141214908092893,0.00011461903402325614,0.00010899870748380958,0.00010414601728270401,9.98501604092372e-05,9.598406115982548e-05,9.24636895844143e-05,8.922980980013393e-05,8.623865695768293e-05,8.345671367210707e-05,8.085757219544204e-05,7.841994381737152e-05,7.612633927276534e-05,7.396216166302552e-05,7.191506366279515e-05,6.997448004119704e-05,6.813127999107692e-05,6.637750347005766e-05,6.470615779451331e-05,6.31110583141655e-05,6.158670191072747e-05,6.012816532826186e-05,5.8731022558487824e-05,5.73912770379546e-05,5.610530549469093e-05,5.486981105583768e-05,5.368178379019398e-05,5.2538467273898635e-05,5.1437330076458044e-05,5.037604129743877e-05,4.9352449461884606e-05,4.836456421938198e-05,4.741054039806115e-05,4.648866404818931e-05,4.559734017588817e-05,4.473508191995071e-05,4.390050096677878e-05,4.309229903239974e-05,4.2309260268087394e-05,4.15502444686277e-05,4.0814180980779184e-05,4.0100063224759364e-05,3.940694375427857e-05,3.873392979122971e-05,3.8080179180010586e-05,3.744489671392467e-05,3.682733079241357e-05,3.622677037323114e-05,3.564254218822776e-05,3.507400819531195e-05,3.452056324250131e-05,3.398163292284996e-05,3.345667160152709e-05,3.29451605984692e-05,3.2446606511900775e-05,3.1960539669641866e-05,3.1486512696545154e-05,3.1024099187648187e-05,3.057289247771782e-05,3.0132504498827167e-05,2.9702564718450938e-05,2.928271915131478e-05,2.887262943889861e-05,2.8471971991081442e-05,2.8080437184940988e-05,2.7697728616186254e-05,2.7323562399119414e-05,2.6957666511396106e-05,2.659978018018659e-05,2.62496533066407e-05,2.5907045925828893e-05,2.557172769957405e-05,2.524347743980866e-05,2.4922082660287977e-05,2.4607339154670755e-05,2.42990505991386e-05,2.399702817787442e-05,2.3701090229851808e-05,2.3411061915510296e-05
9,0.00012084625847784114,0.00010435920634188911,9.753035930224206e-05,9.235654892486775e-05,8.806362366513986e-05,8.434754740654838e-05,8.105017938151239e-05,7.807621380695698e-05,7.536264032445711e-05,7.286504531099717e-05,7.055061600954187e-05,6.839422168562818e-05,6.637606007538155e-05,6.448016465467196e-05,6.269341531214564e-05,6.1004858445116066e-05,5.940522525808031e-05,5.788658151555748e-05,5.644206711265193e-05,5.506569861576258e-05,5.375221695663699e-05,5.249696815400491e-05,5.129580862407829e-05,5.014502908926104e-05,4.904129275578956e-05,4.7981584580931785e-05,4.696316926053392e-05,4.59835561477948e-05,4.5040469735661835e-05,4.4131824645698564e-05,4.32557042977814e-05,4.241034260961856e-05,4.159410820821446e-05,4.080549073790715e-05,4.004308892925101e-05,3.9305600155435715e-05,3.859181125224798e-05,3.7900590416831534e-05,3.723088003197107e-05,3.658169028801731e-05,3.5952093495192644e-05,3.534121899586395e-05,3.474824860020758e-05,3.417241248012354e-05,3.361298546574255e-05,3.306928369678505e-05,3.2540661587661496e-05,3.2026509070784626e-05,3.1526249087279756e-05,3.103933529828038e-05,3.0565249993404534e-05,3.0103502175917765e-05,2.9653625806589247e-05,2.9215178190394376e-05,2.878773849207458e-05,2.8370906368171056e-05,2.7964300704545034e-05,2.75675584496118e-05,2.7180333534577453e-05,2.6802295872896904e-05,2.6433130431985737e-05,2.6072536370937974e-05,2.5720226238633077e-05,2.5375925227175928e-05,2.503937047610821e-05,2.4710310423269882e-05,2.4388504198580745e-05,2.4073721057359798e-05,2.3765739850113042e-05,2.3464348525996408e-05,2.316934366741284e-05,2.2880530053423555e-05,2.2597720249857264e-05,2.2320734224181047e-05,2.2049398983360546e-05,2.178354823308447e-05,2.1523022056863196e-05,2.126766661363015e-05,2.1017333852587108e-05,2.077188124413141e-05,2.0531171525797045e-05
10,0.0001402439384288974,0.00013101644141979996,0.000126966232231353,0.00012379532036503678,0.00012109123200931693,0.00011869286438667123,0.00011651685043083606,0.00011451318490443948,0.00011264894804416601,0.00011090102244520118,0.0001092523828964495,0.0001076900234374977,0.00010620371572052946,0.0001047852236663078,0.00010342778443207253,0.00010212575273824203,0.00010087434961637109,9.966948026331479e-05,9.8507599008383e-05,9.738560723576039e-05,9.630077488280505e-05,9.525067914202425e-05,9.423315594009296e-05,9.324626105725152e-05,9.228823862459173e-05,9.135749534090343e-05,9.045257917577117e-05,8.957216162945715e-05,8.871502284055355e-05,8.78800389944763e-05,8.706617160656051e-05,8.62724583443874e-05,8.549800512313893e-05,8.474197926093331e-05,8.400360352232451e-05,8.328215091040104e-05,8.257694009335753e-05,8.188733137161846e-05,8.12127231077643e-05,8.055254855453236e-05,7.990627302672261e-05,7.927339137144404e-05,7.865342569819495e-05,7.804592333608499e-05,7.745045499033119e-05,7.686661307416448e-05,7.62940101956434e-05,7.573227778168767e-05,7.518106482401897e-05,7.46400367337115e-05,7.410887429276148e-05,7.358727269254724e-05,7.307494065029888e-05,7.257159959576775e-05,7.207698292121403e-05,7.159083528862604e-05,7.111291198877895e-05,7.06429783473434e-05,7.018080917377869e-05,6.972618824920271e-05,6.927890784983598e-05,6.883876830296698e-05,6.840557757269985e-05,6.797915087301686e-05,6.75593103059346e-05,6.714588452274514e-05,6.67387084065246e-05,6.633762277426515e-05,6.594247409713317e-05,6.555311423749535e-05,6.516940020147671e-05,6.479119390591813e-05,6.44183619587055e-05,6.405077545152558e-05,6.368830976418532e-05,6.333084437970185e-05,6.297826270943552e-05,6.263045192759839e-05,6.228730281451879e-05,6.194870960809842e-05,6.161456986293518e-05
11,0.00014052054491738085,0.00013068151578680582,0.00012637724898694678,0.00012301379378309838,0.00012015002971081285,0.00011761359575061357,0.0001153152636832892,0.00011320149191573646,0.0001112370194279888,0.00010939707589666232,0.00010766341271681168,0.00010602208507398293,0.00010446212322768641,0.00010297469193477119,0.00010155253480817778,0.0001001895934816485,9.888073852823214e-05,9.762157434815663e-05,9.640829449250726e-05,9.523757227176903e-05,9.41064766107367e-05,9.301240632901877e-05,9.195303810834027e-05,9.092628478837905e-05,8.993026156850759e-05,8.896325833950918e-05,8.802371682432877e-05,8.711021153221898e-05,8.622143376668061e-05,8.535617810117056e-05,8.451333086579782e-05,8.369186028555744e-05,8.2890807984744e-05,8.210928162913078e-05,8.134644852167557e-05,8.060153000207971e-05,7.987379652777948e-05,7.916256333561757e-05,7.846718660076349e-05,7.778706002342596e-05,7.71216117852112e-05,7.647030182621344e-05,7.583261940149182e-05,7.52080808818297e-05,7.459622776883801e-05,7.399662489877188e-05,7.340885881302991e-05,7.283253627632671e-05,7.226728292608175e-05,7.171274203872923e-05,7.116857340048826e-05,7.063445227169795e-05,7.011006843516924e-05,6.959512532015002e-05,6.908933919449965e-05,6.859243841852392e-05,6.810416275466665e-05,6.762426272790311e-05,6.715249903224116e-05,6.668864197923225e-05,6.623247098482728e-05,6.578377409128821e-05,6.53423475212063e-05,6.490799526096765e-05,6.448052867127385e-05,6.405976612255068e-05,6.364553265329015e-05,6.323765964954796e-05,6.283598454398855e-05,6.244035053300904e-05,6.205060631061023e-05,6.166660581779475e-05,6.128820800638364e-05,6.09152766162297e-05,6.054767996490011e-05,6.018529074897124e-05,5.982798585615039e-05,5.947564618750414e-05,5.91281564891278e-05,5.878540519264351e-05,5.8447284263961516e-05
12,0.00014514192261241572,0.00013293062486515624,0.00012764835669194238,0.0001235469089360501,0.00012007334329112482,0.00011701132943593428,0.00011424873736919619,0.00011171820218653694,0.000109375308386319,0.0001071888213565675,0.00010513570757124586,0.00010319835023525998,0.0001013628802630884,9.961811978190622e-05,9.795488332728761e-05,9.636549857689589e-05,9.484346749852329e-05,9.338322048100171e-05,9.197993389561252e-05,9.062939205534658e-05,8.932788095702964e-05,8.807210523169622e-05,8.685912234362654e-05,8.568628981296642e-05,8.455122241275373e-05,8.34517571041944e-05,8.238592404621784e-05,8.13519224245714e-05,8.034810014275174e-05,7.93729366355702e-05,7.842502822891165e-05,7.75030755918565e-05,7.6605872920706e-05,7.573229856623783e-05,7.488130687123227e-05,7.405192102891934e-05,7.324322680739324e-05,7.2454367012396e-05,7.168453658276589e-05,7.093297823048623e-05,7.019897855158618e-05,6.948186454581532e-05,6.878100049259081e-05,6.809578513861586e-05,6.742564915911611e-05,6.677005286009381e-05,6.612848409356152e-05,6.550045636155786e-05,6.488550708797747e-05,6.42831960399942e-05,6.3693103883189e-05,6.311483085648198e-05,6.254799555467708e-05,6.199223380789053e-05,6.144719764839976e-05,6.091255435654279e-05,6.0387985578244345e-05,5.987318650757238e-05,5.93678651284448e-05,5.887174151023996e-05,5.838454715261122e-05,5.790602437529543e-05,5.7435925749129544e-05,5.697401356486797e-05,5.652005933672763e-05,5.607384333788402e-05,5.5635154165403586e-05,5.520378833233397e-05,5.477954988488222e-05,5.436225004279736e-05,5.395170686124321e-05,5.354774491259539e-05,5.31501949867333e-05,5.275889380851897e-05,5.237368377126306e-05,5.199441268508087e-05,5.162093353912574e-05,5.1253104276772566e-05,5.0890787582896465e-05,5.053385068245728e-05,5.0182165149662976e-05
13,0.00015636382287681432,0.00014116620176681503,0.00013466134842345987,0.0001296407834485535,0.00012541002472901165,0.00012169706550563317,0.00011836076983022612,0.00011531626319873575,0.0001125075345466539,0.00010989516236604614,0.00010745005469092256,0.0001051499471912657,0.00010297730294684242,0.00010091798228634923,9.896036248806787e-05,9.70947336962936e-05,9.531287157394005e-05,9.360772703914098e-05,9.197319590772977e-05,9.040394449007992e-05,8.889527526184332e-05,8.744302181073208e-05,8.604346555195075e-05,8.469326888798105e-05,8.33894209688547e-05,8.2129193232906e-05,8.091010262877402e-05,7.972988093508633e-05,7.858644896864634e-05,7.747789474744611e-05,7.640245488010313e-05,7.535849860801095e-05,7.434451404433187e-05,7.335909624458847e-05,7.240093681397696e-05,7.146881481161113e-05,7.05615887553857e-05,6.967818956572737e-05,6.881761431418898e-05,6.797892066517e-05,6.716122191715466e-05,6.636368256464344e-05,6.55855143140823e-05,6.482597249710435e-05,6.408435283269831e-05,6.335998849683522e-05,6.265224746387424e-05,6.196053008893593e-05,6.1284266904542e-05,6.0622916608302704e-05,5.9975964221397476e-05,5.93429194001265e-05,5.8723314884976485e-05,5.8116705073514395e-05,5.752266470502476e-05,5.6940787646203475e-05,5.6370685768424655e-05,5.581198790815233e-05,5.526433890298044e-05,5.4727398696593135e-05,5.420084150663632e-05,5.368435505011332e-05,5.317763982146189e-05,5.2680408418951786e-05,5.219238491547006e-05,5.171330427013723e-05,5.124291177753733e-05,5.0780962551642414e-05,5.0327221041780096e-05,4.9881460578233375e-05,4.944346294527496e-05,4.901301797963119e-05,4.8589923192544226e-05,4.817398341375587e-05,4.7765010455878175e-05,4.7362822797741986e-05,4.69672452854289e-05,4.6578108849797957e-05,4.619525023941101e-05,4.5818511767846675e-05,4.544774107447245e-05
14,0.00017642939978004132,0.00015776019332847457,0.00014982581326332278,0.00014372638153559413,0.0001386036315929205,0.0001341211802540993,0.0001301043788476947,0.00012644813856681788,0.00012308307222715691,0.00011996032177255701,0.0001170438175122971,0.00011430594649702172,0.00011172495382681372,0.00010928329623461806,0.00010696655211067335,0.00010476267326815661,0.00010266145542772862,0.00010065415363723869,9.873319663181653e-05,9.689197049675046e-05,9.512465197852975e-05,9.342607807708521e-05,9.179164262354879e-05,9.021721324947132e-05,8.869906398581687e-05,8.72338199975424e-05,8.581841185203418e-05,8.44500373582807e-05,8.31261294773972e-05,8.184432914645058e-05,8.060246211188966e-05,7.939851906062514e-05,7.823063848287714e-05,7.709709181329108e-05,7.599627048408344e-05,7.492667459231976e-05,7.388690293737621e-05,7.28756442275461e-05,7.189166928912799e-05,7.093382413905449e-05,7.00010238046062e-05,6.909224679212814e-05,6.820653012172941e-05,6.734296485739252e-05,6.650069207223631e-05,6.567889919727598e-05,6.487681670922501e-05,6.409371511894171e-05,6.332890222723318e-05,6.25817206190691e-05,6.185154537094644e-05,6.11377819492967e-05,6.0439864280530006e-05,5.975725297563605e-05,5.908943369426023e-05,5.843591563491535e-05,5.779623013948945e-05,5.716992940152349e-05,5.6556585268876717e-05,5.595578813239677e-05,5.5367145893092536e-05,5.479028300107822e-05,5.422483956023793e-05,5.367047049316493e-05,5.31268447614582e-05,5.2593644636934256e-05,5.207056501973404e-05,5.155731279967449e-05,5.105360625753568e-05,5.055917450326611e-05,5.007375694836394e-05,4.9597102809925734e-05,4.9128970644077004e-05,4.8669127906687796e-05,4.821735053945646e-05,4.77734225796012e-05,4.73371357915435e-05,4.6908289319096816e-05,4.6486689356792713e-05,4.607214883908391e-05,4.566448714626023e-05
15,0.00016146426774316807,0.00013341429401616254,0.00012217041297284662,0.00011380717632805703,0.00010697379461089764,0.00010113888998108799,9.602572755196803e-05,9.14673888103889e-05,8.735347081527654e-05,8.36061545138496e-05,8.016797074582627e-05,7.699494023450053e-05,7.405244942870447e-05,7.13126320897404e-05,6.875263214152604e-05,6.635340864716402e-05,6.409888834080704e-05,6.197534886677694e-05,5.9970959788465125e-05,5.807543430374679e-05,5.627976041221412e-05,5.457599024748752e-05,5.295707274955551e-05,5.141671914494834e-05,4.994929361769215e-05,4.854972357291906e-05,4.7213425318347534e-05,4.593624200863467e-05,4.471439143910715e-05,4.354442182186845e-05,4.2423174085085374e-05,4.1347749544071825e-05,4.031548202762112e-05,3.9323913723958166e-05,3.837077415135911e-05,3.745396176880861e-05,3.657152782928233e-05,3.5721662147710135e-05,3.490268051140259e-05,3.4113013505720485e-05,3.335119656433535e-05,3.261586108331709e-05,3.190572646285219e-05,3.121959296070292e-05,3.055633525837621e-05,2.9914896655045455e-05,2.9294283816062684e-05,2.869356201283215e-05,2.8111850799211335e-05,2.7548320076731227e-05,2.700218650700007e-05,2.647271023484291e-05,2.595919189018365e-05,2.546096984050819e-05,2.4977417669055247e-05,2.450794185674938e-05,2.4051979648376337e-05,2.3608997085671835e-05,2.3178487191884722e-05,2.2759968294034286e-05,2.235298247053512e-05,2.195709411314243e-05,2.1571888593298603e-05,2.119697102395854e-05,2.0831965108854268e-05,2.0476512071941756e-05,2.013026966047005e-05,1.979291121573263e-05,1.9464124806114e-05,1.914361241754041e-05,1.8831089196885412e-05,1.8526282744279533e-05,1.8228932450629858e-05,1.7938788876976645e-05,1.7655613172603966e-05,1.737917652908275e-05,1.7109259667659853e-05,1.6845652357622575e-05,1.658815296345917e-05,1.6336568018814287e-05,1.6090711825395435e-05
16,0.00021715806231485137,0.00016861985529928355,0.0001500438902558582,0.00013658126434446582,0.00012581711458488083,0.00011680095192919708,0.00010903785478786666,0.00010222955680573594,9.617908028163404e-05,9.074788209550783e-05,8.58339287651183e-05,8.135939278104756e-05,7.726325033253634e-05,7.349657847021506e-05,7.001943323944914e-05,6.67987010390175e-05,6.380657432657858e-05,6.101944203238113e-05,5.84170637456525e-05,5.5981943136442396e-05,5.369884443833214e-05,5.155441371037615e-05,4.953687820175956e-05,4.763580485662787e-05,4.584190423764915e-05,4.414686977862818e-05,4.2543244838228124e-05,4.102431186325182e-05,3.958399930589997e-05,3.821680292454301e-05,3.6917718833012204e-05,3.5682186218834455e-05,3.4506038074739757e-05,3.338545861450488e-05,3.2316946298343505e-05,3.1297281592439486e-05,3.0323498744889833e-05,2.9392860985949588e-05,2.8502838661260802e-05,2.7651089888154323e-05,2.683544339126795e-05,2.6053883227806633e-05,2.5304535157220564e-05,2.4585654446813927e-05,2.3895614935297016e-05,2.3232899201745616e-05,2.259608970876257e-05,2.1983860806584612e-05,2.1394971500050832e-05,2.082825889321477e-05,2.028263223734154e-05,1.9757067517390883e-05,1.9250602520113494e-05,1.876233233379028e-05,1.8291405235597284e-05,1.783701892773145e-05,1.739841708790106e-05,1.6974886203673972e-05,1.6565752663566734e-05,1.61703800807245e-05,1.57881668276392e-05,1.5418543762638426e-05,1.5060972130885164e-05,1.4714941624404753e-05,1.4379968587220953e-05,1.4055594353073724e-05,1.3741383704423082e-05,1.3436923442539691e-05,1.3141821059459417e-05,1.285570350344998e-05,1.2578216030416114e-05,1.2309021134367467e-05,1.2047797550697251e-05,1.1794239326581416e-05,1.154805495331247e-05,1.1308966555836337e-05,1.1076709135169778e-05,1.0851029859747147e-05,1.0631687402077671e-05,1.0418451317398934e-05,1.0211101461285434e-05
17,0.00028198299399108834,0.00021597699603537085,0.00019097333793536973,0.00017295582045754275,0.00015861841984432192,0.00014666008416261547,0.00013640357224246785,0.00012744094071439344,0.00011950295202086722,0.00011240038626761308,0.0001059940129539559,0.00010017773889972945,9.486846907645667e-05,8.999966484431211e-05,8.551706779096898e-05,8.137575677308151e-05,7.753806028544726e-05,7.397203698674684e-05,7.06503450092769e-05,6.754938423526387e-05,6.464863457509738e-05,6.193013779514717e-05,5.937808634214495e-05,5.697849318009657e-05,5.471892383699711e-05,5.258827683509125e-05,5.057660218885807e-05,4.867495017149538e-05,4.687524438156474e-05,4.517017449155482e-05,4.355310506812188e-05,4.20179976149899e-05,4.055934357049275e-05,3.917210643954747e-05,3.785167158817009e-05,3.659380250190491e-05,3.539460252561787e-05,3.425048127425804e-05,3.31581250423034e-05,3.211447065114518e-05,3.111668226430063e-05,3.0162130774426556e-05,2.924837542699154e-05,2.8373147395770683e-05,2.7534335067091248e-05,2.6729970824598624e-05,2.595821915550568e-05,2.5217365923852277e-05,2.4505808677054855e-05,2.382204786962639e-05,2.316467890292859e-05,2.2532384892613858e-05,2.1923930086380905e-05,2.1338153864097696e-05,2.077396526047332e-05,2.0230337957494798e-05,1.9706305699941625e-05,1.9200958092595077e-05,1.871343674238293e-05,1.824293171274114e-05,1.7788678261014823e-05,1.734995383282877e-05,1.6926075290094323e-05,1.6516396351730668e-05,1.6120305228311354e-05,1.57372224337334e-05,1.5366598758681072e-05,1.5007913392143649e-05,1.4660672178571884e-05,1.4324405999437824e-05,1.3998669269018703e-05,1.368303853516861e-05,1.3377111176688397e-05,1.3080504189661867e-05,1.2792853055809292e-05,1.2513810686522912e-05,1.224304643680152e-05,1.198024518380088e-05,1.1725106465167429e-05,1.147734367273036e-05,1.1236683297496823e-05
18,0.00037169305599106935,0.00030787887970574833,0.00028225200029263027,0.0002631710246939262,0.00024756707036282155,0.000234232968195985,0.00022254006430713323,0.00021210917808484254,0.00020268950978712013,0.0001941042734163512,0.000186222905274858,0.00017894548110944857,0.00017219334831687378,0.00016590317863727282,0.0001600230226702801,0.00015450959580364564,0.00014932635356478162,0.00014444209097058027,0.00013982990020073606,0.0001354663796956484,0.00013133102368979572,0.00012740574383342918,0.00012367448923261947,0.00012012294098825018,0.00011673826393565377,0.00011350890287200669,0.0001104244137912056,0.00010747532296196492,0.00010465300836882812,0.00010194959927684071,9.935789060669399e-05,9.687126950613785e-05,9.448365203670167e-05,9.2189428305568e-05,8.99834146918617e-05,8.786081206710992e-05,8.58171691076448e-05,8.384834995444905e-05,8.195050560245607e-05,8.012004850347812e-05,7.835362994995056e-05,7.664811987453134e-05,7.50005887563712e-05,7.340829137096087e-05,7.186865215873691e-05,7.037925201957384e-05,6.893781636706631e-05,6.754220429904881e-05,6.619039875986275e-05,6.488049758605075e-05,6.3610705340946e-05,6.237932585539754e-05,6.118475540198652e-05,6.002547643878486e-05,5.890005186621843e-05,5.7807119747104563e-05,5.6745388445579806e-05,5.5713632145557525e-05,5.4710686713650025e-05,5.373544587525155e-05,5.278685767578134e-05,5.186392120198931e-05,5.0965683540787954e-05,5.00912369553381e-05,4.9239716260119006e-05,4.8410296378491274e-05,4.760219006784545e-05,4.6814645798832145e-05,4.604694577643142e-05,4.529840409174026e-05,4.456836499436445e-05,4.385620127620245e-05,4.3161312758223314e-05,4.248312487256533e-05,4.1821087332946056e-05,4.1174672886962874e-05,4.0543376144403434e-05,3.992671247616881e-05,3.9324216978853984e-05,3.873544350042905e-05,3.81599637228268e-05
19,0.00031191959311839014,0.00024657261184714274,0.00022122748678758783,0.000202721146500055,0.00018783165639349035,0.0001752907991298127,0.00016443803326502703,0.0001548750903859916,0.00014633877275394672,0.00013864380295973124,0.0001316535893366854,0.00012526382266814316,0.00011939260865220325,0.00011397419942450586,0.00010895483264009403,0.00010428986777056408,9.99417544924088e-05,9.5878553711367e-05,9.207283670275306e-05,8.850084970434113e-05,8.514186910630533e-05,8.197769623175876e-05,7.899225616785367e-05,7.617127538688e-05,7.350201988020562e-05,7.097308036645314e-05,6.857419454791711e-05,6.629609883533155e-05,6.413040374045605e-05,6.206948844789075e-05,6.0106411056936526e-05,5.823483172388251e-05,5.644894649953246e-05,5.4743430091795316e-05,5.3113386121533236e-05,5.1554303705304715e-05,5.006201940855639e-05,4.863268378006278e-05,4.72627318126036e-05,4.594885678325633e-05,4.468798701476637e-05,4.347726517147415e-05,4.23140297624777e-05,4.1195798573636445e-05,4.012025379065559e-05,3.908522860939782e-05,3.808869515799498e-05,3.7128753579257454e-05,3.6203622142104116e-05,3.53116282678971e-05,3.4451200372181615e-05,3.362086043482071e-05,3.281921722222908e-05,3.2044960094624944e-05,3.129685333917269e-05,3.057373097677187e-05,2.987449199622401e-05,2.9198095974709585e-05,2.8543559048042963e-05,2.790995019814556e-05,2.7296387828657018e-05,2.6702036602664096e-05,2.612610451922237e-05,2.5567840207725065e-05,2.502653042127834e-05,2.450149771210647e-05,2.3992098273670766e-05,2.3497719935654788e-05,2.3017780299287776e-05,2.2551725001647114e-05,2.2099026098632427e-05,2.1659180557241932e-05,2.12317088486267e-05,2.081615363415418e-05,2.0412078537395825e-05,2.0019066995566968e-05,1.9636721184502287e-05,1.926466101175052e-05,1.89025231728258e-05,1.8549960266063824e-05,1.8206639961902785e-05
20,0.0003857678141549795,0.0003156542546308576,0.000287752399300919,0.00026708337311648567,0.00025025263296810703,0.00023592452518588796,0.0002234033746171085,0.00021226956236919164,0.00020224556784300706,0.00019313581213452726,0.00018479590030503907,0.00017711537148036788,0.00017000732661911884,0.00016340184211557996,0.00015724159944718156,0.00015147887826483502,0.00014607342371035465,0.00014099089413131078,0.0001362017057600268,0.00013168015598065977,0.00012740374656090806,0.00012335265329311052,0.00011950930474165755,0.00011585804359196894,0.00011238485142992747,0.00010907712286025505,0.0001059234784538198,0.00010291360858022428,0.00010003814204827579,9.728853485254412e-05,9.465697535082014e-05,9.213630297229538e-05,8.971993814758131e-05,8.740182160729996e-05,8.517636155027771e-05,8.303838746025629e-05,8.098310956973953e-05,7.90060831446101e-05,7.710317690355116e-05,7.527054499969784e-05,7.350460208408623e-05,7.180200104579137e-05,7.015961308557056e-05,6.857450983099868e-05,6.704394724358397e-05,6.556535110382505e-05,6.413630388990557e-05,6.275453289075552e-05,6.141789941537712e-05,6.012438897829513e-05,5.8872102356295384e-05,5.765924742469645e-05,5.6484131692627496e-05,5.534515546643986e-05,5.4240805578724946e-05,5.3169649627629636e-05,5.213033067743293e-05,5.112156237681192e-05,5.0142124455990586e-05,4.919085856814126e-05,4.8266664444072816e-05,4.7368496332460596e-05,4.649535970071342e-05,4.564630817408365e-05,4.482044069284845e-05,4.401689886936022e-05,4.323486452851749e-05,4.2473557416768984e-05,4.1732233066153114e-05,4.101018080112252e-05,4.0306721877015185e-05,3.962120774003531e-05,3.8953018399500556e-05,3.83015609039242e-05,3.766626791322495e-05,3.704659636001405e-05,3.6442026193503625e-05,3.585205920011454e-05,3.527621789534975e-05,3.471404448193926e-05,3.416509986966365e-05
21,0.0004691843149335424,0.00039515728138159233,0.0003650592634945278,0.0003424928505194506,0.000323931184603056,0.0003079876706797037,0.00029394047439080623,0.00028135429718503823,0.0002699412302250475,0.00025949830277638983,0.0002498755691092426,0.00024095822083267495,0.00023265583729237287,0.0002248955633591056,0.00021761758505664346,0.0002107720182903604,0.00020431670320996992,0.00019821559953175802,0.00019243759269122878,0.0001869555881782517,0.00018174581262718646,0.0001767872662197204,0.0001720612877990823,0.00016755120528001157,0.00016324205153284979,0.00015912033117819208,0.00015517382743450734,0.0001513914408157067,0.00014776305340532362,0.0001442794138557761,0.00014093203932190023,0.00013771313133837065,0.00013461550326110525,0.00013163251736297455,0.00012875803003964523,0.00012598634386798156,0.00012331216548592112,0.00012073056844312286,0.00011823696031632236,0.00011582705350012713,0.00011349683917884544,0.00011124256406248832,0.00010906070953379797,0.00010694797290581368,0.00010490125053319368,0.00010291762255700034,0.00010099433909322103,9.912880770104605e-05,9.731858198867376e-05,9.556135123288238e-05,9.385493090433634e-05,9.219725400404161e-05,9.058636312789836e-05,8.90204031862324e-05,8.749761471375469e-05,8.601632771282717e-05,8.457495597935672e-05,8.31719918662612e-05,8.180600144435096e-05,8.047562002476812e-05,7.917954801089386e-05,7.791654705094983e-05,7.668543646544702e-05,7.54850899262189e-05,7.431443236606653e-05,7.317243710007288e-05,7.205812314145533e-05,7.097055269643234e-05,6.990882882401786e-05,6.88720932479447e-05,6.785952430906806e-05,6.687033504763329e-05,6.590377140572435e-05,6.495911054103883e-05,6.403565924389798e-05,6.313275245007284e-05,6.224975184262775e-05,6.138604453653876e-05,6.054104184034957e-05,5.9714178089584595e-05,5.890490954706098e-05
22,0.000398072200066131,0.0003321748629940744,0.0003055657502034515,0.000285692190972446,0.00026939816433702273,0.0002554424885525177,0.00024317888675062246,0.00023221757410342528,0.00022230073454972742,0.0002132466213855324,0.00020492098673923308,0.00019722106425313265,0.0001900659415309725,0.00018339044881055954,0.00017714110524143822,0.00017127333073432564,0.00016574946903126137,0.0001605373491755331,0.0001556092151072381,0.0001509409135293106,0.0001465112670994417,0.00014230158327432216,0.00013829526421624508,0.0001344774931917876,0.0001308349796954915,0.0001273557502425909,0.00012402897509570761,0.00012084482356949396,0.00011779434228681016,0.00011486935203460256,0.00011206235981863673,0.00010936648343396812,0.00010677538641551721,0.00010428322165485921,0.00010188458229721824,9.957445878977483e-05,9.734820115561954e-05,9.520148572955085e-05,9.313028572174144e-05,9.1130845080112e-05,8.91996552074308e-05,8.733343415876306e-05,8.552910800210899e-05,8.3783794072353e-05,8.20947858879018e-05,8.045953953215526e-05,7.887566132941818e-05,7.734089666797933e-05,7.585311984263001e-05,7.441032480548549e-05,7.301061672810193e-05,7.165220428996114e-05,7.033339261876619e-05,6.905257681690568e-05,6.780823601615135e-05,6.659892790932239e-05,6.542328371344614e-05,6.428000352398814e-05,6.316785202413405e-05,6.208565451696359e-05,6.103229325174272e-05,6.0006704018540095e-05,5.9007872988002904e-05,5.803483377544442e-05,5.7086664710459325e-05,5.6162486295098444e-05,5.526145883526799e-05,5.438278023145396e-05,5.3525683916169574e-05,5.268943692667542e-05,5.187333810255363e-05,5.107671639864775e-05,5.029892930471116e-05,4.953936136385663e-05,4.879742278257746e-05,4.8072548125718814e-05,4.7364195090331106e-05,4.667184335283533e-05,4.5994993484384393e-05,4.533316592971434e-05,4.468590004515332e-05
23,0.0005713982192405076,0.0005008945813821061,0.0004713667182580882,0.00044885482073275356,0.0004300779521354323,0.0004137486047837436,0.0003991975589346554,0.00038602173253703115,0.0003739547535995337,0.0003628089278420823,0.00035244561393391017,0.0003427586357220545,0.000333664324364825,0.00032509520537650504,0.0003169958164996166,0.000309319834872569,0.00030202804258335717,0.0002950868480700856,0.0002884671871724576,0.00028214369025364146,0.00027609404003888177,0.0002702984689017296,0.00026473935992881646,0.00025940092644940533,0.0002542689517419287,0.0002493305754914537,0.0002445741169964692,0.0002399889275747027,0.0002355652663984325,0.00023129419530096447,0.00022716748907344888,0.00022317755850836585,0.00021931738400782105,0.00021558045800722375,0.00021196073480081717,0.00020845258661872116,0.00020505076501298205,0.0002017503667755467,0.0001985468037436132,0.00019543577595476392,0.0001924132477010854,0.00018947542610240955,0.00018661874187700703,0.00018383983203617573,0.00018113552426904443,0.00017850282281718936,0.00017593889566653155,0.0001734410629074282,0.00017100678613368134,0.00016863365876798917,0.00016631939721567133,0.0001640618327607227,0.00016185890412873395,0.00015970865065023518,0.00015760920596580004,0.00015555879222099264,0.00015355571470508034,0.00015159835689254367,0.00014968517585085071,0.0001478146979818641,0.00014598551506766713,0.00014419628059459696,0.00014244570633192922,0.00014073255914400103,0.00013905565801663078,0.00013741387128054028,0.0001358061140161211,0.00013423134562534725,0.00013268856755794048,0.00013117682118006003,0.00012969518577483352,0.00012824277666498708,0.00012681874344867028,0.00012542226834033322,0.00012405256460920548,0.00012270887510853156,0.00012139047088928907,0.00012009664989262063,0.00011882673571566355,0.00011758007644589349,0.00011635604355946206
24,0.0005396679537256095,0.0004681025582419791,0.0004383635685117189,0.0004157905623014405,0.00039703197499312703,0.00038077182442651676,0.00036632574755870854,0.0003532813669048327,0.0003413660755865797,0.00033038773833825427,0.00032020441127691035,0.0003107073820073193,0.0003018109852180305,0.0002934461440724034,0.0002855560902214235,0.00027809342280163467,0.0002710180250428032,0.0002642955496120566,0.0002578962925136996,0.00025179433937217637,0.0002459669070091588,0.0002403938278539184,0.0002350571406809471,0.00022994076176138497,0.00022503021770303982,0.00022031242622866062,0.00021577551464691262,0.0002114086682797923,0.00020720200293343783,0.0002031464568420107,0.00019923369851553949,0.00019545604767778446,0.00019180640705585122,0.00018827820322646143,0.00018486533506812387,0.00018156212863827592,0.0001783632975076332,0.00017526390775363514,0.00017225934695086956,0.00016934529660610244,0.00016651770757463664,0.00016377277806752996,0.00016110693391897416,0.00015851681083253817,0.00015599923836594993,0.00015355122544828022,0.00015116994725203708,0.00014885273326677094,0.0001465970564411639,0.0001444005232778529,0.00014226086477994254,0.00014017592816074743,0.00013814366923907875,0.00013616214545168032,0.00013422950942241284,0.0001323440030347434,0.00013050395196009836,0.00012870776059989948,0.00012695390740367468,0.00012524094052964932,0.00012356747381773813,0.00012193218304796676,0.00012033380246006445,0.0001187711215124038,0.0001172429818605834,0.00011574827453786109,0.00011428593732132485,0.00011285495226919864,0.00011145434341601605,0.00011008317461360818,0.00010874054750691656,0.00010742559963461386,0.00010613750264538834,0.00010487546062152045,0.00010363870850209467,0.00010242651059882347,0.00010123815919803653,0.00010007297324291299,9.89302970905063e-05,9.780949933854241e-05,9.670997171736643e-05
25,0.0005534600132490237,0.00047167600636866463,0.00043813153927223133,0.0004128567312691906,0.0003919815398948428,0.00037398514639914033,0.0003580761226810956,0.000343777319823888,0.00033077319174881157,0.0003188412892186822,0.00030781726246169756,0.00029757525018479086,0.00028801609765776007,0.00027905988145799916,0.0002706409534017417,0.0002627045333469712,0.0002552042944144634,0.00024810060660155855,0.00024135923038210222,0.00023495032587977864,0.00022884768839381533,0.0002230281495403975,0.00021747110173082575,0.00021215811596498382,0.00020707263123898343,0.0002021996996258163,0.00019752577514686368,0.00019303853745905386,0.00018872674349522777,0.00018458010175167889,0.00018058916507777235,0.00017674523869841985,0.000173040300868114,0.00016946693406955698,0.0001660182650696858,0.00016268791245926226,0.00015946994054980403,0.0001563588186988118,0.00015334938529230384,0.00015043681574129487,0.00014761659395248614,0.00014488448681813806,0.00014223652133967796,0.00013966896405708993,0.0001371783025038655,0.00013476122844710477,0.00013241462270574065,0.00013013554136794093,0.00012792120325248775,0.00012576897847907758,0.00012367637802965,0.00012164104419751586,0.00011966074183364101,0.00011773335031027766,0.00011585685613147205,0.00011402934612808794,0.00011224900118200636,0.00011051409043029958,0.00010882296590551216,0.00010717405757287847,0.00010556586872940819,0.00010399697173339472,0.00010246600403608773,0.00010097166449009224,9.951270991155443e-05,9.808795187541082e-05,9.669625372495006e-05,9.533652777869315e-05,9.400773271916695e-05,9.270887114954647e-05,9.143898730540537e-05,9.019716490993331e-05,8.898252516199994e-05,8.779422484735533e-05,8.663145456408183e-05,8.54934370541544e-05,8.437942563363976e-05,8.32887027146758e-05,8.222057841292106e-05,8.117438923467023e-05,8.014949683828474e-05
26,0.0005111314797204077,0.00043933232695610527,0.0004096966156322102,0.0003872873212452429,0.0003687237647177622,0.0003526779371178574,0.0003384589605107677,0.00032565040512486446,0.0003139769230144711,0.00030324441879449934,0.0002933094913593726,0.0002840623140680942,0.00027541635173977935,0.00026730183786045745,0.000259661450956286,0.0002524473428443066,0.0002456190329251171,0.00023914187692250621,0.00023298592816272764,0.00022712507408851744,0.0002215363701544002,0.0002161995181131306,0.00021109645181240983,0.00020621100431770327,0.00020152863743684254,0.0001970362197473108,0.00019272184276786144,0.00018857466745156835,0.00018458479501990346,0.00018074315751456565,0.00017704142445592545,0.00017347192276046032,0.00017002756765170063,0.00016670180274743008,0.00016348854785420597,0.0001603821532732676,0.00015737735963759113,0.00015446926247156774,0.0001516532808024351,0.00014892512926369553,0.00014628079322098856,0.00014371650652460094,0.00014122873155336538,0.0001388141412647258,0.00013646960300727615,0.00013419216388672244,0.00013197903750524753,0.00012982759191868803,0.00012773533867658393,0.0001256999228276746,0.00012371911378834333,0.000121790796984256,0.00011991296618638827,0.00011808371647204474,0.00011630123774959923,0.0001145638087927279,0.0001128697917360137,0.00011121762698912952,0.00010960582853144891,0.00010803297955301318,0.00010649772841134572,0.00010499878487675593,0.00010353491664154414,0.00010210494607096836,0.00010070774717600723,9.934224278987775e-05,9.800740193197936e-05,9.670223734446915e-05,9.542580318802461e-05,9.417719288458536e-05,9.29555370959439e-05,9.176000182804525e-05,9.058978665173377e-05,8.944412303148008e-05,8.832227275433855e-05,8.722352645202825e-05,8.614720220962199e-05,8.5092644254853e-05,8.405922172253104e-05,8.304632748899632e-05,8.205337707193774e-05
27,0.00043343036810286715,0.00035614488879241117,0.00032529285603535694,0.00030239832766065436,0.0002837280859973701,0.00026781335017971866,0.00025388914002102937,0.00024149403334833112,0.00023032284925345376,0.0002201604972496221,0.00021084815718764669,0.0002022643132729572,0.00019431335078442616,0.00018691831545986253,0.00018001610935825506,0.00017355418569631968,0.00016748820475457588,0.00016178032779631685,0.00015639794733059622,0.00015131272358190917,0.00014649984073607006,0.00014193742409235704,0.00013760607711916828,0.00013348850928131292,0.0001295692335687125,0.00012583431823988587,0.00012227118123026896,0.00011886841849614572,0.00011561565961609372,0.00011250344548365005,0.0001095231240531053,0.00010666676095198499,0.00010392706242353715,0.00010129730856316709,9.877129520205327e-05,9.634328309648959e-05,9.400795332287715e-05,9.176036797056826e-05,8.959593537900621e-05,8.751037929016488e-05,8.54997113885141e-05,8.356020678348117e-05,8.168838205739261e-05,7.988097555809434e-05,7.813492966212825e-05,7.644737477330952e-05,7.48156148542042e-05,7.323711431550742e-05,7.170948611157259e-05,7.023048091006693e-05,6.879797722054466e-05,6.740997238109247e-05,6.606457431453631e-05,6.475999397630668e-05,6.349453842521931e-05,6.226660445636669e-05,6.107467274219925e-05,5.991730243388151e-05,5.8793126180243694e-05,5.770084552623783e-05,5.663922665683326e-05,5.5607096455824805e-05,5.4603338852150067e-05,5.362689142907109e-05,5.267674227401559e-05,5.175192704904112e-05,5.08515262638121e-05,4.997466273469416e-05,4.912049921510169e-05,4.828823618360167e-05,4.7477109777504354e-05,4.6686389860768065e-05,4.591537821603347e-05,4.5163406851489484e-05,4.442983641407689e-05,4.3714054701252075e-05,4.301547526419118e-05,4.2333536095902496e-05,4.166769839825006e-05,4.101744542237845e-05,4.038228137746791e-05
28,0.0004229425006006772,0.00034340720649383896,0.0003119375053238683,0.00028870067587412167,0.00026982990732254915,0.00025380350930597465,0.00023982886522194084,0.00022742789579930864,0.00021628445124072192,0.00020617577088694562,0.0001969374345065809,0.0001884437034180516,0.00018059569831465995,0.00017331389127224538,0.0001665331233353644,0.00016019917615447073,0.00015426634017180182,0.0001486956444831065,0.00014345353930053713,0.00013851089608104566,0.00013384223568994319,0.0001294251235412815,0.00012523968918184373,0.00012126824009510517,0.00011749494786214839,0.00011390559060794986,0.00011048733974518966,0.00010722858195420149,0.0001041187694660074,0.00010114829328425164,9.830837515282427e-05,9.559097495999442e-05,9.29887109444303e-05,9.04947905882768e-05,8.810295048670049e-05,8.580740380038961e-05,8.360279414820197e-05,8.148415499688091e-05,7.944687376499272e-05,7.748665998764794e-05,7.559951699374208e-05,7.378171663342731e-05,7.202977666420497e-05,7.034044046244413e-05,6.87106587756477e-05,6.713757327127669e-05,6.561850167188769e-05,6.415092429491795e-05,6.273247183961204e-05,6.136091428408928e-05,6.003415077302123e-05,5.8750200391317463e-05,5.750719373203307e-05,5.630336517773352e-05,5.513704582406928e-05,5.4006656982556666e-05,5.291070420671612e-05,5.184777179195102e-05,5.081651770499031e-05,4.981566890348143e-05,4.884401701049648e-05,4.790041431239069e-05,4.698377005168999e-05,4.609304698954708e-05,4.522725821483621e-05,4.4385464179205485e-05,4.356676993940179e-05,4.2770322589959606e-05,4.1995308870933516e-05,4.124095293676964e-05,4.050651427367991e-05,3.9791285754021586e-05,3.9094591817204335e-05,3.841578676756684e-05,3.775425318049178e-05,3.710940040877538e-05,3.6480663181938906e-05,3.586750029178505e-05,3.526939335804723e-05,3.4685845668486766e-05,3.411638108824517e-05
29,0.00058421855843562,0.0005111944571068194,0.00048065244303411995,0.0004573851802406978,0.00043799067114528846,0.0004211337619812884,0.0004061204038640672,0.0003925325268154427,0.00038009383643702193,0.0003686096372103599,0.0003579361114744387,0.00034796311690463605,0.0003386038590355386,0.0003297883436165417,0.00032145903876221345,0.0003135678949777247,0.0003060742347157635,0.0002989432184555757,0.0002921447045726824,0.0002856523852014956,0.00027944311993653123,0.0002734964141955986,0.00026779400524738886,0.0002623195296458563,0.0002570582531009766,0.0002519968488581099,0.0002471232142101742,0.00024242631730954757,0.00023789606829381093,0.00023352321009961457,0.00022929922535300975,0.000225216256489322,0.00022126703683850242,0.000217444830860528,0.00021374338206394875,0.00021015686741373882,0.0002066798572502726,0.0002033072799128932,0.00020003439039907491,0.00019685674250116247,0.00019377016395276468,0.00019077073419046726,0.00018785476439695472,0.00018501877954154515,0.0001822595021755445,0.0001795738377743646,0.00017695886144727648,0.00017441180586001082,0.00017193005023598035,0.00016951111031934034,0.00016715262919796017,0.00016485236889706193,0.00016260820266517076,0.00016041810788338577,0.00015828015953705618,0.000156192524195949,0.00015415345445506868,0.00015216128379358024,0.0001502144218139027,0.00014831134982708994,0.00014645061675416077,0.00014463083531616146,0.00014285067848850117,0.00014110887619753071,0.00013940421223949373,0.00013773552140388762,0.00013610168678498006,0.00013450163726673648,0.00013293434516777454,0.00013139882403416476,0.00012989412656899048,0.0001284193426885481,0.0001269735976959483,0.00012555605056366234,0.0001241658923172796,0.00012280234451337145,0.00012146465780495012,0.00012015211058853082,0.00011886400772728693,0.00011759967934521879,0.00011635847968765803
30,0.0005235570327340191,0.0004360248958630713,0.0004007315223248333,0.00037439367563547405,0.0003528145367323848,0.00033434350624138894,0.0003181210910877797,0.0003036288999705803,0.0002905240520692114,0.00027856483896339417,0.00026757272846686375,0.0002574110622044301,0.00024797225081397165,0.00023916964545724593,0.0002309321458768801,0.00022320049167803052,0.00021592463257938095,0.00020906181479077304,0.00020257515705229817,0.00019643257022296747,0.00019060592339687437,0.00018507039047511236,0.00017980393118333508,0.00017478687385160278,0.00017000157632209226,0.0001654321476166009,0.00016106421741312113,0.00015688474354533534,0.0001528818500396936,0.00014904468990024664,0.00014536332811651667,0.00014182864132451401,0.00013843223127936046,0.00013516634985907085,0.00013202383375528404,0.00012899804734880268,0.00012608283253821783,0.00012327246450524745,0.00012056161257316462,0.00011794530545416966,0.00011541890029488308,0.00011297805502177913,0.00011061870356450175,0.00010833703359793012,0.00010612946649609998,0.00010399263923469105,0.00010192338801533737,9.991873341578458e-05,9.797586689593183e-05,9.609213851187215e-05,9.4265045708851e-05,9.249222308014022e-05,9.077143299262014e-05,8.910055699173679e-05,8.747758790874732e-05,8.590062260204952e-05,8.43678552720994e-05,8.287757129613841e-05,8.142814153481339e-05,8.001801706791211e-05,7.864572432093823e-05,7.730986054822124e-05,7.600908964174487e-05,7.47421382379753e-05,7.350779209770244e-05,7.230489273633412e-05,7.113233428424937e-05,6.998906055873086e-05,6.887406233072316e-05,6.778637477118917e-05,6.672507506322145e-05,6.568928016728981e-05,6.467814472812234e-05,6.369085911270771e-05,6.272664756981366e-05,6.178476650222029e-05,6.086450284360619e-05,5.99651725326878e-05,5.9086119077813036e-05,5.822671220575873e-05,5.738634658897808e-05
31,0.00044407333396266277,0.00035931646679848706,0.0003258671898934984,0.00030120441585215876,0.0002811998221229973,0.0002642287215473283,0.00024944483693027354,0.00023633773500229694,0.0002245698910961935,0.00021390350658207502,0.000204163084327568,0.0001952144361165427,0.00018695205779305584,0.00017929111112184766,0.00017216210259984744,0.0001655072218422265,0.00015927774423216164,0.00015343214023780483,0.0001479346681259882,0.0001427543059695683,0.00013786392722493247,0.0001332396546679825,0.00012886034726041905,0.00012470718766431236,0.00012076334705210234,0.00011701371004463188,0.0001134446469715392,0.00011004382377414933,0.00010680004214434839,0.000103703104168788,0.00010074369699861926,9.791329400932816e-05,9.520406963587002e-05,9.260882562360524e-05,9.01209268674126e-05,8.77342453501186e-05,8.544311095923273e-05,8.324226817438419e-05,8.11268377890466e-05,7.90922829684248e-05,7.71343790577355e-05,7.524918664700133e-05,7.343302747397909e-05,7.168246280928147e-05,6.99942740195743e-05,6.836544504801141e-05,6.679314658732883e-05,6.52747217515645e-05,6.380767307818125e-05,6.23896507142817e-05,6.1018441659270744e-05,5.9691959952270176e-05,5.840823770628517e-05,5.716541690289483e-05,5.596174187140905e-05,5.47955523852409e-05,5.3665277315884464e-05,5.256942879154748e-05,5.1506596813299184e-05,5.0475444286679604e-05,4.947470243117747e-05,4.850316653391206e-05,4.755969201730861e-05,4.664319079361572e-05,4.575262788181538e-05,4.488701826487509e-05,4.40454239674257e-05,4.32269513358413e-05,4.243074850439578e-05,4.1656003032679186e-05,4.0901939700812206e-05,4.016781845021209e-05,3.945293245874955e-05,3.8756606340120155e-05,3.8078194458132746e-05,3.741707934741717e-05,3.6772670232768285e-05,3.6144401639997815e-05,3.553173209175045e-05,3.4934142882278696e-05,3.43511369256515e-05
32,0.0005509374406857074,0.00045354688436159967,0.00041461487351375845,0.000385701807266378,0.0003621081307223939,0.0003419849509118807,0.000324369337559376,0.00030868047078804844,0.0002945341950285602,0.0002816597494154148,0.0002698571970466096,0.00025897355251774967,0.0002488884290985686,0.00023950492557428635,0.00023074357986338422,0.00022253820933093232,0.0002148329607252524,0.0002075801631089973,0.00020073872995154488,0.0001942729465876586,0.0001881515342608358,0.00018234691665936517,0.00017683463734151535,0.00017159289138714,0.00016660214475929395,0.00016184482188677166,0.0001573050469329143,0.00015296842776593692,0.00014882187422732884,0.00014485344419741089,0.0001410522123768818,0.00013740815777491187,0.00013391206671196871,0.00013055544877551864,0.00012733046365659938,0.00012422985717943044,0.00012124690513994662,0.00011837536381106784,0.00011560942616659688,0.00011294368303235174,0.00011037308850049688,0.00010789292904714477,0.00010549879587886589,0.00010318656010447772,0.00010095235038720606,9.879253278133481e-05,9.670369249855175e-05,9.46826173837891e-05,9.272628290961058e-05,9.083183852301461e-05,8.899659519967667e-05,8.721801407872623e-05,8.549369606667056e-05,8.382137231242401e-05,8.219889546692842e-05,8.062423165083199e-05,7.909545306236078e-05,7.761073116507138e-05,7.616833040175944e-05,7.476660238657448e-05,7.340398053245496e-05,7.207897507545163e-05,7.079016846143587e-05,6.953621106416175e-05,6.831581720672189e-05,6.712776146116437e-05,6.597087520346316e-05,6.484404340319215e-05,6.374620162918132e-05,6.267633325415285e-05,6.163346684288096e-05,6.061667370980019e-05,5.9625065633228296e-05,5.865779271449206e-05,5.7714041371245564e-05,5.679303245518838e-05,5.589401948520148e-05,5.501628698767384e-05,5.4159148936456613e-05,5.332194728549939e-05,5.250405058777619e-05
33,0.0005642899018578428,0.00046718100584146045,0.00042819761267690547,0.0003991777259275985,0.00037545002172105973,0.00035517697408403063,0.0003374016523394559,0.0003215468697615825,0.00030723086102934973,0.00029418452575896817,0.00028220912456848233,0.0002711525587440884,0.00026089511038255236,0.00025134038919031454,0.00024240932647459312,0.00023403604361609993,0.0002261649222271903,0.00021874847196370548,0.0002117457437972507,0.00020512112602329152,0.00019884341494264595,0.0001928850866199444,0.00018722171846460243,0.00018183152422248617,0.00017669497604538752,0.0001717944942855823,0.0001671141905836321,0.00016263965334317095,0.00015835776724989968,0.00015425656038122184,0.0001503250738627274,0.0001465532500917872,0.00014293183636029418,0.00013945230133396186,0.00013610676233185922,0.00013288792173118757,0.00012978901112376928,0.00012680374209082524,0.0001239262626552215,0.00012115111862589771,0.00011847321917556072,0.00011588780609603328,0.00011339042626055227,0.00011097690689248747,0.00010864333329821726,0.00010638602877053518,0.00010420153640972401,0.00010208660264376003,0.00010003816225812037,9.805332477030007e-05,9.612936200511699e-05,9.426369674482701e-05,9.245389234345196e-05,9.069764320797508e-05,8.899276606048515e-05,8.733719190526336e-05,8.572895863339818e-05,8.416620420501442e-05,8.26471603557354e-05,8.117014677972895e-05,7.973356574671501e-05,7.833589711473009e-05,7.69756937043456e-05,7.565157700348333e-05,7.43622331750182e-05,7.310640934206888e-05,7.188291012828406e-05,7.069059443257313e-05,6.952837241964607e-05,6.839520270943886e-05,6.729008975002828e-05,6.621208136002001e-05,6.516026642762422e-05,6.413377275474613e-05,6.313176503541866e-05,6.215344295881195e-05,6.119803942786515e-05,6.0264818885331964e-05,5.9353075739696306e-05,5.846213288402465e-05,5.75913403013752e-05
34,0.0007288205502465959,0.0006294710767403303,0.0005883170255645354,0.0005571353274186496,0.0005312613820077886,0.0005088632512751937,0.0004889880796944994,0.00047106161788310655,0.0004547042085069798,0.00043964824601511985,0.00042569602378068883,0.00041269612161572134,0.0004005292247990307,0.0003890991298852199,0.00037832678370876315,0.00036814618677022827,0.00035850149085989435,0.0003493448887354351,0.0003406350449782614,0.0003323359062626633,0.0003244157836856581,0.0003168466340960063,0.0003096034895766445,0.0003026639989851264,0.00029600805546701716,0.00028961749078573273,0.0002834758221937695,0.0002775680410654897,0.0002718804350513644,0.0002664004373841487,0.00026111649836235864,0.00025601797508863135,0.00025109503634269573,0.00024633858008628594,0.00024174016157719628,0.00023729193044578283,0.00023298657538431685,0.00022881727533610776,0.00022477765626090717,0.00022086175270609262,0.00021706397353739174,0.00021337907128440075,0.00020980211463953306,0.00020632846371791873,0.00020295374774292,0.00019967384486962956,0.0001964848638986629,0.00019338312766617674,0.00019036515792446868,0.00018742766155160838,0.0001845675179490907,0.0001817817675040354,0.00017906760100752308,0.00017642234993359423,0.00017384347749462454,0.0001713285703984722,0.00016887533124119138,0.00016648157147644145,0.00016414520490910076,0.00016186424166620393,0.00015963678260322826,0.0001574610141080788,0.00015533520326893862,0.0001532576933755156,0.00015122689972620412,0.00014924130571633218,0.00014729945918501712,0.00014539996900025443,0.00014354150186374567,0.00014172277931863664,0.00013994257494485165,0.00013819971172805473,0.00013649305958947827,0.00013482153306495625,0.000133184089122485,0.00013157972510851953,0.000130007476814023,0.00012846641665201387,0.00012695565193901804,0.00012547432327343174,0.00012402160300435287
35,0.0007204318507638338,0.0006103398971996373,0.0005653829986114924,0.0005315931149963127,0.0005037427661794953,0.00047977720344501677,0.0004586269420230239,0.0004396471064050561,0.00042241119606388234,0.00040661853531653283,0.0003920469860000681,0.0003785264459540516,0.000365922925094722,0.0003541284407122512,0.00034305431711499157,0.00033262657861166513,0.00032278268393013575,0.00031346915068316135,0.00030463978822155464,0.00029625435719941883,0.00028827753524633394,0.000280678106636935,0.00027342831879527255,0.0002665033650396704,0.00025988096422117983,0.00025354101569574546,0.0002474653135581321,0.00024163730799633664,0.00023604190448224118,0.00023066529361920454,0.0002254948060374675,0.0002205187879130481,0.00021572649358933218,0.00021110799247645712,0.0002066540879444734,0.00020235624635031116,0.00019820653467369286,0.00019419756550397206,0.00019032244833385638,0.00018657474628870486,0.00018294843756041216,0.00017943788092956677,0.00017603778485378432,0.0001727431796779868,0.0001695493925870214,0.0001664520249749564,0.00016344693195058683,0.00016053020373673322,0.00015769814875307906,0.00015494727819958956,0.00015227429198079405,0.00014967606583109915,0.0001471496395183392,0.0001446922060174562,0.00014230110155885982,0.0001399737964669981,0.00013770788671419305,0.00013550108612310352,0.000133351219158419,0.0001312562142547403,0.00012921409763317018,0.00012722298756404424,0.00012528108903754937,0.00012338668880780231,0.0001215381507793446,0.00011973391170801169,0.00011797247719080967,0.00011625241792180977,0.00011457236619319927,0.00011293101262252514,0.00011132710308887343,0.0001097594358622528,0.00010822685891182348,0.0001067282673798542,0.00010526260120939943,0.00010382884291470019,0.00010242601548422021,0.00010105318040705499,9.970943581419832e-05,9.839391472683084e-05,9.710578340441216e-05
36,0.0007197021389490841,0.0006034807948364496,0.0005563817918033671,0.0005211336407385925,0.0004921853422981675,0.0004673541709644689,0.00044550371633431845,0.0004259486245932951,0.00040823558713417115,0.0003920450345392842,0.00037714089688074826,0.0003633424410396494,0.00035050734466937167,0.0003385209530742934,0.00032728915387312505,0.0003167334766660684,0.00030678761878791933,0.00029739491745920077,0.0002885064689714091,0.000280079701780581,0.0002720772752817094,0.0002644662169505267,0.0002572172370568957,0.0002503041777680337,0.00024370356541867695,0.00023739424300610906,0.00023135706580476608,0.00022557464717628273,0.00022003114469040742,0.00021471207891197064,0.00020960417888008702,0.00020469524956684876,0.00019997405756461812,0.00019543023199194618,0.0001910541781841096,0.00018683700218589697,0.00018277044442122214,0.00017884682119843743,0.00017505897293819633,0.00017140021819481044,0.00016786431269159472,0.00016444541271292654,0.00016113804229620402,0.00015793706374989664,0.0001548376510928071,0.00015183526606718362,0.00014892563642653439,0.00014610473623957528,0.00014336876798606371,0.00014071414624937902,0.00013813748283552095,0.00013563557316940072,0.00013320538383749492,0.0001308440411615898,0.000128548820701862,0.00012631713759925459,0.00012414653767727296,0.00012203468923218661,0.00011997937544835728,0.00011797848738218301,0.00011603001746410206,0.0001141320534733197,0.00011228277294454175,0.0001104804379700721,0.00010872339036424132,0.00010701004716033851,0.00010533889641306906,0.00010370849328209904,0.00010211745637451069,0.00010056446432602488,9.904825260265822e-05,9.75676105061107e-05,9.612137836764805e-05,9.470844491655386e-05,9.332774481042156e-05,9.19782563156238e-05,9.065899912726738e-05,8.936903231882206e-05,8.810745241240439e-05,8.687339156142287e-05,8.566601583794402e-05
37,0.0009336768726605362,0.0008159506410593001,0.000766757700534921,0.0007293015115409503,0.0006980933834815985,0.0006709790644190423,0.0006468386473720246,0.0006249975054582524,0.0006050097717818983,0.0005865612486111126,0.0005694198394510235,0.0005534077920186585,0.000538385033784031,0.0005242386062631531,0.0005108756649101195,0.0004982186700624726,0.00048620198099538,0.0004747693803020646,0.00046387223374898224,0.00045346809552525405,0.00044351963277215186,0.00043399378358168205,0.00042486108875982854,0.0004160951549804288,0.0004076722187147492,0.0003995707884591493,0.0003917713485152074,0.00038425611168001265,0.0003770088111853732,0.0003700145244197835,0.00036325952260358286,0.00035673114182194416,0.0003504176717610603,0.0003443082592169974,0.00033839282400920535,0.0003326619853714272,0.00032710699724086684,0.00032171969114352396,0.0003164924255956197,0.0003114180411201997,0.00030648982012342437,0.000301701450993857,0.00029704699588561716,0.0002925208617268324,0.00028811777406168476,0.0002838327533900872,0.0002796610937157491,0.0002755983430526783,0.00027164028567336953,0.0002677829259100957,0.0002640224733447037,0.0002603553292427936,0.00025677807410575044,0.00025328745622921233,0.0002498803811695997,0.0002465539020316448,0.000243305210499657,0.0002401316285438161,0.00023703060074023457,0.00023399968715006488,0.00023103655670866124,0.00022813898108084866,0.0002253048289427868,0.00022253206065486565,0.00021981872329353782,0.0002171629460130799,0.0002145629357110393,0.0002120169729735536,0.0002095234082789289,0.000207080658439813,0.000204687203266058,0.00020234158243193388,0.00020004239253277294,0.00019778828431739828,0.00019557796008384023,0.00019341017122688072,0.00019128371592690052,0.0001891974369703713,0.000187150219693079,0.00018514099003789903,0.00018316871271955058
38,0.0008873325106719933,0.0007421421202383361,0.0006834148600676863,0.0006395111880569176,0.0006034864624840372,0.0005726097312058033,0.0005454590722116994,0.0005211769141016424,0.0004991960344565552,0.0004791165642375981,0.0004606431269784499,0.00044354959920882286,0.00042765792997246103,0.0004128246966335423,0.0003989321875858789,0.00038588226921544355,0.00037359203747380836,0.00036199065383347187,0.0003510169910198741,0.0003406178468454648,0.00033074656567771667,0.00032136195826979906,0.00031242744386602965,0.000303910360536526,0.0002957814046614368,0.0002880141708484835,0.0002805847708725315,0.00027347151545892984,0.00026665464653677395,0.0002601161103916552,0.0002538393642391099,0.00024780921031850386,0.00024201165281117972,0.00023643377381417846,0.00023106362532192908,0.00022589013473369961,0.0002209030218515096,0.0002160927256891427,0.0002114503396983427,0.00020696755424878886,0.00020263660538569144,0.00019845022904192293,0.00019440162000737899,0.0001904843950622277,0.0001866925597670111,0.00018302047847459644,0.0001794628471893537,0.00017601466894976667,0.0001726712314536474,0.000169428086681601,0.00016628103230544717,0.0001632260946948673,0.00016025951335832856,0.0001573777266739545,0.00015457735878293837,0.00015185520753276138,0.00014920823337022027,0.000146633549095356,0.00014412841039706807,0.00014169020709968086,0.00013931645505716887,0.00013700478863830953,0.00013475295375179193,0.00013255880136543458,0.00013042028147816734,0.0001283354375074595,0.00012630240105843585,0.00012431938704410677,0.00012238468912897297,0.0001204966754707996,0.00011865378473763867,0.00011685452237920066,0.00011509745713352838,0.00011338121775155452,0.00011170448992363179,0.00011006601339345213,0.00010846457924598947,0.00010689902735720409,0.00010536824399423378,0.00010387115955570862,0.00010240674644264503
39,0.0009365731611459192,0.0007883865576816907,0.0007281602022689074,0.0006830145849569465,0.0006458875553493696,0.0006140025550212628,0.000585914141740582,0.0005607506411329788,0.0005379355208074718,0.000517062335944172,0.0004978308250958163,0.00048001109071200385,0.000463422073149514,0.0004479178890875469,0.0004333787712958003,0.00041970483812056873,0.00040681167651076535,0.0003946271284823591,0.0003830889002906572,0.0003721427487078404,0.00036174108134570746,0.00035184185999854713,0.0003424077297049857,0.000333405318627099,0.00032480466905225803,0.0003165787703526476,0.000308703172158801,0.00030115566131945216,0.00029391599008436395,0.0002869656457940981,0.0002802876544849034,0.00027386641241985065,0.00026768754077993804,0.00026173775969056957,0.00025600477849081635,0.00025047719972683255,0.0002451444348043933,0.0002399966295967682,0.0002350245985938368,0.00023021976641224233,0.0002255741156763814,0.00022108014043533533,0.00021673080440844458,0.0002125195034576944,0.00020844003177262818,0.0002044865513265651,0.00020065356422414412,0.00019693588761175292,0.00019332863086599352,0.00018982717481230623,0.00018642715275738524,0.00018312443314594476,0.000179915103675501,0.00017679545672273143,0.00017376197595212544,0.00017081132399252437,0.0001679403310800601,0.0001651459845772527,0.00016242541928784238,0.00015977590849554992,0.000157194855662494,0.0001546797867296444,0.0001522283429675498,0.0001498382743307508,0.00014750743327387962,0.0001452337689915167,0.0001430153220474952,0.00014085021936256312,0.00013873666953220575,0.0001366729584489898,0.00013465744520610776,0.00013268855826086776,0.00013076479183873272,0.00012888470256018945,0.00012704690627423623,0.00012525007508364377,0.00012349293454837136,0.00012177426105464205,0.00012009287933818925,0.00011844766015110702,0.00011683751806256918
40,0.001110488311442147,0.000955058784499794,0.0008908759574027483,0.0008423316447052569,0.00080210994494785,0.0007673370822055295,0.0007365180492256584,0.0007087517398946919,0.0006834423405801562,0.0006601698597407441,0.0006386240008693927,0.000618567116379037,0.000599811956229902,0.0005822075534947704,0.0005656298687698839,0.0005499753599200894,0.0005351564258323754,0.0005210980931859876,0.0005077355526078607,0.0004950122903786667,0.0004828786472250522,0.0004712906895357319,0.0004602093131979684,0.00044959952339727725,0.000439429849432512,0.0004296718644722292,0.0004202997878397866,0.00041129015290081487,0.0004026215276134588,0.000394274277738279,0.00038623036489470006,0.0003784731733029126,0.00037098736030971666,0.00036375872676659287,0.0003567741040819453,0.00035002125536011543,0.0003434887885064543,0.00033716607954924454,0.00033104320472709947,0.00032511088013083636,0.00031936040788403664,0.0003137836280060042,0.0003083728752318472,0.00030312094017266394,0.0002980210342886334,0.0002930667582227773,0.0002882520731059519,0.0002835712744964795,0.00027901896866250943,0.0002745900509530808,0.000270279686036155,0.00026608328980945694,0.0002619965128136445,0.00025801522499768374,0.0002541355017038815,0.0002503536107552662,0.00024666600054121696,0.00024306928900876294,0.00023956025347702958,0.00023613582120111018,0.00023279306061937675,0.00022952917322503652,0.00022634148600873954,0.0002232274444243493,0.00022018460583467448,0.00021721063339813344,0.0002143032903610287,0.00021146043472341372,0.00020868001424948087,0.00020596006179603879,0.00020329869093501412,0.0002006940918480317,0.00019814452747303517,0.0001956483298846256,0.00019320389689135345,0.00019080968883459067,0.0001884642255748718,0.00018616608365275533,0.00018391389361227696,0.00018170633747602874,0.0001795421463617429
41,0.0012522172789840493,0.0010696704834661985,0.00099465426988316,0.0009380735090745589,0.0008913024545612381,0.000850951600846732,0.0008152462371280414,0.0007831350679943373,0.000753914670284606,0.0007270891309970456,0.0007022920360384577,0.0006792431015348675,0.000657720848290313,0.0006375470396540883,0.0006185752555264939,0.0006006832986053956,0.0005837684499842983,0.0005677415907441258,0.0005525263111039755,0.0005380560078556573,0.0005242721807924451,0.000511123776643439,0.000498564043527242,0.0004865518196813583,0.0004750501079920837,0.000464025507976803,0.00045345968028943207,0.0004433123187526958,0.00043355834306615205,0.0004241747905511905,0.00041514057776277527,0.000406436295969061,0.0003980440347144748,0.00038994722882576733,0.0003821305251095827,0.0003745796656869766,0.0003672813854609668,0.0003602233216516216,0.00035339393368468135,0.0003467824320034571,0.0003403787146041799,0.00033417331028329624,0.0003281573277398955,0.00032232240980428897,0.0003166606921698479,0.00031116476609374433,0.00030582764460640845,0.00030064273183196574,0.00029560379507468726,0.0002907049393712663,0.00028594058424686995,0.0002813054424455358,0.0002767945004334213,0.00027240300049752,0.00026812642428320166,0.0002639604776319595,0.0002599010765963523,0.00025594433452276764,0.0002520865501044918,0.00024832419631800733,0.0002446539101645599,0.0002410724831470748,0.00023757685241961247,0.00023416409255278228,0.000230831407864135,0.00022757612526742393,0.00022439568759906377,0.0002212876473839753,0.00021824966100652036,0.00021527948325533337,0.00021237496221366317,0.00020953403446933262,0.00020675472062068828,0.00020403512105694188,0.00020137341199312595,0.0001987678417415553,0.0001962167272031673,0.00019371845056347423,0.0001912714561790918,0.00018887424764191656,0.0001865253850090486
42,0.0013283576026857193,0.0011413998950448904,0.00106422850718833,0.001005874779978656,0.0009575358030871487,0.000915753498037059,0.0008787115518344943,0.000845343427071864,0.0008149320287563934,0.0007869718535796611,0.0007610894149679135,0.0007369993120975646,0.0007144754802470995,0.0006933361980744493,0.0006734321558180455,0.0006546387162519497,0.0006368518230126647,0.0006199797955233575,0.0006039446233880905,0.0005886782826019567,0.0005741210007688919,0.0005602215828043758,0.0005469312325080558,0.0005342078333255823,0.000522013511247037,0.000510314056674531,0.000499111758867018,0.0004883442055873672,0.0004779856387076715,0.000468012462831416,0.00045840300228381677,0.0004491372926214437,0.0004401969007631846,0.0004315647690115106,0.000423225079139762,0.0004151631334319181,0.000407365250122834,0.00039981867113395725,0.0003925114803579278,0.0003854325310346967,0.00037857138099672285,0.000371918234752725,0.00036546389153714815,0.0003591996985827503,0.0003531175089818386,0.000347209643591872,0.0003414688565167293,0.00033588830375855234,0.00033046151468882714,0.0003251823660329782,0.00032004505810160423,0.00031504409303467973,0.0003101742548535271,0.00030543059113989575,0.0003008083961826076,0.0002963031954505884,0.00029191073126699367,0.0002876269495730144,0.0002834479876820293,0.0002793701629354054,0.00027538996218050667,0.00027150403199968317,0.0002677091696262306,0.00026400231448967497,0.00026038054033840206,0.0002568410478926596,0.0002533811579854328,0.00024999830515264943,0.00024669003163775414,0.00024345398177882198,0.00024028789674927333,0.00023718960962577698,0.00023415704075922355,0.00023118819342674257,0.0002282811497445704,0.0002254340668232913,0.0002226451731484636,0.0002199127651710604,0.00021723520409336819,0.00021461091283715475,0.0002120383731819356
43,0.0014750308210197693,0.0012478964576129912,0.0011552108454561472,0.0010855862208519443,0.0010282295191263403,0.0009788973654084828,0.0009353577069834875,0.0008963059739834314,0.0008608600641513625,0.000828397981348046,0.0007984601163224959,0.0007706950206388764,0.0007448247314939832,0.0007206257688235813,0.0006979146002738528,0.0006765381138478572,0.0006563675673731213,0.0006372913880263288,0.0006192139968625043,0.0006020521345064436,0.0005857327209338608,0.0005701916011030987,0.0005553707875401428,0.0005412189887711433,0.0005276901411976437,0.0005147426949585905,0.0005023406442617997,0.0004904457796060416,0.0004790271373668078,0.00046805639255232165,0.00045750756077244276,0.0004473567425687152,0.000437581902874083,0.0004281626797999996,0.00041908021805955875,0.00041031702320622817,0.00040185683355603905,0.0003936845072091734,0.0003857859220263742,0.00037814788677041476,0.00037075806191108325,0.0003636048888276671,0.0003566775263364765,0.00034996579363087195,0.0003434601188540188,0.00033715149263539005,0.0003310314260148843,0.0003250919122565932,0.0003193253921203029,0.0003137247222149085,0.0003082831461056477,0.0003029942678879089,0.00029785202797538604,0.0002928506808804987,0.00028798477479101533,0.0002832491327693734,0.0002786388354207453,0.0002741492048929764,0.0002697757900863921,0.00026551435296451363,0.00026136085586818007,0.0002573114497456271,0.0002533624632199647,0.000249510392423339,0.00024575189153402374,0.00024208376395884517,0.0002385029541088482,0.0002350065397209893,0.00023159172468301058,0.00022825583232255936,0.00022499629912510745,0.00022181066884837352,0.00021869658700375747,0.00021565179567786005,0.00021267412866942244,0.00020976150691911867,0.00020691193421148047,0.00020412349312993978,0.0002013943412475083,0.00019872270753700706,0.00019610688898602762
44,0.0015697900492060866,0.00134103290776975,0.0012469801250083164,0.001176019921989177,0.0011173475544323825,0.0010667175140160912,0.0010218726227057666,0.0009815301052872106,0.0009448092358449066,0.0009110891230831085,0.0008799110189618811,0.0008509254470601083,0.000823853677380901,0.0007984725498330973,0.0007745987342991457,0.0007520792232181771,0.0007307886702286754,0.0007106121667201346,0.0006914540161263065,0.0006732307976996172,0.0006558692339540401,0.0006393095234888045,0.0006234888906767129,0.0006083557600427006,0.000593863770116932,0.0005799710624100164,0.0005667397114926683,0.0005540329621275548,0.0005418193535779813,0.0005300700822563918,0.0005187587025682689,0.000507860870257688,0.0004973541209956445,0.00048721767838777154,0.00047743228669368585,0.0004679800644247194,0.0004588443756778115,0.0004500097166134885,0.00044146161492696734,0.000433186540517495,0.00042517182585019575,0.00041740559474103456,0.00040987669848963884,0.0004025746584451274,0.00039548961422324714,0.0003886122769042072,0.0003819338866337014,0.0003754461741279666,0.0003691413256499519,0.00036301195107987187,0.000357051054751286,0.0003512520087647573,0.00034560852852624687,0.0003401146502876068,0.0003347647104926093,0.00032955332675453576,0.0003244753803109689,0.00031952599981850606,0.0003147005463650408,0.00030999459959031345,0.00030540394481690775,0.000300924561103952,0.00029655261014468635,0.0002922844259369123,0.00028811650516232467,0.0002840454982168947,0.0002800682008399745,0.00027618154629470155,0.00027238259805665167,0.0002686685429716053,0.000265036684846795,0.00026148443844315237,0.00025800932383890644,0.00025460896113741626,0.00025128106549444495,0.00024802344244213045,0.0002448339834887984,0.0002417106619754664,0.00023865152917141336,0.0002356547105926118,0.00023271840252806825
45,0.0018729404201402178,0.0016217644583466986,0.0015173016275435009,0.0014379904225473774,0.001372072603091214,0.0013149303300526432,0.0012639803066895514,0.0012179637622099068,0.0011759228228604137,0.0011371821794197313,0.0011012427923194996,0.0010677291085531497,0.001036332785493288,0.0010068107828016823,0.000978963315827713,0.0009526235260132635,0.0009276645212865866,0.000903950519524896,0.0008813769091417393,0.00085985240662954,0.0008392967428261447,0.0008196561229041642,0.0008008494620559837,0.0007828200867286784,0.0007655169903144553,0.0007488940624481742,0.000733249489248671,0.0007181958788735768,0.0007036987392229956,0.0006897264537728709,0.0006762499591844885,0.000663242468707745,0.0006506792335493303,0.0006385373359267766,0.0006267955087335606,0.0006154339776841752,0.0006044343225535807,0.0005937793547188818,0.0005834530086867401,0.0005734402456738986,0.000563726967619899,0.0005542999402657074,0.0005451467241411401,0.0005362556124767559,0.0005276155751992336,0.0005192162082889094,0.0005110476878783151,0.0005031007285549083,0.0004953665454024532,0.0004878368193759411,0.0004805036656564563,0.0004733596046763715,0.0004663975355430131,0.00045961071162140026,0.0004529927180647061,0.0004465374511053552,0.00044023909894075645,0.00043409212406603047,0.0004280912469221213,0.00042223143074171385,0.0004165078674877048,0.00041091596478981415,0.0004054513337944739,0.000400109777851595,0.0003948872819692865,0.0003897800029742429,0.0003847842603214419,0.0003798965275020323,0.00037511342400302464,0.00037043170777657693,0.0003658482681804532,0.0003613601193546076,0.00035696439400189126,0.00035265833754361177,0.0003484393026231613,0.00034430474393313973,0.00034025221334342803,0.00033627935530951004,0.0003323839025419621,0.0003285636719195805,0.00032481656062995697
46,0.0019929762227337403,0.0017167845113009192,0.001602548430490241,0.0015160810171675769,0.0014443964919803017,0.0013823933601356372,0.0013273764142749617,0.0012777929548971586,0.0012325839433102888,0.0011910027058900199,0.0011524974755819622,0.0011166467392719295,0.0010831160812352992,0.0010516369107543399,0.0010219885026818843,0.0009939865717799221,0.0009674770561964447,0.0009423243351604947,0.000918413023209335,0.0008956424874338982,0.0008739242860302169,0.0008531818777190305,0.0008333436406697233,0.0008143472417106851,0.0007961366165679679,0.0007786611162239696,0.0007618997252615038,0.000745781864679755,0.00073026963449347,0.000715328307797734,0.0007009259745610491,0.0006870332360154794,0.0006736229409969597,0.0006606699573000246,0.0006481509724408906,0.0006360443192649232,0.0006243298226578493,0.0006129886642754817,0.0006020032627320952,0.0005913571671116495,0.0005810349620103861,0.0005710221826006676,0.0005613052384370149,0.0005518713449162421,0.0005427084614619967,0.0005338052356362406,0.0005251509524909201,0.0005167354885663206,0.0005085492700213516,0.0005005832344478466,0.0004928287959778839,0.0004852778133417773,0.00047792256057612153,0.00047075570011718894,0.0004637702580459489,0.00045695960127786387,0.0004503174165138935,0.0004438376907894672,0.00043751469347589326,0.00043134295960421947,0.00042531727439516873,0.00041943265889076814,0.0004136843565938665,0.00040806782103107344,0.0004025787041629382,0.00039721284557253005,0.0003919662623701218,0.0003868351397574959,0.0003818158222006028,0.00037690480516394296,0.00037209872736421754,0.00036739436350453696,0.0003627886174538301,0.00035827851583913504,0.00035386120202118306,0.0003495339304261503,0.00034529406120868434,0.0003411390552233458,0.00033706646928341656,0.0003330739516877167,0.0003291592379975731
47,0.0021824934407103577,0.0018710151821007082,0.0017425687197310843,0.0016455176237301081,0.0015651805676091704,0.0014957881928370086,0.0014342323012424929,0.0013788194366045608,0.0013283505845300097,0.0012819802298229908,0.0012390834812858176,0.0011991850045639304,0.0011619038186752792,0.001126935707178864,0.0010940306782958613,0.0010629800282899267,0.0010336135353678096,0.0010057732154172719,0.000979328465510625,0.0009541654045386866,0.0009301839707421739,0.0009073025071970293,0.0008854349000949403,0.0008645106976558889,0.0008444665534789304,0.0008252452587243172,0.0008069171585907384,0.0007893049429029651,0.0007723660422578365,0.0007560614677652363,0.0007403554085014543,0.0007252148861459225,0.0007106094570322722,0.0006965109537771419,0.0006828932601519879,0.0006697321140402248,0.0006570049342521284,0.0006446906677103312,0.0006327696541123576,0.0006212235056557962,0.0006100349998007967,0.000599187983362542,0.000588667286487532,0.0005784586452833141,0.000568548632050391,0.000558924592214491,0.0005495745871825755,0.0005404873424513635,0.0005316522003862261,0.0005230590771638567,0.0005146984234365152,0.0005065611883306434,0.0004986387864398573,0.0004909230675129284,0.00048340628857243,0.00047608108823009857,0.00046894046299130794,0.0004619777453640544,0.0004551865836078796,0.0004485609229757367,0.00044209498831720994,0.00043578326792507625,0.0004296204985191351,0.0004236016512718307,0.0004177219187895457,0.000411976702971744,0.0004063616036775673,0.0004008724081360462,0.0003955050810419914,0.00039025575528487717,0.00038512072326276476,0.00038009642873751875,0.0003751794591913962,0.0003703665386485031,0.0003656545209277093,0.0003610403832963927,0.000356521220496917,0.00035209423912003763,0.0003477567523014836,0.00034350617471987506,0.0003393400178758248
48,0.0023505126474088226,0.002032065713324863,0.0018998611774715577,0.0017995768153849022,0.0017162859500346268,0.0016441265571106812,0.0015798866326067235,0.0015218959809146734,0.0014689395286220082,0.0014201607472165625,0.0013749267661065363,0.0013327590912140704,0.001293269244727437,0.0012561491357355784,0.001221145547923243,0.0011880470326560988,0.0011566882625026374,0.0011269020300211361,0.0010985558192094192,0.0010715340179631744,0.001045734982385795,0.0010210854372805496,0.0009974881616746742,0.0009748714134194819,0.0009531706357833188,0.0009323274795945444,0.000912622490055594,0.0008936665467581821,0.0008754157787097818,0.0008578299783425184,0.0008408721905931243,0.0008245083603512891,0.0008087070282991921,0.000793439067139915,0.0007786774517468919,0.000764397057969123,0.0007505744857769963,0.0007371879031897195,0.000724216908031645,0.0007116424050539536,0.0006994464963554532,0.0006876123833607929,0.0006761242788810041,0.0006649673280014877,0.000654127536725346,0.000643591707452409,0.0006333473805020611,0.0006233827809954595,0.0006136867705036018,0.0006042488029447448,0.0005950588842803483,0.000586107535614783,0.0005773857593521894,0.0005688850081052539,0.0005605971560864293,0.0005525144727430725,0.0005446295984248366,0.000536935521895095,0.0005294255595185834,0.0005220933359753636,0.0005149327663669106,0.0005079380395939624,0.0005011036028979329,0.0004944241474684973,0.0004878945950294733,0.00048151008532360624,0.00047526596442440335,0.00046915777380987034,0.0004631812401390012,0.00045733226567723414,0.00045160691932190014,0.0004460014281829852,0.00044051216967843157,0.00043513566410666513,0.00042986856766221874,0.0004247076658631385,0.0004196498673614444,0.00041469219811025924,0.0004098317958633101,0.0004050659049844521,0.0004003918715465991
49,0.002540159455392059,0.0022167086682945477,0.00208143692410538,0.0019784028890612584,0.001892534701369003,0.001817916236510622,0.0017512573012097995,0.0016909243252705261,0.0016356922896862088,0.0015846978153690001,0.0015373030340172353,0.0014930276607047726,0.001451478119356523,0.0014123438251068647,0.0013753694553686046,0.0013403417403569564,0.0013070982628013558,0.0012754657886303623,0.0012453104938087193,0.0012165155635899445,0.0011889782378380752,0.00116262984597304,0.0011373664483832694,0.0011131153738997094,0.0010898111827603357,0.0010673946834495786,0.0010462606728762992,0.0010259025293204364,0.0010062756666581764,0.0009873391895960663,0.0009690554807100847,0.0009513898461529882,0.0009343102099929429,0.0009177868491347357,0.0009017921623195663,0.000886300467909737,0.0008712878261205613,0.0008567318821226998,0.0008426117270478588,0.000828907774422865,0.0008156016499565625,0.0008026760929302937,0.0007901148677106921,0.0007779026841248472,0.0007660251256215409,0.0007544685842954296,0.0007432202019793758,0.0007322678167180726,0.0007215999140273531,0.0007112055824209421,0.000701074472752315,0.0006911967609756171,0.000681563113977894,0.0006721646581764571,0.0006629929506110122,0.000654039952291301,0.0006452980035879011,0.0006367598014773626,0.0006284183784733263,0.0006202670830932326,0.0006122995617259768,0.0006045097417797374,0.0005968918160013992,0.000589440227869829,0.0005821496579748044,0.0005750150113018974,0.0005680314053511744,0.000561194159024297,0.0005544987822206187,0.0005479409660882651,0.000541516573880971,0.0005352216323758135,0.000529052323810835,0.00052300497830506,0.0005170760667265887,0.0005112621939772687,0.0005055600926650611,0.0004999666171375321,0.0004944787378520279,0.0004890935360600362,0.0004838081987849612
50,0.0027023858502970666,0.002295014376849355,0.0021284242886722956,0.002003180677025142,0.001899948041960393,0.0018111214678283082,0.0017327927533621773,0.001662549810831909,0.0015988055094294214,0.0015404401399289325,0.001486625932497223,0.0014367241248991458,0.0013902387891075944,0.0013467670558436357,0.0013059779758976433,0.0012675953872628377,0.0012313722291721065,0.0011971214416124241,0.0011646706378581225,0.001133869633122904,0.0011045865921869209,0.0010766850996367003,0.001050080825470667,0.0010246812995741608,0.0010004034743109408,0.0009771724386639753,0.0009544704339979626,0.0009326777839844566,0.0009117396339283721,0.000891605775565775,0.0008722301234106684,0.000853570265507156,0.0008355870758813887,0.0008182443784998331,0.0008015086544928299,0.0007853487859329131,0.0007697358306668488,0.0007546428236632894,0.0007400446011100639,0.000725917644118404,0.0007122399393976757,0.0006989908546778446,0.0006861510269968449,0.0006737022622508323,0.0006616274446384414,0.0006499104548246998,0.0006385360958132298,0.0006274900256526333,0.0006167586962188825,0.000606329297413984,0.0005961897062050034,0.0005863284399991873,0.0005767346139123896,0.0005673979015409412,0.0005583084988927176,0.0005494570911727889,0.0005408348221533237,0.0005324332658873917,0.0005242444005524087,0.0005162605842318667,0.0005084745324640684,0.0005008792974042586,0.000493468248462128,0.00048623505429043956,0.0004791736660127369,0.0004722783015889091,0.00046554343122703765,0.0004589637637585136,0.0004525342339011018,0.00044624999034145616,0.00044010638457475486,0.0004340989604446179,0.00042822344433143757,0.0004224757359416992,0.0004168518996549101,0.0004113481563883706,0.00040596087594331465,0.0004006865697989267,0.00039552188432342885,0.0003904635943738961,0.00038550859725867964
51,0.0031842741644869162,0.002778916674329338,0.0026086937613868212,0.0024787428490649433,0.0023702386509851575,0.002275793888835583,0.002190725903028177,0.0021135714401141533,0.0020428040221113996,0.0019773480110569304,0.0019164088113720835,0.0018594115285695068,0.001805842273549791,0.0017553140671469466,0.0017075087265498573,0.001662160408358647,0.001619119115451257,0.0015781155200185293,0.0015389825871464547,0.0015015744458352573,0.001465762711500486,0.0014315272834827131,0.0013986713839838436,0.0013671040445685778,0.0013367432997908688,0.0013075149640546873,0.0012812481187817332,0.0012559529847405802,0.0012315734900401438,0.0012080582130603974,0.0011853598618780015,0.001163434827643967,0.0011422427992641088,0.001121746429238369,0.001101911042461524,0.0010827043813129622,0.001064096381567964,0.0010460589746217907,0.0010285659122863337,0.001011592611039267,0.0009951160131090534,0.0009791144621905026,0.000963567591923308,0.0009484562255450045,0.0009337622853612746,0.0009194687108696649,0.000905559384534469,0.0008920190643467416,0.0008788333224183287,0.000865988488956441,0.0008534716010483293,0.0008412703557566308,0.000829373067086862,0.0008177686264409146,0.0008064464662156148,0.0007953965262446023,0.0007846092228157544,0.0007740754200260019,0.0007637864032612485,0.0007537338546117167,0.0007439098300529413,0.0007343067382400877,0.00072491732077869,0.0007157346338485417,0.0007067520310695273,0.000697963147508889,0.0006893618847389768,0.0006809423968629869,0.0006726990774337989,0.000664626547197802,0.0006567196426016572,0.0006489734050054225,0.0006413830705503577,0.0006339440606341439,0.0006266519729502404,0.0006195025730516988,0.0006124917864030008,0.0006056156908864601,0.000598870509732369,0.000592252604844532,0.0005857584704950282
52,0.0034968571126493576,0.0030702418914450125,0.0028909395916606744,0.0027540127821876325,0.002639658360394761,0.002540104075596717,0.0024509565932055617,0.002370153043058248,0.0022960825397933546,0.0022276096174865916,0.002163895261825781,0.0021043095546055906,0.0020483323726362664,0.0019955549600270653,0.0019456411993144082,0.00189831024948209,0.0018533511528008122,0.0018105321900374921,0.0017696770018203862,0.0017306315862778508,0.0016932604170101179,0.0016574753895122777,0.001623136381933471,0.0015901474688946892,0.0015584222322535322,0.001527882469911097,0.0014990811205719285,0.0014713104881954795,0.0014445121416624333,0.001418632457882536,0.0013936220846453668,0.0013694354798056967,0.0013460305137348895,0.0013233681245602901,0.001301412017726741,0.0012801284029908327,0.0012594857632035035,0.0012394546502273816,0.001220007504129121,0.0012011184924275303,0.0011827633666982235,0.0011649193342601995,0.0011475649430183984,0.0011306799778243286,0.0011142453669556692,0.001098243097515075,0.001082656138715211,0.0010674683721575173,0.001052664528330742,0.001038230128655948,0.0010241514324903053,0.0010104153885751707,0.000997009590476751,0.0009839222356215918,0.0009711420875757487,0.0009586584412568537,0.0009464610908032813,0.0009345402998551505,0.0009228867740285066,0.000911491635387356,0.0009003463987386504,0.0008894429495933667,0.0008787735236526375,0.0008683306876919687,0.0008581073217289649,0.0008480966023710276,0.0008382919872492969,0.0008286872004538398,0.0008192762188929044,0.0008100532595060179,0.0008010127672669904,0.0007921494039184693,0.0007834580373847612,0.0007749337318141735,0.0007665717382062234,0.0007583674855827921,0.0007503165726656082,0.0007424147600255257,0.0007346579626717964,0.0007270422430520315,0.0007195638044358456
53,0.0038848497732145927,0.003442387526190089,0.003254836712178062,0.0031109218408731875,0.0029902489051805104,0.002884819467842354,0.002789833201058601,0.002703449113498658,0.0026240135395613237,0.0025503613846799725,0.002481632039649448,0.002417191308498176,0.0023564940877784427,0.00229912124692575,0.002244728112503636,0.002193026646136692,0.0021438274792851962,0.002096865617589684,0.002051959969791546,0.002008952323994878,0.0019677033707664496,0.0019281569934295692,0.0018901342093722631,0.0018535361960745997,0.0018182738569850999,0.0017842665008901033,0.0017527970123378085,0.0017224165283996464,0.0016930643838535177,0.0016646848686374183,0.0016372266751456446,0.001610642424118244,0.0015848882556548842,0.0015599234745564342,0.0015357102412727026,0.0015122133013604014,0.0014893997476389,0.0014672388102525778,0.0014457016706667307,0.001424761296284,0.0014043922929038574,0.0013845707726851566,0.0013652742356307865,0.00134648146290995,0.00132817242057956,0.0013103281724712757,0.0012929308011824215,0.0012759633362534988,0.0012594096887369938,0.001243254591465666,0.001227483544416565,0.0012120827646422794,0.0011970391403054246,0.0011823401884078835,0.0011679740158541854,0.001153929283529845,0.0011401951731115165,0.001126761356357091,0.0011136179666512414,0.0011007555726058687,0.0010881651535358731,0.0010758380766492045,0.0010637660758063756,0.001051941231719074,0.0010403559534702413,0.001029002961249283,0.00101787527020617,0.001006966175337153,0.0009962692373227994,0.0009857782692462456,0.0009754873241259782,0.0009653906832031825,0.00095548284492893,0.0009457585146010983,0.0009362125946051319,0.0009268401752165801,0.0009176365259267484,0.0009085970872559436,0.000899717463021603,0.0008909934130311781,0.0008824208461719771
54,0.004181332445998411,0.0036575538981519604,0.003438378834055079,0.003271475205898413,0.003132431470379844,0.0030116589721282524,0.0029040389305110903,0.002806746138396169,0.0027177832462350246,0.0026357413328282953,0.002559578663546359,0.0024884977788834804,0.002421866628966973,0.0023591771781168174,0.002300011592601025,0.00224402072274033,0.0021909049800511574,0.002140412894822199,0.0020923254070795657,0.0020464512752715134,0.0020026222545259137,0.0019606786825019304,0.0019204965797499653,0.0018819571249317673,0.0018449533291868628,0.0018093884301914572,0.0017748650577559181,0.001741584900345073,0.0017094772475714551,0.0016784772158230238,0.0016485250970756098,0.0016195658002378752,0.0015915483691899782,0.0015644255648162356,0.0015381535007705056,0.0015126913246235672,0.0014880009375505348,0.0014640467469171864,0.0014407954470861872,0.00141821582454064,0.0013962785840524944,0.001374956193138161,0.0013542227424663017,0.0013340538202318963,0.0013144263988002,0.0012953187321658474,0.0012767102629745901,0.001258581538025391,0.0012409141313144273,0.0012236905738044778,0.0012068942892070776,0.001190509535153505,0.0011745213492068119,0.0011589154992325374,0.0011436784377022841,0.0011287972595532113,0.0011142596632690237,0.0011000539148849798,0.001086168814651762,0.0010725936661213002,0.0010593182474424791,0.0010463327846764528,0.0010336279269605585,0.0010211947233668376,0.001009024601316205,0.000997109346422737,0.0009854410836543806,0.0009740122597070381,0.0009628156264984232,0.0009518442256965337,0.0009410913742052199,0.0009305506505360811,0.000920215882002097,0.0009100811326738583,0.0009001406920443018,0.0008903890643522914,0.0008808209585194736,0.0008714312786585241,0.000862215115114234,0.0008531677360019248,0.000844284579210432
55,0.004416374491539183,0.0038159752341639253,0.00356704289801529,0.003378427549127513,0.003221942747114075,0.003086512321208387,0.0029662513730006885,0.0028578471902152036,0.002758993420917007,0.002668063245736896,0.0025838539832693723,0.0025054454079661086,0.0024321084231732105,0.0023632569991625485,0.002298409380443191,0.0022371632187309673,0.002179176243700242,0.002124156993188595,0.002071853460042419,0.00202204580579466,0.0019745407820289237,0.0019291607546636847,0.0018857586458114587,0.0018441982757953243,0.0018043571400599221,0.00176612454941595,0.00172919547076912,0.0016936620614400736,0.0016594428394064377,0.0016264631166015597,0.001594654237192038,0.0015639529240535621,0.0015343007149477828,0.001505643473564687,0.0014779309634401184,0.001451116474987833,0.0014251564976468822,0.001400010430547192,0.0013756403262200716,0.0013520106627873622,0.0013290881407993752,0.001306841501493474,0.0012852413637392537,0.0012642600773446235,0.0012438715907357413,0.0012240513313064427,0.0012047760969695332,0.0011860239576415707,0.00116777416556115,0.0011500070734835404,0.0011327040599161543,0.0011158474606633361,0.001099420506038094,0.0010834072631751503,0.0010677925829459141,0.0010525620510333502,0.0010377019427745026,0.0010231991814218368,0.0010090412995124335,0.000995216403067217,0.0009817131383715336,0.0009685206611140054,0.0009556286076831356,0.0009430270684411668,0.000930706562812323,0.000918658016038284,0.0009068727374677175,0.0008953424002591079,0.0008840590223872511,0.0008730149488537132,0.0008622028350104625,0.0008516156309138581,0.0008412465666334082,0.000831089138446108,0.0008211370958530982,0.0008113844293605744,0.0008018253589716892,0.000792454323340518,0.0007832659695430287,0.0007742551434236259,0.0007654168804790207
56,0.004981372660719671,0.0043417161206403525,0.004073525109302238,0.0038690262402287577,0.0036984634965149697,0.0035501540852864947,0.0034168361607942637,0.0032960744637999095,0.0031854457947863386,0.003083241650836355,0.0029881992781653293,0.002899396053611292,0.0028160226635549836,0.0027374635391550963,0.002663212425381,0.00259284626960547,0.0025261035272261226,0.0024625776060098682,0.0024020027870688284,0.0023441470306402442,0.0022888061326322346,0.002235916675066138,0.002185196712591403,0.0021365017431061576,0.0020897015967522537,0.0020446784905719276,0.002003656739954397,0.001964151484140524,0.00192607524791414,0.0018893478094976393,0.001853895388604347,0.001819649949835547,0.0017865486016925471,0.001754533075381833,0.001723549270627383,0.0016935468580831314,0.001664478929817668,0.0016363016908388709,0.0016089741858247774,0.001582458056194266,0.0015567173234364217,0.001531718195258914,0.0015074288916425973,0.0014838194883246287,0.001460861775593573,0.0014385291305810234,0.0014167964014866767,0.001395639802386027,0.0013750368174492563,0.0013549661135521041,0.001335407460388986,0.0013163416573094885,0.00129775046619421,0.0012796165497677553,0.0012619234148171115,0.0012446553598447858,0.0012277974267390775,0.0012113353560900385,0.001195255545820031,0.0011795450128330553,0.0011641913574180316,0.0011491827301684857,0.001134507801205098,0.00112015573150887,0.0011061161461914412,0.0010923791095458185,0.0010789351017356443,0.0010657749969943482,0.0010528900432173866,0.0010402718428413054,0.0010279123349128865,0.0010158037782601141,0.001003938735684351,0.0009923100591000165,0.0009809108755542552,0.0009697345740647085,0.0009587747932185709,0.0009480254094807297,0.0009374805261629207,0.00092713446300968,0.0009169817463602788
57,0.0052498999378115625,0.0045621530227340735,0.004275755814942457,0.004058191061018858,0.0038772903182237384,0.003720418530944403,0.003580827768438507,0.0034547677613389134,0.00333961267833514,0.0032335108793319295,0.003135093765240927,0.003043316787469529,0.002957348198300088,0.002876521211438745,0.002800287645145734,0.0027281896131770953,0.0026598444462172157,0.0025949137178928002,0.0025331103760354353,0.002474183926892259,0.002417914092063061,0.0023641081958653888,0.002312588805420834,0.002263200446151375,0.0022158031867983976,0.0021702705265095753,0.0021264741605581837,0.002084301873033675,0.002043659825937313,0.002004461968220722,0.001966629163933863,0.0019300884442249877,0.0018947723620093685,0.001860618432318991,0.0018275686446048028,0.0017955690358172265,0.0017645693151081175,0.0017345225326031277,0.001705384785980337,0.001677114959629622,0.0016496744920103325,0.0016230271675136887,0.0015971389297019703,0.0015719777132638404,0.0015475132924128458,0.001523717143779549,0.0015005623221186698,0.0014780233473805967,0.001456076101889251,0.0014346977365317058,0.001413866585004116,0.0013935620852774055,0.00137376470754819,0.001354455888028149,0.0013356179680007788,0.0013172341376400931,0.0012992883841427573,0.0012817654437747474,0.00126465075747696,0.0012479304297120515,0.0012315911902681378,0.001215620358764214,0.0012000058116279847,0.0011847359513396385,0.0011697996777552864,0.001155186361341726,0.0011408858181702016,0.0011268882865309695,0.0011131844050432734,0.001099765192146597,0.0010866220268693264,0.0010737466307800339,0.0010611310510348312,0.0010487676444416343,0.0010366490624688664,0.0010247682371321357,0.001013118367697887,0.0010016929081479678,0.0009904855553535227,0.000979490237910718,0.0009687011055944871
58,0.00587202345863779,0.005166621585220052,0.004868393765930341,0.004639904825178047,0.004448568400579356,0.004281600383984202,0.0041306913982211615,0.003993536901317753,0.003867493369659389,0.0037506979616481833,0.0036417744397035804,0.0035397338073215067,0.0034436784159508206,0.0033529377199570274,0.003266960238578953,0.003185285069071885,0.003107665407715683,0.0030336199477120573,0.002962858850898575,0.0028951288947272717,0.002830207111090292,0.002768073500502076,0.002708370451768388,0.0026509398051120306,0.0025956389770267095,0.0025423388461469727,0.0024945009958747552,0.0024483735380001746,0.002403859558155774,0.002360870114927983,0.002319323349169539,0.002279143719889746,0.0022402613450518078,0.0022026114299021657,0.0021661337687935425,0.0021307723090776003,0.0020964747677077082,0.00206319229283516,0.002030879163998707,0.0019994925255693886,0.001968992148974801,0.0019393402199311478,0.0019105011474896002,0.0018824413921809996,0.0018551293109391018,0.0018285350168128819,0.0018026302517551887,0.0017773882710078257,0.0017527837377997583,0.0017287926272420533,0.0017053921384450926,0.001682560614004993,0.0016602774661102421,0.0016385231086090371,0.0016172788944551191,0.0015965270580167513,0.001576250661791591,0.0015564335471207574,0.0015370602885395707,0.0015181161514410577,0.0014995870527622654,0.0014814595244332653,0.001463720679355011,0.0014463581796955228,0.001429360207314405,0.001412715436144055,0.0013964130063721125,0.001380442500284261,0.0013647939196393584,0.0013494576644605082,0.001334424513136017,0.0013196856037335004,0.0013052324164387844,0.0012910567570387599,0.0012771507413741705,0.0012635067806944498,0.0012501175678522672,0.0012369760642805005,0.0012240754876989015,0.0012114093005018668,0.001198971198782543
59,0.006098416824248784,0.005306087333233218,0.004976423295683605,0.0047261682646363695,0.004518226035782524,0.004338020903783797,0.004178254039693291,0.004034136023474011,0.0039026286292310093,0.0037815886071983435,0.0036694313148477637,0.0035649247813856724,0.003467127200342187,0.0033752661520523074,0.0032887065451440113,0.0032069178696061433,0.0031294030691863856,0.0030558231829290413,0.002985845790983006,0.0029191808375851665,0.002855573286733986,0.002794729001628879,0.002736513457795602,0.0026807468445250704,0.0026272673606921536,0.0025759287673334233,0.002525071940157405,0.002476079357021961,0.002428843973440744,0.0023832676028442443,0.0023392599255775545,0.002296737638689165,0.002255623722423246,0.002215846804099732,0.0021773406037736307,0.0021400434489697306,0.0021038978480832356,0.0020688501138627427,0.0020348500298554154,0.002001850553875025,0.0019698075535121095,0.0019386795694886234,0.0019084276033024825,0.0018790149261386003,0.0018504069064636303,0.001822570854089298,0.0017954758787970565,0.0017690927618759387,0.0017433938391443365,0.001718352894212169,0.0016939450608980074,0.0016701467338508182,0.0016469354865419057,0.0016242899958923058,0.0016021899728869238,0.0015806160986012675,0.0015595499651312734,0.0015389740209730846,0.0015188715204488478,0.001499226476817626,0.0014800236187483722,0.0014612483498651155,0.00144288671110387,0.0014249253456466889,0.001407351466221236,0.0013901528245746342,0.0013733176829484725,0.0013568347873980154,0.0013406933428130627,0.0013248829895108174,0.0013093937812827022,0.0012942161647873948,0.0012793409601917268,0.0012647593429694663,0.0012504628267756008,0.0012364432473205749,0.0012226927471751146,0.00120920376144193,0.0011959690042356152,0.0011829814559167428,0.0011702343510303288
60,0.00685681950662028,0.006053315608361512,0.005712024626515448,0.0054498448539694625,0.005229804912524787,0.005037407165814619,0.004862582252722389,0.004703359533781386,0.004556748663079828,0.00442064324597145,0.004293487627709871,0.004174191659770403,0.00406171360904658,0.003955295858555998,0.0038543153399547333,0.0037582513039527347,0.0036668880101875935,0.003579617962475934,0.0034961134398816263,0.0034160880450793264,0.003339289517542384,0.0032657752454332287,0.003195059518865547,0.0031269631118850116,0.0030613243730053317,0.0029979968391481665,0.002942544543156387,0.0028890575974158533,0.0028374251525702826,0.0027875454606215194,0.002739324858647128,0.00269267689696449,0.002647521587005141,0.0026037847490674674,0.002561397443925386,0.0025202954752549618,0.0024804189521977506,0.002441711903254991,0.002404121934209445,0.002367599923984017,0.0023320997533302604,0.002297578062043582,0.0022639940310617774,0.0022313091863484626,0.002199487221914993,0.002168493839711446,0.0021382966044329686,0.002108864811553405,0.0020801693671225175,0.0020521826780533874,0.0020248785517886525,0.001998232104372638,0.001972219676075115,0.0019468187538146124,0.0019220078997172463,0.0018977666852233947,0.001874075630220714,0.001850916146739747,0.0018282704867986733,0.001806121694027816,0.0017844535587432763,0.0017632505761730082,0.001742497907568715,0.001722181343963426,0.001702287272358145,0.0016828026441417499,0.0016637149455669227,0.0016450121701213774,0.001626682792648414,0.0016087157450840035,0.0015911003936895085,0.0015738265176696183,0.0015568842890747935,0.0015402642538959318,0.0015239573142668893,0.001507954711697348,0.0014922480112649615,0.0014768290867013842,0.0014616901063120454,0.001446823519674221,0.0014322220450623017
61,0.00721988333113981,0.006325811212299975,0.005951660438405478,0.005666741268170838,0.005429384755194508,0.005223223007807831,0.005039874296851748,0.004874166706189567,0.0047226881704527076,0.004583031664503749,0.004453417364850122,0.004332467545879478,0.004219117330582032,0.004112498667189911,0.004011897614201628,0.003916717583584409,0.0038264111982648633,0.0037405842339653813,0.003658862434979637,0.003580919077946207,0.0035064667343226185,0.003435186615724362,0.003366913077954132,0.0033014431754994603,0.003238594178238562,0.0031782008278905863,0.003118618918554513,0.003061163268786084,0.0030057135204854435,0.0029521592129153475,0.0029003986771426837,0.0028503380875982156,0.0028018906438535655,0.0027549758610472984,0.0027095189515341286,0.0026654502835764963,0.00262270490546066,0.0025812221254588523,0.002540945139693225,0.0025018207012758205,0.0024637988251689736,0.0024268325240846514,0.0023908775714590116,0.002355892288131109,0.0023218373498464125,0.002288675613115893,0.0022563719573049077,0.0022248931411150115,0.0021942076718660247,0.002164285686192671,0.0021350988409464095,0.0021066202132436836,0.0020788242087309648,0.0020516864772481347,0.002025183835167543,0.0019992941937691977,0.0019739964930845376,0.0019492706407041082,0.0019250974550991213,0.0019014586130549726,0.0018783366008568293,0.0018557146689044304,0.0018335767894659297,0.0018119076173094347,0.001790692452976528,0.0017699172084846338,0.0017495683752653999,0.0017296329941641584,0.0017100986273416274,0.0016909533319333456,0.0016721856353352788,0.001653784511995454,0.0016357393616020254,0.0016180399885673971,0.0016006765827165416,0.0015836397010952506,0.0015669202508209494,0.001550509472904977,0.001534398926980839,0.0015185804768782039,0.0015030462769869697
62,0.008034372212675195,0.007042502275572292,0.006624433276615708,0.006304818133685975,0.006037696210296977,0.005805021157553913,0.005595166477769799,0.005404828274778703,0.005230254247584047,0.005068797809785656,0.004918502104915933,0.004777948972207411,0.0046458697305835775,0.0045213093912890995,0.004403482210402756,0.004291731287338772,0.004185671647893903,0.004084648010576636,0.003988247410449705,0.0038961090598472084,0.0038079153056275175,0.0037235887886273877,0.0036426672650418878,0.0035649258100532216,0.0034901617147133413,0.0034181914757008113,0.003352833333184874,0.0032898313728343055,0.0032290515039903596,0.0031703706883266227,0.0031136757045877525,0.0030588620888539276,0.0030058332202871642,0.002954499528269936,0.002904777801471694,0.0028565905830028977,0.002809865638678065,0.002764535487687088,0.0027205369867991493,0.0026778109606961894,0.002636301872228365,0.0025959575273602413,0.0025567288103783207,0.0025185694455926127,0.0024814357823143207,0.002445286600349918,0.0024100829336356254,0.002375787909959212,0.0023423666049888184,0.002309785909059879,0.0022780144053682603,0.0022470222583859814,0.0022167811114603493,0.002187263992681472,0.002158445228210271,0.0021303003623520003,0.0021028060837407847,0.0020759401570708863,0.002049681359871647,0.002024009423876745,0.001998904980585351,0.0019743495106543186,0.0019503252967969535,0.0019268153798962097,0.001903803518068771,0.0018812741484417815,0.0018592123514266448,0.00183760381729434,0.0018164348148746862,0.0017956921622180747,0.0017753631990725385,0.0017554357610419502,0.0017358981553028253,0.0017167391377675243,0.0016979478915912587,0.0016795140069286807,0.0016614274618536237,0.001643678604362566,0.0016262581353886222,0.0016091570927587726,0.0015923668360321597
63,0.008598602739187952,0.00744865018202265,0.006971081914070111,0.006609051072541176,0.006308614091470656,0.006048563636021463,0.005817724779788549,0.0056097242448355815,0.005420127272531403,0.005245803841019716,0.005084438678322688,0.0049342493699997296,0.004793839277531904,0.004662078904140142,0.004538039388779397,0.004420944724069632,0.004310103366515135,0.004204981658776663,0.004105093505489478,0.004010014789042158,0.003919372637948836,0.003832776902898273,0.0037499890087891344,0.00367074637212925,0.003594812765996135,0.0035219747404724518,0.0034505465533743733,0.0033817741007133697,0.003315503716031434,0.003251594492880361,0.003189916855909091,0.003130351334933519,0.0030727875072736727,0.003017123080518182,0.00296326309321716,0.0029111192151902165,0.002860609132442483,0.0028116560043130287,0.0027641879825891203,0.0027181377840217614,0.00267344230905985,0.0026300423007490255,0.0025878820386684965,0.0025469090635448477,0.0025070739288173766,0.0024683299759593776,0.0024306331308040965,0.0023939417184974405,0.0023582162950155257,0.0023234194934528087,0.002289515883514689,0.002256471842843395,0.002224255438973088,0.0021928363208540674,0.0021621856190099428,0.0021322758534993262,0.0021030808489468406,0.0020745756559895734,0.002046736478556089,0.0020195406064573047,0.0019929663528229823,0.001966992995965739,0.00194160072529662,0.001916770590953863,0.0018924844568395055,0.001868724956787905,0.0018454754536164938,0.0018227200008322977,0.0018004433067886213,0.0017786307011049061,0.0017572681031794877,0.0017363419926398817,0.0017158393815887853,0.0016957477885160216,0.0016760552137576729,0.001656750116393469,0.001637821392482451,0.0016192583545450734,0.001601050712207155,0.0015831885539278872,0.001565662329740083
64,0.009431765825266046,0.00822665408591905,0.007720338552442562,0.007333798626421641,0.007011073440002205,0.00673019690652871,0.006476871557581609,0.006247156764996814,0.0060365035717416995,0.005841705323739381,0.005660392348530273,0.0054908607025212575,0.0053315646003029024,0.005181349009792999,0.0050392639881306515,0.004904515662877559,0.004776675526615542,0.004654917565263383,0.004538742850723062,0.004427715607508117,0.004321452250718253,0.004219912381680791,0.004122486433177049,0.004028902683912826,0.003938916290783581,0.003852305640982602,0.003774863069672403,0.0037002864353539782,0.003628410328699296,0.003559083059672982,0.0034921651216890076,0.0034275278739464912,0.0033650524046260916,0.0033046285450199176,0.003246154010410133,0.003189533648011143,0.003134678775844595,0.003081506599245149,0.0030299396939623864,0.002979905546653562,0.002931336145047562,0.002884167611273476,0.0028383398728441026,0.0027937963666075137,0.0027504837716629533,0.0027083517678069668,0.0026673528165530374,0.002627441962169345,0.0025885766505189005,0.002550716563773858,0.0025138234693211805,0.0024778610813860538,0.002442794934079337,0.0024085922647297114,0.0023752219064947268,0.0023426541893604297,0.002310860848739576,0.002279814940965799,0.0022494907650573766,0.002219863790191053,0.00219091058838492,0.0021626087719410305,0.002134936935243791,0.0021078746005504575,0.002081402167445632,0.0020555008656632304,0.002030152711007589,0.0020053404641303,0.0019810475919418927,0.0019572582314573025,0.0019339571558921829,0.0019111297428430526,0.0018887619443988602,0.001866840259044463,0.001845351705228408,0.0018242837964778866,0.0018036245179534204,0.0017833623043445204,0.0017634860190154332,0.0017439849343173016,0.0017248487129895376
65,0.010121967876761836,0.008778762706425459,0.008219836966945988,0.007795655935784848,0.007443311897117225,0.007138077065738861,0.006866420111987341,0.006621412257970245,0.006397886295437545,0.0061921954495840455,0.006001642262508407,0.005824170730447821,0.005658132794518175,0.005502212295834817,0.00535532675372239,0.0052165717008607285,0.005085188018295864,0.004960506051998825,0.004841958907987479,0.004729051867592159,0.004621349890361617,0.0045184574648294805,0.004420035677200624,0.0043257779190365685,0.004235408284780457,0.004148677403999878,0.0040648495264241765,0.003984132301501104,0.003906345932022544,0.003831325543368729,0.003758919512649392,0.0036889880351996906,0.0036214018878352873,0.003556041356310913,0.003492795300673007,0.003431560337091645,0.003372240118623394,0.0033147447004338265,0.0032589899774749377,0.003204897184602824,0.0031523924507369347,0.0031014063999822592,0.003051873793719798,0.003003733208566261,0.0029569267458469045,0.0029113997688451753,0.002867100664612169,0.0028239806275556665,0.0027819934623978322,0.00274109540440371,0.002701244955049445,0.0026624027315269305,0.0026245313286772155,0.0025875951921130007,0.0025515605014358794,0.0025163950625795538,0.0024820682084195017,0.002448550706884574,0.0024158146758889967,0.002383833504475967,0.0023525817796277576,0.002322035218253375,0.00229217060391435,0.002262965727892874,0.0022343993342453386,0.0022064510685186767,0.002179101429837482,0.002152331726097174,0.0021261240320227855,0.002100461149874735,0.0020753265726024587,0.002050704449264263,0.002026579552547551,0.0020029372482376698,0.001979763466496548,0.0019570446748236933,0.0019347678525826906,0.001912920466985745,0.0018914904504374124,0.0018704661791465094,0.0018498364529222033
66,0.011100327647733442,0.009602350098329885,0.008977903929931346,0.008503498887210852,0.008109085737918693,0.007767134890926653,0.007460685337092649,0.007183913754382186,0.006931078933806613,0.006698129541857038,0.006482069093915363,0.006280691836764729,0.00609208838383537,0.005914796344532064,0.005747612792366748,0.00558953242697841,0.005439888742999602,0.005297757859068005,0.005162509029207466,0.005033591635219871,0.004910521311702637,0.004793082128619283,0.004680669190024953,0.004572940649669481,0.004469588772245175,0.004370335306235146,0.004278968544966653,0.004191054513388031,0.004106391644242791,0.004024795176520809,0.003946095271194341,0.003870135394603044,0.0037967709237312895,0.0037258679366792883,0.003657302158667584,0.003590958039430143,0.0035267279422085476,0.0034645114280279854,0.003404214621715951,0.0033457496483680475,0.0032890341307870693,0.003233990739909935,0.0031805467914593436,0.003128633883067093,0.0030781875669537257,0.003029147053948502,0.002981454945219222,0.00293505698857435,0.0028899018566164473,0.0028459409443791933,0.002803128184381235,0.0027614198772872964,0.0027207745365875396,0.002681152745896006,0.002642517027632774,0.0026048317219964216,0.0025680628752565013,0.002532178136503147,0.0024971466620845287,0.0024629390270449834,0.0024295271429486194,0.0023968841815365737,0.00236498450372195,0.002333803593475846,0.0023033179962016633,0.002273505261233665,0.002244343888130348,0.0022158132764638896,0.0021878936788345283,0.0021605661568631866,0.0021338125399377778,0.002107615386508347,0.002081957947744024,0.002056824133380691,0.002032198479602827,0.002008066118815922,0.0019844127511776948,0.001961224617767074,0.0019384884752795175,0.0019161915721461276,0.0018943216259819859
67,0.012031773911815003,0.01036969985422037,0.009680226051313431,0.00915784361472334,0.008724523584525624,0.008349590747978891,0.008015389174489893,0.007714171601050328,0.007439533085211698,0.0071869535568941335,0.00695308982959686,0.006735430931198122,0.006531897862347985,0.006340859788440133,0.0061609755954306926,0.005991124873452202,0.005830453427918328,0.005678045805935023,0.0055331999983501854,0.005395303489978289,0.005263817760555382,0.00513836423118024,0.005018412049362848,0.004903581842564953,0.004793532309504099,0.004687955049300221,0.004588250588562551,0.004492349110747669,0.004400027458531853,0.0043110811257185975,0.004225322164605919,0.004142577390597607,0.004062686833252955,0.003985502393025078,0.003910886670751284,0.003838711943082446,0.0037688592618761504,0.0037012176594291364,0.0036356834445115662,0.003572159576656941,0.0035105551081845397,0.0034507846850839884,0.003392768099249357,0.0033364298856715727,0.0032816989591287625,0.003228508285690672,0.0031767945850037227,0.003126498059871004,0.0030775621501038966,0.0030299333080148214,0.00298356079325479,0.002938396484985087,0.002894394709617682,0.002851512082569723,0.0028097073626594687,0.0027689413179288716,0.0027291766018146834,0.0026903776387093865,0.0026525105180572432,0.0026155428962219814,0.0025794439054426586,0.002544184069264584,0.002509735223894365,0.0024760704449829254,0.0024431639793889974,0.0024109911815187865,0.0023795284538757934,0.002348753191489037,0.0023186437299184915,0.002289179296563763,0.0022603399650266386,0.0022321066122999995,0.0022044608785754226,0.002177385129479529,0.0021508624205652006,0.0021248764638983177,0.0020994115965936692,0.0020744527511657265,0.002049985427570556,0.00202599566682509,0.0020024700260987986
68,0.012943501176868542,0.011097673684516335,0.010334933989626241,0.009758296097064773,0.009280836114299957,0.008868373748481522,0.008501273594543744,0.008170855229849847,0.007869978693402684,0.0075936049555613465,0.0073380069934424474,0.007100384220642176,0.0068784208358133895,0.00667029927174509,0.006474525120052449,0.006289850171484658,0.006115320317878539,0.005949919112833005,0.005792865119157421,0.00564347674600624,0.005501154955143362,0.005365476061754456,0.005235852904596291,0.005111863968890411,0.004993130201096449,0.004879309236964127,0.004771912553961646,0.004668689935363202,0.004569393867340915,0.004473797626376699,0.004381692942909025,0.004292887996858707,0.004207205688330784,0.004124482138007809,0.004044565380467264,0.003967314220488753,0.003892597227815056,0.0038202918501290014,0.0037502836274534317,0.0036824654939625633,0.0036167371554514036,0.0035530045325552445,0.0034911792613270005,0.0034311782440327667,0.0033729232440651157,0.0033163405197410875,0.003261360492478378,0.003207917445454816,0.003155949249373065,0.003105397112391085,0.0030562053516523693,0.0030083211841691743,0.0029616945350859117,0.0029162778615854754,0.002872025990904697,0.0028288959711013934,0.002786846933368429,0.0027458399648234454,0.0027058379908193922,0.002666805665922762,0.002628709272796008,0.0025915166282991903,0.002555196996195383,0.002519721005905702,0.0024850605768141254,0.0024511888476705496,0.002418080110683395,0.0023857097499313386,0.002354054183757834,0.0023230908108426824,0.002292797959672214,0.0022631548411542225,0.0022341415041458824,0.0022057387936827277,0.002177928311714718,0.002150692380171621,0.002124014006194554,0.0020978768493838404,0.0020722651909252992,0.002047163904468128,0.0020225584286373646
69,0.014525792193578644,0.012449064731369575,0.011587680010979137,0.010935300829413517,0.010394386958174556,0.009926577149540117,0.00950699097461298,0.009128826859009974,0.008784059222171287,0.008467021628785909,0.008173521089602722,0.00790051163680142,0.007645275397819774,0.007405764551239243,0.0071802944306931064,0.006967457100417059,0.006766401700335539,0.006575747267563896,0.006394611066117176,0.006222222690219464,0.006057904636825667,0.005901448937531086,0.0057519112026248225,0.0056088141423427055,0.0054717283021104325,0.005340265575090371,0.005221478579363874,0.005107335309459297,0.004997559497016261,0.0048918981160515065,0.0047901187696826044,0.004692007448080177,0.004597366594229987,0.004506013426631325,0.004417778477807444,0.00433250431514514,0.0042500444166184695,0.004170262178758173,0.004093030038082025,0.004018228690311862,0.003945746394228933,0.0038754783490834712,0.003807326136169921,0.0037411972165802706,0.0036770044783105316,0.0036146658268656775,0.003554103814321256,0.003495245302483904,0.003438021156371451,0.003382365964723794,0.0033282177846736508,0.0032755179080634442,0.0032242106472010626,0.0031742431381108073,0.0031255651595635467,0.0030781289663671368,0.003031889135569535,0.002986802424375972,0.0029428276387118567,0.0028999255114770684,0.0028580585896374566,0.002817191129387238,0.0027772889986938556,0.002738319586605344,0.0027002517187611316,0.002663055578601139,0.0026267026338160798,0.002591165567624577,0.002556418214500995,0.0025224355000119654,0.0024891933844502626,0.0024566688099820723,0.002424839651048537,0.0023936846677845326,0.0023631834622378253,0.002333316437189818,0.0023040647573954586,0.002275410313074799,0.0022473356855020575,0.002219824114550358,0.0021928594680614023
70,0.016056718247253687,0.013810590671913866,0.01287790496227072,0.012170781323388233,0.011583873197659854,0.011075775321771009,0.010620767642255297,0.010210260463377311,0.009835626649173037,0.009490779038515779,0.009171215974502716,0.008873636001249779,0.008595160505708055,0.00833359350274979,0.008087129004492932,0.007854258062787967,0.0076340113426617085,0.007424972693085022,0.0072261958989831895,0.007036855177861025,0.006856224317299791,0.006684022143363002,0.006519300117155345,0.006361546032517628,0.00621029894294813,0.006065142202150455,0.005932667957013862,0.0058053206601381,0.005682797015689591,0.005564819174568064,0.005451131875840557,0.00534149999422703,0.005235706424256129,0.005133550245437214,0.005034845123462463,0.00493941791081384,0.004847107416755486,0.004757763321950892,0.0046712452171600105,0.004587421748874112,0.004506169857509286,0.0044273740960374015,0.00435092601878786,0.004276723631685814,0.004204670896464041,0.004134677282446751,0.0040666573603925435,0.004000530433631864,0.00393622020236666,0.003873654457536404,0.0038127648011116017,0.0037534863900663446,0.003695757701616589,0.0036395203175990723,0.003584718726114566,0.0035313001387748465,0.003479214322079744,0.003428413441613851,0.0033788519178945876,0.003330486292828181,0.0032832751058393624,0.003237178778836951,0.003192159509262303,0.0031481811705426897,0.0031052092193381573,0.0030632106090293103,0.0030221537089461146,0.0029820082288843763,0.002942745148498508,0.0029043366511963663,0.002866756062195521,0.0028299777904303514,0.0027939772740262657,0.0027587309290817864,0.0027242161015211095,0.0026904110217995584,0.002657294762262262,0.0026248471969726565,0.002593048963842107,0.002561881428905272,0.002531326652598125
71,0.01727118340906356,0.014759510487772009,0.013725117236022563,0.012944761567801522,0.012299811149501374,0.011743593734271664,0.011250091240533324,0.010806709249961037,0.01040366952596686,0.010034068726322063,0.00969279965494488,0.009375985063533784,0.009080488491968465,0.008803819040476089,0.00854392885799063,0.008299107735133662,0.00806795308377242,0.007849167247534065,0.007641680796009622,0.007444561290307631,0.007256989566855616,0.007078259723005414,0.006907695847179664,0.006744722634154514,0.006588823005842725,0.006439530191326966,0.0062962201857695785,0.006158514128207859,0.006026078572003451,0.005898608125405715,0.005775822297097317,0.005657462789846224,0.0055432911657121945,0.005433086821399361,0.005326645224114041,0.0052237763675111884,0.005124303414600672,0.005028061500286856,0.004934896670866437,0.004844664941564197,0.004757231456235433,0.004672469735855402,0.0045902610044628875,0.004510493582916092,0.004433062342222478,0.004357868209375388,0.004284817719611344,0.004213822609827985,0.0041447994486004,0.004077669298826062,0.004012357409532807,0.0039487929338156,0.003886908670237583,0.0038266408253492938,0.003767928795254576,0.0037107149643898045,0.0036549445198895917,0.0036005652800922597,0.003547527535895423,0.0034957839038097173,0.0034452891896795375,0.003396000262145908,0.0033478759350203204,0.0033008768578213065,0.0032549654137988414,0.003210105624836867,0.003166263062682124,0.00312340476599916,0.0030814991627975056,0.0030405159978181204,0.003000426264503363,0.0029612021412077022,0.0029228169313363856,0.002885245007125927,0.002848461756804689,0.0028124435348936077,0.002777167615426786,0.0027426121478898754,0.0027087561156900935,0.002675579296986704,0.0026430622277241614
72,0.01892560763987016,0.01622290690091201,0.015101455615470756,0.014251540941187923,0.013546337802733394,0.012935999896026213,0.012387981603319062,0.011893521290163451,0.011442242706153873,0.01102682485882234,0.010641853760700287,0.010283423317997724,0.009948006289520323,0.009632961399067306,0.00933611635358461,0.009055656041791267,0.008790558051136802,0.008538972455554968,0.008299760640595025,0.008071928822620958,0.007854602959373413,0.00764762257376996,0.0074496642470547455,0.007260111242830372,0.007078408491839916,0.006904054221103057,0.006748560497928739,0.00659918765389873,0.006455570113491204,0.006317373115536018,0.006184289246357472,0.006056035465426471,0.005932350539395333,0.005812992817027638,0.005697738290466586,0.005586378898421248,0.0054787210348590035,0.005374584233168558,0.005273800000870049,0.005176210784075111,0.005081669044250793,0.0049900364325799,0.00490118304945976,0.004814986778540286,0.004731332686244783,0.004650112479004363,0.004571224011515303,0.004494570840236611,0.004420061817112388,0.004347610719154546,0.004277135910076132,0.004208560030639346,0.0041418097147890316,0.004076815328992472,0.004013510732508075,0.003951833056567566,0.0038917225006831827,0.0038331221444895263,0.0037759777737023203,0.003720237718927825,0.003665852706189376,0.0036127757181544495,0.0035609618651486195,0.0035103682651340404,0.00346095393191062,0.0034126796708697435,0.0033655079816941984,0.003319402967454535,0.0032743302496030017,0.003230256888411345,0.003187151308439532,0.0031449832286588254,0.0031037235968854517,0.003063344528210603,0.003023819247139168,0.0029851220331735743,0.002947228169600896,0.0029101138952611037,0.0028737563590921036,0.0028381335772635387,0.002803224392726066
73,0.020969535314572393,0.01793558134116209,0.01668173511989534,0.015734263961499313,0.014950208442770618,0.014273314816975823,0.013669330720526637,0.013126100823904103,0.012631816302158668,0.012178136675416184,0.011758888768135986,0.011369489130449887,0.011006033449571373,0.010665506919933409,0.010345429752203913,0.010043729985391802,0.009758927666398652,0.009489220849208115,0.009233312416645005,0.008990070859191924,0.008758501645030668,0.008538009251797629,0.008327501729622433,0.008126280055975679,0.007933715675206784,0.007749240933153391,0.007577212448455241,0.0074119016361238865,0.0072529090915173814,0.007099869001663801,0.006952445368732131,0.0068103287699735615,0.006673233562483506,0.006540895459264785,0.006413069417161798,0.00628952778827865,0.0061700586952198495,0.006054464597438504,0.005942561021546091,0.005834175432932808,0.005729146229698024,0.005627321842873366,0.005528559929371045,0.005432726646114959,0.005339695995491874,0.0052493492336624335,0.005161574334446007,0.005076265502482469,0.004993322730209273,0.004912651393901451,0.004834161884625842,0.004757769270477163,0.004683392986906102,0.004610956552330926,0.004540387306552696,0.004471616169779301,0.00440457742031082,0.0043392084891542134,0.0042754497700235,0.004213244443346313,0.004152538313042418,0.004093279654966951,0.004035419076023342,0.0039789093830501655,0.003923705460673923,0.00386976415739779,0.003817044179265758,0.0037655059905033735,0.0037151117205914738,0.0036658250772786984,0.003617611265082808,0.0035704369088705016,0.0035242699821411236,0.0034790797396718207,0.003434836654210703,0.003391512356930667,0.0033490795813802825,0.0033075121106896322,0.0032667847278083123,0.003226873168570589,0.003187754077398809
74,0.023321340694725884,0.019927919644989554,0.018523874629908156,0.01746191639743172,0.01658235901330843,0.015822395527894315,0.015141664248741672,0.014528622363511783,0.01397013308226982,0.013456921704757872,0.012982125757712454,0.012540747851163785,0.012128354202951587,0.011741594354851653,0.01137771243979968,0.011034405678504824,0.01071025792633329,0.010403037411757044,0.010111301116918677,0.009833789930932878,0.009569396834617569,0.009317754576190452,0.009077349508154794,0.00884740224065825,0.008627211677660573,0.008416144391368363,0.008225204710261223,0.008041811944250656,0.007865514300736773,0.007695898111937014,0.0075325835438804336,0.00737522091501403,0.007223487520299626,0.0070770848772714855,0.0069357363265287785,0.00679918493168101,0.006667191633677001,0.006539533622339366,0.006416002894253763,0.006296404971269274,0.006180557758014335,0.006068290520222072,0.005959442968443475,0.00585386443402768,0.005751413126158137,0.0056519554603269755,0.005555365449964976,0.0054615241540684634,0.005370319174614276,0.0052816441983598115,0.0051953985783119595,0.005111486950735099,0.005029818884072061,0.004950308556585012,0.00487287445989718,0.004797439125940347,0.004723928875094166,0.0046522735835485985,0.004582406468134434,0.004514263887054471,0.0044477851551121585,0.004382912372179377,0.004319590263772416,0.004257766032718247,0.004197389220992903,0.004138411580902436,0.00408078695485609,0.004024471163051164,0.003969421898452178,0.0039155986285028975,0.0038629625030600777,0.003811476268082988,0.003761104184653275,0.003711811952936312,0.0036635666407281568,0.003616336616261896,0.0035700914849741932,0.0035248020299571423,0.003480440155842671,0.003436978835886864,0.003394392062039743
75,0.02569021992361986,0.02191468081365721,0.020357287111448297,0.019181444163131774,0.01820903079834956,0.017369968271192304,0.016621505162533797,0.015948485763166015,0.01533622699626492,0.014774361096675976,0.01425521636565676,0.013773110791550932,0.01332318418321845,0.012901692125942742,0.012505555325602312,0.012132201402806424,0.011779833807881581,0.01144617870065295,0.011129626043614244,0.010828771568837,0.010542381179495356,0.010269777182092276,0.010009546135383145,0.00976082060563829,0.009522820696426688,0.00929484215668934,0.009083691348017337,0.008880892406837728,0.008685945144458612,0.008498391589561227,0.008317811236237104,0.00814381696712897,0.007976051536369504,0.007814184519815186,0.007657909657795358,0.007506942529487944,0.007361018509010394,0.007219890962053634,0.007083329648893567,0.00695111930527051,0.0068230583772207675,0.006698957889697745,0.0065786404319041125,0.0064619392448044275,0.006348697398402131,0.006238767048129977,0.006132008761180999,0.006028290904852337,0.005927489090025561,0.005829485663800252,0.005734169246057472,0.005641434305379777,0.005551180770311876,0.0054633136724258355,0.00537774281806875,0.005294382486029754,0.005213151148674531,0.005133971214366993,0.005056768789234631,0.004981473456541612,0.004908018072115688,0.004836338574435392,0.0047663738081251015,0.0046980653597306675,0.004631357404758791,0.004566196565061563,0.004502531775735116,0.004440314160778805,0.004379496916831256,0.004320035204361454,0.0042618860457489145,0.004205008229736903,0.00414936222178763,0.004094910079908767,0.004041615375557214,0.003989443119258891,0.003938359690613201,0.0038883327723778487,0.003839331288353984,0.0037913253448142504,0.003744286175236081
76,0.028456477897940792,0.024206760921676552,0.022455172867030623,0.021133486932004224,0.020041051803058325,0.01909890735028046,0.01825714220935728,0.017500495727133095,0.01681240574116645,0.01618117524903812,0.015598147364625333,0.015056971795848155,0.014552097289152148,0.014079296934957455,0.013635094293706403,0.013216584975409036,0.0128218699533444,0.012448246924672073,0.01209389807413894,0.011757237892336955,0.011436873006848817,0.011132191170563518,0.010841438093712049,0.010563634745923,0.010297900945956895,0.01004344193756759,0.009810905333439,0.009587665290240702,0.009373161634949756,0.009166881617511566,0.008968354567312618,0.008777147308890615,0.008592860207229647,0.008415123738623128,0.008243595503011307,0.008077957609318797,0.007917914377658975,0.007763190312098966,0.007613528305557658,0.007468688044769253,0.007328444588410966,0.007192587095714495,0.007060917686349554,0.006933250415233254,0.006809410348297789,0.006689232727234125,0.006572562212892228,0.006459252198418802,0.006349164184396703,0.006242167209254417,0.00613813732906931,0.006036957141619383,0.0059385153501656865,0.005842706362987164,0.005749429925155706,0.005658590779442979,0.005570098353600888,0.005483866471563085,0.00539981308638126,0.0053178600329437395,0.005237932798728552,0.005159960311023604,0.005083874739205518,0.005009611310809324,0.004937108140245601,0.004866306069132166,0.004797148517305873,0.004729581343667357,0.004663552716090011,0.004599012989694343,0.0045359145928514375,0.004474211920335615,0.0044138612330968195,0.004354820564168872,0.004297049630270725,0.004240509748694946,0.004185163759111119,0.0041309759499423854,0.004077911989000624,0.004025938858091057,0.003975024791319606
77,0.031987761220321966,0.02724530605864732,0.02528472851445591,0.023802821584997913,0.022576217310112955,0.021517035346326003,0.020566428296703257,0.019710739955613735,0.01893155908619189,0.018215883226736097,0.01755408900222039,0.016939249114215366,0.01636505619564143,0.01582680897762428,0.015320639845510155,0.014843316581473075,0.014393017720868713,0.013966435408766627,0.013561544088150615,0.013176576263877908,0.012809977893667588,0.012461425403011388,0.012128593205453966,0.011810387655063152,0.011505825010767525,0.011214016529619153,0.010954051439610084,0.010704486836423263,0.010464695774404571,0.010234104394404857,0.0100121859416679,0.009798455633697254,0.009592466232955442,0.009393804207947335,0.009202086388544728,0.009016957038893497,0.008838085285061551,0.008665162845586378,0.008497902021901857,0.00833603391274377,0.00817930682241706,0.00802748483753346,0.007880346550711348,0.007737683912937491,0.007599301198953739,0.007465014072253656,0.007334648738136384,0.007208041174832168,0.007085036434039312,0.006965488003335924,0.006849257223887824,0.0067362127576924,0.006626230099300227,0.006519191127560883,0.006414983693460856,0.006313501240573441,0.006214642455032931,0.006118310942287215,0.006024414928181318,0.005932866982185968,0.005843583760814433,0.005756485769473052,0.005671497141168499,0.005588545430652645,0.0055075614227248024,0.005428478953535199,0.00535123474384337,0.005275768243283269,0.005202021484774442,0.00512993894829689,0.0050594674333174165,0.004990555939218174,0.004923155553134787,0.0048572193446623085,0.0047927022669333,0.004729561063613763,0.004667754181400197,0.004607241687635116,0.004547985192689059,0.0044899477767852275,0.004433093920968384
78,0.03605378944036046,0.03078963087640549,0.02860916989509345,0.026959355280017604,0.025592611894688783,0.02441154053282919,0.02335086453692521,0.022395539232517265,0.021525153553064405,0.02072529208732666,0.019985285088319586,0.01929745105424879,0.01865479550518016,0.01805210476880238,0.017485089219475204,0.016950163528988087,0.016445302410782306,0.015966839555798373,0.015512527331822611,0.015080404160428825,0.014668745079147135,0.014277181982380755,0.013903141193022548,0.013545408266645872,0.013202890605618928,0.012874600940669645,0.012581519769557074,0.012300044650201509,0.012029480041801467,0.011769189128337913,0.011518587207804172,0.011277136020628466,0.011044338856880267,0.010819736313574671,0.010602902598042861,0.010393442292662135,0.010190987511509285,0.009995195391658942,0.009805745871595883,0.009622339717078765,0.009444696761182902,0.00927255433047213,0.009105665833539426,0.00894379949170097,0.008786737194570213,0.008634273465693766,0.008486214525487734,0.00834237744044491,0.008202589349046418,0.00806668675605351,0.007934514887912665,0.007805927102911337,0.007680784350497234,0.00755895467484166,0.0074403127583033074,0.007324739500948384,0.007212121632716007,0.007102351355195534,0.006995326010311981,0.006890947773504511,0.006789123369236153,0.0066897638068960895,0.00659278413535209,0.00649810321458491,0.006405643502989975,0.006315330859068582,0.00622709435635231,0.006140866110512516,0.006056581117703644,0.005974177103275473,0.0058935943800668845,0.005814775715563366,0.005737666207262903,0.005662213165651196,0.005588366004238069,0.005516076136152529,0.005445296876835623,0.005375983352407646,0.00530809241332045,0.005241582552936424,0.005176413830703936
79,0.04083320393521694,0.034990888588786746,0.0325613455261568,0.03071911585238435,0.0291902847861072,0.027867108484377623,0.026674432143008645,0.02559864719147973,0.02461718044590334,0.023714088756364268,0.022877570414225726,0.022099240891661584,0.021371244630099224,0.020687811390135234,0.020044192252583012,0.01943641670636905,0.01886248346711168,0.018318080484467324,0.017800715849170336,0.0173082138409634,0.01683866030522217,0.016391937462006876,0.015964888235675257,0.015556163146449873,0.015164547489315072,0.01478894308629293,0.01445839163533423,0.014140797046952312,0.013835387313970953,0.013541455425654795,0.013258352057984868,0.012985479302335274,0.012722285255164813,0.01246825932642585,0.012222928151659606,0.011985852014120965,0.011756621700162877,0.011534855724555591,0.011320197873194217,0.011112315019348838,0.010910895176677189,0.01071564575799332,0.01052629201352887,0.010342575626342547,0.010164253445785342,0.009991096342643554,0.009822888171855063,0.009659424830608472,0.009500513401252225,0.009345971369813426,0.00919562591209515,0.009049313240319799,0.008906878004143894,0.008768172740606935,0.008633057368213577,0.008501398720900442,0.008373070118117257,0.008247950967669613,0.008125926398334551,0.008006886919579558,0.007890728105995084,0.007777350304297484,0.007666658360976181,0.007558561368851124,0.007452972430976535,0.00734980844047813,0.00724898987504504,0.007150440604917597,0.007054087713318796,0.006959861328372907,0.006867694465640367,0.0067775228804748625,0.00668928492947769,0.006602921440386682,0.006518375589792969,0.00643559278812985,0.006354520571423475,0.006275108499336881,0.006197308059076371,0.006121072574763662,0.0060463571219080345
80,0.04599066422418259,0.03947353625416299,0.03676421217008715,0.03471033830843637,0.03300624734856091,0.03153168961354829,0.03020600263946945,0.029010812641249936,0.027920892426814517,0.02691842236706001,0.02599021071209625,0.02512675009681285,0.024319395032580238,0.023561695892574907,0.022848344896820028,0.022174904628989574,0.021538834465480022,0.02093562460403279,0.020362491572989732,0.019817005459030895,0.019297028836209155,0.018802051156507765,0.018328933698466634,0.017876170700469794,0.017442407048498323,0.017026417873752392,0.01665295066440278,0.016293970904483358,0.01594862043681165,0.015616113149324195,0.015295726880222276,0.014986796472981154,0.014688707784756712,0.01440089249059349,0.014122823556044155,0.013854011274485668,0.013593999784122702,0.013342363994559694,0.013098706864761174,0.0128626569838549,0.012633866414057612,0.012412008761396254,0.012196777445149796,0.011987884141276006,0.011785057378688228,0.011588041270252309,0.011396594362891062,0.011210488593302537,0.011029508337588966,0.010853449544612821,0.010682118944190291,0.010515333322338236,0.010352918856740128,0.010194710506412243,0.010040551450256428,0.009890292569796356,0.009743791971923902,0.009600914547944267,0.009461531565611378,0.00932552029119845,0.009192763638957917,0.009063149845598204,0.008936572167644659,0.008812928599764926,0.00869212161232701,0.00857405790662548,0.008458648186359958,0.00834580694408226,0.008235452261447226,0.00812750562220736,0.008021891736987183,0.007918538378957044,0.00781737622960389,0.007718338733864232,0.007621361963947496,0.007526384491233549,0.007433347265679213,0.007342193502214284,0.007252868573649555,0.00716531990965703,0.007079496901416965
81,0.052898989532348915,0.04570857597162959,0.04268559685260571,0.04037959061182233,0.03845639965768853,0.03678467019106154,0.03526050783541931,0.03387982219904118,0.032615161596196894,0.031447140230285026,0.030361407713973727,0.029348253081562876,0.028397622868885735,0.027502492790739314,0.02665707805963108,0.025856538264470392,0.02509948970429931,0.024379583605542907,0.023693772485661384,0.023039392360942962,0.022414096512643273,0.021819022738389697,0.021248978035390897,0.02070230099946173,0.020177493942354068,0.01967320078725117,0.019250584584332573,0.018844175991346496,0.01845302107439958,0.018076245741704425,0.01771304678141567,0.017362684172485373,0.01702447445097706,0.016697784957332398,0.016382028823540173,0.01607666058537805,0.015781172325612713,0.015495090270534152,0.015217971775419474,0.01494940264518957,0.01468899474518699,0.014436383864080407,0.014191227796716476,0.013953204619543148,0.01372201113521437,0.013497361466312788,0.01327898578091262,0.013066629135050793,0.012860050419155611,0.01265902139716428,0.012463325828492196,0.012272758664240851,0.012087125310081529,0.011906240949154838,0.01172992991910625,0.011558025138053209,0.011390367574865784,0.011226805759653773,0.011067195330799025,0.010911398615262463,0.01075928423923811,0.01061072676652789,0.010465606362277145,0.010323808479945745,0.010185223569598188,0.010049746805780566,0.009917277833417216,0.00978772053030589,0.009660982784921498,0.009536976288355176,0.00941561633932083,0.009296821661254553,0.009180514230618027,0.00906661911559216,0.008955064324416805,0.008845780662693883,0.008738701599027756,0.008633763138427345,0.008530903702940745,0.008430064019034955,0.008331187011271609
82,0.05968784054839288,0.05191175231990798,0.04864525776845475,0.046154013848792905,0.04407647280323051,0.04227054367502844,0.04063854739635702,0.03916104415274454,0.03780834276006623,0.03655948244416861,0.035398952430802454,0.03431569791235723,0.03329943966995717,0.032342595301969666,0.03143892344153074,0.030583204327272018,0.029772743701562097,0.02900193998441423,0.028267511976093028,0.02756659296762006,0.026896659075370352,0.026257492668622765,0.025644997516586887,0.02505738916433799,0.024493059833974203,0.023950554524828513,0.02346730915095091,0.02300198214366055,0.022553538242994362,0.022121028096012536,0.02170357863842983,0.021300384842596592,0.020910702598132987,0.02053384253780526,0.020169164657189723,0.01981607360484885,0.01947401454200008,0.019142469488373226,0.018820954085150395,0.018509014717339053,0.018206225947231574,0.01791218821820278,0.017626525794337943,0.017348884906538905,0.017078932080032642,0.0168163526217746,0.01656084924922856,0.01631214084451897,0.01606996132007758,0.015834058583708493,0.01560419359253119,0.015380139486572623,0.015161680793905064,0.01494861270019435,0.014740740376358313,0.014537878358759722,0.014339849976985456,0.01414648682481128,0.013957628270429187,0.013773121002432723,0.01359281860842267,0.013416581183418475,0.013244274965545854,0.013075771996722541,0.012910949806287238,0.012749691115714792,0.012591883562736859,0.012437419443343627,0.012286195470283211,0.012138112546799671,0.011993075554463679,0.011850993154050039,0.011711777598507524,0.011575344557147376,0.011441612950251255,0.011310504793365133,0.011181945050606303,0.01105586149636511,0.010932184584832194,0.010810847326827182,0.010691785173445736
83,0.06735237174823162,0.05895793637837508,0.055394893341515254,0.05266203612729799,0.05037237270945789,0.0483739135995074,0.046545180327291984,0.04488262570599443,0.04335458063463403,0.041938694398161634,0.04061842981170964,0.03938267960797998,0.03821979098845923,0.03712167479195487,0.03608166943181397,0.03509420039737183,0.03415788409356154,0.03326520447621753,0.03241264813337831,0.031597142410414586,0.030815979174944077,0.030070759556365786,0.029355206095841312,0.028667396917793728,0.02800559818814902,0.027368238722204712,0.026832358270414358,0.026316036478760536,0.02581815290436595,0.02533767972467217,0.024873671378131932,0.02442525567670444,0.023991626138317932,0.02357203533735863,0.02316578911000682,0.022772241481611392,0.022390790207282435,0.02202087283597191,0.021661963223612444,0.021313568433228562,0.02097522596995739,0.020646501307101637,0.0203269856660605,0.020016294018536725,0.019714063284024388,0.019419950699424905,0.01913363234085713,0.018854801780435717,0.018583168863079935,0.018318458590356242,0.01806041010001038,0.017808775731257106,0.01756332016710671,0.017323819646049742,0.017090061236320276,0.016861842166737223,0.016638969208799096,0.01642125810529648,0.016208533041220684,0.016000626153196952,0.01579737707406582,0.01559863250958355,0.015404245844519257,0.015214076775697012,0.015027990969771166,0.014845859743736213,0.014667559766361969,0.014492972778913156,0.014321985333664015,0.01415448854885264,0.013990377878840903,0.013829552898354252,0.013671917099773164,0.013517377702535548,0.013365845473789193,0.0132172345595044,0.013071462325321633,0.012928449206468226,0.012788118566130649,0.012650396561717821,0.012515212018494455
84,0.07577668580035712,0.0669294276356498,0.06315605993618163,0.060253279922843066,0.057814984089640954,0.05568179563443708,0.05373105244999306,0.051954043017494934,0.050317661927608046,0.04879856064197317,0.047379474359733775,0.04604866728940074,0.04479414422536366,0.04360747153810848,0.04248170634563155,0.041411040354449515,0.040393764565187056,0.03942234037075446,0.03849310740421147,0.037602864561874574,0.03674879041668885,0.035932272284690224,0.03514707450873648,0.03439119283132229,0.033662818687699096,0.032960312742890116,0.0323591627785036,0.03177916786876146,0.031219139253528965,0.03067798562291335,0.0301547022394885,0.02964836160679536,0.02915810541926426,0.02868313758122659,0.02822271812347787,0.027776157877810823,0.02734281379517386,0.02692208481319006,0.026513408194860904,0.026116256273259048,0.025730133547548578,0.02535457408427596,0.024989139184937975,0.02463341528666658,0.024287012067709328,0.02394956073341913,0.023620712461846504,0.023300136990870704,0.022987521331207208,0.022682568591666064,0.022384996904769798,0.022094538442320146,0.021810938511774326,0.021533954725383345,0.02126335623498817,0.020998923026186125,0.020740445266288154,0.02048772270110529,0.02024056409614082,0.019998786718236725,0.019762215854136414,0.01953068436279019,0.019304032258550614,0.019082106322688912,0.01886475974091447,0.018651851764802874,0.01844324739523602,0.01823881708613481,0.018038436466922332,0.017841986082297236,0.017649351148022928,0.017460421321551827,0.017275090486406526,0.017093256549330842,0.01691482124930731,0.016739689977612326,0.01656777160814784,0.01639897833735019,0.016233225533031873,0.016070431591563555,0.015910517802848582
85,0.08684422067895183,0.07741677740083631,0.07333711448812477,0.07017538005696998,0.06750386061390669,0.06515477049040266,0.0629712212565441,0.060972669608316134,0.05912425304529894,0.05740138169078742,0.0557858689960962,0.054266405532116986,0.05282925832600019,0.05146553201503917,0.050167898506485,0.04893022230132593,0.04775296090563576,0.04662581091120924,0.04554489570782203,0.044506821194435595,0.04350859218570589,0.04255440680589811,0.041634835419086566,0.040747743474650266,0.039891202131175175,0.03906346049923213,0.038398722011276254,0.03775658514012097,0.037135802069603444,0.03653522653527199,0.03595380250470075,0.03539055446810208,0.034844579063118365,0.03431503781247854,0.03380115079576372,0.03330219110985923,0.03281747999898908,0.03234638255616526,0.031888303914656885,0.031442685861612786,0.031009003816948766,0.030586764129575398,0.03017550165039947,0.02977477754760861,0.029384177334785596,0.029003309086600766,0.028631801820347916,0.028269304024547862,0.02791548231834234,0.027570020227519774,0.02723261706481806,0.026902986903689745,0.026580857636035862,0.02626597010555062,0.02595807730929917,0.025656943660999146,0.02536234431021284,0.025074064512298284,0.024791899044526895,0.024515651664265208,0.024245134605547895,0.02398016811074754,0.02372057999437948,0.02346620523637501,0.02321688560241675,0.022972469289161315,0.022732810592380866,0.02249776959623782,0.022267211882071182,0.022041008255219267,0.021819034488535047,0.021601171081367544,0.02138730303288953,0.02117731962874618,0.020971114240086117,0.02076858413411364,0.020569630295371163,0.020374157257024964,0.02018207294148462,0.01999328850973969,0.01980771821884424
86,0.09848870825552038,0.08793060366232507,0.08340508755050714,0.07991807466849313,0.07698630293692735,0.07441989913309459,0.07208294607848323,0.06995656742314113,0.0680008205178192,0.0661874826084262,0.0644956484678179,0.0629104718804966,0.06141795732193776,0.06000785419533632,0.058671713662334334,0.05740245997407782,0.0561963755186918,0.05504584358406384,0.053946402915937594,0.05289414965338718,0.05188564122776101,0.05092030099689971,0.04999274831660839,0.04910054255348181,0.04824148091233427,0.047413566429479324,0.04665924866399147,0.04592976437701291,0.045223764401323766,0.04454000868497878,0.04387735413960815,0.043234744218938616,0.042611199930531404,0.0420058120427312,0.04141773429463025,0.04084617745272332,0.04029040408624832,0.03974972395572987,0.039223489927284624,0.038711094339794805,0.03821196576386044,0.03772556610107703,0.03725138798009375,0.036788952412436016,0.03633780667648904,0.03589752240255149,0.03546769383564698,0.03504793625595648,0.03463788453941901,0.03423719184332072,0.03384552840362928,0.03346258043248218,0.033088049105655756,0.03272164963105902,0.03236311039034829,0.03201217214666775,0.031668587312311036,0.03133211927078569,0.031002541748362426,0.030679638230715903,0.030363201420723972,0.03005303273389781,0.02974894182827179,0.0294507461658977,0.029158270603367273,0.028871347009034355,0.028589813904829217,0.0283135161307531,0.028042304530316833,0.027776035655343964,0.027514571488699412,0.02725777918363051,0.027005530818520855,0.026757703165959226,0.026514177475118274,0.02627483926652026,0.02603957813834282,0.025808287583485724,0.025580864816681436,0.025357210610988425,0.02513722914305746
87,0.10968885609677283,0.09794923049532092,0.09289150414728684,0.088980032399713,0.08568034162506155,0.0827827692141085,0.08011577798457525,0.07767866419944534,0.07542785730671193,0.07333262956017216,0.0713702592714205,0.06952567453384985,0.06778269628332466,0.06613022111467691,0.06455910560424903,0.06306169779661218,0.061636532645644955,0.06027285944526939,0.058965850832696634,0.05771128274767506,0.05650542987231741,0.05535106182302313,0.05423897534883754,0.05316652010601372,0.05213130274330028,0.051131152181367955,0.05028437244012177,0.04946600772620548,0.048674499608807834,0.04790841615655799,0.0471664378428787,0.046447345457086966,0.04575000967716666,0.045073382028451875,0.044416487005508765,0.04377841517604766,0.04315831711849902,0.042555398070975935,0.041968913190247994,0.041398163336205926,0.04084249131097545,0.040301278493005646,0.0397739418156233,0.03925993104711255,0.03875872633565392,0.038269835987689384,0.03779279445265999,0.037327160490747274,0.03687251550336048,0.03642846200874989,0.03599462224737171,0.03557063690354788,0.03515616393160766,0.034750877476112836,0.03435446687698683,0.033966635751424896,0.033587101145378884,0.03321559274820696,0.03285185216477624,0.03249563223991476,0.03214669643064413,0.03180481822209519,0.03146978058342209,0.03114137546039841,0.030819403301701766,0.030503672616182198,0.030193999558665596,0.02989020754207085,0.02959212687382407,0.02929959441473462,0.029012453258661055,0.02873055243144214,0.028453746607698664,0.028181895844231503,0.02791486532884798,0.027652525143544663,0.027394750041063124,0.027141419233913805,0.026892416195034692,0.02664762846931812,0.026406947495296592
88,0.12340249959182377,0.11127793048296354,0.10598514664378983,0.10186041358440719,0.09835824243894623,0.09526502868950666,0.09237707528834684,0.08972203847688849,0.0872559901620176,0.08494801095361795,0.08277527803018944,0.08072397629715664,0.07877661068334965,0.07692206921995302,0.07515120980951563,0.07345638694440851,0.07183920205306275,0.07028585297233339,0.06879151411856296,0.06735196247337687,0.06596347251641883,0.06463275803357,0.06334664211837486,0.06210246419697255,0.06089781954563614,0.05973052455545151,0.05880100255695687,0.057901767490365075,0.057031182204601495,0.0561877417044527,0.05537005843604936,0.054576849668163896,0.05380692660943279,0.05305918497312313,0.05233259675658364,0.05162620304599536,0.05093910769135552,0.05027047172392091,0.0496195084101988,0.04898547885419927,0.04836768807396558,0.04776548149007198,0.047178241773360746,0.04660538600709707,0.046046363125277934,0.04550065159429679,0.044967757309741056,0.04444721168394666,0.043938569903183164,0.04344140933609609,0.04295532807737703,0.042479943612633596,0.04201489159214654,0.04155982470267632,0.04111441162775449,0.04067833608799503,0.04025129595391799,0.039833002424608736,0.03942317926626164,0.039021562105293166,0.03862789777126587,0.03824194368535521,0.03786346729052275,0.03749224551994141,0.03712806430055606,0.0367707180889625,0.03642000943705501,0.0360757485851299,0.03573775308034413,0.035405847418618734,0.03507986270824562,0.03475963635360957,0.03444501175757409,0.03413583804120274,0.03383196977960004,0.033533266752755614,0.03323959371036633,0.032950820149694506,0.03266682010559373,0.03238747195190286,0.032112658213470376
89,0.13842546628526822,0.12563857410919235,0.12005853663917228,0.11571487320377108,0.11203148383431703,0.10878247035353973,0.10577604068733555,0.10301964996625801,0.1004662089974152,0.09808250058772372,0.09584395480807592,0.09373444951406222,0.0917362670825491,0.08983738936722681,0.08802791455990142,0.08629955134366821,0.08465098031867202,0.08307022957912132,0.08155206304524118,0.08009189575691794,0.07868568109974203,0.07733664181811249,0.0760345208924109,0.07477643656863799,0.07355978432097215,0.07238219946098162,0.07137499350442021,0.07039898981800305,0.06945254175859727,0.06853413448332105,0.06764237028189823,0.06677595600201401,0.0659336922076023,0.06511446378163895,0.06431723174062035,0.06354102607144205,0.0627849394357419,0.0620481216140892,0.061329774584269484,0.060629148145546104,0.059945536015079015,0.05927827233435055,0.05862672853302144,0.05799031050554144,0.05736845606238576,0.05676063262324649,0.056166335124074145,0.05558508411370305,0.055016424019035226,0.05445992156050294,0.05391516430186658,0.053381759320399055,0.052859331985216064,0.05234752483298269,0.05184599653149078,0.051354420922700324,0.0508724861377873,0.050399893777568455,0.04993635815239567,0.04948160557624309,0.04903537371026581,0.04859741095159394,0.04816747586355669,0.04774533664390904,0.04733077062797002,0.04692356382387822,0.04652351047743655,0.046130412664251816,0.04574407990708726,0.04536432881653218,0.04499098275326361,0.044623871510323924,0.04426283101397589,0.04390770304181804,0.04355833495695441,0.043214579457111414,0.0428762943376856,0.042543342267787616,0.04221559057842083,0.04189291106200237,0.041575179782493255
90,0.15470198100854807,0.1414685429384459,0.13561432021085004,0.13101708586008615,0.1270885909595567,0.12359888569773915,0.12030927836262845,0.117268366807059,0.11442926296061,0.11175902985220013,0.10923340177719715,0.10683866166193691,0.10455534410495657,0.10237169019135017,0.10027803886660924,0.09826632051593642,0.09634057387021956,0.09448393075515005,0.0926913066057516,0.0909582543337916,0.0892808524447255,0.0876693165888928,0.08610664868554464,0.08459004473418895,0.0831169700627168,0.08168512251245447,0.08057286468571588,0.07949473988516507,0.0784489546280041,0.07743385877807037,0.07644792959318208,0.07548975804972952,0.07455803705260759,0.07365155121658037,0.07276916796570672,0.07190982974484211,0.07107254717462827,0.07025639301111102,0.06946049679493116,0.06868404009422198,0.06792625226090791,0.06718640663279843,0.0664638171242895,0.06575783515708046,0.0650678468894395,0.06439327070848717,0.06373355495493661,0.06308817585390308,0.06245663562892295,0.06183846077930633,0.06123320050349155,0.060640425253235965,0.06005972540533815,0.059490710039184234,0.058933005809786235,0.05838625590717597,0.05785011909404842,0.057324268814450186,0.056808392367093064,0.05630219013755876,0.05580537488426348,0.05531767107358049,0.05483881425998473,0.054368550507496075,0.053906635849062454,0.053452835780846954,0.05300692478867229,0.0525686859041296,0.05213791028809023,0.05171439683956069,0.05129795182800604,0.05088838854743056,0.05048552699065213,0.050089193542339636,0.049699220689503235,0.04931544674823499,0.04893771560559521,0.04856587647562953,0.04819978366858071,0.04783929637243404,0.04748427844600044
91,0.1742257164148304,0.16077453838469244,0.1547854956240675,0.1500715890338343,0.14603753111658394,0.14245038134986848,0.1390667375355898,0.13593987389423964,0.13302168549433557,0.13027830763094586,0.12768473795181234,0.1252265569017815,0.12288382946640575,0.12064437584460848,0.11849817114948318,0.11643682762109243,0.11446356056155199,0.11256170184371604,0.11072595599389991,0.1089516858791518,0.10723479794393463,0.10558439400728983,0.1039842163829487,0.10243134158832495,0.10092312518626123,0.09945716394056948,0.09828807459577805,0.09715274206920067,0.09604944004698027,0.09497657905975718,0.09393269124295647,0.09291641727857711,0.0919264951421678,0.09096175035369158,0.09002108748918554,0.08910348275566912,0.08820797746768788,0.0873336722924317,0.08647972215322851,0.08564533169962843,0.08482975126722775,0.08403227326256242,0.08325222891838895,0.08248898537291252,0.08174194303334502,0.08101053318986531,0.08029421585080815,0.07959247777390621,0.0789048306717811,0.07823080957273608,0.07756997132033237,0.07692189319730333,0.07628617166113616,0.07566242118017771,0.07505027316043317,0.07444937495436595,0.07385938894399197,0.07327999169141983,0.07271087315073581,0.07215173593578703,0.07160229463898919,0.07106227519679051,0.07053141429786487,0.07000945883050215,0.06949616536600835,0.06899129967523619,0.06849463627564159,0.06800595800650196,0.06752505563015322,0.06705172745729232,0.06658577899456927,0.06612702261284698,0.06567527723464729,0.06523036803942799,0.06479212618544958,0.06436038854709257,0.06393499746657924,0.06351580051913794,0.06310265029072407,0.06269540416748125,0.062293924136189345
92,0.19288195248204376,0.17833956810019877,0.17191425873183985,0.16687768158366698,0.16258191308662912,0.15877325655606095,0.15523930817039386,0.15198583649382785,0.14896015375299723,0.1461251344179491,0.14345334482744582,0.14092670798826024,0.13852556292785023,0.1362365206488401,0.13404855517227907,0.13195243707856255,0.12994650839042046,0.12801763848701586,0.1261600009337138,0.12436849317890047,0.12263861074328078,0.12097369999802582,0.11936258422610989,0.11780205172589832,0.11628919803373242,0.1148213843717983,0.11353985647053172,0.1122945908849071,0.11108374905132767,0.10990563780842745,0.1087586931965481,0.10764146657859855,0.10655261268153318,0.10549087923761585,0.10445509796665099,0.1034441766888865,0.10245709239656674,0.10149288514252987,0.10055065262858422,0.0996295453960136,0.09872876253645783,0.09784754785438335,0.0969851864229924,0.0961410014841887,0.09531435165048197,0.0945046283727644,0.09371125364295373,0.09293367790474774,0.09217137814932334,0.09142385617585065,0.0906906369992758,0.08997126739003009,0.08926531453221047,0.08857236478839882,0.08789202256068278,0.08722390923865245,0.08656766222619225,0.08592293403980016,0.08528939147196044,0.08466671481379132,0.08405459713179658,0.08345274359408776,0.08286087084191175,0.08227870640273785,0.08170598814152397,0.08114246374710961,0.08058789025097297,0.0800420335758477,0.07950466811192484,0.07897557631857209,0.07845454834968668,0.07794138170096278,0.07743588087750425,0.07693785708034559,0.07644712791056646,0.0759635170897921,0.07548685419597144,0.07501697441341379,0.07455371829614497,0.07409693154371866,0.07364646478868381
93,0.2099137746937987,0.1936303446359899,0.1864554529960586,0.18084087225783943,0.17605919654203298,0.1718254569686478,0.16790810742596204,0.16430702769555605,0.16096284681515835,0.15783370371770503,0.15488864706663805,0.15210691144998106,0.14946663828253062,0.146952700591435,0.14455263605934007,0.14225600920176257,0.14006003191604302,0.1379507436960344,0.13592155402363953,0.1339666902139755,0.1320810555492658,0.13026718948873403,0.1285136746102146,0.1268168785502227,0.12517351648487646,0.12358060421618207,0.12217078617513927,0.1208011998287824,0.11946979805228118,0.11817469577160182,0.1169141519119109,0.11568655393149645,0.11449040449499126,0.11332430992866034,0.11218697016954907,0.11107716997430762,0.10999377119611757,0.10893570597200908,0.10790197068996044,0.10689162062701062,0.10590376516731517,0.10493756352352182,0.10399222089667833,0.10306698501965555,0.10216114303715759,0.1012740186821308,0.10040496971402076,0.09955338558906125,0.09871868533677595,0.09790031562025779,0.09709774896066842,0.09631048210885626,0.09553803454909404,0.0947799471217443,0.09403578075321842,0.09330511528294075,0.09258754837819821,0.09188269452877118,0.09119018411412566,0.09050966253672343,0.08984078941568395,0.08918323783562872,0.08853669364606497,0.08790085480712859,0.08727543077791691,0.08666014194400637,0.08605471908107298,0.0854589028518223,0.08487244333369112,0.08429509957501409,0.0837266391775536,0.0831668379034756,0.08261547930501943,0.08207235437525949,0.08153726121849088,0.08101000473889228,0.08049039634622905,0.07997825367745959,0.07947340033319758,0.07897566562806395,0.07848488435403983
94,0.2323219831617639,0.2152348614475645,0.20757956140405992,0.2015273191266943,0.19632699478616714,0.19168527357437284,0.1872709563761421,0.18317305399522188,0.17933193210394197,0.17570574232484099,0.17226368382005994,0.1689895080308523,0.1658574023531989,0.16285248056766363,0.15996252160042618,0.15717732466124815,0.15450470837468086,0.1519206539682459,0.14941874436645697,0.14699336929426923,0.1446395831931083,0.14237384153482616,0.1401711401299972,0.13802794405182334,0.13594105804627465,0.1339075799224248,0.13235426449789847,0.13084556598009706,0.12937920779021303,0.12795309370072733,0.12656528774828804,0.12521399702271702,0.12389755683590459,0.12261441787328506,0.12136313500735109,0.12014235751273447,0.11895082046976027,0.11778733718104627,0.11665079245585536,0.11554013664119846,0.11445438029837432,0.11339258943969412,0.11235388125330899,0.1113374202549239,0.1103424148141797,0.10936811401098286,0.10841380478333355,0.1074788093334705,0.10656248276359753,0.10566421091622114,0.10478340839733248,0.10391951676339602,0.10307200285545107,0.10224035726564003,0.10142409292321224,0.10062274378854939,0.09983586364505936,0.09906302497991532,0.09830381794560214,0.09755784939509463,0.09682474198424745,0.09610413333564093,0.0953956752587119,0.09469903302151411,0.09401388466991165,0.09333992039041242,0.09267684191320959,0.09202436195231944,0.09138220367999005,0.0907501002328109,0.09012779424718262,0.08951503742201097,0.08891159010667506,0.08831722091248295,0.08773170634598189,0.08715483046262137,0.08658638453939178,0.08602616676517234,0.08547398194762067,0.08492964123552958,0.08439296185565856
95,0.25054366258606287,0.2325579283817139,0.2246738332470099,0.21852056699138,0.21329136953065309,0.20867016086902193,0.20446878696562026,0.20061923342266727,0.19705545937516,0.1937308887438024,0.1906110760203439,0.18767001151621154,0.18488624148790886,0.18224292588949706,0.17972618979335503,0.17732441414352615,0.17502772598793706,0.17282733293513888,0.17071590062455996,0.16868700514218093,0.166734975208588,0.1648537991415945,0.16303960131442932,0.16128834402617406,0.15959637635608068,0.1579603819814707,0.1563405208487497,0.15476506561061515,0.15323179404020046,0.15173865908191775,0.15028376931488985,0.1488653722204464,0.14748183976897633,0.14613165593818334,0.14481340584984626,0.14352576627090233,0.14226749727097715,0.14103743486527967,0.13983448450121924,0.1386576152708204,0.13750585475023075,0.1363782843832953,0.13527403533902047,0.13419228478334774,0.13313225251443503,0.13209319791795024,0.13107441720499644,0.13007524090041767,0.12909503155356739,0.12813318164728754,0.12718911168396257,0.12626226843017177,0.12535212330374151,0.1244581708889518,0.12357992756733929,0.12271693025299345,0.12186873522250614,0.12103491703083444,0.12021506750529008,0.11940879481071011,0.11861572257959209,0.11783548910162614,0.11706774656761934,0.11631216036331145,0.11556840840902236,0.11483618054146558,0.11411517793441013,0.11340511255518367,0.11270570665428747,0.11201669228564086,0.11133781085519379,0.11066881269584579,0.11000945666678767,0.10935950977554265,0.10871874682112888,0.10808695005689561,0.1074639088717038,0.1068494194882279,0.10624328467725434,0.10564531348693854,0.10505532098606354
96,0.27837243533045314,0.2616984512410693,0.2539221959407146,0.2476259638179645,0.24210582894164775,0.2370892354379906,0.23205326712182758,0.22728704003570205,0.22273886513300536,0.21837305995162506,0.21416380139010055,0.21010820828182664,0.2061749650088516,0.20235216874976525,0.19863020817234067,0.19500118925658433,0.19149726393123287,0.1880741710994642,0.18472708511126587,0.18145183860695535,0.17824479925584194,0.17515294098718812,0.1721230277744839,0.16915246492039399,0.166238921411994,0.1633802905641163,0.1616229562272198,0.1599146544558802,0.1582529137133456,0.15663545762949505,0.15506018324689344,0.1535251423862443,0.15202852559240412,0.1505686482296332,0.14914393837816148,0.1477529262494033,0.14639423488862127,0.14506657197473904,0.14376872255972986,0.14249954261637476,0.1412579532845583,0.14004293572369986,0.138853526493211,0.13768881339465688,0.13654793171905896,0.13543006085091186,0.13433442118728184,0.13326027133607093,0.13220690556234627,0.13117365145571594,0.1301598677952042,0.1291649425910349,0.12818829128527065,0.12722935509542987,0.12628759948708188,0.12536251276304175,0.1244536047581932,0.1235604056301922,0.12268246473736782,0.1218193495960729,0.12097064491055025,0.12013595166910161,0.11931488630097682,0.1185070798889597,0.11771217743312098,0.11692983716164605,0.11615972988503565,0.11540153839032158,0.11465495687225155,0.11391969039867,0.113195454407572,0.11248197423352671,0.11177898466136756,0.11108622950522407,0.11040346121113377,0.10973044048161677,0.1090669359207273,0.10841272369821911,0.1077675872315639,0.10713131688466779,0.10650370968221351
97,0.31788088315118085,0.3068661240160921,0.3015980030008714,0.29727546433991314,0.29344436914385136,0.2899292845089905,0.28634396359282743,0.28292142665807357,0.2796285927693791,0.276442685787581,0.27334727327830843,0.27034309081444924,0.2674079042046192,0.26453423281990496,0.26171606835438466,0.2589485058237546,0.25625882260547383,0.25361263315339616,0.2510070032756632,0.2484394211227694,0.24590771807986805,0.2434517189390266,0.2410283330214591,0.2386360530950559,0.23627354030059705,0.23393959891139235,0.2325290022060119,0.23115126913775155,0.22980484929779812,0.22848831334574018,0.22720033938634987,0.22593970132050192,0.2247052588267644,0.22349594869903733,0.22231077731897228,0.22114881408361936,0.22000918564161573,0.2188910708173262,0.21779369612320895,0.21671633177747227,0.215658288157686,0.21461891263209354,0.21359758671944112,0.2125937235356228,0.2116067654916221,0.2106361822123797,0.20968146865051643,0.208742143372448,0.20781774699746963,0.20690784077295768,0.20601200527102456,0.20512983919381877,0.20426095827625795,0.20340499427634698,0.20256159404440924,0.20173041866357475,0.2009111426547478,0.20010345324003986,0.19930704965932047,0.1985216425351168,0.1977469532816029,0.19698271355386518,0.19622866473402273,0.1954845574511271,0.19475015113207292,0.19402521358101882,0.19330952058506265,0.19260285554412318,0.19190500912317565,0.19121577892515532,0.19053496918299606,0.18986239046940742,0.18919785942311476,0.1885411984903976,0.18789223568085986,0.18725080433645452,0.18661674291286606,0.18598989477242664,0.1853701079878078,0.18475723515578973,0.1841511332204636
98,0.33462218242745617,0.3180873210901656,0.31099928475462496,0.305588136116891,0.30109468453401633,0.29721867288100673,0.2940493889534341,0.2912862200214373,0.2888615026441654,0.2867270559676061,0.28484695111558994,0.28317946861412724,0.28171522226308177,0.28043640556018895,0.27932831036975236,0.2783786082045237,0.2775372359813906,0.27683212345580754,0.2762555845274935,0.2758009200473451,0.27546225459391566,0.27517439664328014,0.2749894876394563,0.2749034855835554,0.27491278026988986,0.27501413872645264,0.27376811714478894,0.27254930562552226,0.27135644532417325,0.2701883756452084,0.2690440231312784,0.26792239196907647,0.2668225558298591,0.26574365081926343,0.26468486935491553,0.2636454548245963,0.26262469690473106,0.2616219274404025,0.2606365168052086,0.2596678706730751,0.25871542714528406,0.2577786541850713,0.25685704731958353,0.25595012757511676,0.25505743961662375,0.25417855006669776,0.2533130459827552,0.2524605334740988,0.2516206364430252,0.2507929954362481,0.24997726659469274,0.24917312069123687,0.24838024224727642,0.2475983287201087,0.24682708975408485,0.24606624648931155,0.2453155309224021,0.24457468531439455,0.24384346164150156,0.24312162108482524,0.24240893355558799,0.24170517725279,0.24101013825052556,0.24032361011247128,0.23964539353130596,0.2389752959910442,0.2383131314504601,0.2376587200459488,0.23701188781233196,0.23637246642024598,0.23574029292887988,0.2351152095529359,0.2344970634427874,0.2338857064768954,0.23328099506562744,0.2326827899656917,0.23209095610446656,0.23150536241356348,0.2309258816710142,0.2303523903515226,0.22978476848426452
99,0.33092227272150754,0.3041701963552712,0.29272105633701695,0.28390458214927655,0.27649615343957273,0.27001501872528066,0.2643486975285941,0.259221876875059,0.2545331055635395,0.2502107243017602,0.24620167115795147,0.24245841821444575,0.23895521283265797,0.23566606897509979,0.23256957442536888,0.22964780192456707,0.22686795468640314,0.22423391459128428,0.22173439480884452,0.21935952070458398,0.21710058623969444,0.2149250913847703,0.2128502273834552,0.21086982936859977,0.20897833377600117,0.20717069745514397,0.20488545144656323,0.2026645790152544,0.2005048224509068,0.19840318155134315,0.19635688492778558,0.19436336542275554,0.19242023893047236,0.19052528605126934,0.18867643612144108,0.1868717532459256,0.18510942402904135,0.18338774675240202,0.1817051217922604,0.1800600431032849,0.17845109062394374,0.17687692348164777,0.17533627389464135,0.17382794168317048,0.17235078931532546,0.17090373742367732,0.16948576073779004,0.1680958843852257,0.16673318052001063,0.16539676524291402,0.1640857957824669,0.16279946790955035,0.16153701356172825,0.16029769865637,0.15908082107408475,0.1578857087961285,0.15671171818130097,0.1555582323694646,0.15442465980022238,0.15331043283652454,0.15221500648404965,0.15113785719815623,0.15007848177103233,0.14903639629241122,0.14801113517786915,0.14700225025930183,0.14600930993268993,0.14503189835871877,0.14406961471222854,0.14312207247683267,0.14218889878137062,0.14126973377515367,0.14036423003922405,0.13947205203108584,0.1385928755605789,0.13772638729476,0.13687228428982884,0.13603027354829517,0.13520007159972539,0.1343814041035387,0.1335740054724383
100,0.3596346095395619,0.3329307706951148,0.32071022444298936,0.3109217577533827,0.3024170110665095,0.29474992853805476,0.28717914619828244,0.28006952046669015,0.2733345808620901,0.26691426415022834,0.26076481400345747,0.25487475151542627,0.24919678698531486,0.2437103270440857,0.23839861235563256,0.23324776730324676,0.22829592998558562,0.2234830779918897,0.21880056966428427,0.2142408849824732,0.2097974199828147,0.2055277978841004,0.20136263733958948,0.19729717453954765,0.19332710455023797,0.1894485151016559,0.18696478422783647,0.18455604970832265,0.18221839989363275,0.17994823503760635,0.177742232584015,0.1755973174119466,0.17351063618605111,0.17147953512775338,0.1695015406554874,0.16757434244528677,0.16569577854455675,0.16386382223663792,0.16207657040563864,0.16033223319281475,0.1586291247696786,0.1569656550806808,0.15534032243099632,0.1537517068136723,0.15219846388590433,0.15067931951713945,0.14919306484251685,0.14773855176425207,0.14631468885123908,0.14492043759364806,0.143554808974828,0.14221686032753925,0.14090569244558993,0.1396204469254231,0.1383603037151991,0.13712447885151033,0.13591222236611342,0.13472281634702268,0.13355557314001168,0.13240983367806647,0.13128496592763944,0.1301803634417081,0.12909544401065126,0.12802964840285658,0.12698243918776164,0.12595329963473617,0.12494173268183746,0.1239472599690275,0.12296942093093685,0.12200777194470531,0.12106188552882581,0.12013134958927621,0.11921576670954367,0.11831475348143466,0.1174279398738251,0.1165549686367402,0.11569549473836428,0.11484918483277692,0.11401571675638317,0.1131947790511669,0.11238607051303966
