MESH4_ID,x,y,d_to_ele_school_m,d_to_mid_school_m,d_to_hig_school_m,d_to_hospit_m,d_to_market_m
483015273,-735635.9852745591,-405204.17582026136,4167.7027220158525,10439.724748121687,12805.086990754851,9113.961868587437,10972.304733426525
483015443,-739053.8585463433,-403089.8681882951,1097.0521989419997,11875.953625287953,12523.254165480537,10111.457019945925,11270.170926390476
483015642,-738360.1360967346,-401741.5072337317,,10422.562194764057,11031.317815954677,8835.165257385128,9765.437676213358
483015641,-738952.1831538875,-401698.2603426206,31.438081884920145,10819.500958289464,11374.09187495394,9345.38960482311,10081.175161122284
483015644,-738326.2641393602,-401277.64148971246,298.7086121525224,10074.880180805523,10649.019507246026,8599.84619899872,9368.410705949773
483015643,-738918.2835486303,-401234.3916123603,300.35764457601687,10484.967518881429,11003.688781708095,9123.214611509105,9697.064940850853
483025044,-738055.1480463957,-397566.7249856642,1716.8614253343696,7468.220310752814,7916.300388870535,6424.933539076402,6524.359710666346
483025232,-739136.8491147532,-396088.53505847044,1377.9389107223935,6936.127629917976,8175.20970056602,6570.2589627356865,5679.410947323009
483025113,-742129.6092113184,-396335.2990693284,4378.115254627147,7092.812771394672,11082.383061068393,7584.547937780369,7872.020531908215
483025103,-743313.1518548344,-396248.20991975046,5549.835181468747,7241.611372780269,12195.435194963691,7824.3746819374965,8765.61245802342
483025104,-742721.378623323,-396291.7721568381,4963.084609096732,7143.0131427869355,11637.092831036654,7682.531289811922,8309.658020450257
483025201,-743278.9878076077,-395784.320240119,5503.663636694058,6787.118055934857,12049.647862199155,7378.241664826562,8483.663354524118
483015372,-735010.0887276232,-404783.34049421514,4321.42669887072,9685.665866848656,12214.69676817759,8419.280990322353,10324.615686324343
483015371,-735602.2787398848,-404740.32313889154,3851.6455779063763,10152.429315251138,12355.39145554778,8714.09929217419,10542.94995274951
483015444,-738461.7285642381,-403133.1061151406,1096.600398171865,11515.426755858252,12212.720635861073,9641.781946747613,10925.998283310353
483015463,-736685.3614933591,-403262.6082353764,2064.7739869678435,10418.698158246765,11416.305224698293,8328.184834675765,9862.022657661904
483015551,-737835.769780832,-402712.44520713005,845.4936664574791,10791.307279137327,11514.67672355273,8887.682259251638,10187.808011738482
483015561,-736651.5841477831,-402798.7506446549,1859.9547629232713,10154.230696095554,10988.498119016904,7997.462807329443,9473.718874608927
483015573,-735433.6877612423,-402421.06356001284,2941.357954712452,8943.126059793776,10127.750405156801,6839.5839093440145,8453.029387278179
483015564,-736025.7434338295,-402377.9960516578,2348.944030446104,9460.585358028753,10331.068231340183,7248.040539578627,8758.572812814162
483025151,-737429.4743449016,-397146.1030450206,1244.7456080266916,6718.407178864346,7162.457058339894,5671.750446932535,5771.050158389157
483025152,-736837.711497734,-397189.3091419083,1319.6487972514649,6308.044879419855,6710.640132134227,5199.653347568447,5333.848612298973
483025153,-737395.5910591749,-396682.2428921648,779.6483779106829,6401.715080937582,6880.308509577839,5415.430092637234,5480.382937672623
483025154,-736803.8558883385,-396725.45196136594,894.387141391731,5969.646754507785,6408.6563953056475,4918.820205282905,5017.945529822838
483025274,-734369.4516022338,-395970.24543702655,1955.5729530017566,3734.782864643579,4051.335239821852,2514.078980312424,2749.0232594555564
483025253,-737327.8128069034,-395754.52348406776,,5828.347775747051,6380.603029058129,4933.6139611719955,4621.854535340884
483025283,-733777.7906982198,-396013.28390552895,1695.951117970791,3232.4805640307773,3696.551625041988,2169.7185921778246,2494.2520768133204
483025372,-734335.6950436085,-395506.4009060281,1591.8143477224762,3380.305806174643,3708.1230786659244,2185.733065724618,2363.3400859791727
483025371,-734927.332042342,-395463.3241722707,2045.8485078169494,3735.8319946451666,4147.580729973379,2663.4387187325256,2761.294507561514
483025351,-737293.917833415,-395290.6641287487,150.5460381157599,5577.845283732559,6168.280973074072,4672.552946764375,4167.2543579765825
483025364,-735485.157014622,-394956.36198885104,1737.4153799815726,3842.6582309782366,4373.476674380311,2965.271750718051,2966.783420815855
483025373,-734893.5439239959,-394999.4769933363,1824.1676288456922,3395.974669457939,3869.3229592235034,2446.055617910463,2466.8707540162736
483025234,-739102.8749848603,-395624.66656190134,1341.5331831475823,6493.604229071645,7983.477033529198,6238.365514029649,5275.141759581703
483025214,-741469.6777536448,-395451.02952678595,3714.6645617955205,6155.949208339563,10212.127822404638,6603.167222577898,6804.329675066711
483025244,-737919.4964056567,-395711.27315933065,155.00567468645428,6325.981838260099,6905.283605424657,5422.475852690842,4776.309779594861
483025312,-741435.5889424783,-394987.1493191501,3717.686754221098,5690.818227051693,10080.675235324159,6138.8293076531945,6503.992607670458
483025342,-737885.5737451405,-395247.4108321279,216.07797257515438,6095.937704904258,6709.559326345951,5085.914625910613,4337.913648957679
483025412,-741367.3995756464,-394059.38982110925,3868.504461002748,4760.556317218209,9878.399098234595,5210.575814152861,5967.068212185595
483025432,-739000.9291617932,-394233.06263403123,1722.655043932589,5189.802338307712,7552.2862266140955,5362.79867014082,4139.7029623023345
483025423,-740741.7034114037,-393638.98461186717,3482.9886870299247,4305.042590427645,9220.71231894881,4732.218741496439,5218.67623639099
483025443,-738375.3589991163,-393812.5280200343,1717.397313565039,5052.191662161022,6876.955885954086,4612.142180088635,3403.0791037005993
483025514,-741265.0861448747,-392667.7525670335,3640.115193678078,3365.163283644585,9735.0653491149,3820.020677924385,5367.191682350294
483016212,-730339.6173437134,-406053.8623293943,1276.8232348893323,7573.6305680090345,11110.360099815001,8362.959927439151,9186.534149858753
483016223,-729713.979656512,-405632.73318238475,876.6600182581159,6935.141261347886,10503.727670504624,7934.9832425434315,8473.13399743195
483016224,-729121.7999104089,-405675.3950553558,1230.4191731765395,6773.647226056898,10373.257910215692,8015.7947083107,8172.213620476212
483016421,-729613.6768393086,-404241.2648855226,351.4266496219488,5626.350048681483,9158.209275297526,6548.281098305377,7330.4063821696955
483016433,-728396.1000053148,-403862.75476675376,1626.3878859777378,4828.92431902214,8436.674700326812,6350.802833083826,6266.4915844871775
483016423,-729580.2348573891,-403777.442642017,670.6292882797475,5200.062211182196,8713.165131618885,6086.899596626639,6969.939932251837
483016424,-728988.1655480941,-403820.1163295767,1093.1800651855262,4982.709117078547,8555.483470128716,6191.88096943957,6600.932249594748
483016551,-725994.595284222,-403569.15172784455,3879.6742814111935,4340.002311766524,7862.901159432001,7067.565171885328,4937.349993802185
483016644,-726486.6718459821,-402135.23100248066,2392.3873461677176,2877.384407239579,6458.9202546116685,5613.34218869739,3780.7806715865595
483016742,-726453.3487209571,-401671.42468791525,1934.1413569103818,2413.892534517982,5993.917729081987,5160.217183312581,3361.962305170353
483016211,-730931.832289262,-406011.1329269366,1303.584709094292,7809.166526156752,11294.812969323373,8360.665763730416,9529.468030295611
483016214,-730306.1631774874,-405590.0360667403,811.7917751276449,7142.450584157708,10665.66423936873,7898.061071942824,8803.831054869323
483016213,-730898.3505189471,-405547.30370364204,853.2582631342452,7391.722946018331,10857.660850927297,7895.630488363595,9161.082035408699
483016314,-730239.2432757292,-404662.3844023369,,6294.560165888345,9781.943300746176,6968.317677746324,8064.421640429439
483016414,-730172.3079362048,-403734.733702362,583.3026520882421,5473.4177991207525,8907.656774638259,6038.674434574327,7368.324506580804
483016511,-730730.8837551606,-403228.1616052774,1080.7504475110902,5421.927545025928,8715.276398468337,5570.45394056043,7482.363603860018
483016512,-730138.8344808972,-403270.9087578831,1048.3341102423326,5076.951081489493,8474.965095434902,5573.905994789632,7040.5650327308895
483016611,-730663.8700184429,-402300.50651788077,1995.7634783606238,4725.314445090421,7887.352029631097,4640.383168603063,6748.942015974581
483015791,-732964.6334442933,-401201.46390035027,3926.0198461636037,6206.2184015174,8253.23893768414,4301.9941179833,6231.679935334163
483015782,-733556.5910402412,-401158.5285821833,4347.052241341305,6757.206945357234,8334.201361608928,4630.684907996778,6424.584628845202
483026051,-725661.582759904,-398931.12195341964,1048.9585424274328,805.7304922691479,3225.8745530175015,2819.5214471641116,974.5742110531647
483026052,-725069.8398749521,-398973.6164240397,1609.310419005165,1399.0093124552977,3347.232998551016,2827.2365050947174,410.5976186334009
483026054,-725036.5451752606,-398509.8177546691,1789.3891145465916,1451.1253547381884,2905.2626178158853,2363.759036800151,361.79081629799504
483026053,-725628.2604169442,-398467.32035678276,1308.5956409462542,893.1916133289078,2764.5716538267757,2354.525113009791,955.029363304598
483027164,-711954.3638319217,-398508.3715050029,5692.880278775305,6342.35304649171,7865.569540735432,5794.8070395184795,6368.392847471119
483027163,-712545.9424114829,-398466.64387314516,5199.251683108571,5920.206620322495,7446.732623120477,5285.196676028881,5802.389621660082
483027261,-712513.2166185668,-398002.906817516,4944.316936560349,5591.589791871111,7115.774994642881,5051.6270449450085,5674.253472664973
483027262,-711921.6656626221,-398044.6373223437,5461.017902217572,6036.7435353432975,7552.970625296107,5582.57871021292,6251.843894158425
483027264,-711888.9637313271,-397580.9033665304,5260.11640227814,5752.510634963726,7256.709284193773,5402.116310292682,6168.222111455915
483027263,-712480.4870605405,-397539.1699896235,4721.504395512323,5283.482433838893,6800.512378130074,4851.47929487495,5582.013208215872
483027362,-711856.2580346862,-397117.16958753404,5093.840465654441,5492.973822616292,6978.866562540745,5256.692498168676,6118.87765411472
483027212,-717837.3405397043,-397625.7462693318,2597.7173038116534,3894.224564400042,4949.764511368512,2379.651724761647,1358.9494924811136
483026293,-720762.1997963417,-396951.2014961312,2030.693146451799,3250.3478377439014,5181.761706157316,2058.7737332816787,315.54124450313304
483027214,-717804.3622821805,-397161.9834872373,2143.6199751351364,3437.2604842532296,4484.830002461578,1918.6999062966927,899.8699838279994
483027302,-718954.4488515881,-396614.00808712497,2341.3363861457083,3450.0227765261725,4102.028485188359,2049.511946897635,591.0644748153991
483027321,-717179.8514529468,-396740.2744021935,1618.0196636724945,2906.655066685984,4036.8057068957223,1433.3774505326862,874.1770838855057
483026391,-720729.0795143031,-396487.42440326087,1916.3077292811006,3122.930883867954,4784.978389837076,1910.4451031453332,710.3347221808046
483027322,-716588.3263648048,-396782.2926553235,1620.3374686431068,2905.5099743306505,4133.393323970293,1467.3742326708425,1423.5618430818554
483027342,-714222.2628229233,-396950.0131197649,2943.05042093416,3699.5403294937373,5222.200756316167,3044.3578252589195,3756.0943963117898
483027354,-713006.4883745741,-396569.9226015399,3822.219998577398,4247.092587760995,5749.76025878875,3990.868578501663,4918.605566960113
483027353,-713597.9637676273,-396528.1129872232,3261.84567763241,3777.2843355908226,5296.514599685908,3418.707895405944,4325.662259252103
483027442,-714156.6190601346,-396022.523355572,2552.7748659174035,3024.4882063798536,4545.265383337829,2732.4871105905418,3733.001787143835
483027422,-716522.4614682868,-395854.7798292545,693.5959201711969,1975.657934710777,3236.303837736966,593.4141048197438,1361.6666236517724
483027312,-717771.3802281347,-396698.2208909009,1695.404563401487,2982.7590549022966,4019.895459436583,1460.2728163854351,452.9030295104103
483027311,-718362.9126933535,-396656.1321197726,1956.1467855912,3169.8867781809076,4026.1261886446514,1677.7445553047007,417.77065936046756
483027303,-719512.9199203943,-396108.07779261563,2559.6476404133405,3460.4008782943633,3824.220769065937,2274.316949283823,1011.1056249182178
483027314,-717738.3943848654,-396234.45858042943,1259.3671524613653,2532.046874022712,3554.960982668647,1007.8217721049804,174.88603808276397
483027304,-718921.4077148555,-396150.2399868669,2047.7592231664114,3068.6929411516094,3647.566390147171,1756.0434207110247,418.1066570629355
483027323,-717146.893254434,-396276.51498310245,1153.0923384963714,2441.9459544623915,3574.0734668304067,968.4482684497556,767.8726342967994
483026393,-720695.9554274834,-396023.64760075853,1899.5322780193037,3061.54107435273,4401.560006374313,1867.9676728023678,1158.4313795123094
483026394,-720104.4358236084,-396065.8803311392,2492.559457952855,3653.735309070136,4080.153623000274,2460.986161364814,1407.1833353762036
483027313,-718329.8992040111,-396192.36691557907,1593.1295805289883,2750.002350350299,3562.0022715345735,1303.108467929555,
483027412,-717705.404748992,-395770.6965057897,854.3612293652736,2087.5794684346533,3090.02637148345,575.615341847489,181.1333940760634
483027421,-717113.9312664313,-395812.75579894526,688.1648785050426,1977.3388129198754,3111.9971843237663,503.5189516510962,769.3176960130435
483026492,-720071.3355830777,-395602.106671158,2501.5437715072276,3630.6006968832703,3682.101453395776,2461.823665941704,1604.8003323949454
483026491,-720662.8275324896,-395559.8710385894,1911.3208235705404,3056.491256842144,4035.3178120577463,1869.0753858126893,1616.0846432398048
483027411,-718296.8819189508,-395728.60194811574,1296.8949345048145,2347.1610602903143,3098.121574013254,1006.8174317470042,47.16707763249096
483027413,-718263.8608347884,-395264.8371673511,1121.6659476720204,1971.836507449201,2634.612742451044,872.6947689551027,512.1049484264311
483027404,-718855.3140415067,-395222.70444920834,1706.8170025045174,2396.3082226192123,2749.1722004952435,1465.283339212363,661.1006895642901
483027403,-719446.7709402825,-395180.53646084527,2295.9684975331215,2880.8881356157603,2979.545239518076,2058.0771836891804,1133.3734508414907
483027423,-717080.965485561,-395348.9967996904,223.23738408585845,1512.9278125668286,2650.9200674511776,38.589600523724165,922.9530632222028
483026494,-720038.2315340944,-395138.3332005751,2582.8085561162566,3399.975082481864,3301.5802399977915,2517.2381239694664,1683.8337275984034
483026493,-720629.6958259261,-395096.09466671996,2016.5442384350822,3070.1417430566707,3691.367924207184,1941.513899345809,2076.9869985747473
483027432,-715339.5329133009,-395938.72210804967,1446.6195561717166,2263.3416050637093,3763.0768919042716,1582.1294548445308,2547.225711722495
483027433,-715898.084868731,-395433.015371292,715.2529206431992,1594.9520561282027,3050.990731318616,907.7450234757032,2019.7734414213921
483027424,-716489.5233370891,-395391.02371724375,239.4527161148673,1510.731812505253,2795.8012254890064,316.37148337310236,1453.9833746503919
483027434,-715306.6500775077,-395474.97176350484,1291.8610020172164,1871.3029485160866,3391.6772686586,1500.3300169474476,2597.704978034386
483027443,-714715.2189604236,-395516.89289556135,1878.6352333444213,2272.1436827937323,3794.901049104932,2093.0926407776283,3181.1642047646687
483027444,-714123.7915144989,-395558.7787691292,2468.3315784466326,2743.4351201110585,4242.866902948357,2685.911101778154,3767.5808580716907
483027522,-716456.5814234292,-394927.2678893516,86.61231293624395,1045.805755868241,2364.6707749218594,314.00819014257706,1675.2084885589375
483027532,-715273.7634654737,-395011.22170128557,1272.4132025714773,1520.9005823128027,3046.065346545815,1499.8308254026826,2727.654419053747
483027541,-714682.3599972348,-395053.1457126686,1865.3044407947398,1993.4734573605792,3489.4415991512187,2092.7329349138204,3288.1104480121858
483027531,-715865.1706065405,-394969.26242740627,679.5158845310159,1164.1596947937112,2661.5149954163257,906.9226350591231,2184.408989715938
483027414,-717672.4113171336,-395306.9346169504,553.3348988540391,1654.3978519563254,2625.09172626958,281.5705479990022,541.1381192477012
483027501,-719413.6907495429,-394716.7661778226,2285.0635469606214,2666.567914943197,2579.2850616129267,2057.7111732116837,1406.0079575815755
483027521,-717047.9959191177,-394885.23808545194,,1048.9736439558706,2191.472988938105,,1242.6438231270204
483026591,-720596.5603151252,-394632.3185852684,2216.336070122915,3148.159341260171,3376.5297178937217,2116.105132043527,1726.221898862788
483027504,-718789.2051778359,-394295.1699122546,1709.2891574388282,1948.593477545074,1881.6198875777495,1525.5271699838,1076.4988233362988
483027513,-718197.807287696,-394337.3084162294,1125.4581232339096,1393.934791829321,1709.9206942872204,970.4824287138949,1374.3780727566625
483027523,-717015.0225637226,-394421.4796061968,241.69004439083508,586.5609801743302,1734.951175573958,426.33968456108374,1633.6503498298994
483026594,-719972.0120293541,-394210.78707792226,2888.0948840610504,3100.6412252134915,2623.4681335451096,2417.75047491116,1063.835078368141
483027514,-717606.4130839847,-394379.411646982,561.0212755407305,889.9852998865865,1695.2224342005595,509.4620585861037,1452.539890149621
483026593,-720563.4209966903,-394168.5427442003,2413.6779411455996,3290.6601675269035,3099.6864882527625,2340.250550618768,1344.4787756722637
483027533,-715832.252561626,-394505.50971671,721.2090116365174,773.9327919635324,2300.2381932068115,1002.1140161899127,2428.192739471668
483027534,-715240.8730738296,-394547.47187136003,1295.147488232704,1247.720471546875,2736.0308905872666,1559.2157856423817,2926.506631749735
483027543,-714649.4972575487,-394589.3987611743,1880.8738701374684,1793.7489714795097,3222.3343099589542,2135.673261824547,3454.8292853711987
483027622,-716390.686235219,-393999.75688578683,711.9028660707884,115.95333766441574,1561.7160188906919,944.9554524695521,2342.6070163824593
483027652,-712842.6082458199,-394251.2297067385,2130.380867124297,3477.4061261109814,4212.5245699012985,2438.322973758729,4113.865746693503
483027642,-714025.2862440199,-394167.54649288376,1888.8533751670961,2292.799504442054,3552.9120939628738,2051.693181363243,3581.598557552825
483027641,-714616.630737998,-394125.65199104056,1899.441529947907,1701.009747321351,3003.827856649799,2046.94701557326,3440.0175378672393
483027632,-715207.9788992037,-394083.72222369007,1455.4087898590772,1110.3055923263305,2474.980431489046,1744.5987811807897,3181.367480157407
483027631,-715799.3307306132,-394041.7571891651,980.3102557547247,524.3900995388028,1982.636146794743,1271.5249940964636,2730.003182035532
483027624,-716357.7329610265,-393536.0017101419,1174.7389993270608,,1229.261286841376,1392.0633466651202,2692.353559544726
483027361,-712447.7537340501,-397075.4333394385,4535.550698187189,4999.677797482043,6503.227847981198,4689.035211831071,5527.46621361998
483027761,-712185.7516235979,-393365.54858895915,1846.5392171650753,4083.1116831929075,3522.169514429626,2219.2691574272953,3817.399754523926
483027763,-712152.9844242642,-392901.81403923855,1653.4860971124174,3979.6733314514095,3108.6733021608084,2025.444081756815,3534.7332242512753
483027861,-712120.2134582422,-392438.07966736937,1268.0432569229456,3559.4286954889385,2711.878313038819,1926.6441692346973,3293.692508896011
483027864,-711496.2471672532,-392016.11334580765,754.5982662151166,3491.663750892708,2760.415054981848,2510.170575900394,3665.841417553653
483027863,-712087.4387327837,-391974.34557345463,830.7805306111572,3151.7502182272415,2340.2951538548887,1917.4997326030086,3103.990227909633
483027972,-710281.1794800482,-391635.81779411563,886.3931492619847,3397.457406424163,3545.0334966832565,3318.3344563318433,4046.5952370303708
483027962,-711463.4963462072,-391552.38234031457,289.7125374561181,3144.502325252418,2484.9078449451918,2518.3837038044844,3557.6458112845758
483027952,-712645.8277903162,-391468.80580177007,983.7563338535579,2464.5339731469066,1609.7905246784874,1353.5737686405528,2398.383995422372
483027961,-712054.66024453,-391510.61170746834,452.4363374545267,2762.2072964050367,2007.9694373328311,1937.461669690681,2975.461900676487
483027503,-719380.606757397,-394252.99613338086,2297.7832065663624,2520.7108877084493,2204.557010451628,2086.2150656271037,1028.0537191144706
483027611,-718164.7748179962,-393873.54434579966,1306.713830951139,1272.3973456602055,1250.4583151799511,1246.756378303984,1071.9501364634232
483027601,-719347.518960454,-393789.2262774793,2149.9179546300197,2455.547525228548,1870.7674903459651,1687.4523023637719,563.1048283017199
483027621,-716982.045415997,-393957.72131188575,706.6176075936858,141.6869750907923,1284.4777098309644,891.269104272311,2055.673203640275
483027602,-718756.1450451739,-393831.4029502579,1797.5734017798543,1863.563338651468,1476.5730418381743,1434.309013878469,647.3312372581036
483026692,-719938.8965668109,-393747.0143257781,2591.5061410078274,3047.8766846120443,2349.931231849611,2083.418976261057,626.0404245618101
483026691,-720530.2778672258,-393704.7670934755,2212.721280036356,3489.753874624132,2871.84747810907,2175.4809177453194,1033.3275178237104
483027623,-716949.0644796774,-393493.96325258637,1146.7376469352416,81.42106102999118,849.7271165693628,1229.9994965345322,2100.0485418051067
483026694,-719905.777300108,-393283.24181314395,2174.632643350771,3045.6520856071256,2143.3880532666954,1807.7884553546485,290.6289244975385
483027604,-718723.0811145788,-393367.63622596953,1410.0184448143414,1859.9411291054278,1119.0966389477794,992.3883873136313,334.0333031898841
483016743,-727011.9103055433,-401165.0683373352,1434.3019343188323,1939.5180742392895,5533.197306974225,4531.597433909472,3306.5552519220087
483016734,-727603.8025996184,-401122.4827436061,1452.3092423247845,1976.5736064651799,5588.0512845568865,4139.356893111342,3718.467778823012
483016723,-729379.5020088507,-400994.5143890899,2467.7260045126923,2903.7328413627665,6105.726149945088,3339.9413575951235,5040.854113907531
483016821,-729346.0330453663,-400530.69391513965,2229.742530583684,2616.073270341264,5688.027682520468,2890.1791362083236,4594.991622933681
483016832,-727570.4165392043,-400658.67110030446,995.7415366018663,1522.9173063677874,5128.403225463052,3785.7649258333427,3420.5387295368128
483016843,-726945.1896031711,-400237.45112759696,504.28709532309034,1009.505767259636,4604.051903504975,3673.522798204282,2666.8757099248764
483016824,-728720.7119384211,-400109.5709169765,1501.827746111966,1864.4777419341103,5013.82725953971,2696.751735898683,3997.461284717236
483016834,-727537.0266307548,-400194.85965707427,553.4128508031263,1078.9695643577109,4669.816155304267,3458.648980399904,3163.1651737856855
483016823,-729312.56022449,-400066.8736439934,2070.3408137726865,2385.056038135531,5278.247865432266,2446.1341948774943,4153.332375175602
483016844,-726353.3563224184,-400280.0073340356,622.7556554974991,1031.6218104708582,4598.910085923518,3818.0279696823595,2218.7556345384437
483015794,-732339.0763366723,-400780.5284483143,3944.1585434544313,5482.464201409787,7749.597388289512,3611.1623690322212,5634.95977580806
483015793,-732931.0025111767,-400737.6254433589,4281.909885839471,6041.1440991242725,7790.712817763202,3907.967485715655,5787.055847994068
483015891,-732897.3677054028,-400273.7872446963,4657.080783044151,5908.147093942515,7328.506042539651,3531.260171977839,5345.907845140643
483016814,-729904.4122693785,-400024.14110011,2649.7750282462075,2933.4017944858774,5593.32018582225,2323.5104288986226,4384.58304513805
483016813,-730496.2681186607,-399981.373280544,3234.269563551879,3496.4784906579866,5951.006442647747,2315.2056579838304,4532.08989570101
483015894,-732271.8581396096,-399852.85817834246,4764.073393846975,5226.098170803194,6820.0142949529745,2805.0783217211106,4728.9531991630465
483015992,-732238.2432390378,-399389.023454549,4837.761749953648,5156.374476069295,6355.27903952686,2435.4142562286606,4279.825894225965
483015991,-732830.086472985,-399346.11157237313,4876.039213473887,5308.276773971682,6405.327515900616,2857.021962524995,4478.143606789094
483016912,-729870.9079552562,-399560.31818547496,2601.5798151331182,2807.460612966023,5217.638043591323,1860.5522123396122,3974.059340215888
483015993,-732796.4400503385,-398882.2741488047,4411.06893302726,4863.0403279069205,5944.5474604196925,2580.263885174965,4054.6385220606335
483016833,-728128.8674081746,-400152.2329207701,963.7491324075021,1402.9180961287918,4808.419583972727,3043.907191338928,3688.2330882645474
483016932,-727503.6328816589,-399731.04851404246,231.29190479563772,664.4832596244167,4212.636693107775,3156.6089448538914,2956.956048511994
483016941,-726911.8234919935,-399773.6429215972,39.27973565007627,544.4996734532463,4139.624369525653,3216.0358563748173,2418.7492507742613
483016942,-726320.0178478254,-399816.2020627206,367.49650000419365,584.4813775364121,4133.907549571892,3380.1535221040876,1913.4034354676164
483016921,-729279.0835536299,-399603.05367578054,2008.32012148463,2228.3678876803974,4878.38267826069,2011.596354377223,3717.3749306153404
483016922,-728687.2629094853,-399645.75389283785,1415.1401063535147,1659.3727860006304,4591.007437703659,2309.843806918373,3542.385945292275
483016944,-726286.6755353957,-399352.3970397475,365.39027644817975,226.83271326856186,3668.904885132647,2950.5939685406124,1682.791048304182
483016934,-727470.235288495,-399267.23762117117,227.93079354770484,389.0564605980216,3757.3784633120204,2691.6086063507505,2813.185063199841
483016943,-726878.453539863,-399309.83496484853,,79.49345219709821,3675.3423468367996,2761.064064061497,2240.7389945283226
483016953,-725694.9012721012,-399394.923847573,958.705167281928,809.645640299232,3688.10647184913,3239.185841590181,1160.436102638243
483016904,-731021.0046180809,-399010.9128163345,3787.9892847718816,3941.543840351775,5705.802668569808,1440.9203603848532,3610.9146105589098
483015984,-733388.2594053042,-398839.32402353344,4410.138790446961,5073.682517586677,6056.397056249194,3097.2646071723398,4345.197940463746
483016913,-730429.2003415646,-399053.72180845594,3194.630476793244,3348.3544771958814,5265.313448825688,1385.1345425159086,3602.0163898944647
483026012,-729803.8877539873,-398632.6730675813,2635.8321630415953,2754.0742536325665,4516.438283021339,940.8002911462326,3155.351764031204
483026011,-730395.6606601117,-398589.89640444814,3222.8070268480496,3347.3970444069896,4952.451416684214,920.0988979705367,3136.97955003352
483025082,-733354.5814495574,-398375.4838496336,3945.079308788076,4652.52742760588,5605.514659373649,2919.010363810916,3962.2541887897296
483026002,-730987.4372844534,-398547.08446303883,3662.7651439320903,3940.7261169295716,5418.410890443296,1002.1064251760381,3147.1895109949787
483026013,-730362.1171229988,-398126.0713052471,3176.1530221464545,3369.460867430482,4665.030422345398,455.06332942996943,2671.942786080501
483026004,-730953.8660920542,-398083.2564154646,3200.8606329393747,3706.2287727762664,4967.996768223147,603.9060617146081,2683.9188147698364
483026014,-729770.3718708231,-398168.8509144089,2749.452462552018,2780.8741296788066,4199.3056970396765,495.5832039345947,2693.490194644779
483026041,-726845.0797433604,-398846.02720730763,425.72775137916824,,3211.2691052951454,2310.094145190274,2150.3293604666997
483026032,-727436.8338478404,-398803.4269284172,482.89922219514904,380.84601657480914,3304.835691535958,2226.6141072448786,2526.7440578821074
483026042,-726253.3293817117,-398888.5922150735,561.0202604618908,212.44532670451397,3203.902192992327,2533.5822825682476,1560.41532255704
483026034,-727403.4285670866,-398339.6165359074,919.4308566721935,541.9007104521992,2856.2994639392723,1761.6301928558478,2061.731315121873
483026044,-726219.9793941535,-398424.7876888243,962.7538361195188,440.1677359854248,2738.899573558622,2136.4787638655966,1548.274072667121
483026043,-726811.702109871,-398382.2197491007,890.7352653760873,385.51279612089303,2747.5105545662395,1866.0299137951952,2102.5781216970445
483026131,-727961.7219928134,-397833.16496951197,1585.0642191674606,1293.1607356701315,2672.2011568564467,1296.4696654573377,1606.9207456148056
483026132,-727370.0194428116,-397875.8063936097,1374.7654607497907,931.886397493759,2414.003901770033,1296.6679699172978,1596.7184453332568
483026144,-726153.267903743,-397497.179331463,1857.0354878112944,1332.5601892775715,1808.8940510825953,1467.2928269258707,1513.916040220453
483026133,-727928.2813667614,-397369.35209255654,1997.3754018778864,1636.905272630174,2289.5431476083627,831.4550839198721,1146.051004545422
483026063,-724444.8336660988,-398552.2798841872,2322.7883409240494,2029.1984544981806,3153.073989001315,2439.5745504751026,
483026151,-725594.9342398081,-398003.51900763065,1660.417862652145,1171.5424662411488,2304.755436935366,1889.528650361729,992.6784832332698
483026152,-725003.2466445073,-398046.0193318757,2060.679163688257,1637.1984906581388,2471.7564284647783,1901.0229886871932,451.9311236287894
483026171,-723228.206233808,-398173.30868710217,2112.7375116348153,2592.237286068724,3567.08895520666,2182.870818719179,867.9908788277621
483026162,-723819.8826444963,-398130.9141699168,2164.981256286187,2501.9146080258693,3133.004140490614,2033.1089421555234,356.2513436848895
483026161,-724411.5627803986,-398088.4843854076,2277.5023966465433,2166.1490300127134,2758.7786849218555,1989.0198904966771,270.8396269522349
483026164,-723786.6355742823,-397667.1217875302,1714.2268887385258,2037.3102537969323,2813.7271423638,1573.8934089925353,771.3580722581488
483026154,-724969.9442792803,-397582.22110561805,1759.3113439020037,1920.2927011714846,2052.085855320095,1439.7436433955315,819.952044072564
483026153,-725561.6042250801,-397539.7178559207,1762.3704959456884,1542.6236949367917,1847.5364508098967,1424.5321596109552,1205.5949059530535
483026173,-723194.9868091093,-397709.5192231346,1647.7613162749772,2147.266041949843,3290.190705051519,1741.531393221656,1105.1934670980274
483026112,-729736.8521316776,-397705.0290150951,2718.218298965991,2882.3077428955153,3911.8538708089104,196.25382442053788,2232.9463280017503
483026102,-730920.2910374433,-397619.4286235779,2740.0159927044806,3241.187179804369,4504.2386199673665,396.99843845541994,2221.3865904898025
483026111,-730328.5697267896,-397662.24646081886,2711.1173281762126,3256.1875910670246,4408.029719880877,,2206.9058973139513
483025194,-732070.1106977137,-397069.85359776416,2639.985763125451,2910.520473890024,4032.682640037387,1583.552405619389,2138.7931726689962
483026114,-729703.3285331154,-397241.20731959725,2254.6482806797735,2920.032172467691,3661.080794883859,196.50669251104566,1774.7464827894955
483026113,-730295.0184680459,-397198.42182111985,2246.081609705102,2793.645390226588,4130.8088793541,9.972363826885463,1741.868984137505
483026211,-730261.4633541922,-396734.59748627373,1781.0459671261353,2332.0970928529523,3665.774289076893,475.0080813964772,1276.8321469443229
483026212,-729669.8010825546,-396777.3859280381,1791.837662300483,2482.096278343481,3454.9825351647964,513.9474149929096,1321.3315543887118
483025291,-732628.1498546631,-396563.09080713755,2086.811118298296,2737.523378623056,3656.899752284421,2178.252464253215,2204.4852141285633
483025284,-733186.1335662131,-396056.2870706842,1619.7817670063705,2766.395757684994,3408.7039411757323,1948.9556787280917,2317.716352128281
483026163,-724378.2880633422,-397624.6890822577,1826.1058050103102,2035.259039907451,2390.0391361223483,1547.033115993386,735.8264836386513
483026262,-723753.3846831871,-397203.32969998295,1273.7398964086442,1572.9311543982456,2539.85131290161,1119.452241387594,1149.0309929528037
483026271,-723161.7635666409,-397245.73005310056,1182.7851913240045,1712.9586081198177,3059.2515989120116,1316.5697873902727,1299.3675906281087
483026252,-724936.6380869476,-397118.4231760132,1294.3175065292266,1648.4828935422659,1656.7983505661218,981.9761304674878,1208.4038081846797
483026251,-725528.2703801349,-397075.9170017721,1298.4705276115478,1914.2621996299977,1395.470069601558,959.5357411460254,1517.8132558124598
483026261,-724345.0095222929,-397160.89407485345,1383.7423003944693,1570.2733805027387,2060.6206950180785,1083.6345452350165,1135.0693232189328
483026272,-722570.1461696647,-397288.09513589414,1188.9009419844008,2024.3067617942509,3601.48047383075,1333.372133577004,944.7043350215556
483026274,-722536.9467564373,-396824.30912402965,727.8412587016733,1689.2811365704542,3454.9392044539336,869.9827546766905,966.2712100967298
483026273,-723128.5365029982,-396781.9411269707,717.8089361070131,1300.046430152711,2885.3283127664595,865.4293537332932,840.924797745436
483026263,-724311.7271538406,-396697.0993131647,962.9421903933126,1105.2875917023337,1792.3367453002488,618.6471934753944,670.0828154350388
483026124,-728519.960006746,-397326.6724520688,2305.62553966183,2046.268970669732,2694.2207284124247,1008.3744101221388,1371.0202557852388
483026143,-726744.935318251,-397454.60553055146,1820.7502737587715,1315.525273427921,1821.8981366883108,1034.6732814387512,1204.5146035305359
483026134,-727336.6064715907,-397411.9964514815,1834.9586099191624,1369.537471567681,1982.1312510940518,831.7641291670668,1131.7055489127715
483026242,-726119.9064048546,-397033.3755504272,1469.9857718118265,1793.151261559421,1343.8913488219735,1033.6754236171066,1206.494252568154
483026232,-727303.1896608183,-396948.18680964265,2285.0078022047965,1820.8015438329166,1569.31046929519,367.1407230970133,666.6927262492513
483026222,-728486.4878787525,-396862.85694005544,2254.7081436984395,2372.0931350462265,2406.767897222327,678.0551649014178,1021.4576187565102
483026231,-727894.836898046,-396905.5395168019,2428.7978361337377,2029.5621118565248,1943.1476487563175,366.4405764663716,690.7582835723192
483026221,-729078.1426059259,-396820.1390777043,1948.1764303687228,2754.362337824951,2917.6848756915224,921.3611155956562,1520.9472339857498
483026223,-729044.6389649985,-396356.32088008267,1534.6457125743932,2377.645979810167,2734.762341090831,1135.7566973916787,1236.8447598823814
483026243,-726678.1531700619,-396526.99235936784,1533.5189757724145,2245.5378586132956,905.3389466454537,615.7977412274568,459.08521943760866
483026264,-723720.1299678036,-396739.53785724496,859.4543894254832,1109.0600083647005,2327.459381347136,679.4336590865819,693.4685313126341
483026253,-725494.9327015582,-396612.116395154,835.7875200863845,1555.7057338154864,955.8945563121907,494.5391942804867,1210.091071019266
483026254,-724903.3280640983,-396654.625493031,829.3235403864671,1213.8258585373042,1308.1867365418298,518.060136629153,787.9408952707848
483026283,-721945.3607251318,-396866.6418501182,1012.0804421069148,2172.703935981407,4031.315215691134,1101.819559805336,406.0036586059759
483026361,-724278.4409545747,-396233.3047471562,610.0881644336729,640.3017738874811,1615.9293283163047,153.65981280866097,205.0962787004485
483026382,-721320.6304744983,-396445.15930771665,1330.7535547198445,2545.4060167625084,4546.178962993442,1336.3773577805296,668.0189870490093
483026381,-721912.1851426507,-396402.8589422372,756.9419237242219,1977.0764676367808,3955.9679419068107,790.8127547866624,754.883661476703
483026371,-723095.3056147776,-396318.1523947101,252.8326510040397,937.2473141622297,2779.1460381276142,400.4533282825801,397.95387468977185
483026351,-725461.5911859329,-396148.3159860303,378.8078665624993,1268.2558176956481,559.0925149807435,29.54261940082997,1028.2588886386034
483026362,-723686.8714247239,-396275.7462092814,536.0222111292289,646.7910148847609,2194.476774935175,235.84870316656531,271.9347493929781
483120102,-707254.3403012893,-399304.6357564665,3100.3577045017933,10543.4050649355,11118.274663650958,2920.452743869894,11085.367714406088
483120203,-707748.40273751,-397872.05035921966,2506.6983806589687,9336.647833559897,9662.15153006892,2211.8541620184833,10141.333176402826
483120204,-707156.9086161962,-397913.5018564281,2020.6410342113904,9434.51589166998,10055.934551416696,1756.147389065997,10516.550381664454
483120313,-706500.5002291139,-397027.50230750395,1029.681393156388,8672.385423053349,9836.326464895048,713.9611143685073,9826.768205702938
483120421,-705285.2313279096,-396646.5386892116,,8653.02142862941,10489.205860511669,,9904.634610303649
483120412,-705876.6316896096,-396605.1843360028,373.533347713188,8422.03357550765,10007.618219430744,42.712461639506785,9634.943221524622
483120414,-705844.1910289081,-396141.47979403066,389.2235654109332,7990.076833579462,9737.286747307466,145.9611415202503,9217.567101697456
483120054,-701370.9642296026,-400180.81154119177,4914.339111287559,13560.40702769134,15756.880699661559,5154.684223601784,14894.508304269986
483120152,-701338.7704756906,-399717.12824901956,4630.664922230848,13182.13035415009,15489.101694109084,4887.842764437644,14524.136826806682
483120154,-701306.5730120279,-399253.44511772104,4378.069893213737,12809.551949830335,15230.805266565161,4652.242087551172,14159.338624693248
483120251,-701865.8573297932,-398748.6657808845,3632.87039844872,12081.875308353196,14480.507745923336,3912.6996811800414,13426.428922567682
483120242,-702457.3464257392,-398707.53410404996,3126.39729334718,11739.374175148234,13985.629151888163,3390.2104691488994,13068.469027421537
483120253,-701833.6248541655,-398284.980291629,3433.1590683484965,11711.206923587908,14234.29746641151,3731.75389476413,13064.07207223901
483120244,-702425.0863454145,-398243.84578258503,2891.9435291429895,11357.545903738075,13730.568819512682,3179.69451704871,12695.913030329511
483120243,-703016.5514502628,-398202.67605921486,2375.498159254594,11024.41033886053,13234.204880380541,2645.339919846972,12345.228107796795
483120254,-701242.1669735198,-398326.0795879943,3989.072878884018,12083.59053321713,14744.635438433534,4294.69354253958,13448.269503146963
483120341,-702984.2600453724,-397738.98506674427,2159.676646033792,10637.244587867315,12981.048146764064,2459.066632490856,11968.226667663079
483120423,-705252.8182921058,-396182.83698999375,109.40703321854033,8233.18581933057,10231.58685104791,139.57293227253007,9499.107147413164
483120413,-706435.5673920882,-396100.0873644903,972.5418262596478,7784.574475511907,9254.539408934885,650.6956835436836,8966.39674311123
483120512,-705811.7466417418,-395677.77552015265,685.0314111482221,7562.022387331162,9482.0513414423,605.9144801162703,8804.949780720131
483120502,-706994.4477375571,-395594.9497350809,1661.5609177680412,7169.600557638717,8501.522858459071,1369.0138834701665,8312.344755565777
483120514,-705779.2985247851,-395214.07146433945,1104.1659223917304,7138.5720652934215,9243.16254060181,1070.0952417913277,8397.792560537937
483037194,-707753.6090446105,-389483.6992687938,1277.5829292125277,1104.43718721597,5684.724600162922,2453.6431022849633,2476.5936678311136
483037193,-708344.6127769783,-389442.1260190299,1010.8537082337341,887.2255679077432,5095.196133906833,2019.1845512585608,2091.845205154116
483130114,-705389.6302443227,-389649.63955843006,3330.5759585713176,3157.4145633142693,8047.139051143556,4518.124449492469,4492.508290338404
483130113,-705980.6195139523,-389608.2073903236,2770.3443542665223,2594.047630629955,7456.097569353234,4007.648964220184,3951.9169956674255
483037292,-707721.0017571244,-389019.9867077482,964.772381056029,783.248727401831,5747.255147046313,2198.9158803545956,2179.055961144662
483120351,-701801.3886661911,-397821.2949641682,3287.480722719017,11347.474064975999,13999.197294212572,3602.0650168545258,12708.38763345119
483120332,-703575.7011564188,-397697.77729138837,1626.9175280813972,10314.906168175867,12483.03549330406,1907.1954806153203,11625.808476103975
483120333,-704134.7955411358,-397192.83789461706,886.5126045850869,9612.067477519262,11732.16719525708,1188.350953529107,10910.963153563447
483120324,-704726.2162756714,-397151.55683787545,417.64113996539777,9329.681350307643,11241.331781407232,639.0935359640097,10600.697865187625
483120422,-704693.8345908809,-396687.85781284067,219.30089138361748,8917.466852361591,10981.658948027496,550.1235527637186,10201.650634865195
483130222,-704175.2212805691,-389268.7025344078,4396.796549430883,4236.5151688940205,9268.264190923006,5100.122282937144,5480.105691542632
483130233,-703551.853197018,-388846.3391608342,4551.22062431789,4807.948836473203,9915.293243248585,4890.364409808199,5978.883090558656
483130741,-702078.5931538241,-384755.7249512282,612.362080203633,3917.903100785433,12356.71593354088,782.386849619883,7688.172197386752
483130732,-702669.259910097,-384714.43812450266,366.6859485440329,3333.1042625370137,11833.116713764639,700.8576237554812,7144.101416116974
483026214,-729636.2697765606,-396313.56479038484,1330.578820025923,2056.097220252555,3201.5012574818943,660.3020164951558,880.1276961278448
483026213,-730227.9043817907,-396270.7734062476,1316.0101997400197,1872.2776307681843,3200.7395738126297,506.7944670694868,811.7951850351628
483025293,-732594.4802032296,-396099.2549342039,1622.3163812178207,2358.097628132817,3205.869629125784,1891.4592874605974,1959.92253213202
483026301,-731377.5665949296,-395721.25499802316,1305.400380713816,1409.3057158249032,2630.3016002479785,764.1709744432059,697.8193759397935
483026312,-729602.7346116976,-395849.7438566004,873.3342737075488,1651.2995022685818,2736.596235331011,425.314106328375,485.64241037618905
483025382,-733152.4323640916,-395592.44845303264,1154.7221518595068,2480.31487500026,2992.7245454903987,1501.8034132297544,1866.0925006029552
483026311,-730194.3415474029,-395806.9495310037,850.9744079414113,1415.8725999358794,2735.7048339566013,41.756788663123764,346.7581988039738
483025381,-733744.0618185198,-395549.44233237405,1259.3311973817665,2991.28766548328,3316.852237966099,1778.9338402768458,2061.461520309431
483026302,-730785.9521932984,-395764.1199130749,938.9342002522758,1381.020668242648,2653.7151066723723,174.93942060619503,397.27682869531804
483025391,-732560.8066773413,-395635.4192697154,1158.2747224322013,2014.882973353391,2759.49778165581,1426.4043485803186,1798.9297813461585
483026224,-728453.0119015542,-396399.04168012296,1908.7720273461332,2738.4134966497595,2181.446366838839,570.4963349459337,799.709043238076
483026244,-726086.5410692196,-396569.5720178304,1083.2086203808446,2017.567198277197,878.8885186552947,626.3624477759574,1025.563765701046
483026234,-727269.7690070701,-396484.377418062,2057.5668406903333,2277.6013720402416,1195.4444518733856,22.653794488277413,201.6797766527278
483026233,-727861.3885832406,-396441.7271922161,2373.865538142323,2447.703984201513,1655.929752208934,,270.80675626507815
483026331,-727827.9364189181,-395977.91506876284,2151.130848702328,2880.252946976603,1463.164358537903,98.57405759462299,180.71834102826614
483026342,-726053.1718934193,-396105.7686836369,786.3000507512446,1805.1994764145268,413.88566097043696,385.51456369145063,938.5847969615662
483026322,-728419.532071722,-395935.2266222336,1623.458741130646,2506.2953985271597,2038.9593891089403,578.9473793624268,773.8507890966359
483026332,-727236.3445069221,-396020.5682267036,1917.9038481830273,2737.1669683448017,909.8906528854128,101.14291499838488,
483026341,-726644.7563327547,-396063.1860977627,1340.3533314593274,2369.0752769006876,467.4255562586912,623.63399818135,345.47764933658493
483026321,-729011.1314683191,-395892.50288541644,1160.7729766148566,2037.7450164406332,2622.487416888129,1016.0239550998796,995.4795792872399
483026372,-722503.7435217483,-396360.5233051301,280.0450752090356,1428.9637440145686,3366.745869447385,410.1992055923921,846.8344800675588
483026352,-724870.0142073178,-396190.82800663577,364.3295458593443,813.4358965128945,1053.6470417926512,53.06568725294306,462.48245078009205
483026373,-723062.0709093312,-395854.3639564332,,706.5144956837846,2748.098778315239,,174.47720541252693
483026383,-721879.0057491658,-395939.07632653054,713.4591810370018,1878.6776268511142,3934.177734468591,681.9119594432846,1186.2727113100852
483026363,-724245.1509318616,-395769.5104769441,489.34908075739696,175.31602744963365,1561.9948637950547,,
483026354,-724836.6965239783,-395727.0308169444,,531.4228017782133,968.9334967324771,,414.51155128139743
483026374,-722470.536472946,-395896.7377793088,120.41325778637739,1289.4253969649997,3341.1413319736143,88.8747284449691,767.5230869041236
483026353,-725428.2458406378,-395684.51587451855,103.71520897019718,1108.6736895342608,375.86596612057355,,1007.585216286693
483026364,-723653.6090613076,-395811.9548562073,472.6388056608517,197.7019908533821,2155.0498997364302,20.32306361139845,
483026384,-721287.4787350082,-395981.3795997828,1306.4987965294276,2469.7318437402178,4527.207818241721,1274.94288297803,1132.9816387034414
483025384,-733118.727291855,-395128.61014486983,689.6626149452344,2254.66669550511,2593.4699913249005,1070.0255763160462,1423.1476363425547
483025393,-732527.1292844492,-395171.5839137973,695.5936453902773,1729.5726101605694,2320.4741068827075,961.3494874641591,1333.8751392607696
483025383,-733710.3290655939,-395085.60106962686,853.314031231244,2678.9003472031422,2961.6004056891998,1433.2107442414688,1646.3645567475887
483026313,-730160.7748584552,-395343.12596066506,385.9386921302065,967.725260185544,2270.6701699076066,,
483026304,-730752.3578303772,-395300.29339985125,553.5103568943134,915.9790557721617,2193.638479468525,169.8814135067831,
483026303,-731343.9445566941,-395257.4255395744,1062.4511050738658,958.086155324795,2165.2547211832234,481.4812842822274,573.6790756587872
483026314,-729569.1955953859,-395385.9232268069,433.0134246096053,1287.8528596835367,2271.7442706716506,417.3614012217534,340.00196801909954
483026412,-729535.652724189,-394922.10285096546,196.33674672387738,1011.3655185745516,1806.9860523792472,550.6395120302099,359.984012120771
483026411,-730127.2043115089,-394879.3026451928,,548.4651424558945,1805.6353809495233,71.15434270057645,70.49673292248856
483026402,-730718.7596063433,-394836.46714240906,396.75527448755236,450.9373190375684,1736.2113183894635,,67.76234777607085
483026333,-727794.4804124802,-395514.1032465621,2012.9559401344504,2836.4798385638833,1403.3743207453085,563.5887178726156,251.95573641934206
483026334,-727202.9161677704,-395556.7593356861,1882.9453912719484,2879.2635264723326,810.2879395221033,564.043032985158,46.46248765973436
483026344,-726019.7988848374,-395641.9656479641,696.7856585889915,1696.8646056349774,,384.37995494767694,939.7315399952591
483026343,-726611.355659554,-395599.3801355882,1289.8624418937884,2287.5771746003475,217.2079018348556,834.7534263957939,348.58641818178546
483026324,-728386.0483966629,-395471.41186650895,1435.385612509643,2283.232368652104,1996.4668779182257,801.9245442006161,817.4188046758247
483026323,-728977.6201233027,-395428.6851938274,878.7268467094526,1756.167754320965,2365.4382655293352,1010.4910244851035,933.1174018680368
483026432,-727169.4839861889,-395092.950694972,1885.6251781231979,2873.8952321308657,811.8966079421132,1028.8518547308986,511.47483580858466
483026422,-728352.5608729466,-395007.59736291034,1382.5018470407554,2139.4612810660296,1997.1162187003965,1176.208906682674,984.0936562957831
483026442,-725986.4220400546,-395178.1628607747,704.0161861650425,1687.7680298307685,51.11712384186592,580.8266178296012,1068.875181506185
483026431,-727761.0205604995,-395050.2916755757,1975.5750176789957,2722.0650824860786,1404.301476256808,1028.6033039733115,568.2638475528674
483025482,-733085.0183460503,-394664.7720961553,224.6029555349545,2015.6366029780227,2219.9821689873484,683.4116961705874,985.8502409022125
483025491,-732493.4480211018,-394707.7488164091,242.1996968489604,1534.8055508870002,1893.9153627268709,496.29450338456553,868.8203741757139
483025492,-731901.8814581565,-394750.69022972835,719.6789263221402,983.4508843340457,1717.2534009846117,511.3765870090436,825.2546405845898
483026401,-731310.3186542314,-394793.5963378227,989.8535000816925,531.2673772622308,1700.2077182421158,420.73618598323594,352.64500825611674
483026414,-729502.1059946707,-394458.28267903934,211.66821479278607,905.2505194745472,1342.419181716334,532.4114722346928,675.1626460327647
483025494,-731868.2240051344,-394286.858288903,683.725897837715,873.950656855375,1258.515944002287,127.16465899064045,387.72782069138805
483026403,-731276.6888840966,-394329.7673427296,993.0048613682026,280.87727634933765,1235.1606918416599,201.18930801561908,151.96975426491002
483025493,-732459.7628838499,-394243.913927513,90.62657495125723,1444.0170940790244,1490.5618270105815,31.239496762171996,403.76558651173394
483025484,-733051.3055232231,-394200.93425685033,,1582.540045138874,1887.6184731228407,470.8548375531861,545.8515490006099
483026404,-730685.1575177538,-394372.64109071007,404.560896673772,,1284.2680217896345,,
483026461,-724211.8570822885,-395305.71645249164,499.59236629898135,,1562.8267576842832,176.14420537853078,259.527495628961
483026481,-721845.8225412786,-395475.293952963,744.3223291642736,1870.4638139816825,3934.499637569031,684.9550806336396,1364.7693237392366
483026471,-723028.832383254,-395390.575762104,212.1435635984847,684.4114684357804,2748.5669180691607,64.52262669001644,204.76036876082458
483026452,-724803.3750106654,-395263.23387391993,100.66437666125832,501.66580457620074,970.2780506293781,397.26617769427537,489.12536955025274
483026462,-723620.3428741464,-395348.16374798684,518.0610521072857,91.37590674865461,2155.6502948263237,230.90962594953425,107.17167787137251
483026451,-725394.8966622554,-395220.7160105818,144.53246232408915,1094.7138392925763,379.3242606188498,414.78680180647774,1040.5470535013865
483026472,-722437.325606626,-395432.95249653084,243.93140385578738,1277.4407129293852,3341.5236352103416,109.82486897179507,774.9643447425403
483026482,-721254.3231842285,-395517.60013308475,1323.595320903897,2463.480604036451,4439.90823916872,1276.570074410835,1597.9442210819723
483026474,-722404.1109193859,-394969.16740676184,687.7389259590063,1309.8519365905734,3380.6822213328587,536.9025520689552,957.2923060809957
483026463,-724178.5594024449,-394841.9226237644,747.9388886044736,289.66984831154747,1645.0138772357823,641.1312817210567,708.9097900591806
483026421,-728944.1049265151,-394964.8677552772,789.4224813105089,1564.7240335702477,1923.4538639639854,1072.4147841275912,940.5773690108373
483026441,-726577.9511470387,-395135.5744228062,1293.7783339915345,2280.8285499799003,223.1404735210887,1070.06497226007,617.2108058859558
483026434,-727136.0479587531,-394629.1422545251,1966.0271490735881,2888.4166159803017,960.6834781172826,1493.788830494942,976.487310855892
483026433,-727727.5568595467,-394586.4803057677,1977.149585242116,2684.395102687176,1495.2395907676307,1493.6180166043055,1007.3931852322029
483026423,-728910.5858745227,-394501.0505197287,793.3714060357984,1498.3050263152563,1495.513578182934,941.3654397264569,1100.4106353894
483026424,-728319.0694971425,-394543.78306140145,1384.756726607797,2091.353162801532,1836.9398832605468,1380.2836417248975,1288.5398925953432
483026522,-728285.574276661,-394079.9690621092,1422.721335841715,2091.3991833165114,1530.915522282684,1191.4086714354862,1045.2639740249076
483026542,-725919.6568390117,-394250.5579818647,1244.0713622424223,1848.747654440497,981.1229765537048,1418.5118390482596,1720.084229817692
483026532,-727102.6080928617,-394165.334114471,2146.484715777026,2878.003159316052,1272.442960523789,1958.7626953600152,1441.499812394967
483026541,-726511.1306011864,-394207.96369543945,1651.0116315189237,2402.3563462069637,1004.8745267880838,1679.2255292615662,1482.307082005545
483026484,-721221.1638187633,-395053.8208575889,1471.495858067913,2480.416022502415,4129.770735251698,1380.4903202091323,2035.5992262083666
483026483,-721812.6355155875,-395011.51177150046,983.6009654516213,1892.732710715424,3967.784961488411,863.3320958502445,1475.9310776429802
483026464,-723587.0728598313,-394884.37283458514,825.7507194055455,303.7373871435033,2215.9347492365778,683.5177653548299,572.1533512999958
483026473,-722995.5900331395,-394926.7877616886,677.1199083935309,743.176461659449,2796.0725467228012,529.4987118772289,598.159463212566
483026582,-721188.0006459488,-394590.04187341384,1735.2497285052054,2576.384443014479,3850.9194311751485,1616.870964693787,2087.774104753781
483026571,-722962.343866344,-394463.00005530764,1142.0962829822552,1018.7631227506256,2917.8515411369226,994.4748268803462,1051.7021041066857
483026572,-722370.892418576,-394505.3826101219,1148.421647305465,1483.6510094499258,3482.0502790758633,998.4348241203895,1290.2160587036556
483026581,-721779.4446794376,-394547.7298822625,1346.5981583089113,2016.892172992755,4054.4756543741314,1205.7866784546839,1710.7177843771785
483026562,-723553.7990257244,-394420.5822161241,1236.0222226198423,760.1643217573029,2367.772019661734,1114.9644532966072,1037.1350540527594
483026561,-724145.2578996994,-394378.12909088447,1140.9065987517024,754.6557529922245,1844.4937792840992,1106.1183869030278,1118.408172372923
483025374,-734301.9346086462,-395042.5566863567,1294.6234077282606,3000.4688468270665,3394.0527763614655,1914.89690149197,2011.5145848219213
483025354,-736668.3945336597,-394870.0260385902,755.6846315788824,4831.512233313552,5435.934030648284,3924.1587414285514,3613.200539127086
483025452,-736634.5194648138,-394406.17023280176,1166.200841312396,4620.786940328226,5267.86898387445,3620.9546973255096,3150.395083149672
483025471,-734859.7519227403,-394535.6300766087,1703.599941603493,3088.918071588704,3629.525595723748,2214.318017985736,2216.7933509170866
483025472,-734268.1702938878,-394578.7127279722,1118.389831296979,2647.965688912788,3117.9430350177236,1728.8134734968257,1714.5179980080861
483025481,-733676.5924359855,-394621.76006724674,550.3991268137112,2277.1740453224693,2640.6812755004016,1173.09020923303,1266.479680603832
483025483,-733642.851926238,-394157.91927519435,502.47897396268604,1904.4934378976482,2368.0944376416883,1009.6955351470987,964.3586587476888
483025573,-734758.352619713,-393144.0908497929,912.6807621290714,2482.5667085930713,3220.9031890007454,1581.43772499661,1373.8073533798197
483025574,-734166.854069038,-393187.1823706638,906.3687659942395,1906.2611490636134,2631.128731064547,1014.4227821423452,995.8805193982425
483025681,-733541.6071471326,-392766.3985616399,656.3756225368527,1243.8533286014929,2020.317007884795,412.0326743982026,389.1741789359047
483025213,-742061.3879654123,-395407.53195784276,4307.963290561996,6163.540528660667,10778.920352349769,6662.875667323708,7257.830733265354
483024481,-745508.8694736953,-393754.10201811517,6337.979137225918,6131.4139183287325,13986.941870011526,6889.553385345806,9747.657636704109
483024483,-745474.5749412824,-393290.20168025873,5975.029788917307,5777.631716221087,13937.725941260493,6545.695083796699,9608.061447935659
483025413,-741924.8984199559,-393552.00091421325,4576.6246885742885,4306.281249692339,10397.516491973503,4829.41901185509,6267.595240888823
483024581,-745440.2764739889,-392826.30167140934,5627.140247651748,5440.638256970477,13903.902729665879,6217.637982103287,9489.232967677437
483025511,-741890.7662352128,-393088.1188616618,4115.499429700464,3842.4608288628824,10352.328190849663,4374.626782357721,6084.081346356155
483024582,-744848.6818894281,-392870.02623379824,5239.415490421372,5036.779936367361,13311.685443659158,5800.581672828364,8913.367381473738
483025504,-742448.1779222562,-392580.68625636346,3745.743638828454,3483.045809454095,10920.785216124963,4108.410115263276,6500.830597817764
483025503,-743039.7295223575,-392537.1000869499,3928.0868610775574,3680.8916232958723,11513.694794876903,4367.758985485994,7074.1202759501075
483025602,-742414.010178009,-392116.80171548005,3295.540796829658,3036.0141736449373,10916.354902580368,3682.170712820352,6392.109140671757
483025642,-737681.9559312247,-392464.24267262954,2218.2167499938764,4357.687356870397,6171.624165858952,3470.366834500247,1982.0960023577832
483025672,-734133.0742332945,-392723.3394075433,441.29581016668834,1836.5716622531875,2613.3419800872707,1005.0675440584289,840.1446657440731
483025671,-734724.5450850149,-392680.24493201094,454.11417241192345,2429.4406091220685,3206.373176497729,1131.0085007964376,936.938592036555
483025673,-734690.7336683291,-392216.39927652216,107.11912794845826,2428.965658998538,3210.3368044332956,699.9999582719306,548.5850401020555
483025664,-735282.1805851657,-392173.2665217638,700.1213128519487,3021.991022657049,3802.7477741677703,1111.8220381093895,847.8061390318308
483025674,-734099.2905186757,-392259.4967057957,,1835.9466954375678,2618.213837518339,615.9008143878152,375.07548282622423
483025762,-735248.3375838007,-391709.41822349164,700.5241356039643,3050.609453463618,3850.364912091209,937.8243457544238,429.2181842015477
483025761,-735839.7605629322,-391666.24718403403,1293.3468447355035,3638.958069342664,4436.569435615101,1526.0628200228614,342.12767090145024
483025772,-734065.5029290132,-391795.6543154981,23.77716668076652,1882.7435499268859,2686.969830044005,150.82980210628435,
483025771,-734656.9183734899,-391752.5539334042,109.72571432184183,2464.5069249720723,3266.6297470064683,365.24581414547913,388.1169256062989
483025641,-738273.449438827,-392420.9362323433,2433.4029839237937,3934.9256248145157,6764.693284442645,3890.865863590682,2466.372087774485
483025632,-738864.9467328362,-392377.5944585612,2761.471799017691,3561.0485323508215,7357.768819565437,3621.77945295242,2990.094267495599
483025633,-739422.4147343503,-391870.3479800884,2872.246565365131,2846.095623031557,7952.397929539126,2985.1650779250094,3396.178228589086
483025644,-737648.0059839498,-392000.38221341564,1771.22632712686,4062.9605783505817,6173.6491105012465,3354.6573359220056,1720.876198804712
483025643,-738239.4717813752,-391957.0728053811,2034.2423296678223,3605.826497714953,6766.531909801945,3500.1419179866416,2261.767370767153
483025721,-740571.2804303382,-391319.60679795593,2265.063480634337,1990.664257789135,9158.107489566759,2406.591340212576,4497.836599543236
483025731,-739388.3777494464,-391406.47893039335,2626.5770857219495,2459.9718232717432,7975.137869247848,2540.892915486626,3316.4657512479757
483025722,-739979.827193585,-391363.06053585414,2416.8757479311353,2157.6580968060875,8566.509740185209,2416.828684531594,3906.7948220572544
483025742,-737614.0521429719,-391536.5220711891,1336.6485746191543,3802.4369640214354,6203.00609847115,3301.0019120011802,1557.801990547238
483025733,-739354.3368580239,-390942.6101504208,2320.2120674612356,2106.0256953513885,8024.812413342965,2105.6446982422467,3298.713503602895
483025752,-736431.1873138545,-391623.04081331484,1220.2519958761002,4228.618147786019,5024.381459948834,2116.9523210728453,477.98997054484096
483025764,-735214.4906977047,-391245.57018846995,853.8858394407875,3148.0559255557405,3952.505050143374,925.6076683800466,259.17642769078157
483025753,-736988.6878164293,-391115.9421978886,754.3070457094299,4129.232016882726,5683.779843037814,2704.538858064614,926.7615206343086
483025774,-734031.7114608457,-391331.8121866089,488.85006414616123,2036.9130722782802,2831.4532923601487,,77.38424586776144
483025754,-736397.2850044308,-391159.186862829,755.6813194451537,4299.402970570473,5103.031501949622,2111.555494877541,333.7894214532288
483025773,-734623.0991970324,-391288.70885261556,500.4460870141951,2584.1779107692005,3386.449425558335,332.6431988986968,395.7544060542865
483025763,-735805.8859658486,-391202.39619244664,988.2470711064182,3721.0050203782653,4525.474390100983,1518.5783757880563,
483025862,-735180.63992341,-390781.72236665594,1183.2579023344047,3308.6050655192753,4105.10044720162,977.4815227528486,286.86064151705597
483025871,-734589.2761354912,-390824.86398411315,959.9164044637109,2777.539426702647,3563.3933581361466,457.5956979244421,666.9947018706021
483025872,-733997.9161107097,-390867.9702690855,953.923082958266,2277.250657966885,3040.889136627461,314.24133165455316,542.4549160301916
483025724,-739945.758581694,-390899.18878298684,1992.3464355581336,1743.392821896035,8612.748428972764,1954.1418586416662,3891.7174113538554
483025842,-737546.1327659936,-390608.80253752385,619.1044369394003,3414.4234118844,6364.096437409631,2984.596464040959,1524.6969648001018
483025812,-741094.4854295157,-390348.3625261233,1314.459114388186,1039.507846477176,9852.903935690816,1522.1844178131414,5079.202249266117
483025833,-739286.2433526921,-390014.87334964273,1713.9582317108177,1581.5046820005603,8202.743013425112,1298.836730768462,3350.6251433909665
483025814,-741060.3535414574,-389884.48536552914,849.327931938659,574.3767924927242,9936.714914118302,1077.0340050626103,5111.536605996236
483025931,-739252.1907428296,-389551.0053789335,1537.4689551867314,1477.5272972292362,8329.320552213509,981.1274739221675,3462.5877828412185
483025932,-738660.855983449,-389594.40030853974,1742.1486614114094,2069.2798921324393,7765.339154471681,1510.1940794899774,2903.31932666589
483025912,-741026.2177381016,-389420.6084774949,384.196633542178,109.24562257481512,10041.389509025246,660.0343461152285,5185.553671116344
483025942,-737478.1978054389,-389681.0841218183,574.9477300779693,3254.031531787427,6652.556218053158,2650.6427574304303,1848.9115261557342
483025922,-739843.5292864178,-389507.5750983806,974.6973373958649,887.3166211231763,8897.083681711068,589.5676583837156,4031.505143872123
483024782,-744711.5595306165,-391014.4408729275,3954.051858916853,3817.7683137153344,13303.157420742198,4607.231969201176,8642.900865113426
483024791,-744120.0796622994,-391058.14206292835,3482.178698291317,3323.8906685101506,12710.722009988409,4113.239434769649,8050.334872865366
483024793,-744085.8169690205,-390594.24943449453,3202.079438090344,3071.120163827864,12741.77310577575,3859.4954323834904,8042.922507228662
483025713,-741720.0465121301,-390768.71259961213,1803.0856192265992,1535.3104854626538,10380.090176547577,2167.5047403903422,5670.767099856975
483024794,-743494.3686441322,-390637.9182581989,2729.0751748140588,2570.639424164583,12150.952721565005,3360.2662704436657,7449.8741424401705
483025811,-741685.8908082087,-390304.8321374573,1346.0917699705644,1083.4211745069745,10438.951544609845,1763.0352337605516,5672.065966511815
483025802,-742277.2999857133,-390261.26639556984,1583.5321575846885,1373.8583280479402,11025.755650496341,2145.3969656326926,6264.9656013329195
483025911,-741617.5676521377,-389377.0721336952,481.3970374440248,324.24806913786625,10616.988112507186,1107.6099068809092,5767.445330832306
483025902,-742208.9213622602,-389333.5004320145,962.9500290071194,904.8450244576995,11194.413325815649,1649.5684421634176,6351.397021791115
483025903,-742766.0559342043,-388826.0077696923,1475.889904882893,1491.1598283311914,11880.026442967377,2150.95546027951,7022.414774098797
483025861,-735772.0074774498,-390738.5454149886,700.91569646582,3857.760851119689,4659.319739933656,1550.72793779236,122.95833845143271
483025851,-736954.7538957691,-390652.0855021465,289.2128665007251,3983.288767630488,5790.869939038844,2722.692421128976,934.8770328051254
483025852,-736363.378800578,-390695.33312739496,292.7769953208873,4418.269214714121,5222.071278697511,2134.7781600381745,355.71344466337507
483025854,-736329.468709798,-390231.479707144,45.537023496945984,4475.088819471314,5378.819831114448,2250.703716388577,676.1673707583514
483025874,-733964.1168860843,-390404.1286630554,1418.9961227085148,2579.7849400077703,3302.9447143152406,779.3124864873041,1007.5256072705034
483025853,-736920.8160850737,-390188.2291225114,,3887.838167735737,5932.586029090414,2814.4833954227156,1097.5583286331382
483025951,-736886.874380865,-389724.37300894695,175.88123121097408,3846.6407957880374,6106.5178199629145,2976.941840694881,1402.8152341924972
483025954,-736261.6368535615,-389303.77361204225,642.5893285537602,4437.951033693019,5792.476180086529,2716.6601258305195,1554.4711610602405
483025963,-735670.3486954642,-389346.9947680249,904.6792057925762,4537.301722136345,5290.814391652988,2286.4798632019256,1518.216384181996
483035081,-733271.4505483152,-389055.68810331606,1727.1850626077996,3439.998736174891,3968.00152578406,2190.039118360989,2411.444280443291
483025924,-739809.4450341853,-389043.7043782205,895.7659905356246,880.5609607606191,9037.85706379301,236.48870614778477,4177.117485854896
483025914,-740992.0780159518,-388956.73181197897,,,10166.283336523567,379.4403936359044,5299.507247701018
483035032,-738592.7945091426,-388666.6710592383,2056.0386329118587,2096.7673242894575,8110.748953210684,1407.9662881411377,3354.5671405021753
483035012,-740957.9343825629,-388492.85546911805,80.93468038313316,355.8855628583715,10310.661654166455,370.6992181917968,5450.89322768029
483035021,-740366.6437360327,-388536.36240352166,313.48665337776606,457.58558231562563,9753.116460684161,,4903.326204270898
483035044,-737376.2661381114,-388289.5084508383,1663.7804851087444,3354.0764431630623,7289.24330096215,2621.9555602490254,2881.6310856100995
483035023,-740332.5239297646,-388072.48930525425,624.4209495418669,869.9354243654172,9925.361531346593,384.16211457559166,5109.105339940698
483035024,-739741.2648111612,-388115.9638502444,1049.0619435479668,1203.8995228746014,9382.440853928918,443.7856401403577,4597.475941065601
483035033,-739150.0094756606,-388159.40303556586,1585.6148196620593,1686.7109625309345,8845.956249557297,901.0613040915915,4107.773730515925
483035034,-738558.7579202958,-388202.8068629543,2151.9315688407487,2223.4263730200405,8317.15206247217,1459.4060820362208,3648.8348722714627
483024993,-743948.726878067,-388738.68159262056,2661.7561470437554,2677.0585191271634,13032.285060989561,3336.265574479654,8184.384624201156
483024994,-743357.3895043203,-388782.36236387206,2068.8198748421178,2084.1060224589596,12455.358893839877,2743.548832161671,7602.4689311628445
483035011,-741549.2288194915,-388449.3131739058,301.12750495437535,468.88057638758767,10871.965568799133,963.6004040294978,6007.0904896862785
483034092,-743323.134902322,-388318.4741060777,2070.394255734288,2114.2378809162365,12573.389456347257,2742.3423971665793,7708.676182543233
483035004,-742106.3240138547,-387941.85349495494,1038.1598051046203,1216.88382454796,11583.650568571471,1603.1865511402086,6724.645776969216
483035003,-742697.598294531,-387898.2374939578,1573.6342209397217,1702.1916593851206,12144.019167978657,2183.4428419575975,7280.112084218731
483035101,-742663.3635850798,-387434.3527191529,1789.013989807531,1969.132795697032,12300.293863230982,2311.0466237443666,7449.287813248435
483034193,-743811.5739031031,-386883.1182368627,3043.607211320162,3198.829069367863,13573.88316892215,3584.737539647516,8722.567051195776
483034184,-744402.8040770523,-386839.390156525,3573.677712882904,3709.2180351370835,14129.956615750172,4142.046850617424,9272.080623994036
483035103,-742629.1249556256,-386970.4682698528,2087.468181624727,2300.0472464302698,12471.963912868308,2519.355276303734,7643.062840874456
483034194,-743220.3475302801,-386926.8109407266,2541.456875871632,2722.098744625815,13021.074581855954,3040.9237842621433,8179.129616003428
483034282,-744368.4782500636,-386375.49704022735,3789.523989388769,3590.1564875924837,14294.721522458576,4312.193504709294,9451.32239343049
483034281,-744959.6844673723,-386331.730596199,3369.502543443275,3080.5022911223896,14847.464583716994,4858.406104025866,9995.931781121126
483034384,-744265.4771702131,-384983.81931099854,4294.627653276406,3178.153487081111,14865.566902973207,3616.1304348755248,10099.089538655373
483034383,-744856.6000866288,-384940.0439161759,3756.6921873564092,2588.701001566586,15397.764810760244,3650.9942805589444,10610.439729030253
483034394,-743083.2427303031,-385071.2639398454,3926.013064980706,4169.835440687104,13816.03806191708,3679.8639381376465,9106.123246619309
483034272,-745550.8944903682,-386287.928769886,2779.340061122819,2606.2380976329664,15403.207710018107,5130.085781451621,10545.762709165023
483035141,-737933.4973870144,-387782.3143184515,2333.7739948860044,2953.806547358556,8039.0368023255605,2173.542245456596,3598.7423640756638
483035121,-740298.400208375,-387608.6164286249,1055.566738992787,1317.9084347086816,10116.072944453594,849.2877799454394,5347.518347456948
483035131,-739115.9412401384,-387695.5360940642,1799.5499616786665,1955.7533424988683,9059.46622670479,1177.1056183286712,4400.815141508377
483035133,-739081.8691032622,-387231.6694724848,2096.489560169405,2288.5871177451168,9291.367730939082,1546.5837261250422,4721.565292464195
483035222,-739638.965160952,-386724.3550390486,2138.090147981254,2384.8674178583374,10039.70775725707,1793.3471423052506,5469.396766060167
483035224,-739604.857459308,-386260.4859435646,2567.8338183277083,2822.35837132534,10291.555723469015,2255.6243075639345,5805.63701774065
483035412,-740684.6443895285,-384781.85439154686,3801.9854459191165,4076.935299971329,12063.798634438552,3658.870390253509,7635.922222356189
483035612,-740547.9054710272,-382926.3604232912,5618.121426816875,5937.460585352002,13248.800344138337,3313.584167632745,9109.799367044805
483035623,-739922.7812008904,-382506.03312341473,5559.809498660045,6409.024664486456,13150.30608753251,3736.7135136595243,9196.384525419284
483035721,-739888.6105567736,-382042.1635085514,5178.060329627593,6873.717872643349,13488.66150310178,3662.123128510415,9605.114733360844
483035063,-735602.556741678,-388419.2956913442,1695.9030155425248,5097.17092073342,5860.422100273804,3045.1792310882506,2448.388479269298
483035083,-733237.6635386025,-388591.85048726475,1635.1710144684073,3630.1490158009333,4374.676686784815,2652.388252372133,2875.104400093376
483035261,-735500.8396586907,-387027.7490084899,3034.337467538042,5496.875916786931,6864.152047459473,4311.063004978752,3843.6468185910303
483035263,-735466.9261896879,-386563.9006094919,3490.3892853679927,5700.215104391661,7227.6603018804835,4749.15811153917,4308.733004098808
483035361,-735433.008838537,-386100.05252491013,3948.5505577889003,5933.120129887181,7602.245449742017,5143.350024799973,4773.819209035266
483035363,-735399.0876017639,-385636.2047047091,4408.1635038859995,6192.255719034034,7986.348938316015,5402.783735244003,5238.905332970555
483035364,-734808.0251082127,-385679.4141075671,4071.9194155500127,6226.898578548778,7676.352178332283,5508.348229019699,5245.292485779963
483035461,-735365.1624758918,-385172.3570988427,4822.830139462582,6474.473174536377,8378.66197792379,5688.474756010039,5703.991576649845
483035462,-734774.12773378,-385215.5694462723,4343.517233889341,6471.752359033018,8083.733448824077,5967.32216156034,5709.85580079199
483035853,-736241.2424544555,-380911.1570769177,7178.130163333853,9112.994957078881,12620.051557034396,7221.369661919006,9639.943705460446
483034492,-743048.9567123863,-384607.3778431922,4328.279050403935,4349.243177968726,14046.284885824185,3223.915514439264,9381.310246711475
483035511,-741207.2996225996,-383810.53489042516,4741.132680549089,5016.500688092882,13097.81293306441,3313.746081725926,8726.565953843594
483035513,-741173.0851593509,-383346.65853219817,5205.471930180776,5480.844311651103,13389.078046199847,3021.7828311357125,9085.116181667065
483034583,-744719.0991512107,-383084.46555258863,3645.0168316938616,2794.3358577822073,16289.264647294629,1826.1883260251668,11641.42127559887
483035503,-742355.0746782654,-383259.402443263,4616.649498918459,5061.461086618632,14322.90819809525,2169.3417857992326,9868.55961541162
483034682,-744093.7300632235,-382664.3619791306,3331.401254846876,3527.25010662853,16043.106365498386,1290.3319641246633,11478.328367116825
483034684,-744059.3688490981,-382200.47136797116,2896.4499902581388,3756.1484958037304,16308.231678758997,825.1721910071531,11789.916745422099
483034791,-743434.0790505414,-381780.3418287065,2787.295841617754,4506.579651005095,16111.172962946894,370.9459055830203,11696.196577864934
483034793,-743399.7377682569,-381316.4547473065,2434.2714187279093,4779.305533389775,16401.614253637483,89.38849528343155,12038.141791089565
483034794,-742808.8446968105,-381360.18315936776,2878.061189322978,5257.80892269782,15947.360053334178,681.8930958018542,11650.588392712065
483034892,-742774.5272823707,-380896.2993251192,2621.5567789906436,5532.592147433205,16254.062840065548,689.9479627072575,12011.871578526081
483035803,-742149.3722414124,-380476.1146605637,2863.7422012348525,6285.849118799667,16140.412454574047,1396.1446179175982,12032.846756508015
483034883,-744512.7297220448,-380301.10643778497,963.4752029922341,4659.118040962889,17907.902965001085,760.5055663392579,12398.285922876963
483035911,-740933.4743033374,-380099.5319405023,2980.6941502191394,7513.800862004229,15664.727098980366,2668.333866697989,11805.013745625967
483035902,-741524.2726552564,-380055.9008457796,2647.2490973290155,7039.0764895283655,16061.378649818236,2134.7228578613563,12100.816129261408
483034981,-744478.3210506984,-379837.2142466265,619.1367668163545,5053.576903763875,17674.021197509774,1151.218175839585,11940.661580887374
483034983,-744443.9084462178,-379373.3223349364,508.5282402261979,5459.183286501609,17208.856805870422,1582.71566747309,11483.644163364243
483044083,-744375.0714348954,-378445.53929995483,769.2383805130601,6295.166740618976,16278.52808222479,2482.4614007635782,10571.745302906545
483044181,-744340.6470321432,-377981.6482267617,1159.7754905961258,6722.46396339304,15813.363649885974,2939.481929400536,10117.05628348937
483045103,-741943.5286525959,-377692.8368033111,695.5656627087583,8305.720425279902,15454.410167000287,3594.629298883684,10456.180504689151
483045201,-741909.2076687639,-377228.95814236556,695.6856981788329,8399.130279099476,14992.551856893828,4032.9432092668544,10039.418903110029
483045202,-741318.5724032036,-377272.64240223495,1287.8961766545058,8854.89980647541,15075.402297085571,4257.339720576968,10321.322503656693
483035842,-736866.0819575662,-381331.66615879274,6843.828632864741,8448.277947762293,12486.592689272033,6607.389765806971,9546.435080596404
483035844,-736832.038524703,-380867.8121105461,6635.952030334266,8879.357591173235,12892.936714025333,6630.967385059299,10005.87056800503
483045121,-739615.1047171467,-378331.21668087546,3097.8426338592303,9592.879552715356,16311.800659314084,4654.4700022878005,12061.166907835954
483045122,-739024.4288674857,-378374.7533739797,3684.7672139771844,9794.461703043653,16098.173782120699,5131.465835639233,12410.284028154936
483045241,-737184.230760892,-377577.44056056935,5433.529454410773,9104.56652501227,14597.093321664703,7127.136316999953,12842.614845384664
483045232,-737774.8397428835,-377534.00420377014,4841.310003846888,8986.439772683301,15154.719540844766,6635.034333130028,12477.344338630259
483045332,-737706.5754655318,-376606.28894798574,4932.098698272805,8070.923306294635,14860.980809225155,7211.4669035290135,11827.718784630995
483045412,-740000.3239134804,-375504.42816307547,3101.846802241967,7003.369414374451,13466.486709898016,6453.633040293939,9501.02409226627
483045414,-739966.0668248498,-375040.5596830283,3403.0062923490827,6538.600341178849,13005.337156556649,6848.168586029609,9159.192117666365
483045423,-739375.5819548074,-375084.15242730395,3854.7194693900683,6533.170593423822,13097.168609209297,6814.559707034081,9577.653019240634
483045411,-740590.8403647311,-375460.802939045,2654.0963670118826,7050.734790987342,13361.812764132945,6195.667910830268,9117.518303353234
483045532,-737570.0001429064,-374750.8616687384,5593.981753057694,6252.943276999578,13082.546133835382,6442.006398452849,10654.075057836963
483045521,-739341.3487888784,-374620.2871653734,4153.360257868009,6068.043588409343,12639.663106685794,6349.480854061707,9262.03146932668
483045523,-739307.1117206193,-374156.4222257078,4480.474884629267,5602.916667344356,12182.735815707667,5884.409202582184,8959.450993584085
483045544,-736355.0218266567,-374373.8839639809,6348.515255945482,6216.51370559557,13073.086759301266,6308.369650706946,11400.828844679007
483045543,-736945.4323324838,-374330.46246769436,6125.892769855055,5983.953515366904,12845.551531009454,6119.841359684538,10892.043633835297
483045621,-739272.8707465235,-373692.55755827134,4830.281851110227,5137.7896294697475,11726.45412050269,5419.346384240469,8671.276752685568
483045622,-738682.4731257716,-373736.1237015825,5225.963125128629,5148.107068317868,11857.776754234896,5418.566274077515,9150.476737526207
483045642,-736320.9200233364,-373910.0339776729,5928.738121717703,5800.78885853131,12648.944971143817,5876.95121045292,11175.693971139415
483045623,-739238.625863082,-373228.6931130153,4842.336498540273,4672.662575207223,11270.896541267279,4954.2950198233575,8398.991812298058
483045624,-738648.2560823088,-373272.2621962297,4850.1356775456,4684.006573166465,11407.463357337812,4953.4427349377565,8892.856673418528
483044772,-744517.6232226347,-372371.0858824581,3470.100416940053,3489.369532305881,10246.553776442268,4510.8372787480175,4581.819216277046
483044782,-743336.8755593756,-372458.83248000406,4590.128685525155,4646.506751770591,10231.448793952604,5055.652457402144,5115.059758528958
483044784,-743302.427907457,-371994.94799862016,4481.409972686665,4584.0343818438405,9766.287249975185,4657.26155065649,4731.06054067842
483044783,-743892.7719996782,-371951.08946922835,3901.1568454851827,3994.5011200033814,9766.22521390088,4367.564795582651,4409.915662051714
483044774,-744483.1198551606,-371907.19548587577,3325.018793126611,3405.7997395508296,9782.104674015733,4085.0504523653285,4148.773801994798
483044882,-743267.976324994,-371531.0637460087,4419.228404445428,4567.650758513493,9301.125984868531,4272.390881239611,4362.889958984655
483044881,-743858.2925570133,-371487.20226110466,3829.593924416939,3975.7132037049346,9301.060595423472,3954.6106820777222,4012.39725382789
483044872,-744448.6125509262,-371443.3053199402,3240.7873707698395,3383.7693379523084,9317.727180025837,3668.8430519245976,3723.488634195482
483044891,-742677.6638519499,-371574.88977638655,4755.266462574519,4597.955330981729,9322.121962567995,4644.156364702255,4761.383763939653
483044892,-742087.3551349432,-371618.68035398354,4368.690835113976,4204.072928682828,9380.461459942957,4686.796370908775,5196.8461415884985
483044422,-750630.1970237573,-374713.75231308106,1851.7107417862765,1712.6268202955323,14543.72662257055,7611.080025887363,8011.630498934524
483044424,-750595.4387809406,-374249.8304120614,2040.2398042614375,1897.5172208486651,14128.620054421961,7194.699641315283,7603.131368475622
483044522,-750560.6765728915,-373785.90880105505,2308.5073863212556,2168.163670603005,13716.728189595951,6784.666462616632,7201.515036422598
483044664,-745732.9411051985,-372747.0940748384,2689.881329624114,2563.8631538805157,10837.273810152119,4609.501284841291,4778.934021267564
483044673,-745142.5299951087,-372791.05304370687,3161.8711625617434,3086.846896696213,10758.093848780862,4753.463458422507,4865.395706576749
483044663,-746323.3559900752,-372703.09965137456,2274.7224122094426,2078.2352415912715,10947.908396646031,4538.752948946855,4761.442745927439
483044532,-749379.6304141809,-373874.3407427993,3284.9705210756297,2816.7285122627054,13199.277369217913,6294.166632011251,6664.723356371335
483044521,-751151.2053543178,-373741.63963851205,1894.2010724056843,1762.445393283148,14005.8312277717,7091.592957810678,7525.613112734793
483044523,-751116.411323813,-373277.71537977166,2277.6317004091325,2153.960980696552,13606.114518006427,6707.552782435738,7149.937961178532
483044524,-750525.9104035523,-373321.9875301482,2632.2454997607274,2496.8333827680317,13308.34960415879,6382.204048786108,6807.999783901037
483044533,-749935.4132842682,-373366.2242165243,3061.2540584929798,2622.5002938416305,13030.675708650095,6097.106470096036,6502.077622083969
483044631,-749900.6710129689,-372902.3062202609,2689.594759493481,2236.7750506916573,12617.262250019616,5684.064257031202,6098.944831014301
483044633,-749865.9247763645,-372438.3884630579,2320.062372004609,1887.235006455531,12207.575777073365,5279.70580001553,5705.266596391869
483044634,-749275.487181259,-372482.59565080807,1984.7177889009054,1520.250074564345,11933.674462953735,5001.872627371707,5401.806996771395
483044771,-745108.0027041348,-372327.15940444736,2928.980857598377,2918.861845964633,10295.697187952415,4312.249917076728,4411.187167722716
483044742,-748059.9567275335,-372106.9951522421,1291.730533135721,851.3925142591457,11025.09429400383,4172.2842636460055,4508.553176897976
483044762,-745698.3859561284,-372283.19747128955,2411.861199199424,2358.9513918244843,10378.396612638211,4153.023732956032,4315.634428591704
483044773,-745073.4714768295,-371863.2660468154,2755.582066523204,2818.4553607655403,9833.561958737042,3871.913896471928,3959.527698325475
483044743,-748615.6604607683,-371598.9447449,890.3982157091864,421.16537243609304,10837.890268331212,3910.9459137262124,4302.888641547836
483044744,-748025.2861804899,-371643.08695485897,826.528818763079,386.18941072946353,10594.764617432253,3720.31388787879,4067.6940745652055
483044841,-748580.958087134,-371135.0338098978,490.1059923146236,168.02860170032835,10420.587708437643,3487.2610101532,3894.4340109831355
483044861,-746219.5951332889,-371311.4017414349,1489.2559297231894,1607.8991630147832,9588.962550046861,3146.261611813519,3365.8792610379583
483044842,-747990.6116780359,-371179.178993764,361.32709534304274,,10167.50504569538,3272.052652750707,3632.9091190751737
483044852,-746809.9302040391,-371267.3629577829,926.1928606602148,1015.9296822254332,9749.767115341956,3136.2409483590905,3370.8718291972614
483044731,-749831.1745821448,-371974.4710450609,1991.0540765878495,1597.8072509231774,11802.004512164931,4886.187544229822,5323.141078544855
483044732,-749240.7648547618,-372018.6812132054,1587.7009298994703,1141.2981675509052,11518.480973624219,4584.587397124223,4996.547360770874
483044741,-748650.3588758837,-372062.8559171333,1333.507393671583,867.8211957493952,11258.94648148009,4343.135377339824,4721.853448696504
483044734,-749206.0385701947,-371554.767063822,1239.0786848707337,852.5234999892504,11107.25066432126,4177.436481395929,4602.637381507787
483044941,-748511.5414837925,-370207.2129019702,347.0254690377182,569.5621448372752,9599.197612031134,2681.497316459567,3125.4748225291396
483044943,-748476.827246974,-369743.3028289521,658.389954923666,1023.3060267365862,9196.290391159993,2313.9521309859892,2778.2734441420703
483044871,-745038.9363096547,-371399.37292076857,2653.364018575517,2791.8189878301255,9371.726952448522,3429.946574881377,3511.4012109026244
483044851,-747400.2690513135,-371223.2887091405,445.64460880141473,423.9537048868776,9943.23570141135,3154.730892333064,3453.9961891684743
483044863,-746185.0002976916,-370847.5030218716,1444.7324108502626,1609.8325397482884,9138.430985467803,2682.8092756214246,2900.6914784508203
483044844,-747955.9332278449,-370715.27136910043,,79.01370174929733,9743.719549558185,2829.264207074604,3206.6700964581137
483044853,-747365.6184740281,-370759.38405514165,260.83915200059926,431.2512474447662,9509.47682462679,2692.730727085811,3002.4797656769724
483044854,-746775.307498285,-370803.46127215086,852.7890289775314,1018.9930696263589,9307.010305570539,2671.04947445103,2906.4806765292606
483044864,-745594.6968693228,-370891.5093060563,2036.6694710037716,2201.271708400849,9005.640887905964,2800.8416098233715,2929.3251346480597
483044843,-748546.2517626608,-370671.1232122706,331.1170527863872,185.67741442509129,10007.50847297732,3075.597455129839,3500.171054658406
483044951,-747330.9639485582,-370295.4796865842,280.7581625652005,689.8495300094385,9078.829478725082,2232.057114226784,2555.872601091559
483044942,-747921.2508263637,-370251.3640308204,103.87453668573944,544.2167227393348,9323.881654256515,2394.98569046445,2792.8922593537104
483046161,-723077.5904688293,-379536.8653621612,4520.572535292293,5998.676385733875,5926.801499708282,4206.8377490356415,8826.76333977067
483046174,-721272.5416099,-379200.62018895685,4844.648625782221,5782.407079259776,5713.061085653461,4363.120711345502,7599.2856324476725
483046281,-720648.6881443876,-378779.289251636,5349.486035249692,5553.598443120341,5487.232193911207,4832.019308726592,7459.4186689905055
483046283,-720615.3639308009,-378315.5158482656,5304.593781298718,5132.720719358483,5067.437555792726,4856.85422406058,7789.4742771315205
483046372,-721172.4856451226,-377809.2913016585,4648.954628496424,4465.816413393863,4398.508050606618,4197.621908485621,8535.06389447818
483046373,-721729.551655809,-377303.02593136684,4027.390859628482,3830.831752622283,3761.36815402567,3575.4839430893476,9281.806839522067
483046462,-722286.561949088,-376796.7196814529,3458.315342263961,3246.5404534763056,3175.202555076089,3013.492363356242,10029.442230240807
483046472,-721105.7626184614,-376881.7399617489,3789.990170073972,3620.8378568337525,3556.333020693311,3343.173999065988,9223.585216916084
483046571,-721629.3666012721,-375911.6912947788,2700.5095056830946,2524.227273846096,2458.630703678063,2250.6113207520007,10316.855924535732
483046662,-722152.8478280978,-374941.5968323399,1628.4075407039284,1436.4032855839193,1368.3958459265075,1176.4097334392936,11411.840009964373
483036951,-724392.6397877713,-381306.8347445444,3415.408102126556,7888.8981786022105,7817.483033392837,3436.189432330482,8208.241542095042
483036921,-727936.8588167527,-381050.46179325477,6378.6522401031925,8244.319578101724,8868.378844445084,6640.829979029804,7111.890122711813
483046253,-724158.284017511,-378060.2945870035,4886.699514468851,4655.102771140436,4584.343846682966,4483.4456432204315,10556.316574764032
483046753,-723823.1648471248,-373422.40111593774,780.1139341268641,689.4741330427494,691.538568201151,890.0427905996443,13620.787062092619
483046734,-725593.8404922278,-373294.2263727283,2541.1293892164495,2464.740359061729,2466.817561933322,2665.3462356584378,14844.610591214247
483046744,-724413.3863945861,-373379.71159937355,1363.0178994743583,1281.223307975505,1283.2919989551435,1481.8043723187106,14015.59133469106
483046832,-725560.2240851013,-372830.42971560516,2534.91130069782,2465.167749047696,2469.6275222293657,2677.555211337823,15170.63662131368
483046851,-723789.6318910196,-372958.613104419,759.6847893709958,691.0185926350739,701.5420403826765,926.0481554938547,13975.439341596333
483046822,-726740.6372319119,-372744.79711104126,3718.426712950486,3648.5665304294785,3652.2559415889536,3857.3524293462665,15503.035661249662
483046824,-726706.9613480517,-372280.9949816438,3729.4848914517033,3683.8312310153988,3696.5381017726545,3915.681899631729,15966.759941774184
483045083,-732561.110002602,-379315.15256519854,8887.143031775433,10278.863236819585,11022.404548435788,11023.519783158523,9197.130793315515
483045172,-733117.8763867315,-378808.173129478,9466.157699682495,10929.574037413558,11258.035810937377,10564.279426875153,9854.824990377278
483045171,-733708.5148231181,-378764.990442438,8998.286175197924,11171.070635975355,11765.505520523115,9995.972957455157,10108.391280839689
483045183,-732493.3694744804,-378387.4884964487,9802.927490305676,10545.775296516758,10510.020211404715,10610.433706340218,10064.551221435073
483045481,-732323.9504371685,-376068.3329669867,9675.451875973973,9532.349498907754,9510.367538700124,9654.397804405751,12266.840575690798
483045763,-734447.7161249369,-372648.5726441041,5900.594321070669,5828.41999973062,11344.052849580143,5709.117628523194,12266.486240787961
483045754,-735038.0041195457,-372605.24571608764,5471.682161174081,5388.181230603924,11935.918510990825,5305.681387321938,11705.794865940588
483045852,-735003.9424368592,-372141.4025991159,5149.366064113801,5076.117982130905,11600.695441990343,4962.226258736784,11561.689891962698
483045854,-734969.8768746845,-371677.55979801,4850.287849081602,4788.956786133167,11217.366579066078,4640.019098314251,11330.767836425266
483055062,-733687.3630679962,-370372.68054943735,5253.828524755707,5254.092115480772,10902.94839100494,4942.652525620941,11180.68815376539
483045084,-731970.4512239716,-379358.26154927356,8797.633731811076,10085.738417907873,10545.675900562937,10622.664990019104,8987.794659089333
483045382,-731801.2098595925,-377039.1179625249,9513.776728605195,9350.416697420054,9320.702086599153,9441.65290331984,11208.730196880753
483045384,-731767.3499883005,-376575.2900454389,9309.536627114296,9153.89379654153,9127.202041044566,9257.594331792916,11657.799310061146
483045491,-731143.0257756385,-376154.556408384,8578.89541520085,8427.01920817357,8401.847769605076,8537.039728291864,11976.537973233844
483055184,-731225.066348822,-369154.07845920796,7377.195946220153,7425.652781994491,9036.609710674858,6945.982406601271,11578.970360640522
483055282,-731191.1407773523,-368690.2549664044,7374.650755373184,7425.6135829460445,9220.118658615122,6927.106217425117,11250.976951248356
483056213,-728207.31174841,-368441.79444392875,6799.36965286148,6878.042016015873,6924.121140632312,7165.203567063397,12122.302842651665
483056312,-727583.5766797616,-368020.95507721114,6635.071108998158,6737.2887551206995,6789.065564191803,7027.169494796188,11950.866329387483
483055382,-731123.2780417816,-367762.6087119546,7411.326418266201,7480.684108245922,9644.098036173884,6939.420309320732,10625.734774657389
483055394,-729909.4814554858,-367385.04900001205,7386.29561803806,8717.17331128399,8900.400045627903,8157.716728217279,10641.920287841058
483046761,-722676.2062472805,-373971.4564197798,642.3149809398051,418.79236380222096,346.91768066539845,209.23579622196772,12508.0829774279
483046752,-723266.4482802452,-373928.8405685563,663.9165397775386,430.0478661978585,360.98823563027867,364.36129805684243,12882.586369508743
483046754,-723232.9469633371,-373465.055236917,244.2438041023726,97.73107425224448,99.79125367161986,298.28732458041225,13240.698468031122
483046763,-722642.7327402794,-373507.67396400933,177.32500138495556,,,,12876.627993670727
483046852,-723199.4418215771,-373001.27010266046,167.95496717994587,108.09905547811829,154.59267077463642,392.9135943877148,13605.275924245609
483046861,-722609.2554115359,-373043.891704712,,46.198193627672495,118.07285983065914,255.75311106388114,13251.23863800534
483046874,-720805.3204058597,-372707.77079622383,1632.7135900332494,1753.5774418273872,1773.92077961903,1643.3646565340098,12708.2025101819
483046883,-720215.1764149512,-372750.2536952347,2217.605849169711,2325.985906439264,2340.843894065312,2190.556746801348,12441.657423726758
483046981,-720181.8027177351,-372286.48344860814,2324.062584571728,2470.13216103957,2497.5452669225533,2384.2801748515512,12862.67255542153
483046972,-720771.9188947243,-372243.99768566655,1774.6421368206352,1940.7452674008782,1976.1309759374333,1893.9396428928806,13120.65989448919
483046984,-719558.3404925773,-371865.16662616923,3044.5164078753564,3203.1820538939637,3234.3433665293924,3130.6985768575078,13058.789442648025
483056062,-721885.2364539757,-371231.3629722595,1735.1590320855996,1969.1120392740704,2038.270306652707,2135.950340442875,14500.490052588033
483056081,-720115.0439043975,-371358.94363412645,2768.662789180469,2963.3568630647133,3008.5449799266403,2958.807151720294,13713.220173403786
483056083,-720081.6587922414,-370895.1741163539,3073.4717940694063,3281.778791629318,3332.6822185506667,3307.269868818195,14142.240248937116
483056182,-719458.2686184248,-370473.8665995412,3822.4100625013016,4028.1080547798847,4077.594109385366,4043.6738475220686,14366.074856557916
483056183,-720014.8771506579,-369967.6357597086,3782.1878589775056,4005.558104521264,4063.8496435210473,4074.587755895679,15006.702325870006
483056281,-719981.4806251974,-369503.86697092454,4169.283514429482,4396.627151723531,4457.30279523052,4481.406196501582,15441.784648745896
483056282,-719391.5350311031,-369546.33449224365,4509.3269655081,4729.118525814452,4785.327523718457,4783.307263411899,15246.22067688879
483056283,-719948.0802920611,-369040.0983751181,4570.921229821136,4800.893805398391,4863.3978792263615,4898.586793967185,15878.55987154087
483056284,-719358.1625322999,-369082.5687517207,4883.057592949179,5107.11591009234,5165.681902401393,5176.196319996995,15688.44582610057
483046931,-726083.1288655793,-371860.0328846082,3215.8703398865396,3208.473793860656,3233.0269994461614,3466.0707185326446,16072.026650882393
483046943,-724869.2342792517,-371481.8131949774,2293.060313919451,2363.170940241123,2409.2862776288425,2650.2745807200326,15804.688960747237
483046933,-726049.4731295827,-371396.2340970803,3355.232386856579,3379.0490789970204,3412.1807135567533,3651.320709064471,15656.943279760508
483056034,-725392.0845654998,-370511.45039692783,3322.180280588713,3419.955593346865,3471.6460953944893,3709.7886177046607,15129.725198393653
483056033,-725982.150156944,-370468.63737832324,3792.9507338272842,3868.1620592767586,3914.2524586894383,4155.29776658825,14835.672169488615
483056131,-725948.4829134018,-370004.83934701345,4074.261200434337,4169.378214476298,4220.10121948381,4458.964007202644,14429.9906380904
483056133,-725914.8118380125,-369541.04161786014,4386.933911997643,4498.578440296414,4552.976234556287,4788.598467721468,14027.994741617464
483056243,-724667.5533978044,-368699.06051637884,4453.721712559656,4627.036292472074,4693.677800545473,4900.804813215508,13911.20472841429
483056323,-726959.8971928563,-367600.0862993799,6553.623286530368,6678.901808777032,6735.907108145229,6968.155103159633,11824.857801688173
483056324,-726369.9913561199,-367642.98745179345,6180.695503992357,6319.944159158824,6379.963281418802,6606.949641411041,12134.218563614562
483056381,-719914.6761586402,-368576.33007239975,4983.586265324033,5215.289848976391,5279.21826622248,5323.694018279825,16316.89196323749
483056382,-719324.7862363128,-368618.8033033787,5271.326590173662,5498.464799053622,5558.919935798796,5580.179041447571,16131.948573745414
483056383,-719881.2682215112,-368112.5620127406,5404.753245177251,5637.581927938275,5702.636842266497,5754.971483103147,16579.779735888787
483056482,-719258.0222391072,-367691.27308311954,6080.245124689474,6311.205339062519,6374.4385405497505,5557.7434607493415,16775.072801172508
483056484,-719224.6345418553,-367227.50836128014,6496.864330572378,6728.969423053456,6793.233578125853,5236.5174024171665,16509.180530521302
483056762,-721416.3292328409,-364738.4915706071,7184.576398555497,7942.414626826615,7006.856123310201,6371.6471703435445,13259.444514390409
483056771,-720826.6512501974,-364781.0938962668,7184.644291310852,8103.846147972939,7113.796985218751,5791.568695201798,13766.250234843666
483056773,-720793.1571552579,-364317.3220823295,6719.666812509928,7662.614423664049,6661.111019200017,5715.606288227864,13537.226301263916
483056774,-720203.5106673794,-364359.89182632265,6748.326720384783,7874.288313781886,6824.878599724064,5129.507870120884,14058.843011763553
483056872,-720170.0406352793,-363896.12310728576,6285.473910790495,7448.496652338738,6385.581023414545,5086.295703061487,13850.263965355789
483056314,-727549.8066948036,-367557.1497136201,6956.942581732519,7069.219902042399,7123.276506629499,7359.260161899298,11537.50897764539
483055393,-730499.4093272433,-367341.93522198976,7384.466396318301,8133.543315710882,9385.447948493189,7569.924404446809,10489.609279655313
483056313,-728139.7199073194,-367514.17768972437,7385.677784366871,7485.996247515152,7537.229333162916,7775.7559817204165,11273.85637005039
483055384,-731089.3408817124,-367298.78600039915,7396.808234700972,7551.141315871196,9882.12483082339,6982.759663642062,10330.3469226017
483056804,-728391.1679634417,-362833.07278621994,3047.6577972681353,6203.189877623923,7821.675124407016,7025.0115848965825,6963.328087942269
483056902,-728357.2999180566,-362369.2644745008,2638.4895887447956,5832.780754260632,7499.216720645456,6635.987333323696,6598.288033992939
483056904,-728323.4280246192,-361905.4564197265,2251.128915131589,5476.8293669004315,7192.383691622157,6257.350118287195,6246.554092132124
483066002,-728289.5522796593,-361441.6485718608,1898.9683809844232,5138.34131727019,6903.259966692027,5891.103196470786,5910.502379655935
483065084,-730613.8151445638,-360805.2951431395,972.1904162121698,3411.1905544736255,8699.961312090472,4311.388224837167,4124.872419445803
483065182,-730579.8200664984,-360341.47634007054,590.5946954288057,2984.7388323251503,8513.359641493349,3873.535411531646,3714.140325551922
483056431,-725746.3989279983,-367222.0566541252,6241.7906144438275,6402.461981793028,6466.69381005399,6682.744465086977,12086.05844230282
483056433,-725712.7048435755,-366758.2604379363,6648.3284238087645,6814.671815892078,6879.913247361682,7092.398671299565,11714.438735709118
483056832,-724887.091207115,-363554.5500248675,5846.365285444062,6864.87991782967,6323.331380903226,6673.894721688715,9809.83183661873
483056834,-724853.3943354799,-363090.7586440722,5605.353801045515,6405.828387958728,5883.303896183287,6213.285620604479,9531.424924762083
483056843,-724263.7781724521,-363133.58219760976,6024.582365397364,6335.036243060366,5712.338793273382,6157.03362095916,10017.625145505952
483066221,-726385.6935220096,-359715.48271164065,3120.3118997925612,4170.582453029232,4388.389448343356,3929.1196957639663,6399.197457297332
483066244,-723404.8991962771,-359466.0943639918,2302.3318712037762,2597.7272155292885,1986.726599293995,2430.0073596302323,9112.778263803297
483066223,-726351.8822891638,-359251.68480609223,3163.0127025427278,3842.0201625164054,4164.831594906579,3600.190757045823,6247.110001732499
483066341,-723960.5851297212,-358959.49713062524,1844.5134149071844,2183.3058413338636,1936.7969405982503,1986.7158553737613,8446.937684034172
483066342,-723371.2236861634,-359002.31095784635,1837.326368091102,2132.724220881921,1571.0241983426126,1965.00292929064,9030.50147355382
483044874,-744414.1013175666,-370979.4154847907,3220.5242976670766,3384.6779808188026,8853.432664573565,3265.879662132033,3308.9573269665925
483045803,-741462.678247383,-371198.56040675973,3642.5742735123854,3474.9274171991747,9019.294593425062,3951.1540867997023,5397.057495798779
483044894,-742052.9553520675,-371154.8023325332,4011.8293778213456,3852.4545321762193,8919.445344225973,4344.180886882073,4908.314811906648
483044883,-743823.8091883264,-371023.3153828286,3812.442070256974,3880.1822694442258,8835.896064288187,3554.5815053736474,3630.9902296821924
483044893,-742643.2362085038,-371111.00880496,4429.6363342629265,4278.80567870699,8858.067846709635,4308.60545121885,4444.692387059899
483044972,-744379.5861515474,-370515.5259303802,3166.796987236283,3209.3991386395346,8389.234689768331,2854.85248999732,2909.779335566892
483045902,-740838.0569116657,-370778.41117610695,2929.962510151973,2758.5249432415435,8708.330392643426,3223.454500114479,5690.514804231135
483045901,-741428.3024065779,-370734.6856090438,3272.6942641387964,3110.491648128401,8564.103583134218,3598.6593966400537,5161.892447796903
483044994,-741984.1440220713,-370227.0470705681,3378.0947569388554,3236.3373140005333,7998.8522269099785,3739.212769952828,4422.5045364098205
483045904,-740803.7050142583,-370314.53954791627,2541.590956775659,2375.35626392278,8256.45367509779,2856.9620337985593,5507.393306643173
483045721,-739204.3770778731,-372764.8289900731,4377.209956295572,4207.535604974013,10816.154673977468,4489.258774398465,8144.190066268033
483045814,-739691.8694145788,-371329.6219267267,2998.6155260599844,2824.7057505516423,9330.41845555557,3167.548514052025,6959.921286261941
483045912,-739657.5771525273,-370865.7559554452,2536.564007441931,2362.0474830873586,8873.762211689218,2715.2237216765257,6779.128909673716
483045914,-739623.2809791425,-370401.8902073803,2075.887034182356,1900.5953212406353,8418.03517854033,2268.0831948885943,6626.1167131076445
483055012,-739588.9809020148,-369938.024782672,1617.7594013087412,1441.5081318800649,7963.396988204224,1829.9312923602422,6502.846024580131
483055014,-739554.6769176295,-369474.15963127674,1165.191736697068,988.0875729604107,7510.045179034432,1409.1772761594898,6411.032622515339
483055112,-739520.3690224715,-369010.29470314714,728.6194776285656,554.4159719682253,7058.227749377964,1027.4230094309485,6352.0407535668455
483055121,-738930.2462109007,-369053.9256597577,656.196429773284,486.51865570621857,7226.025047483715,772.7727632750353,6885.284227138127
483055114,-739486.0572241335,-368546.43009842286,369.85029804793083,266.69420181847005,6608.25953092006,747.061559658936,6173.338935043601
483055123,-738895.9622849477,-368590.0639879209,191.06974143804996,21.39153967328757,6787.186986645483,315.7647375723827,6504.608729325819
483044993,-742574.369148048,-370183.2476458485,3846.668036874177,3733.668623524275,7930.348780923511,3722.1199413390123,3901.6198860409954
483045913,-740213.4911265753,-370358.2326040156,2243.7299815456445,2068.1181777242105,8316.623276590826,2510.586925233571,6063.683844048846
483045903,-741393.922645116,-370270.8110373435,2930.087061448699,2776.310225417782,8110.0436004569165,3274.412839087097,4959.314587399832
483054092,-741949.7324790405,-369763.1698801534,3117.5245250005287,2989.845612644145,7539.451176123007,3490.797971858036,4235.704785965571
483054091,-742539.9297351323,-369719.3675082646,3564.601330840629,3522.1301728718736,7466.732413866046,3485.452807576758,3688.5594797044923
483055013,-740144.8313330931,-369430.49615288357,1443.1181001575017,1281.0453071144852,7396.194166020905,1773.2693251054895,5827.933887736939
483054093,-742505.4863994361,-369255.48764866556,3323.955382100065,3362.027948727183,7003.320906832757,3297.7804774374686,3524.3548173532204
483055111,-740110.4955672905,-368966.6282886381,1120.6077676536345,985.9507845474234,6936.965982819797,1488.0314436758185,5763.004458642624
483055113,-740076.1558952072,-368502.7607487313,928.238470715635,857.7961070504298,6478.582044265133,1310.2218033441409,5735.188026707659
483055211,-740041.8123133248,-368038.89348312566,908.3501963883971,857.5282178910172,6021.234948146916,1274.871890701356,5472.282086359348
483055064,-733653.3376843408,-369908.8446421954,5132.465033707115,5148.084280528077,10576.272286943267,4783.386024728176,10846.46894325784
483055161,-734209.3977647643,-369401.6970357068,4465.199549854844,4494.010635725392,9827.492364855241,4087.5742477690133,10105.488861625337
483055152,-734799.4908154999,-369358.349680102,3880.9446043571493,3906.35532860292,9411.978292752123,3515.9170883184975,9689.37655435655
483055154,-734765.401958246,-368894.5084742081,3829.75014001179,3875.9104036962217,9079.348492568266,3415.9680845313906,9357.268339340695
483055153,-735355.4708559709,-368851.12275768514,3238.975998517956,3284.270533856132,8668.34297222134,2832.394472826287,8945.47086143235
483055163,-734175.3367690517,-368937.85874433647,4420.750962704675,4467.546704000782,9509.391817101463,4001.903673685587,9744.130955363029
483055252,-734731.309219129,-368430.66753424687,3824.944739138879,3875.847212310483,8758.794297820392,3377.670081052449,9036.902119850007
483055261,-734141.2718945822,-368474.020717973,4416.578128000667,4467.490661225585,9203.810594590177,3969.2380134249206,9352.082227296176
483055251,-735321.3502508568,-368387.27890183125,3233.3049532169966,3284.197365938515,8332.008011943413,2786.1160911549932,8609.81223113038
483055263,-734107.2031378632,-368010.18290657114,4425.010994168656,4489.372686422644,8912.036680680581,3968.9555882204577,8967.020270163666
483055222,-738271.6111193151,-368169.8039492203,275.01149403208086,325.85359857376363,6591.32281610969,,6522.6433131333415
483055232,-737091.4956182895,-368256.9002952656,1458.3478638913373,1509.2100928927034,7192.872890176529,1011.8950064250384,7378.5422495587145
483055242,-735911.3949926796,-368343.85481901193,2641.6589374944683,2692.5412893720004,7926.398535864228,2194.5926487592137,8203.150244394736
483055241,-736501.4434475141,-368300.3952840627,2050.006518641288,2100.8788092780164,7545.383138066585,1603.1402803839774,7820.104993948729
483055221,-738861.674455404,-368126.20258851966,,,6352.092869545972,91.52338456862978,6135.588820409143
483055231,-737681.5515079165,-368213.3698508917,866.6827999481685,917.5349669170414,6873.256562382486,421.7547839156871,6938.589763762906
483055233,-737647.315524384,-367749.51452904544,908.9671773791403,1019.1796038668426,6477.448024280502,419.1742951203145,6626.6028387373035
483055234,-737057.2875092783,-367793.0478975617,1483.853634482508,1573.0561664511072,6815.639690128206,1010.8203475465226,7085.93497910456
483055223,-738827.3827187561,-367662.34141150746,274.05706336714906,443.7356927973806,5921.568145304926,172.47799700261126,5780.457285796603
483055224,-738237.3472599037,-367705.9457009379,388.24411419781535,550.5198830519893,6177.486066645436,,6189.743846389726
483054252,-746532.8380989081,-367556.1573396445,628.4200393551622,605.4478982545587,6298.858799649816,51.03055169187969,183.19130934968868
483054262,-745352.6178164022,-367644.24682973226,153.28702179858234,186.53508463531494,5844.618342741176,111.59941323706757,408.5675980082534
483054264,-745318.0193401924,-367180.3532853392,,15.52733845271684,5402.281215087137,62.29857134341362,541.6510993599627
483054254,-746498.1838340826,-367092.2578804674,609.4326678820688,576.1994447832152,5890.699128689376,352.33080264434915,400.0300346851748
483054263,-745908.0997065161,-367136.32332485163,17.703950625148394,,5620.72385057721,,355.6237956331209
483054273,-744727.9427321956,-367224.34776367067,574.018291798402,607.2476467807628,5241.815527881018,654.0244144504877,1061.63415837826
483054362,-745283.4169303603,-366716.4600737688,311.8973249480477,279.7280738829457,4964.120473728039,377.76464325542184,916.8610699163696
483054361,-745873.4693999619,-366672.42715797626,312.39892846991614,279.29731668281744,5200.983081393966,372.59440116515816,820.811762220459
483054352,-746463.5256294328,-366628.3587559955,684.6004676581965,640.3160240160588,5491.614571265959,647.392193764242,841.0020620120067
483054371,-744693.3682177139,-366760.45750511315,653.2723784463545,668.3896173274201,4789.009128488204,752.6986410475512,1293.9360904025793
483055341,-736433.079088711,-367372.6966511513,2179.1235851127517,2288.9477945395492,6840.772929523418,1656.1841878152961,7118.139678985846
483055342,-735843.0863805988,-367416.16202428075,2743.028044453392,2841.6723344185934,7258.837352815926,2233.610895320835,7536.91473999357
483055322,-738203.0795040772,-367242.08777424536,788.6755370127438,965.4998324770122,5771.467488925022,418.5503815947743,5874.836077725393
483055321,-738793.0870825921,-367198.4805570169,739.1838842179719,908.8629412814215,5496.686698744002,452.69129283687386,5441.933876594839
483055331,-737613.0756475369,-367285.65952785796,1139.061195067395,1291.4347923858734,6091.44569237249,592.3509361634539,6333.436251816002
483055332,-737023.0755100535,-367329.19581958646,1634.9285958401138,1761.6778358273946,6449.896455317197,1094.0259331334828,6725.3446674193565
483055323,-738758.7875433991,-366734.6199750112,1204.3106206992352,1373.9901053634928,5078.864820690597,900.3447747075262,5123.311646699908
483055324,-738168.8078483253,-366778.23011910624,1235.30088529314,1412.0876901154322,5375.0388866608955,883.6733555453105,5580.966257127925
483055421,-738724.4840976625,-366270.75961544906,1669.4374735505514,1839.1173857833953,4669.997863483447,1359.7766157548285,4828.531979644597
483055423,-738690.176752974,-365806.8995784635,2134.564342355666,2304.2446821246745,4272.657482438204,1822.098944154383,4542.307629101329
483054364,-745248.8105833605,-366252.5671449811,703.8919870249946,744.6431861225767,4531.3475805880535,655.8586317909089,1349.3252974677323
483054373,-744658.7897691685,-366296.56752839894,310.98131545454874,960.7122519753436,4338.819106649228,297.7285988927114,1629.1917259696002
483054363,-745838.835153136,-366208.5312748245,777.2828375399307,744.481855604405,4789.643739741638,837.7793372469991,1285.9996387159254
483054472,-744034.2182216907,-365876.6456307544,,1703.1128974874955,3760.4495668409127,7.247613633425319,2366.597650213958
483054471,-744624.2073830162,-365832.67778348416,41.17631138739319,1353.5066186909703,3892.153582636274,,2016.6935219831466
483054452,-746394.1973864603,-365700.561311005,1383.6918136535194,1339.878141988927,4729.815598518012,1406.4110671389412,1760.740897891831
483054462,-745214.2002956481,-365788.6744489331,632.800255964263,1209.7655190211965,4105.666796164075,584.3769550084635,1798.1990925771745
483054461,-745804.1969624916,-365744.6356253533,1224.4304949264586,1209.6665053953157,4389.068703550122,1176.0078182197253,1751.187625882067
483054474,-743999.659808875,-365412.7591656816,156.93230901034033,2059.691750858827,3301.1115313464484,167.60248730997546,2610.1987842299595
483054464,-745179.586074882,-365324.7820857647,651.9647961752606,1674.9224394002506,3689.533791432428,607.8894607373047,2253.69868009373
483055202,-740631.8868409923,-367995.18573497125,1500.040586972294,1449.2286720924424,5937.840867653023,1866.5556869932332,5142.40865408253
483054483,-743409.7022978538,-365456.694473023,572.369963726647,2451.731911586468,3253.9198805940473,621.8290403406576,2472.7069283994606
483055413,-739870.03575608,-365719.56117002474,2319.772732345815,2458.6156328792995,3763.2791380041695,2264.560875791121,3621.5600868534243
483054581,-743375.1678596681,-364992.81123357953,830.6486178622148,2511.1121268812603,2788.755082208421,871.1032163935361,2011.6289431033056
483054584,-742750.7315341542,-364572.8339291974,1576.7981020371822,1913.9749597336313,2323.8600373194517,1237.641529415552,1524.7185072035468
483054583,-743340.6294906529,-364528.92822410853,1218.6535959828823,2079.83188601132,2323.5902712168445,1250.4960476959066,1552.9894134667245
483054682,-742716.2171518148,-364108.95419035305,1927.2108024575896,1454.6868500155056,1858.762899758736,772.4795313885248,1059.55657796592
483054681,-743306.0871984523,-364065.0455447535,1630.1345163571384,1666.873359700086,1858.4255480441952,824.0071709882458,1099.8432354394934
483055611,-739766.9229168958,-364327.96508484863,2848.431254508845,2542.1488681953583,2469.6332999631077,2465.4762448353295,2732.5130247116463
483054684,-742681.6988458529,-363645.0747306417,1659.0741577528058,1000.8355487238856,1393.710661390967,307.31742012791005,594.3945354708947
483054473,-744589.6210669104,-365368.78837050835,162.24336508627925,1781.510893161786,3450.3817080158456,167.44595583474097,2431.590367789921
483054463,-745769.5548356943,-365280.7403097025,1234.4373065619575,1674.8511656236085,4002.491285407835,1187.859802523468,2216.3756232885135
483054454,-746359.5273522575,-365236.66304058244,1812.9430296496223,1771.187458643146,4373.441203231737,1775.5442834496275,2223.9317494113607
483054561,-745734.9087691936,-364816.84527782665,1373.3758076381057,2016.63260006755,3634.380690013888,1335.3368866550722,2681.5635305005912
483054552,-746324.8533752497,-364772.76505487674,1786.7125226646745,2068.8340988343766,4039.257244410811,1877.3901922359498,2687.8126889568875
483054571,-744555.0308173082,-364904.89923942613,623.4666182627033,2141.7238065862316,3015.6546774343583,632.6204216246462,2470.980757897562
483054562,-745144.9679175164,-364860.8900054301,887.3731509523417,2020.803192843908,3286.577064166889,861.213025787951,2675.7195282286834
483054572,-743965.097465665,-364948.87298156344,622.1063647588867,2406.253932522992,2843.66908432489,632.6616747669283,2178.4063605913293
483054563,-745700.258759441,-364352.95047968184,1132.0068764499918,1551.4469374785997,3290.939743107867,1608.7331581229796,2626.3862121345305
483054574,-743930.5311885208,-364484.987028356,1087.2805326007992,2032.2881266133118,2389.2114351783293,1097.8186335760313,1763.6692348707759
483026413,-730093.6299031241,-394415.4795345495,79.09714841082335,312.1897245064684,1340.6005674940056,,248.83163853497513
483026501,-731243.0552537323,-393865.93865442625,735.9590679982209,281.2308291356737,770.1137423784061,2.5845135059553956,
483026502,-730651.5515720451,-393908.81534488435,587.8920867171844,14.104441546334897,846.6367745688912,,110.18598807778562
483025581,-733609.107543819,-393694.07879360346,557.0443843613739,1581.527171668973,2162.197534818583,729.8895812029336,740.0660097252268
483025582,-733017.5888308341,-393737.0967270875,240.45672595254908,1174.1506677805144,1621.8615296822557,257.108112536935,237.8337822464022
483026511,-730060.0516407299,-393951.656728864,413.6177669884732,312.50770137838265,875.5658299356438,162.17578337180288,231.63553678800048
483025591,-732426.0738801463,-393780.0793472412,256.9652649212402,979.4965586281695,1135.4196474722671,,
483026512,-729468.5554142536,-393994.4628111562,449.2151413256283,905.359632117682,878.3474673449783,289.6770568209194,584.6193630417433
483025592,-731834.5626887719,-393823.026655784,724.7668008923217,874.0638403314148,807.0346839265187,,
483025583,-733575.3592852696,-393230.2385724341,866.1538530777906,1344.589166667096,2043.2518199169235,434.3403942932912,422.4795337381221
483026521,-728877.0629747421,-394037.23358730995,872.5296941758244,1498.3702674014028,1098.160607799383,632.8368812759738,894.92510493379
483026531,-727694.089317028,-394122.6692372633,1997.5625345963717,2684.4302204967294,1712.2752377918089,1732.7578494784088,1443.8589262928735
483026524,-728252.0752080706,-393616.15531499573,1361.242756977513,2145.487808339735,1321.1969347068712,992.4475166851792,690.2808875257415
483026533,-727660.6179295133,-393658.8584200257,1954.2321071563044,2466.7825224346357,1893.8028911933436,1553.4741136030257,1211.8581599118168
483026534,-727069.1643850877,-393701.52622477256,2404.575584201591,2412.992796553981,1657.6401644347739,2131.85893485865,1778.7428964090761
483026523,-728843.5362237393,-393573.4169079832,768.2472144253464,1573.0167276020743,779.6550297540552,509.7607129997502,429.8961878225491
483026622,-728218.5722879375,-393152.3417700171,1362.2096897884041,2239.66027663467,1255.7723160563817,907.8733265577675,540.0603817408551
483026642,-725852.876295347,-393322.954097091,2080.7608225558447,2061.121230777661,1911.1288385052517,2327.397475000687,2550.4410220654586
483026641,-726444.2947002588,-393280.3539658476,2065.818599563737,1949.651153787303,1923.4298638475975,2494.867293704808,2318.924468355926
483026632,-727035.7168320043,-393237.7185353867,2086.573476520023,1947.9824069440517,2075.78726951115,2093.7923748493486,1725.9760131685744
483026563,-724111.9525706387,-393914.3358038156,1519.2264147522776,1219.641586210909,2128.541096654899,1346.3893672183387,1559.3394592969794
483026554,-724703.38748911,-393871.844474971,1495.646514796609,1318.7766395092729,1740.6691689767251,1610.9475507553543,1705.638524435894
483026583,-721746.2500294271,-394083.9482352145,1519.757723569858,2232.8636848104743,4143.4236201993035,1379.1546867368786,2026.6088585330112
483026573,-722929.0938794612,-393999.2125929257,1232.038315516115,1398.5219738395465,3105.1775606337005,1032.392520024986,1512.208420325359
483026584,-721154.8336623878,-394126.26313052484,1927.7595446790372,2748.718734454136,3610.610297356053,1826.996938619589,1785.0786773576253
483026564,-723520.5213684166,-393956.79184256785,1267.0979949645518,1223.0560496822166,2595.141721829072,1067.4589821768645,1502.11668574745
483026574,-722337.6701007918,-394041.5980565759,1267.3132687559187,1766.109384758165,3640.434807838229,1081.315786068143,1686.8065313151067
483026661,-724078.6434118503,-393450.5427125166,1174.0770582075204,1684.6275486579,2468.1290318219535,1033.8467887802356,2011.1344582702031
483026652,-724670.0506541245,-393408.0484687284,1668.5241713589253,1757.7299206889525,2142.659243374853,1563.699517492825,2159.640250723405
483026681,-721713.0515621537,-393620.1667803145,1174.7769040710723,2517.1245871175147,3975.8059756727152,1076.179261779341,2127.999732968242
483026503,-731209.4177596912,-393402.1102228727,270.91399178382323,555.3974343987134,305.0666691354144,,
483025584,-732983.868265429,-393273.2594568269,705.5163291167571,827.8773339973676,1459.5596783851213,137.3930277948019,164.40228007171825
483025594,-731800.8975056198,-393359.1952803314,552.1746767924702,512.7851344544911,388.95591603517437,,
483026514,-729435.0009795009,-393530.6431972783,175.24530576333376,1024.2131194386618,416.4291763754625,,433.14130623474955
483025593,-732392.38100654,-393316.24502555263,711.3099201452941,515.9373438225664,888.3269158542622,,
483026513,-730026.4695208865,-393487.8341780979,,571.8682565401393,410.5309675623281,,
483026504,-730617.9417657735,-393444.98985489295,293.1031276882316,479.146125582471,465.59406581635835,,22.82451002631012
483025682,-732950.1438235523,-392809.4223960228,1165.6515870041894,651.679840813231,1427.2984274513767,,
483026611,-729992.8835401525,-393024.0118322062,51.41797156769806,994.4500473975793,,,124.90485860512409
483026602,-730584.3280954948,-392981.16457069124,111.86384003319662,944.1879337869395,351.7196767866653,,
483025692,-731767.2284522284,-392895.3641125007,481.1379377093104,47.73156231118469,241.2800882090967,235.78046426001578,387.0128957624125
483025691,-732358.6842595778,-392852.41091240285,1074.145926498801,74.2914811706443,834.286065042103,109.48739431511979,11.292737379797671
483026601,-731175.7763985272,-392938.28199802455,,538.1882707323397,,92.61561468775726,155.22787716836947
483026612,-729401.4426869737,-393066.8237873612,182.63110129299133,1308.0021907204912,69.82930866529975,,52.90680068821084
483025683,-733507.8511332334,-392302.5588112987,485.8766492914713,1242.9339582304785,2026.625529086394,526.4314467275184,376.4373993179128
483025684,-732916.4155090266,-392345.5855947528,1078.866192605235,649.9276149353515,1436.225160111509,327.6674744346887,35.396380041435734
483026613,-729959.2937023343,-392560.1897412653,516.4537344726933,1443.3828007159227,54.503919232726304,,
483026604,-730550.7105650192,-392517.33954235516,224.05121103459075,1129.053765008811,386.38929039884937,,
483025693,-732324.9836430796,-392388.5770578694,1091.5378137569005,56.927491811516546,849.4796480419069,374.32801433853706,37.15377159716215
483025694,-731733.5555324138,-392431.53320236836,518.8216217064966,,289.4958801846965,291.6218643531144,524.8509931402813
483026621,-728810.0056180782,-393109.6004317036,769.9635535990428,1770.922350244361,662.8039947951249,314.9044337261744,
483026631,-727627.142693573,-393195.04780401225,1954.9031323464183,2014.220618646677,1848.734446177319,1500.8360294450476,1133.0213755392324
483026643,-726410.8709902928,-392816.54945022886,1600.8112788455765,1485.163347519234,2386.037168214584,2687.499999500937,2319.186393456612
483026653,-725228.0932696009,-392901.72025495465,1832.6614052076036,1950.086223512929,2405.6573702953715,2052.53027831851,2773.9299059513546
483026633,-727593.6636130012,-392731.23743929644,1829.834291363926,1568.9571627925159,1849.5324313105098,1502.2023017511901,1133.5637787840396
483026624,-728185.0655200608,-392688.5284772486,1455.8847679882447,1849.4752918143033,1256.9508686315937,910.1353512550271,541.200749356026
483026644,-725819.4802686841,-392859.152502517,1628.5641017204466,1628.7379895997638,2376.131860701243,2644.854054126305,2912.073297547865
483026634,-727002.2654374025,-392773.9110963874,1627.501824771679,1482.9719905310246,2442.291607460373,2094.7686282466316,1726.3303650327207
483026623,-728776.4711615595,-392645.78420854645,925.6836626746646,2056.809801711378,665.0390483671448,321.3753583017556,35.13275444734823
483026741,-726377.4434457123,-392352.74523415766,1135.8040313301976,1021.1511247140218,2849.4248086074194,2738.293042156701,2372.191565755575
483026672,-722304.4439626287,-393577.8136960824,822.5222889674553,2114.114164017981,3848.8033443363156,652.1993863977143,2111.488939151592
483026682,-721121.6628646804,-393662.4845788813,1669.3228723469233,2984.218117856703,3416.9848848645647,1610.5754947070004,1564.153771419003
483026654,-724636.7099900729,-392944.25270923466,1512.1926083890928,2207.370603682431,2566.0273513636735,1460.6779495070364,2617.502206389977
483026684,-721088.488256587,-393198.70626855287,1513.0824165904073,3269.260774785014,3278.325411893464,1510.7570263386822,1462.5369087555198
483026673,-722862.5824389787,-393071.6383001047,302.0824503130689,2255.901369987939,3632.626022446457,102.43624907909668,2438.321798532043
483026683,-721679.8492813811,-393156.38556763326,939.6489274928546,2849.309008636906,3857.2612487921356,920.1403449236911,2054.4392508582614
483026663,-724045.3304271095,-392986.7498670587,938.7655154574467,2149.6135399526443,2843.4272167447543,870.2470641361202,2467.8337652492455
483026674,-722271.2140078527,-393114.02957871195,423.56764109578864,2500.4458139142566,4099.541292807267,337.4775350998587,2550.267662733661
483026664,-723453.9545777378,-393029.21173011546,422.9054635934314,2151.55032434679,3207.6331875611436,290.01312265378607,2432.0802376551533
483026781,-721646.6431908738,-392692.60464724066,889.7539544753159,3214.594412674068,3792.394098751654,914.4158987391979,2052.082458366443
483026603,-731142.1311740531,-392474.454029958,194.13110790532374,536.0662435915793,159.98042749126847,68.09770628795145,78.91322562053497
483026614,-729367.8805404756,-392603.00463147997,545.3706460716286,1674.8873930584464,88.58077464734707,,27.963404845096804
483026711,-729925.7000112422,-392096.3679553494,965.0376333252065,1771.844141201088,519.5388304046585,,
483026702,-730517.0891781591,-392053.51481995964,668.5966655988676,1203.6868444289212,717.1822938693696,,
483025792,-731699.8787499956,-391967.70260001,816.0836484555294,417.3220326520554,669.9765113937826,,450.2113511116526
483026701,-731108.482090085,-392010.6263687482,659.1762310262569,679.3450130022618,625.0275474572917,122.34591637731836,
483025781,-733474.091247401,-391838.71937148686,486.4572896624669,1311.099341698248,2114.7333987302422,300.85784870437215,31.982663166788587
483026712,-729334.3145438129,-392139.185779709,997.0052050304191,2081.3809664561372,524.2081894839284,267.02046025511294,14.186788071630216
483025782,-732882.6833256766,-391881.7491030931,1079.1267446110564,772.3645882966271,1558.11413295539,792.7279986753288,500.45548814613056
483025791,-732291.2791608676,-391924.7435120275,1260.2511762552292,421.1854888111937,1042.4254066837232,332.81240935234723,500.58249555973015
483026762,-723420.6654519144,-392565.4220913614,295.95475950053793,2616.1909719601954,3565.7600199577264,271.3163457651217,2897.062057441913
483026761,-724012.0136201932,-392522.95731751225,888.8184922368251,2614.5995600506203,3242.0579169625285,864.191844268908,2927.142750440927
483026752,-724603.3655007363,-392480.4572465602,1481.6883658573408,2119.6110214079736,3001.7415675093644,1457.0734839906097,3068.5837480917094
483026782,-721055.3098418687,-392734.92824960867,1482.5989418967158,3592.0717534829123,3201.7811101181833,1507.2726509219435,1459.231583169793
483026772,-722237.9802402324,-392650.24575453467,296.902664838196,2909.878717661421,4383.609166395805,321.55284400444845,2624.6311936889883
483026771,-722829.3209929197,-392607.851569807,,2702.652932327887,3952.4101322792767,,2902.3016806554865
483026774,-722204.7426563613,-392186.462173514,338.6485852993692,3333.912538310789,4373.235971968165,484.58743411745803,2378.173801887381
483026764,-723387.3725036148,-392101.632697575,337.8190277251022,3080.9356476784446,3946.240871624565,452.81801147174866,3362.043806056656
483026783,-721613.433287229,-392228.82396910025,904.5339065871834,3602.9268500901007,3780.4183343694885,983.6447603138764,1871.6748762058269
483026763,-723978.692987689,-392059.16501384,903.615079190135,2513.5296423079776,3656.397671673705,937.1428102575646,3388.0001153068697
483026732,-726968.8102050762,-392310.1039578465,1173.1161699423815,1017.9616477016328,2496.287112981929,2159.5791400730654,1796.941095596721
483026742,-725786.0804105166,-392395.35120658006,1174.5951012128937,1220.5812089509539,2841.1349102049503,2642.855540659159,2954.4360242890243
483026721,-728742.932857986,-392181.9682885859,1246.3736378193062,1979.7472482600538,842.1411409709457,547.8774140921349,500.16172183063435
483026722,-728151.554908239,-392224.71548676316,1678.1214872767293,1502.5037734931943,1358.968301525816,1050.8297535149795,736.0764148349787
483026751,-725194.7210965144,-392437.92187681654,1444.327248209979,1624.7542654836952,2865.8691255762674,2049.961438630667,3211.600244094699
483026731,-727560.1806915947,-392267.42737595056,1440.7245140454459,1139.5797143835584,1920.2998902013412,1591.3640808861262,1238.4783378810266
483026734,-726935.3511315968,-391846.297069726,732.1929214761982,552.9511777546928,2632.6044761295925,2317.757916704195,1977.439881806488
483026724,-728118.0404490387,-391760.9027485209,1381.3320215132107,1235.6997727783228,1595.6720491304245,1297.547103731734,1105.991994927226
483026723,-728709.390703921,-391718.1526217818,1173.4114257285541,1785.7074079214399,1186.859778420696,874.5029249121033,750.3419867560647
483026744,-725752.6767174219,-391931.5501592424,734.5660458492331,871.3859354673654,3306.137886631169,2610.2847648549828,3067.5225855345834
483027614,-717540.3996761686,-393451.88952048944,1104.3447676263352,674.2548828695352,765.3529059715818,947.3445290869207,1508.134439627041
483027603,-719314.4273624644,-393325.45666018693,1838.1925510817084,2452.7935596791053,1603.686282548543,1332.3062459134421,98.15590495639862
483027613,-718131.7385534764,-393409.78051217855,1140.2534226554988,1267.094961411636,797.3666043543593,920.7915699292107,917.3805587629697
483026693,-720497.1309304883,-393240.9916831626,2097.3370593549753,3638.516880585312,2705.4219378636594,2102.6305015615803,871.9345593982251
483027721,-716916.0797585045,-393030.205478365,710.1208692393373,358.34347835027796,475.93622857719777,907.1627731687574,2097.7433473502533
483026791,-720463.9801902365,-392777.216563331,1808.5112673570184,3655.152175635486,2612.174620626868,2100.1232742484067,866.3869919840164
483026792,-719872.6542330002,-392819.46959008847,1709.6815216014795,3065.528418907482,2024.4485313955602,1621.0832634745047,273.5485111203097
483027702,-718690.0133897992,-392903.86978945736,1085.0660939888082,1892.3654568726786,869.9549257348071,587.1672994037897,319.2836919157628
483027712,-717507.3872884433,-392988.1288611742,639.4105450948999,759.2011985747085,300.4181913543964,507.3490844908817,1504.9296180502117
483027701,-719281.3319671812,-392861.68733157124,1602.5278584820178,2477.453399152231,1440.8982733732873,1065.3297441192522,
483027654,-712809.8209168349,-393787.49178392737,1731.5772584384817,3475.4527000516905,3760.191372183018,2063.5471906846005,3739.151790481118
483027644,-713992.4436052066,-393703.8028284799,1423.9473962992029,2289.85274496555,3419.7775951291037,1588.174494195332,3144.0962447596703
483027634,-715175.0809453244,-393619.97280834126,1629.85810299202,1104.2281661836053,2279.8033905774714,1645.7031416414688,2932.0910579565857
483027643,-714583.7604423072,-393661.9054523331,1437.9590961014203,1697.0435777299472,2845.1419885320975,1582.0382736773063,2981.816397370156
483027653,-713401.1304310419,-393745.66493845655,1477.060519589834,2882.65584157231,3660.7109446553554,1743.254126290084,3403.2373313136686
483027633,-715766.4051172341,-393578.00489483704,1354.3205528499439,511.40667783445497,1732.8915728585685,1631.4505999794949,2932.5261126258943
483027742,-713959.5971970912,-393240.05944467266,959.0414811431423,2316.2508469259546,3181.214477252019,1125.8023367676992,2715.717442842702
483027752,-712777.0298247678,-393323.754139925,1374.9417344418057,3492.8675581303723,3311.3415178205446,1733.0047559713944,3386.871553364846
483027722,-716324.7759050908,-393072.246818677,1105.3767832533717,348.972923492151,1007.7356445123766,1193.602065601226,2549.616939159561
483027741,-714550.8863742035,-393198.159195117,979.7200486004616,1732.5221176520736,2756.626922939301,1117.1295958363462,2526.0698629821136
483027732,-715142.179215922,-393156.2236753791,1244.3969434590551,1158.039325539725,2168.361428138551,1205.5910972727922,2467.1742759511694
483027731,-715733.4757252211,-393114.25288379204,1625.4757291651106,619.1178583308917,1583.4447388651329,1432.3599625250743,2467.6905668811596
483027751,-713368.311681605,-393281.9244257205,1036.2620359996968,2903.6510104127847,3197.928915414523,1335.685877339719,3011.9349250309506
483027743,-714518.0085303179,-392734.41316935915,533.1536211032817,1882.0551245658644,2729.3201656780207,652.2207813897917,2074.39616574595
483027753,-713335.4891626119,-392818.18414265447,631.0643010108453,2995.233833661255,2735.8663862019325,980.537105785542,2644.5720335790234
483027754,-712744.2349662578,-392860.01672470005,1102.1965241668863,3569.3389551599234,2867.6109328566813,1476.7037327315932,3064.770598527296
483027734,-715109.2737076249,-392692.47477477056,934.2863323888886,1371.727386799855,2147.4182704934965,794.2571156364337,2002.2573578517436
483027744,-713926.7470163064,-392776.31629142887,494.1354290402599,2430.103245411157,2716.3089615709596,666.965143439895,2301.561935765988
483027724,-716291.8150640341,-392608.49216135853,918.3780775483114,813.8991189681891,961.9003586641458,786.580369799733,2102.9950904587504
483027733,-715700.5425512006,-392650.5011059966,1471.1147780900606,961.2168010362942,1554.6624406692242,1020.5723180853087,2002.8926916626988
483027711,-718098.6984978826,-392946.01696543314,699.5959732557025,1314.2519686570647,374.52829829179103,455.85320688847355,912.1097908121508
483027703,-719248.2327712115,-392397.9182415971,1244.7342595286746,2584.215238183272,1409.2095292754598,962.8478468286008,366.79295055000614
483026794,-719839.5273620944,-392355.69760657585,1244.7302672070475,3152.413764555954,2002.0024066971878,1555.631568351887,457.55957669961674
483027713,-718065.6546478294,-392482.2536555288,333.1980732409519,1505.9361973401103,223.64223302530175,,983.0793910644362
483027704,-718656.9418674469,-392440.1035906863,893.8227556841466,2030.1607291677656,816.4227488817271,370.0702236917341,486.28313252726224
483027714,-717474.3711093712,-392524.36843780114,174.47618830159294,1056.8914813250287,,174.42374949772213,1548.9544769917277
483027723,-716883.0912490976,-392566.44793918723,354.76941094534754,817.959818816708,369.13219200148865,607.1524521842306,2129.5291429734225
483027812,-717441.3511355685,-392060.60820033477,,1445.673178719339,164.51665747888,,1719.4167884551862
483027811,-718032.6069999293,-392018.49053243,283.85857784738096,1800.2089081265558,277.6323315442846,,1234.3626857009262
483026892,-719806.3966839949,-391891.92581257026,779.7789805484408,3303.0738375703804,2008.7347259935862,1170.3769947594512,628.2105698771967
483026891,-720397.6672856004,-391849.6669949668,977.5996008744518,3856.5034998627193,2599.990956439775,1250.4362845432101,711.349110540547
483027802,-718623.8665441325,-391976.3375796201,876.6191158371788,2257.074508161788,832.8269228399035,370.1814992779795,890.9079570216011
483027821,-716850.0989480758,-392102.69058501796,308.89587022504514,1281.4133520606897,404.12897852933315,169.36832319725016,1972.4204915991245
483026882,-720988.9415789582,-391807.37288572866,1416.3440562995547,4316.250889276294,3191.8239128328673,1561.0253552719591,1119.3681056506891
483027803,-719182.022974364,-391470.38072757656,314.84339993605386,3009.31048054351,1543.360732514108,721.7242318497562,306.18671455236785
483026894,-719773.2622060324,-391428.15430818277,314.8277619998087,3509.304376758957,2098.566801599007,705.42455192837,163.25725407409112
483027804,-718590.7874271747,-391512.57185636903,673.9074195205083,2549.4205798551734,1030.8806262690368,601.3665301585935,867.2580929477001
483026893,-720364.5051251552,-391385.89259650995,668.3867084526657,4034.5224233072063,2669.980951257471,831.5128123490001,371.4978562906975
483027823,-716817.1028627396,-391638.93351596524,424.0007141791992,1745.6505422672612,729.6925613492971,,1636.1604825319923
483027813,-717999.5555614958,-391554.72769624623,406.12494895521166,2155.4542696801295,667.9959170493922,172.64892882959163,1453.666994753872
483027851,-713302.6628706993,-392354.4440392247,393.5957331169227,3153.403472984547,2274.961990905198,755.7275484375248,2312.585732113865
483027831,-715667.605591797,-392186.7495114156,1385.916644289474,1377.2718524540276,1563.3291678361081,681.0213585867041,1538.1668602774287
483027841,-714485.126907281,-392270.6673250249,202.31406166180133,2124.836535963781,2267.0803829149654,187.31193070812205,1630.1844115139122
483027832,-715076.36441706,-392228.72605648055,793.4351997112366,1689.5329747524704,2153.69249673195,490.43110017997435,1537.3404040337844
483027842,-713893.8930594863,-392312.5733187148,29.22934036025969,2622.609634278798,2251.403409140773,233.5239734817257,1910.900371631322
483027822,-716258.8504344783,-392144.73768815096,901.6440608503462,1278.825449433417,975.8587292688708,388.89053390834005,1666.4124375063673
483027852,-712711.4363379442,-392396.2794882184,985.6355338783752,3333.703567356808,2431.8037409913595,1338.010732136133,2783.3462795275987
483027843,-714452.2415123682,-391806.9217622199,200.19049117091004,2433.1110446570756,1806.2101052699531,,1201.7381400299948
483027853,-713269.8328131303,-391890.70421553473,392.50817039311636,2742.9927720265787,1816.0978332631014,732.1395505953544,2033.3781971830049
483027833,-715634.6648542978,-391722.99820015626,1385.6061639841369,1817.175555851588,1677.2048151353492,559.0556345656747,1073.606778724418
483027824,-716225.8820237179,-391680.98349916236,947.2591172081161,1743.751814511036,1149.5177039958642,,1250.4291398600287
483027854,-712678.6339470844,-391932.542530584,985.2006058035008,2894.411838847989,2009.0828821302118,1324.8226683469204,2556.0696993508245
483027834,-715043.4513515106,-391764.9776206157,792.8952114143121,2063.9069880097563,1982.167168641048,453.24519884703955,1072.423514862241
483027844,-713861.0353339002,-391848.83062663476,,2710.029280435273,1786.4979203270932,139.4502057068567,1561.4673240587229
483027942,-713828.173836181,-391385.08816516266,435.6766845310519,2245.1228627345695,1321.5922944821984,310.6505722501401,1287.2866203470714
483027951,-713236.9989865405,-391426.9646215587,586.4003493567911,2284.804756218449,1361.338317714532,782.9879594179199,1831.2518102006347
483027941,-714419.35234221,-391343.1764309176,479.46425858118084,2251.4497364845874,1348.1143510247184,277.59685584159314,814.333502783808
483027932,-715010.5345076026,-391301.229417149,904.6928548867327,2370.6600350243166,1576.0578159172494,531.4930228342279,607.5064896873293
483027922,-716192.9098283746,-391217.229544365,1176.2237894544926,2208.6781138309557,1456.9842423874707,76.03615480038368,884.5992259257075
483027931,-715601.7203353288,-391259.24712219124,1452.458935837712,2267.087366732177,1901.1446113412605,564.200184074245,609.5911625069101
483027814,-717408.3273743415,-391596.8482488839,290.45820237638765,1869.5562292446598,629.4515401511544,28.94082408813913,1986.4218995220203
483026884,-720955.7517347087,-391343.5955908683,1223.5262203710897,4576.290245234296,3249.0661102774043,1250.8290532017902,940.7123206989698
483027921,-716784.1029897082,-391175.1766820013,816.0988937659274,2210.177555973629,1154.949426354336,83.14715755190373,1376.9183992806345
483027901,-719148.9123774185,-391006.6123536123,3.129964571766114,3300.505621598904,1784.1969744007358,284.7557581636435,259.02746322435047
483027911,-717966.5003291419,-391090.9650969492,806.9597404039165,2546.2789456011556,1116.9994724953538,522.3789076918503,1444.458874162916
483026992,-719740.1239248128,-390964.38304338476,,3761.9773374888728,2281.5113393418565,240.47197657348573,
483026991,-720331.3391583402,-390922.11843854474,589.586132802426,4256.1089582915665,2816.02415443112,501.59849632226275,333.6975696044117
483027902,-718557.7045131839,-391048.8063709049,595.8397869018139,2887.391921616826,1365.3439100478479,783.0378259066965,851.7462199300913
483027912,-717375.2998223068,-391133.08853342035,755.3925265667697,2309.2916488107335,1094.3863562897566,321.9176603753479,1926.600228734441
483027904,-718524.6177987708,-390585.0410731955,614.4559244695787,3256.815418443141,1760.0990038877192,745.1899373645184,903.5849444135252
483027973,-710839.6091773056,-391130.3897307602,245.10069920974945,3232.49005745576,2829.645690694741,2569.4159194261188,3629.998201040262
483027963,-712021.8779901216,-391046.8780193812,347.5032881638396,2399.6484140049092,1737.5742008935667,1777.508560684128,2916.2073517166946
483027954,-712613.017864278,-391005.0692517471,940.1133111104682,2050.000890650058,1256.4650844488283,1325.976845609624,2324.4950781106304
483027964,-711430.7417621224,-391088.65151182935,,2831.3129758923997,2271.98178414361,2183.7893820696354,3508.213684798679
483037072,-710215.7772357716,-390708.3678368774,855.8092739219662,2537.7411648361076,3312.586810202551,2762.1905415055735,3116.8468720064734
483037071,-710806.8785095568,-390666.66203576146,301.2592484990095,2848.4559255995814,2725.0985462430394,2264.353505832814,3172.199195626661
483037052,-712580.2041762305,-390541.33298061945,956.2861245581622,1662.3321272034034,999.1251847784113,1054.2396114215921,2320.1016147639953
483037061,-711989.0919768122,-390583.14460929617,389.1543407836734,2078.2444260441785,1561.617788566417,1449.3426678048868,2912.699100669772
483037081,-709624.679597923,-390750.0383654672,1440.963804408401,2338.5138650303393,3901.599841112815,2905.954422983972,3116.8479092047264
483037062,-711397.9834222458,-390624.9209604539,175.1732297247199,2564.572284200988,2140.3957926114563,1824.0181267104695,3333.615401527806
483027924,-716159.9338450689,-390753.4757737276,1517.2429938814985,2637.689149910826,1832.085449353694,540.9629785332592,658.6038934303726
483027943,-714386.4593934356,-390879.43128108757,922.5605421200487,1788.1861110948284,897.0541194380816,476.15453069473557,560.7094735757338
483027934,-714977.6138819633,-390837.48139605,1199.8668132382766,1936.121837345588,1212.934749030144,477.2124650148973,142.5894288766864
483027953,-713204.1613875661,-390963.22520726715,982.3877248271591,1830.0078738337388,916.812216544578,877.579573114982,1733.3845729625307
483027944,-713795.3085629613,-390921.3458842685,900.5828462817328,1780.2164083454638,856.686631972435,693.7991167218033,1143.8184105738335
483027933,-715568.7720315127,-390795.49622748944,1652.5116996156974,2236.476118223508,1685.2538441575214,777.9223365454893,151.21940288314542
483037042,-713762.4395215133,-390457.6038840569,943.0206179849807,1315.3100176381033,391.78103316821074,228.89180431179827,1134.8883059711839
483037031,-715535.819950141,-390331.7456161575,1659.2802118165284,1887.4780116645218,1503.1782136409417,624.446410583019,50.34958636789838
483037041,-714353.562673324,-390415.68641283514,1244.7580133312792,1326.073408910426,473.57839254467194,11.242207404257229,542.2724769203811
483037051,-713171.3200234723,-390499.48607276403,906.255034131516,1381.9543577051882,510.01901595246795,584.0971258376665,1727.4980744029858
483025783,-733440.3274861751,-391374.8801921638,689.2273375251077,1524.2542613837463,2295.547163514389,260.31486510504965,95.50679983812654
483026703,-731074.8291431745,-391546.7989643547,1124.2212771808709,1032.4330870052625,1090.0745903658167,312.6456205600479,195.28590381187058
483026704,-730483.4639314697,-391589.6903534641,1129.768539054263,1432.9055759037005,1114.922362999392,450.39025883268545,241.8846445492361
483026713,-729892.102463433,-391632.5464244183,1244.4497122479556,1934.8652316184005,984.5736655596786,452.0591078398164,345.34066315168127
483025793,-732257.5708094878,-391460.9102248363,1554.8483297879388,884.2088013349379,1372.6724745469057,375.2851171667426,965.5801245542121
483026714,-729300.7446935463,-391675.3671820088,1163.5779406361812,2003.662166414386,987.0441461972106,602.1171428751285,441.1649713099772
483025784,-732848.9472700469,-391417.91287100286,1184.4250586057963,1095.8841600508924,1795.8967455852278,853.2666973559992,631.3917946722976
483025794,-731666.1981015217,-391503.87225538417,1222.8436740358577,882.3755500385702,1116.4535520890984,173.4293543586088,490.73658326955047
483025891,-732223.858585487,-390997.07714625436,1918.1804202646576,1348.6302360202023,1764.752974763789,720.0082666813898,1234.5700808774964
483026812,-729267.1709862355,-391211.54878833843,698.5472005119158,1538.6282540660266,1451.2865622684135,999.6192853601914,906.0823167794365
483026754,-724570.0171826982,-392016.6620306679,1490.6040258186129,1939.6191391183,3445.1206449566557,1501.4740843513268,3510.922629941162
483026784,-721022.1276171259,-392271.1504720132,1491.5078132386418,3943.386570961669,3187.606806154285,1550.231573722885,1432.9691637217206
483026773,-722796.0557274977,-392144.06508357084,162.89542665779038,3154.677966641778,4298.785174678477,362.5418307285035,2917.37119836672
483026881,-721580.2195670434,-391765.0434831745,1088.9560481354495,4007.612381586464,3783.9660418803737,1233.2308059593179,1643.9816826557094
483026872,-722171.5012528341,-391722.6787856124,694.5235235639327,3767.6207982162737,4376.294234081639,887.787057392435,2203.431791999118
483026851,-725127.9652514772,-391510.3258135741,915.5968964237622,1269.3246746080893,3789.8022362875927,2119.6893864061035,3785.140727728281
483026852,-724536.6650325409,-391552.8670115194,1499.1734635451203,1861.1687422342304,3893.5471154914885,1675.6161180424215,3958.45601121394
483026854,-724503.3090576449,-391089.07228923147,1484.9671513069604,1859.082100999759,4345.458617074272,1670.3518910726866,4409.602539401691
483026883,-721547.0020376666,-391301.2632895771,1409.2094635229637,4424.165699795395,3832.3494882930695,1583.2125499806796,1527.9265704386844
483026863,-723912.0402430432,-391131.58109412156,1408.6329694701706,2451.8886820441803,4514.774165324098,1554.7663203875682,3893.63433835279
483026753,-725161.3450916131,-391974.12374636915,1116.2307186694834,1381.7655065626516,3327.412900474111,2081.737269619702,3635.105736433177
483026733,-727526.6939259223,-391803.6175639362,1111.5533484542752,753.7441957696662,2094.4769337947287,1800.2125822924945,1488.3498702770216
483026743,-726344.0120630915,-391888.941267596,670.7966563167104,558.8000952141313,3190.214077072767,2756.314037287738,2511.661991237243
483026831,-727493.203312553,-391339.80795321404,909.8819112445594,519.703869367263,2349.1735699131514,2050.0183485599164,1824.5649989490319
483026821,-728675.844695928,-391254.3371580939,714.8056583494804,1628.5329288662927,1593.9198863737333,1289.1274653224032,1090.5723569114784
483026822,-728084.5221390255,-391297.09021248244,1020.8405875405113,1108.5432976312777,1917.8240769278748,1606.4466277977438,1503.5938076815185
483026842,-725719.2691859761,-391467.74931046605,363.26615942771036,679.1705934743908,3771.140990678577,2150.823490310905,3243.9449799182203
483026841,-726310.5768390049,-391425.13750050485,205.78925419937354,119.30767822154488,3362.879284069064,2325.8682084390994,2724.350435671897
483026832,-726901.8882135359,-391382.4903819864,358.4373923284379,87.94068108375684,2839.4118408945715,2552.0021706474845,2241.4349090624587
483026843,-726277.1377808506,-390961.3340330026,,80.6250539569772,3587.887956344873,1911.6774884005938,2994.697115336783
483026811,-729858.501055464,-391168.72509843175,826.2510097977543,1539.7686039157225,1449.608625411753,917.096793161959,777.5992960044317
483025892,-731632.5135835421,-391040.04211845034,1660.4935071971634,1347.4291905687153,1573.7243399163524,638.4806963710649,799.1959333697026
483026801,-731041.1723298733,-391082.97176673624,1589.266447088491,1450.1283520390584,1555.1217569359405,689.4332826093257,660.3313310592282
483025881,-733406.5598460973,-390911.0412232867,1070.518567987279,1833.1066891366884,2549.417529054775,408.05138993336914,555.9823838814635
483025882,-732815.2073386795,-390954.0768484396,1440.0653981892492,1495.97193925765,2110.76278292213,909.2766235678948,835.8404472560339
483025883,-733372.7883346385,-390447.20256498276,1499.8559244072853,2197.673474928371,2856.934748339585,821.6305474392791,1020.6320774153368
483025893,-732190.1424963241,-390533.2443764072,2010.4183725268836,1813.3758912407577,2185.63965128206,1152.6200668955792,1534.4578635541054
483026814,-729233.5934293104,-390747.73069882026,233.51653587954,1073.5944173011565,1915.9133090584933,1438.210508883678,1371.0791092681854
483025894,-731598.8252035102,-390576.21228933375,1960.1658863214432,1812.482853836664,2034.5239632849257,1103.532061278596,1212.082472924342
483026813,-729824.8957947715,-390704.9040775128,499.23641430819544,1075.2267263505112,1914.6436095594613,1382.1345026874312,1233.9310306039567
483026823,-728642.2948414295,-390790.5219976443,278.3988632321755,1198.8930358212444,2026.0886155597682,1700.4635340282603,1499.397405861995
483026833,-727459.7088588967,-390875.99864390376,886.2936807681031,512.2065203914798,2661.371853341179,2352.0273058933303,2208.0273689304854
483026824,-728050.9999856164,-390833.27797876886,780.1630090927924,1105.0442654860242,2289.6363282791253,1977.4268730630104,1821.9709401158245
483026844,-725685.8578235725,-391003.9487603685,299.34923210533515,673.4502900365409,4101.52038916842,1694.3861161420296,3474.067480091277
483026834,-726868.4214582975,-390918.68399474636,293.46905592162034,,3102.645507024901,2267.3325628663847,2563.25636052607
483026942,-725652.4426267877,-390540.1484589186,395.9782272190746,771.8135962824512,4338.057168165155,1244.3045230236823,3748.011724176315
483026941,-726243.6948852028,-390497.5308150583,259.2180746337575,385.59038588553517,3856.0879369980203,1527.0265488965126,3308.5982087948382
483026922,-728017.473985377,-390369.4659973485,744.3865693221893,1167.5874824824448,2690.59934928839,2381.65214526332,2108.036600172572
483026931,-727426.2105615231,-390412.1895859738,923.4120884700418,636.0246230128882,3013.251443315035,2450.903246474512,2488.4149206831357
483026912,-729200.0120193302,-390283.912863422,,608.5604554168333,2380.6992887019614,1889.491203422889,1687.3211613476708
483025884,-732781.4635390416,-390490.24113553006,1782.4958573054944,1925.4757562945513,2473.4475541719207,1155.5599703380137,1196.3180451113756
483025992,-731565.1329579748,-390112.3827179999,1495.1154243761757,1935.7410258202178,2496.8993726439203,1568.5833486831975,1652.9100046290662
483025991,-732156.4225385451,-390069.411865261,1560.4091627945759,2278.2472733874415,2621.494260338094,1603.4968073719156,1901.9729109423963
483026911,-729791.2866779116,-390241.0833116276,441.2483343858521,611.433493650758,2379.6785176072317,1847.1721360219865,1678.4746760715122
483026902,-730382.56503063,-390198.21843947255,1034.0752410935509,891.8685485132303,2436.501029497295,1785.5091279939368,1596.8081061456555
483025981,-733339.0129483398,-389983.36416721833,1945.6894337253811,2594.574408879859,3202.6825629322625,1271.309448417951,1485.5442062960515
483025982,-732747.7158676755,-390026.4056822399,1820.9409498432785,2368.4459530123045,2865.853191774672,1508.7840275314534,1611.3032601249881
483025994,-731531.4368434832,-389648.55335441156,1030.064939335784,1843.1435496768345,2960.112401039816,2033.6347592924337,2012.6709104674314
483026913,-729757.6737014409,-389777.26275073976,498.2908452042277,155.25122643677244,2844.713550258079,2312.209893868106,1213.4387641719325
483026904,-730348.9243428273,-389734.3949466819,1059.6632853219298,667.5764555097988,2892.4161122951205,2205.265566370722,1284.1450219480744
483026853,-725094.5815834926,-391046.5281785479,892.1613570306125,1266.2693615670717,4252.761278452618,1654.6924419470454,3984.1014007311674
483026962,-723287.4707220803,-390710.2659361109,1585.6883579814323,3067.8907872139584,5171.264054035509,1778.2921399498018,3297.415448556117
483026982,-720922.5580809768,-390879.818537403,1182.3083377459038,4772.769447686102,3370.085197961836,1060.5262077267319,926.4287110792086
483026961,-723878.7081348611,-390667.78952816076,1793.5255411303378,2480.6662750001774,4953.667514315936,1445.4183626982062,3890.17769125239
483026951,-725061.1940842393,-390582.7307912595,929.0431654866406,1321.1941824893643,4716.122162083969,1189.6953690127634,4225.08156670169
483026971,-722696.237013274,-390752.7070393216,1557.8294368773804,3656.905231691134,5084.963154512432,1757.4764493201005,2704.659500506457
483026952,-724469.9492545922,-390625.27781377314,1507.4014633187328,1896.9003482433072,4799.870805480664,1211.3804257277934,4482.946061106203
483026954,-724436.5856199639,-390161.48353511025,1652.1046170450256,2040.8253411551782,5256.135318105634,759.7712772930514,4493.020410370389
483026974,-722071.7541548205,-390331.3301811833,2044.466765809913,4313.088622048672,4642.616665976876,2218.30613141483,2133.319457465144
483026963,-723845.3721982193,-390203.9981580874,2200.2906376135657,2592.3576445786234,5396.934588067227,1094.9998622725245,3901.80170408617
483026921,-728608.7411369886,-390326.7070904009,151.5722964875566,809.3690047049254,2470.2224893994003,2096.0080638205145,1843.3960075700472
483026932,-726834.9508624538,-390454.8778579749,391.55362471212385,377.0697419221933,3409.260116637874,1953.9737770797797,2923.871789243595
483026943,-726210.2481486344,-390033.72779663623,724.2255308710766,845.9282180478307,4159.132191498419,1200.6503276182334,3222.92254152501
483026933,-727392.7084169986,-389948.38072938786,1144.537159399871,985.6145657331475,3392.487251510656,2261.965750494622,2186.9442021405735
483026934,-726801.4764225743,-389991.0719216367,781.4199833460542,842.0802919521868,3748.6259800823213,1711.0483662351999,2689.5492586850783
483026914,-729166.4267528541,-389820.09523210645,231.5142539625611,143.52646881127563,2845.5666399416536,2346.1504751333023,1225.6461607695458
483026944,-725619.0235921983,-390076.3483560812,783.6432377101329,1078.2319692650758,4609.500854392826,811.2277706707857,3774.0383276646617
483026924,-727983.944134872,-389905.6542181839,779.5476150354157,1135.468932900273,3109.456729124633,2802.3976007506985,1741.9530501854745
483026923,-728575.1835791667,-389862.89238632633,276.714022381693,552.5585056627078,2920.868662343098,2515.4395840093257,1410.221414547239
483036051,-724994.4075890506,-389655.1367099121,1486.6402523133993,1819.7998833256158,5362.8843367673335,259.7012392736157,4221.903603513764
483025984,-732713.9643211239,-389562.5704385314,1463.3573388702516,2818.540572533814,3277.321411346642,1910.5275802357896,2047.9242685553959
483025993,-732122.6987086956,-389605.5795627777,1122.7282644589002,2434.581507222381,3065.940058943821,2060.6842266089297,2299.2348489210253
483025983,-733305.2336837404,-389519.52597995364,1930.0540449730213,3011.0503148064918,3575.587928031145,1729.1498702659203,1948.456130412846
483035091,-732088.971014238,-389141.7475690829,720.2140036460867,2430.329085153292,3515.72029708745,2520.7509341585965,2322.346858921188
483035082,-732680.2089068549,-389098.7355045303,1183.0281093222393,3023.1315786001164,3701.5004808225617,2335.889108733809,2494.847402479224
483035092,-731497.7368674927,-389184.72429869324,565.0145316049291,1837.53296485933,3423.8230481820588,2498.686192706826,1771.544136557334
483036011,-729724.0568727975,-389313.44249497255,824.5369895782839,59.182129702069496,3309.748607113468,2777.247675827281,748.4029281949743
483035084,-732646.4496214105,-388634.90083019563,1044.149464272244,3040.132636757801,4134.479934529142,2774.025171578992,2805.490331781302
483036013,-729690.4361885368,-388849.6224942858,1242.5535300822896,326.9076253336475,3774.783587774381,3242.285381499895,283.36696741983155
483035094,-731464.0330265495,-388720.895500805,99.96400045735761,1865.4196133289402,3887.8531708488727,2963.7375485222215,1630.466821941395
483026984,-720889.3606143609,-390416.0416752987,1191.793042957678,5004.8546142747855,3548.3617744923545,1032.8891028870682,974.3021586458976
483026973,-722662.9564686201,-390288.921479432,2022.8075331675752,3733.5268952016813,5204.768537044167,2133.145976727385,2721.3945561274472
483036072,-722038.4974924143,-389867.54781617166,2446.289732949255,4427.326076972185,4818.636757496722,2229.6112671017117,2246.6845043334574
483036081,-721447.3265711056,-389909.9241125894,1878.534910008,4996.713388341601,4287.955151848168,1641.0032688789738,1701.6027645183733
483036082,-720856.1593422071,-389952.26510466874,1332.7015668419413,5267.841747392533,3775.794178029395,1056.9900820322232,1202.4808722106109
483036052,-724403.218161144,-389697.68955335947,1902.391304489402,2272.478956680069,5713.808363894828,345.69516153126153,4547.864259114085
483036061,-723812.0324404946,-389740.2070840176,2393.912040117492,2778.3775806361273,5843.580093507274,860.9607977579903,3964.860378755686
483036084,-720822.9542611123,-389488.48877547734,1601.3071879662944,5557.34545113687,4044.0975516346653,1241.8171599104717,1541.1119901204775
483036064,-723187.5345447911,-389318.90137991606,2967.557442958498,3522.593001745573,6090.1784944564,1413.5281752453257,3519.7362892676224
483036083,-721414.0937924354,-389446.1448882766,2077.7179337957805,5137.879043352034,4525.979851457876,1765.702440457462,1955.6228042928315
483026994,-719706.9818369388,-390500.6119681431,150.12358910322988,4052.4148970315637,2537.5085710950507,,301.69619417587364
483026993,-720298.1693817563,-390458.34447103785,608.3949438569025,4514.852928890719,3027.133079980661,440.189926327681,449.855034108978
483027903,-719115.7979769346,-390542.84416830307,150.15610929163157,3628.0928028235253,2101.6886594157504,152.50314291255435,397.6312023261835
483027914,-717342.26847608,-390669.32900391234,1220.3269849304231,2757.305587527968,1559.3213065560756,771.1170701806135,1833.8181531688986
483027923,-716751.0993255995,-390711.4200330951,1258.8026200249385,2674.8435670141685,1602.401791763413,542.0075133243289,1243.8217163866889
483027913,-717933.4412994799,-390627.20268450695,1197.9775404563745,2958.6167512373145,1575.273938233109,973.7981934253702,1475.6060714552061
483037012,-717309.2333429696,-390205.5697604692,1226.894921083554,3210.1337652586167,2024.2562905765044,1184.9492641873858,1828.2525303507887
483037001,-719082.6797802403,-390079.07627175975,615.0828251816416,3983.1029855637585,2466.408613578194,271.37881900867825,809.2171124472684
483036091,-720264.9958027434,-389994.5707941018,852.0047372054847,4804.755086195786,3290.809350331898,494.1191241669361,836.1186850960916
483037011,-717900.3784798259,-390163.4405590289,1338.2292245246383,3384.6141122177646,2036.5703988658222,1356.556472004736,1635.246551852593
483037032,-714944.6894818775,-390373.7336574243,1578.9785134434417,1519.6672280719547,943.7924891056285,33.67477946997276,
483037022,-716126.9540810984,-390289.7222873572,1333.4505671141494,2349.052249968675,2081.0332549637237,1005.8898369164895,642.9777164335972
483037043,-714320.6621785032,-389951.9417761269,960.6616023224897,866.9537184810288,266.0397023930224,,630.8270543792918
483037044,-713729.566708468,-389993.86211449513,512.6140004569792,850.4034899456179,,,1179.7547969035547
483037053,-713138.4748908931,-390035.74716801615,441.3540693617837,950.231203911762,326.5279706544263,441.4901761010677,1757.283012633748
483037024,-716093.9705330828,-389825.96903522045,924.6945846520883,2123.9066088272584,2043.7794024449552,1216.953253022856,719.2377637847507
483037034,-714911.7613039701,-389909.9861512379,1511.693638168255,1141.2671142385454,858.613430031391,31.742394374227715,322.32756719744214
483037033,-715502.8640878358,-389867.9952381618,1352.8285056483276,1598.6265884513941,1451.1933858650996,624.3447916546475,326.2350637395423
483037142,-713696.6901204567,-389530.12052555196,260.7143634107565,385.4969256519929,73.12470259743517,54.15181153951429,1381.162355906851
483037122,-716060.9831976421,-389362.2159672864,603.6127184174724,1983.9866272636768,2045.0798765968786,1298.7412231788935,1016.4386561574273
483036092,-719673.8359497455,-390036.8411825692,615.0749723866485,4373.099127581449,2846.9193623548754,224.4806309300017,766.649674496669
483037021,-716718.0918777162,-390247.663669355,1225.1113751104092,2859.3409417856246,2057.6202703957556,1006.451721071996,1235.612086925554
483036094,-719640.6862598353,-389573.0706366277,1080.0262874675543,4717.866180974472,3194.259523712783,689.4331701994747,1231.6030865058813
483037023,-716685.0806426763,-389783.90754074557,760.1798768725223,2677.429740634723,2516.393609410964,1471.2008761765464,1276.9438940056664
483037013,-717867.3118667904,-389699.6786704805,1005.8419637314151,3819.703478487406,2499.2159656654467,1505.016976673536,1898.1574218869346
483036093,-720231.8184179019,-389530.7973577009,1230.464813737503,5120.525972805473,3595.506378446849,817.9678965626484,1276.0036091425764
483037014,-717276.1944195894,-389741.8107530561,763.0490333167625,3244.7773901480164,2489.191207973211,1598.6199034415808,1856.4210585978806
483037102,-718425.334883355,-389193.74670711876,1285.5807519563,4333.587653322912,3064.8513692595297,1373.981453945647,1898.313749863363
483037121,-716652.0656170963,-389320.15159723634,295.2483443336776,2567.8249034321525,2637.3761957396396,1865.5323552777927,1465.0543164147214
483037112,-717243.1517025554,-389278.0519316411,302.5550945453467,3154.918951688603,2954.1262594259083,2034.5479959868208,1990.4820915901805
483037074,-710183.070485922,-390244.64322121866,1054.209360808107,2130.058191106328,3289.274090188328,2436.7196271024895,2651.972579903002
483037063,-711956.3022012422,-390119.4114271803,728.3018966568927,1819.9315323360124,1511.6448242545562,1086.6378997767922,2930.4318388304464
483037064,-711365.2213232205,-390161.19063615607,640.0589349622559,2360.0821719313803,2104.194010976373,1511.542400430301,2903.634938844311
483037084,-709000.934187143,-390327.95470683725,1916.584875746197,1814.2745783058087,4474.3296839555305,2549.9793745046086,2717.8824357559092
483037054,-712547.3867228094,-390077.5969383535,552.1804220709771,1325.3152589563326,919.089421669543,696.2599576154465,2342.3464906875397
483037073,-710774.1440857712,-390202.93456694944,685.3747732321801,2492.111919701803,2696.7371554307424,2021.1240924589997,2716.804774925714
483037083,-709592.0005207066,-390286.31660062965,1566.9264482872109,1888.313878213109,3881.80498884383,2441.9094042084835,2651.97380815926
483037152,-712514.5655006523,-389613.8610749201,331.81675298072975,1087.1252991743017,921.9898403484166,378.17367273316955,2449.9336871498967
483037171,-710741.4059025943,-389739.2072742955,1131.7932335278836,2177.09774991248,2697.718203784203,1864.0912081513611,2265.2657929484353
483037181,-709559.3176903289,-389822.5950101706,1498.9987282564257,1447.4165757758985,3882.479262397804,1978.2540748664283,2187.099744405059
483037172,-710150.3599797959,-389780.9187808282,1386.5556882227065,1751.1062957636327,3290.0745086697098,1971.8440293934236,2187.098248231943
483037162,-711332.4554616888,-389697.4604889066,1104.9447789150881,2234.9953473479363,2105.456154288634,1294.1139210862877,2486.2471733051925
483037182,-708968.2790312114,-389864.2359639779,1451.7183673356076,1349.4092811625749,4474.9106633884185,2110.2034515671703,2266.56831828981
483037161,-711923.5086600506,-389655.67842300434,924.3418238955741,1654.5288262474448,1513.4064745612213,759.4261349670774,2816.631854133023
483037174,-710117.6457246316,-389317.19461581187,1380.8962262332343,1424.0107417342185,3332.896494003214,1506.968492545999,1722.2239773487308
483037164,-711299.6858449011,-389233.73061881383,1517.0415017662904,2201.45735051605,2171.8323855653603,1222.805266485787,2089.014012692986
483037173,-710708.6639672699,-389275.48025790637,1588.8389591898554,1923.8242706404014,2749.8107706730216,1568.0384005977512,1820.4535079296843
483037163,-711890.7113604945,-389191.94569687726,924.6404093275663,1608.962618980898,1604.497273068374,630.3127725345305,2473.028451183582
483037184,-708935.6201324598,-389400.5174947141,986.8519189508828,884.5440439948798,4506.440147058513,1683.9642444411072,1822.0842383288818
483037183,-709526.6311140215,-389358.873694196,1055.1635366041744,1027.8636629841767,3918.8077929289825,1515.34631691746,1722.2258804982714
483037151,-713105.6259864634,-389572.0084429933,,573.0216056462817,334.6134128057415,,1898.3539861134034
483037132,-714878.8293448675,-389446.2388274609,1445.7950859633445,853.1557025504419,861.7184925175043,454.7785676533534,787.2446992059072
483037141,-714287.7579056014,-389488.1973209326,853.2516988699152,420.7424619610259,275.90461489328106,158.967920936136,955.9195395921188
483037124,-716027.992082076,-388898.4631836672,526.4682606305902,1946.1348478871253,2113.360869322579,1524.6804877692434,1407.584085436747
483037143,-714254.8498619003,-389024.4531473629,853.5755242195814,168.55853390770466,600.2057602205806,605.167205501278,1364.5194843814274
483037134,-714845.8936118567,-388982.49178620515,1445.9851572079606,761.0778008963302,1013.2395923132452,767.7206143413632,1252.1618667605721
483037153,-713072.7733174511,-389108.2699978059,23.54693246583383,423.9546798513407,629.3529479833169,,2133.479556684773
483037133,-715436.9410175886,-388940.4951321993,1119.011383131299,1353.603294701507,1547.6852773418243,1110.6631832481232,1253.1728241922156
483037144,-713663.809764755,-389066.3792173384,261.77495147401936,,538.0304749404758,12.637982257422985,1689.8771859762044
483037251,-713039.91688049,-388644.5317824216,488.44787098811776,431.3249266949162,1054.7399154594725,41.32046480282905,2435.5707402142075
483037111,-717834.2414569856,-389235.9169688298,721.7955629537246,3743.740429433929,2962.5788328299573,1766.9913927151777,2228.0764596366016
483036191,-720198.6372238322,-389067.024111802,1653.6443371691907,5457.677419196632,3931.698804719392,1235.4572581721147,1729.058213786455
483037114,-717210.1051991782,-388814.29339633917,66.08093817237898,3131.216485781411,3273.4048352186055,2481.0289214263707,2215.86294109811
483037123,-716619.0468082819,-388856.39593894087,,2538.672634069902,2690.64495855037,2029.2994956800364,1759.1156620421577
483037104,-718392.2329869022,-388729.98241081485,1251.1979181078966,4316.322739207655,3515.172867864795,1782.5347042658216,2323.2203092853606
483036193,-720165.4522278764,-388603.25115652336,2094.6120991156477,5812.490053313841,4291.991843459378,1678.0951175828998,2187.1135496162556
483037103,-718983.3023896752,-388687.7739645331,1843.765705395705,4908.885147076043,3698.0318369295032,1626.497089940888,2176.9628030653
483037113,-717801.1672577296,-388772.1555541915,658.6363869120828,3723.7665766540053,3426.367956034641,2100.426850516758,2599.6154636195047
483037202,-718359.1272944978,-388266.21835238964,1262.6413995077264,4317.03644575535,3968.8665394851396,2213.4567952523903,2761.0626454140897
483037212,-717177.0549060717,-388350.5350971165,182.09470754881116,3132.211160844855,3380.996519411246,2771.976466334263,2508.0645423100345
483037154,-712481.7405170219,-389150.12549042824,332.6504044162407,1016.4616729528481,1064.9634625502636,37.814067540669754,2636.293129929675
483037252,-712448.9117685539,-388686.3901348461,540.6272009905824,1019.5542311637736,1360.3296548290298,56.010531947680995,2680.354223418995
483037262,-711266.9124694988,-388770.0009758462,1403.9217968667563,2202.8799613040055,2330.8850108041825,1223.5004951794006,1725.9081079747684
483037281,-709493.9407884344,-388895.1526026757,641.831190121039,670.9663654960498,4009.0783370745726,1054.171132660949,1257.352170018132
483037272,-710084.9277170758,-388853.47067613906,1097.9105778108599,1192.244756917352,3438.61274108948,1042.0928159156626,1257.34956660921
483037282,-708902.9574875394,-388936.79924901604,521.985329947062,419.6786661576128,4585.130420860408,1284.8054842023807,1390.9929373413058
483037261,-711857.9102992124,-388728.2131987674,883.5407634863693,1610.914195922064,1814.0250955015754,631.6641838104788,2174.983587764612
483037271,-710675.9182764431,-388811.7534677511,1643.4162137068906,1759.1637548858093,2877.062615714215,1128.595150593492,1388.8459581054926
483037283,-709461.2467102169,-388431.43168557377,377.795120647174,523.4987579691372,4149.772213668076,598.7458900720451,792.479229468738
483037273,-710643.1688267569,-388348.0268537942,1559.3226908567,1708.3318398203712,3070.1423392973975,721.7559168345232,987.9048655110204
483037222,-715994.9971830033,-388434.7106343304,553.1321668540594,1947.746779749206,2276.516350128616,1842.5169461815203,1833.504557306896
483037232,-714812.9541015624,-388518.7449774373,1526.0423422957224,765.2062786618854,1320.2391052292182,1177.1242469502945,1717.0789694960913
483037242,-713630.9256379926,-388602.6381398224,553.6668005227376,79.40957487713874,1002.936183495463,351.1058476619793,2058.1660497091966
483037241,-714221.9380440271,-388560.70920538576,983.149988362616,186.3254662128479,1037.616108394569,699.5225872157862,1800.6488550419338
483037231,-715403.9738135616,-388476.7454543117,1131.7930718502607,1355.9253651429308,1763.987142909502,1505.6445750836926,1717.8162912947469
483037224,-715961.9984970425,-387970.95826923795,824.5488381367255,2020.7728874161223,2516.157724486845,2213.00330916965,2274.7497110148074
483037233,-715371.0028257603,-388012.9959597712,1286.4027908426606,1458.9128209455755,2064.039137446937,1869.611924497236,2182.5765261039023
483037244,-713598.0377367993,-388138.89724296716,480.6828815935995,544.3162123029053,1467.8420289231697,174.95270816428223,2459.4100722968938
483037234,-714780.0108106085,-388054.99835112056,1662.6258808253795,935.6755064837317,1700.4968805346846,1359.8738338088249,2181.9962080757086
483037253,-713007.0566722124,-388180.7937468038,63.14913834678259,689.9287482031891,1503.7087537937239,,2782.904595892857
483130201,-707130.0292791456,-389061.52752643864,1497.678696826636,1322.1081156427272,6331.485414523899,2735.0037528001117,2684.7231619876716
483037291,-708311.9778114249,-388978.41061682306,566.0511094569449,425.29996662871946,5164.898153519637,1700.602998861292,1729.3502069705687
483130204,-706506.504787265,-388639.32635283895,1996.9412613981563,1846.0943830183921,6999.487065057374,3047.7014810001424,3068.504879961394
483130213,-705915.5672578751,-388680.7994563339,2589.132974029201,2438.4773914450857,7579.782854606949,3434.2706530158403,3643.9789563806826
483037284,-708870.2910931036,-388473.08117684774,57.11870067897367,,4708.617673566315,947.5905133647284,990.9306899085113
483037293,-708279.3390994701,-388514.6953872586,226.28022513707072,68.9086824775939,5274.804166635354,1462.6016226163697,1427.4786728097656
483037294,-707688.3907263512,-388556.2743184581,813.3567175548941,661.3099463610007,5846.197222326343,2020.470690062316,1948.1418227914742
483037392,-707655.7759595072,-388092.56220102723,811.3462688619596,662.8501472978312,5979.743681400184,1867.1373942604964,1809.5390060650143
483130302,-706473.9453851096,-388175.6199071944,1996.118636711381,1846.6429487283372,7111.358079293191,2689.0577085095965,2982.389581282828
483130301,-707064.858844408,-388134.10869472026,1403.735495424564,1254.5162043379198,6543.196411688735,2329.5935571674236,2394.508819153837
483037263,-711825.1054728429,-388264.48087863816,711.1782424608099,1698.495674061064,2106.9471314137804,808.4107475874538,1943.570736528522
483037274,-710052.2059537753,-388389.7469117743,967.5484594239941,1115.9122075385994,3601.689370243113,577.21709985676,792.4751163672636
483037254,-712416.0792518836,-388222.654958137,132.01418164024778,1152.9999220926334,1731.7951548242052,417.4986131127579,2496.214925258887
483037264,-711234.1353321234,-388306.2715099676,1302.3342007413462,2267.689499512946,2565.4342907747446,1176.96827355282,1423.2931215144733
483037362,-711201.3544400274,-387842.5423212862,1300.7983045795495,2301.1961646735895,2856.9459933378535,1031.8128348301389,1226.781666380487
483037361,-711792.296888644,-387800.74883659807,708.3668107739917,1899.209004688228,2453.5747387024935,1012.0483495063385,1804.6081834814024
483037352,-712383.2429742764,-387758.9200604106,115.92910778439912,1432.339194218312,2140.093511420707,422.57082040333523,2389.5843745067427
483037381,-709428.5488866036,-387967.7110429961,373.4503671236542,525.4441817668003,4335.983793389034,194.76700138493456,327.61060514549166
483037371,-710610.4156254585,-387884.30051614234,1558.271381086767,1708.9256478025754,3317.5764256126736,447.61403702861026,674.7147052175683
483037372,-710019.4804419709,-387926.02342282375,965.8577826928273,1116.8243120544357,3814.7772214498777,112.3414447496154,327.6007270033101
483037243,-714189.0224486089,-388096.9654449642,1070.832016972999,569.813715431599,1491.7521472075916,767.4102462759697,2248.344166210652
483037332,-714747.0637462847,-387591.25200736657,1661.4206051356523,1264.0090364621874,2114.8592154459266,1361.4359745885126,2646.9134821332996
483037322,-715928.9960314954,-387507.20618850243,1219.0673676044732,2192.1723806436394,2812.803434428328,2545.6488472381798,2722.7571641719787
483037341,-714156.1030829289,-387633.2219662092,1068.9645970953318,1023.198842361274,1950.9686796713513,770.1801258287858,2701.862106704171
483037342,-713565.1460684527,-387675.15662688325,476.51463698460185,1009.2228862590615,1932.747910857644,186.73699244712046,2879.867358061903
483037351,-712974.1926998898,-387717.0559910629,,1094.6393909036626,1960.1215035452935,65.29039187115181,2977.502994601831
483037343,-714123.179943614,-387169.47871909424,1141.947489561633,1483.7323165459495,2412.366010737092,932.7332747409571,2532.6685860047755
483037344,-713532.2506295821,-387211.4162415439,623.2653130606448,1474.1294963623714,2397.653728915722,558.3078178086571,2850.4711530087293
483037353,-712941.3249601542,-387253.3184651722,401.7501590116343,1533.8651031473244,2419.7695732987318,530.1921374466998,2959.376287386989
483037333,-715305.0495173455,-387085.4977710428,1923.4157649445992,2001.2677126788242,2802.557579866025,2023.006386274161,2257.5851831163727
483037221,-716586.0242128498,-388392.64051582554,169.6831221398809,2539.9044979719333,2820.5818426493975,2277.762648200604,2115.3951753452516
483037223,-716552.9978274152,-387928.8852778524,634.6147232147626,2596.3051485216656,3017.2982150695116,2586.629127394278,2507.5109868220034
483037214,-717144.0008198482,-387886.7769839343,638.0443472963584,3178.0937430329736,3546.7443012721733,3030.8746605185675,2846.5834209690893
483037312,-717110.9429478229,-387423.01915690757,1101.5289644472125,3289.698012837606,3762.9711966328455,3334.794536503254,2983.995047381428
483037321,-716519.9676592866,-387465.1303251351,1099.5463585239472,2731.8092184032257,3268.7597105268874,2936.902967301137,2794.2630991264255
483037314,-717077.8812866076,-386959.26156600815,1565.8718577492482,3460.6713344542463,4021.543030185226,3672.575832712616,2566.856201215153
483037413,-717602.642411696,-385989.5919433165,2579.824975091678,4431.977295167586,5066.787610393869,4109.04303485164,2247.7984311126434
483037414,-717011.7465937593,-386031.74704258755,2495.21604367323,3947.3299306153654,4636.315376252675,4005.1251848918982,1804.0907731918126
483037404,-718193.5418923513,-385947.4015288541,2790.515271398246,4940.197120903374,5527.335213293531,3576.792843743054,2748.1300137976386
483037521,-716387.8091242156,-385610.11281662143,2221.4237018982394,3830.6217886440672,4618.500402093591,3680.515855495689,1067.784631148624
483037382,-708837.6209563798,-388009.36337831453,,45.18675199376647,4873.497825965693,757.6809574133101,679.1450434843007
483037391,-708246.6966483359,-388050.98043044115,218.95103920784226,82.40170090162522,5422.470085352044,1295.861069911991,1231.6437022992898
483037384,-708804.9470740212,-387545.64580339263,407.7478684764746,510.0521100835418,5075.738625730901,636.6557219306227,594.8997671375014
483037394,-707623.1574532499,-387628.85030543205,908.0244386273573,835.1387658986712,6145.639019257303,1642.999320106888,1779.60964571579
483130303,-707032.2680242556,-387670.3996352959,1461.7262898924475,1353.455648392664,6695.11885707316,1949.8218222821192,2371.955490289838
483130304,-706441.3822497635,-387711.9136816122,2037.2963315241914,1915.2111714704515,7251.360649608629,2367.649366259512,2964.2952473981422
483037393,-708214.0504546773,-387587.2656963464,462.8087030529949,514.683548225874,5604.9122256039645,1229.008844006697,1187.2577958559239
483037491,-708181.4005151483,-387123.5511349403,678.651685173387,977.3472408741882,5818.860512698889,1051.54375472664,1195.1588054120393
483130401,-706999.6734644611,-387206.69074678596,1408.3588051130166,1588.1007371259807,6875.175792198694,1615.1762463804264,2375.907714908287
483130402,-706408.8153778887,-387248.20762605924,1948.6736162178731,2087.621496695985,7417.902181358119,2100.638333819463,2967.4512952613295
483037373,-710577.6586691914,-387420.5744047713,1610.705207754807,1782.8093255421436,3608.199965221552,433.2833491794506,589.8344981625416
483037363,-711759.4845432548,-387337.01702262234,814.3476765397966,2182.055503760472,2834.2715152255696,1140.625816261452,1774.593174807209
483037354,-712350.4029323675,-387295.18539164093,418.1382819806384,1790.544855311241,2567.7137165647314,674.8284949275259,2366.981632450603
483037383,-709395.8473142438,-387503.9906249191,552.9156793976982,730.8836382093901,4562.14278975766,44.29658838037935,2.535726989069697
483037364,-711168.5697898514,-387378.8133597766,1361.3982855981149,2356.5607846141756,3189.8411377045877,1025.6722915234616,1182.2107409143823
483037374,-709986.7511783086,-387462.30015926366,1048.3804508943724,1226.9285030865378,4070.0287466486166,,
483037462,-711135.7813782359,-386915.0845754036,1563.0065100624513,2498.693820239529,3552.505073849091,1084.5495338132177,1190.1464288965299
483037481,-709363.141989786,-387040.2703813073,866.9251124987371,1106.568569975424,4822.632531682383,69.92165817259438,137.29713521184522
483037461,-711726.6684333113,-386873.28538667504,1119.28878797557,2519.5242193245303,3237.0395825600995,1417.7702774275576,1779.8831291270633
483037452,-712317.5591227908,-386831.4509017924,874.3646713299707,2189.240817511795,3006.4224434922457,1079.1131935582912,2370.9433214706123
483037471,-710544.8979545984,-386956.84846964566,1785.908471208164,1966.8767124623687,3932.4490978091835,550.7311821610133,605.5945097217319
483037472,-709954.0181594344,-386998.57707105833,1301.6383765248668,1481.7620610252243,4360.045130962322,54.10186028118053,137.27380213855182
483037482,-708772.2694426778,-387081.92840204714,676.7682561351658,974.9176087634993,5311.0739013301545,638.9482977668612,610.5278961025906
483037454,-712284.7115528135,-386367.71669096773,1336.5813583936342,2609.936570657824,3451.994566737966,1518.4997694493961,2442.3074070458197
483037463,-711693.8485660754,-386409.5540288583,1508.2142977756635,2892.559931339674,3654.588817671849,1775.2120645199884,1873.9229563942606
483037473,-710512.133488928,-386493.1228108659,1739.3314138296976,2234.0572290388327,4282.693056030235,754.7862046895057,842.8941937585411
483037484,-708739.5880695806,-386618.21127437736,211.90292515473496,1439.7831476689125,5575.314425911388,585.8322654146966,846.4412962697215
483037483,-709330.4329204657,-386576.5504122606,581.7456329941466,1531.992497730513,5112.207769847794,520.8622574923056,602.153620465164
483037474,-709921.2813925907,-386534.8542583083,1153.7014485012246,1821.563176774164,4678.365484408009,518.9767664554203,602.1483706929258
483037464,-711102.9892124352,-386451.35606826824,1861.4044870849182,2713.9970735058946,3936.71913837537,1252.9476180487645,1326.6986744296391
483037334,-714714.1129052152,-387127.50589614897,1709.2730686464347,1658.9849384457668,2546.7332988660096,1459.5432062946502,2324.942338649425
483037451,-712908.4534496372,-386789.5811190954,866.6495938226182,1984.8230536059202,2881.1050701839968,995.0940203507128,2941.8422283052214
483037431,-715272.0671899731,-386621.7489767908,2317.401152538598,2364.7041410228785,3209.3292261936617,2191.234262700843,1792.6628680551391
483037441,-714090.2530272901,-386705.735653583,1376.1097145056783,1946.3466851104404,2874.8944991711696,1256.6139537278925,2128.6933426809
483037432,-714681.1582840227,-386663.75996743067,1873.8141620921656,2083.032836386405,2988.5370322969015,1685.0230361553179,1876.781623474043
483037442,-713499.351416816,-386747.676036913,989.0044566415589,1939.0362432803267,2862.5596837646453,1010.3531036011645,2498.4097463572634
483037453,-712875.5781756114,-386325.84405293706,1331.549065712656,2441.019560454975,3343.4295171313142,1459.9959402109482,2683.933112361722
483037443,-714057.3223412427,-386241.9928697799,1707.5078200226267,2409.8438257233347,3338.0839320555797,1649.3754319593022,1755.1517081593854
483037542,-713433.5416880652,-385820.19642006373,1858.56661836972,2868.849746076307,3792.3716023519323,1932.8299218832283,1942.3334345362991
483037532,-714615.2377197669,-385736.26890778024,2138.444728429934,2968.073841409393,3888.3421372748885,2356.7368418868436,1026.215350753741
483037492,-707590.5352042363,-387165.1385816376,933.3883094193324,1178.0229690990152,6341.344993130241,1227.3853199760283,1784.8835616464632
483037493,-708148.7468369732,-386659.8368463209,217.84091344730552,1441.4283080406424,6060.979407516517,587.3481199327265,1331.1914644152398
483037494,-707557.909219684,-386701.4271297419,676.8201524405584,1584.3656442527672,6564.195786249945,863.5377983656055,1878.6672341411304
483130403,-706967.0751722357,-386742.98212928796,1253.1157344246274,1909.0511491154537,7081.221363387394,1359.4020298355447,2447.121030556888
483037592,-707525.2794962502,-386237.71589972184,642.7864857642596,2016.1561513764834,6811.5276040842755,645.8443836255423,2074.8915773504195
483037591,-708116.089416806,-386196.12278046453,50.51008436852624,1905.891575939962,6328.036152165018,128.10322440356896,1596.2282236508654
483037594,-707492.6460305902,-385774.00484154857,690.7619726522261,2139.899398037499,7080.775649931987,634.4111236844819,2348.012610745466
483037593,-708083.4282512993,-385732.4088873422,257.95437876154836,2370.512562515868,6617.012142915775,42.156788214213314,1938.0470836681186
483037682,-708641.5214768546,-385227.0611832887,717.8280583925874,2532.3678630621284,6504.418146747681,343.8985835037618,2083.4808984513434
483037692,-707460.0088299253,-385310.2940553199,963.5422866186212,1724.369326648824,7369.538131735536,721.6144152614623,2674.575677852239
483037552,-712251.86021907,-385903.9827091408,1800.1799392557366,3043.522801646888,3902.079549795217,1969.6349943662376,2596.2652186505497
483037582,-708706.9029513801,-386154.49437035894,,1904.6486264457194,5864.554274018814,120.96686111520982,1221.6356067216288
483037561,-711661.0249381836,-385945.8228991459,1931.028434321216,3289.0831160555335,4082.386173208098,1992.574728107728,2070.608719287963
483037562,-711070.1932890889,-385987.62778834533,2217.8631562161295,2986.6881961555177,4336.759349173468,1506.1398840366064,1592.4935486839292
483037581,-709297.7201029328,-386112.83066775446,541.7724895076598,1975.2750849444299,5426.213912240799,563.2508745752941,1067.025792870559
483037564,-711037.3936048367,-385523.8996856059,2332.3865613377525,3302.582381256461,4748.627809012281,1843.7090824333009,1934.985259605989
483037554,-712219.0051181937,-385440.2489062817,1893.6033678604804,3485.1919520368433,4355.2786837833855,2425.9735058746005,2819.318272162127
483037573,-710446.5932909244,-385565.6721222411,1744.7699651152004,2921.038417417271,5039.130099296199,1548.922673288862,1641.5194118116171
483037563,-711628.1975462723,-385482.0919475088,2095.6518912276947,3701.5534331095582,4517.521346397278,2258.559875753078,2344.2448807728433
483037584,-708674.2140847273,-385690.77763996297,252.96254647293375,2369.5142457249167,6175.2817894251275,,1643.3310137811463
483037541,-714024.3878820974,-385778.2503176583,2090.3968134108677,2873.796556845867,3801.6926464978424,2072.214549175005,1435.9930900669517
483037551,-712842.6991347093,-385862.10721667047,1796.4484743194705,2899.983362477593,3806.3824901170533,1924.8977966627774,2486.9349998653934
483037544,-713400.6311653365,-385356.45690778835,1865.7886097753478,3333.7566022380015,4257.277666373779,2396.1937200233924,1785.0494531246616
483037534,-714582.2717699489,-385272.52367679105,1686.1631989430862,3419.518207353084,4342.98898574302,2749.559725561885,683.3550886799094
483037524,-715763.9269557085,-385188.4491999363,1635.0024201282456,3860.112998656699,4722.318200535093,3490.8374274789912,399.58858805978576
483037543,-713991.4496464789,-385314.5079471877,1927.327047003228,3338.0150891644494,4265.584114107787,2509.9762700971114,1214.8628379655718
483037651,-712776.9297494416,-384934.63418382546,1389.2715237913203,3822.2218438976224,4733.436572198357,2854.7018209202793,2332.3705163676245
483037622,-715730.9017950483,-384724.6985253856,1172.9145680415038,4268.057844237193,5145.371445921338,3824.1248043863916,36.72847495195147
483037631,-715140.1000979729,-384766.75628465123,1162.9328344012126,4032.580858911186,4940.092851170027,3458.3439180049954,
483037641,-713958.5076416755,-384850.76585847343,1554.6909239235106,3802.4020223346806,4729.67507757256,2956.0382846280277,1147.8333016401375
483036042,-725585.6007271978,-389612.5485519745,1226.3181979562382,1470.3525580570056,4910.065538301447,447.5876338650353,3642.248627499716
483036031,-727359.2024327369,-389484.57217426674,1483.1424341430652,1403.8584175599906,3790.878038401006,2158.3587485648336,1950.8309840124543
483036021,-728541.62217539,-389399.077985543,712.840450967075,533.5889552923732,3375.4197590387494,2948.5819496850745,1005.907379500761
483036012,-729132.8376373146,-389356.27790499653,696.545068618118,,3310.4810359144544,2805.563114794134,768.0363920128307
483036022,-727950.4104415212,-389441.84274139634,1019.4293532252077,1126.3536825648364,3539.862013924974,2747.703634851642,1434.3945030366579
483036053,-724961.0085970827,-389191.34006593167,1879.4343864749428,2177.939402372487,5661.626145261044,,4156.845073668563
483036023,-728508.0569222193,-388935.2638380108,1171.417235068327,622.9547861676265,3832.4865139861477,3328.09057099911,683.7281206076616
483036024,-727916.8729018881,-388978.0315169475,1379.5938984599713,1171.3219264150455,3978.0686209586765,2735.3663325604502,1230.0729411372895
483036033,-727325.6926053045,-389020.76387057104,1771.1860702263966,1748.8892937612718,4202.98027898362,2142.648429146207,1805.895407327934
483036014,-729099.244669269,-388892.4608320519,1161.5758076875443,321.5074421165508,3775.4250057651507,3266.5675322155857,331.762777191663
483035093,-732055.2394517162,-388677.91583413567,457.65146605334184,2451.4654999917616,3969.021759632239,2982.364640754986,2216.5827071268895
483035192,-731430.3253172009,-388257.06691070914,,1998.7320949168789,4352.100756463164,3428.789027465039,1605.6296743468233
483036111,-729656.8116452139,-388385.80269864254,1331.615516801544,788.7635754655225,4239.8186929614985,3707.3232116071763,
483036112,-729065.6478452757,-388428.6439632357,1626.6066718914046,786.5414780872238,4240.388997233718,3728.573518500298,
483036101,-730839.1503569449,-388300.01417562773,146.1466344746801,1472.3871049115432,4345.405042972603,3438.627516697062,1012.9028732895545
483036114,-729032.0471727698,-387964.82739867776,1958.6301548917804,1251.5755386849326,4705.367011612735,3977.5789654678397,112.267008066588
483036103,-730805.4665131079,-387836.1888263496,393.2472988327525,1765.1247894374435,4810.452371714077,3902.503822842598,1029.0566214600553
483035194,-731396.6137469052,-387793.2386285359,365.08655368858814,2223.195267898728,4816.502859233443,3893.8405291168087,1615.8603874673697
483036113,-729623.1832502694,-387921.98320817214,1380.7306865741468,1252.972939865468,4704.8538222590605,4153.521943251932,112.48592623523152
483036212,-728998.4426483078,-387501.0110883375,2095.6807486771,1716.6095235156672,5170.355171837293,4081.6747241162843,577.301425796246
483036054,-724369.8468747122,-389233.8958184826,2222.8783023176734,2568.230569833915,6116.23819322297,228.1609193041583,4648.795939764831
483036172,-721971.9727187013,-388939.9837658565,2827.1076162914696,4784.923509910447,5277.034052953655,2500.59396853643,2708.8389853719627
483036152,-724336.4717572493,-388770.10228044563,2587.61205149736,2908.592739267221,6413.583119934728,306.9212759391908,4734.437956380078
483036181,-721380.857198307,-388982.3658562733,2353.1475926206394,5316.097296561747,4797.372851882545,1993.7133451291484,2277.2449377838448
483036163,-723711.9902174497,-388348.8352876261,3315.736837395219,3648.4625118328204,7037.193701522953,1059.7292040165944,4450.018058091124
483036154,-724303.092816141,-388306.30903937074,2980.3920985592827,3279.705903487152,6729.948413345218,708.053100172676,4735.742075656612
483036184,-720756.5326692425,-388560.93679142866,2331.839135122122,6051.78164457071,4674.183688893297,1920.6726042111795,2351.6527171615194
483036183,-721347.616796076,-388518.5871166981,2681.4303482071978,5527.7855162323285,5096.806554904363,2294.4400522168685,2641.893972722389
483036261,-723678.6351628171,-387885.04519752663,3689.6393670989073,4005.0150960230853,7274.3491766533925,1400.917469552244,4693.431009319208
483036282,-720723.3161624126,-388097.1611866545,2742.7488229309124,6273.093832199509,5024.256857196462,2326.1501528919634,2785.0401100828867
483036044,-725552.1740283623,-389148.74899655994,1681.0940771606922,1895.719742966353,5234.737405321299,364.5320159642603,3566.661071707058
483036122,-727883.3315125358,-388514.22049480025,1788.8052669873216,1373.7557961451123,4421.7579387784335,2743.0321897000654,1178.3840980855987
483036151,-724927.6057709687,-388727.5436196992,2299.327173872811,2570.5308469354777,5981.636597039661,205.29591784616653,4141.777996506462
483036121,-728474.4878162154,-388471.44989369356,1633.6467130673127,950.4386257798452,4291.265340751449,3334.3831823946916,585.6865793491961
483036124,-727849.7862808879,-388050.4097750819,2220.106081400148,1683.7219465920455,4869.43142797852,2816.210515338382,1183.712933018405
483036133,-727258.6614180447,-388093.14796747436,2482.4475052357348,2126.350565548591,5054.811774890856,2244.981624554577,1774.6197774867176
483036222,-727816.2372035068,-387586.5993077542,2662.78408260327,2053.080271034278,5320.083314534501,2961.473168777177,1312.165441907659
483036231,-727225.1400621982,-387629.34041816206,2885.1366920556547,2429.2988871692337,5490.256137087647,2424.7369211973455,1862.7380066314354
483036224,-727782.6842769533,-387122.78904277436,3111.9880238586434,2455.170599255975,5773.016321395573,3168.9226903423164,1573.1767754989849
483036233,-727191.6148602947,-387165.53307028476,3304.2366150911143,2777.430454642486,5930.194363004286,2674.175996002286,2054.94793422321
483036262,-723087.5639766463,-387927.539029415,3564.8610086165263,4392.879053227908,6780.575180564548,1812.9194645988714,4215.305575516339
483036271,-722496.4964864865,-387969.9975425842,3525.3381795812725,4822.570389292289,6303.883300205103,2305.0424086339203,3769.8663421313363
483036252,-724269.7100479669,-387842.5160452218,3391.487904926133,3672.258838022988,7062.778511709499,1157.9812453432467,4769.366968106902
483036264,-723054.2328099675,-387463.7520361059,3105.8003555788646,4739.042242544531,7057.118293631484,2135.084270600295,4519.623686528452
483036273,-722463.193033808,-387506.2134477623,3060.361795491721,5139.854441384874,6600.447872029631,2566.1296151476226,4107.338091683606
483036372,-721838.877398695,-387084.8586347725,2596.1556837455355,5888.403499716072,6503.160513064134,3076.444957871791,4136.036930436122
483036362,-723020.8978264059,-386999.96533798747,2648.8050473233075,5104.126088882224,7352.687216256384,2502.584032995314,4849.493224431108
483036371,-722429.8857673539,-387042.4296472239,2595.3854816451253,5478.2720266926735,6915.580013622263,2879.1060234479,4467.767310886735
483036373,-722396.5746837126,-386578.6460909397,2130.409037345365,5834.14659435881,7246.85781072355,2641.534609739546,4846.034167182002
483036374,-721805.5940339458,-386621.07797283557,2131.347443545542,6220.839154466338,6854.414999799739,2611.4722999444666,4542.025887234782
483036201,-730771.7788079818,-387372.3637340375,842.8981380224654,2120.360809177634,5275.499623131657,4366.629831836451,1201.722629556278
483036211,-729589.551000258,-387458.16397283465,1569.1265640291344,1717.6285831163632,5169.888875272703,4592.329424190361,577.3439066292124
483036203,-730738.087238114,-386908.5388486474,1303.401006654367,2511.71609965321,5740.546997939481,4830.933752655396,1503.942126659014
483036301,-730704.3918109603,-386444.7142703081,1766.2882461623246,2924.72712400243,6201.228372968523,5295.3687192500365,1874.052156655726
483035392,-731295.4558467129,-386401.7552793125,1760.2382534949497,3221.9193514717736,6210.289532838669,5288.995069703831,2250.3175683646864
483035394,-731261.7288199194,-385937.92802876694,2225.2887989897163,3613.660427848635,6675.011192620122,5754.04656154654,2597.427431210826
483035492,-731227.9979258209,-385474.10098611366,2690.3394677152123,4021.0505448327394,7139.775515500662,6219.098176331235,2976.8875204610026
483035494,-731194.2631718818,-385010.27425147675,3155.3901592668026,4439.78391705837,7604.5746015613895,6678.750114702055,3377.812761881934
483035594,-731126.7820706564,-384082.6215061129,4085.4915103602425,5300.465246951429,8534.25425798999,7569.79124644259,4219.327802932673
483036513,-729354.0173128184,-384211.43632036383,4296.893601140676,4972.20171343727,8425.135420220317,6295.974534996693,3832.549997657879
483036472,-721772.306851709,-386157.2975042063,1666.6328687937466,6569.385239872517,7218.537062983959,2146.499611516321,4958.384594667691
483036471,-722363.25977947,-386114.86272886896,1665.4325629820278,6204.475139415089,7592.168190587421,2182.968542837903,5238.275958812423
483036474,-721739.0158593508,-385693.5173289986,1202.120726810197,6931.611859276043,7593.67584240981,1681.526992967949,5382.707194968758
483036483,-721148.0943401563,-385735.9196699024,1367.8136186356269,7308.258232024351,7268.621914024463,1692.8079791163843,5179.000243768123
483036572,-721705.7210534584,-385229.7373971826,738.1929295867396,7305.484260865585,7978.277392167279,1216.554243622563,5813.249954483588
483036571,-722296.6185278813,-385187.29683768016,735.4796245254719,6979.206868619486,8317.827772489294,1279.7857357582068,6053.731433652864
483036671,-722229.9620068496,-384259.73187369504,,7787.998247716672,9080.802397852085,489.85737737315884,6552.258429994702
483036672,-721639.1199982077,-384302.17821373686,63.217411545165135,8081.654000358595,8770.860694675279,286.6087540726202,5959.906645751437
483036674,-721605.8137528048,-383838.3990121852,204.4884606588864,8481.350290223005,9176.823222938807,,5960.264141377036
483036664,-722787.4459760906,-383753.46521632845,563.7485518715729,7957.115483597988,9797.043349576878,989.5876953688874,7144.907543966435
483036321,-728340.1729146224,-386616.19679961883,3071.2804976692737,2699.901834391373,6135.8033921641745,3916.573675804653,1617.1327841110894
483036324,-727715.56689517,-386195.16937020526,3823.6313712065103,3309.2030639540662,6683.868364908641,3725.98495046198,2297.5235730354993
483036432,-726500.0336963914,-385816.8300693208,4410.372890427354,4258.566196303053,7441.56050278385,3372.4633097543297,3395.1239266925522
483036434,-726466.5208659297,-385353.026688755,4256.518246597756,4655.949576151427,7882.317725606886,3791.476315844298,3742.959772430137
483036541,-725842.0808648623,-384931.9114707891,3567.832393038973,5361.276428576316,8518.303044436378,4040.289450883338,4480.7496465791955
483036641,-725775.0914933698,-384004.31172603136,3491.0692558799406,6163.630594082645,9393.174495331263,3961.8053849563926,5215.8407589787275
483036632,-726365.959341167,-383961.6180010447,4083.472083694204,5907.646151467807,9218.906904395206,4552.8377970681495,4904.423476828991
483036644,-725150.754655109,-383583.1735353952,2905.16158190342,6859.643289698763,10033.010831028338,3358.998454715467,5938.9615013965595
483036821,-728004.1163037942,-381978.0817762937,6071.988225656079,7316.45282986615,9695.303268698679,6416.998753118143,6185.458751898762
483036823,-727970.4894815988,-381514.2716329824,6209.822614714648,7780.320591912345,9279.401479766278,6513.295931336607,6648.547602727617
483036514,-728763.103126822,-384254.303885221,4515.774488024412,4971.848605652254,8425.417525536068,5885.737863059734,3832.54353985151
483035692,-731093.0357273798,-383618.7955454727,4550.542270211315,5738.9328038323065,8999.126507505445,7946.314808626741,4652.749320356147
483036612,-728729.4677933126,-383790.4896092034,4940.455510655496,5436.8828866271715,8890.437450716821,6240.24407702687,4297.578254189721
483035694,-731059.2855213583,-383154.969842862,5015.592952393359,6181.285840751152,9464.016001832024,8238.580434169353,5086.109700888776
483036713,-729219.3418536544,-382356.1690272793,6092.828013268312,6832.243970758301,10285.276842763313,7532.991895710687,5692.686919152637
483036811,-729185.6633571509,-381892.3528548054,6547.419568102207,7297.26215983801,10269.044927873427,7586.694079197937,6157.721333659362
483036812,-728594.8879544163,-381935.2349988791,6645.523897300362,7297.020052885954,9968.728022405328,7001.21090991548,6157.717154481521
483035992,-730890.4765492412,-380835.8451007467,7340.8471043741665,8429.765623704629,10608.425515902945,9503.211367269947,7309.096476448684
483036901,-730299.7455855791,-380878.8391818708,7342.287866518331,8320.732307480077,10215.59591481118,8925.536682789814,7187.399241052735
483045082,-732004.2878942156,-379822.0910267274,8336.016282180353,9643.08186291575,10834.017024893164,10879.10190083042,8550.264969937949
483036762,-722754.080431626,-383289.6804298496,845.4916185924366,8388.61402170473,9659.229969046872,1005.5248450053149,7164.2060803364975
483036771,-722163.2902214207,-383332.16788707906,659.4500581053802,8621.268723323268,9707.368583881556,435.45167065042665,6573.646046947047
483036773,-722129.9486068105,-382868.3862853526,1124.4267122554875,9044.977517453823,9245.435424653668,756.0943214138513,6627.344571514531
483036774,-721539.1898201625,-382910.84128940664,1126.1998951492121,9298.976461471279,9333.344989714678,643.3369572753471,6042.418178325959
483036872,-721505.8721368805,-382447.062818263,1590.6572432349776,8947.283418717765,8876.307341785434,1108.30975805517,6136.153372250456
483036862,-722687.3378935445,-382362.11169286165,1675.164182240953,8802.466042886948,8730.589577405231,1485.7792279547896,7292.134015679787
483036871,-722096.6031766465,-382404.6049280181,1589.4032959142842,8855.40523930822,8783.82423073388,1177.3451099607337,6712.892455036756
483036873,-722063.2539275107,-381940.82376503636,2054.3800097653175,8394.121471128581,8322.588696866223,1622.6543834956183,6829.092916287922
483036952,-723801.9495354799,-381349.4398127719,3046.9742743907386,7859.254229419943,7787.411154521244,2980.128768178848,8522.41545246295
483036971,-722029.900866783,-381477.0428965257,2519.3567534304716,7933.26999661963,7861.7950456438575,2076.601983712155,6974.41401089415
483037684,-708608.8251244111,-384763.34495030553,1182.6935102397858,2288.9207525883944,6849.309939601187,808.7639680778072,2532.481129827588
483037694,-707427.3678909097,-384846.5834910057,1346.0573171034712,1341.605104987823,7675.612860464865,1027.87872343062,3037.3920040300277
483130603,-706836.6446438761,-384888.1498192727,1709.9460186136512,1064.0450963257429,8122.105211835558,1469.2360819354979,3418.222776326391
483130702,-706213.3357773029,-384465.97611521266,2460.266959361949,564.9542495798046,8874.6955427331,2220.373906921561,4165.161534805976
483130701,-706804.0276710462,-384424.44225680846,2059.0051834033416,625.1881670597216,8426.469557537062,1768.2183759390578,3766.789981474795
483130704,-706180.7427827968,-384002.2716506039,2792.953538832849,100.10554441692001,9177.626627192582,2515.9679605236456,4503.893144615206
483130703,-706771.4069668513,-383960.7349654464,2446.8919587802184,285.8308598969609,8744.965075598697,2127.611018445084,4138.280578968454
483130802,-706148.1460566921,-383538.5674061816,3063.6737632222826,,9493.664371901636,2856.9766126735462,4863.510128779472
483130812,-704966.8839032726,-383621.5405303989,1880.4642112052163,916.4698964454215,10379.899990241234,2020.5289817899272,5663.654449821818
483130811,-705557.513182785,-383580.0716173773,2471.947376298451,324.37572947193746,9929.009110339808,2612.608965727736,5245.44151377304
483130744,-701455.5586132328,-384333.29456010123,1082.4975370311247,4470.050664584957,13096.556953622108,968.9799541968613,8415.048183784036
483130733,-703227.4757830845,-384209.4256467919,101.6476236972709,2694.5892354031307,11555.276586427959,339.723710461613,6826.774231613659
483130743,-702046.1940909211,-384292.0402088627,490.42793058854755,3878.1609821606207,12575.898438399732,420.2789686118382,7876.695347754896
483130734,-702636.8331465524,-384250.75057164184,,3286.3270187597964,12061.844245428452,236.03722767898137,7346.62689480143
483130821,-704376.258215207,-383662.9741468902,1289.550355917971,1508.5579185645613,10844.396929078393,1428.4549567623758,6110.702341267627
483130851,-700832.5793414373,-383910.8347108915,1677.4254128287457,5060.959226078865,13837.752791784958,1531.8243584382947,9146.070694862423
483130822,-703785.6361156193,-383704.37246850325,700.6327736225658,2100.6399693061694,11320.82444520091,836.3870579668322,6580.709751050877
483130841,-702013.7913181873,-383828.35568050045,500.1469014932416,3876.8496423438382,12808.208552528382,347.73071393676133,8087.572616981542
483130832,-702604.4026700669,-383787.0632336647,98.13558914609588,3284.7858281297003,12303.890377648826,,7572.307193355014
483130831,-703195.0176015587,-383745.7354968783,141.28808945812733,2692.7158813472256,11807.73743804933,244.325111964263,7069.096951727306
483130963,-699554.4835497742,-382602.1538747825,3224.673057160052,6377.376784391728,15556.26411437934,2952.473527955599,10834.380786916623
483140061,-699522.1767878744,-382138.4813536908,3464.3473329562194,6487.564530261161,15799.371172625233,3163.8064445252157,11066.929926115401
483140062,-698931.6941100894,-382179.60855861596,3966.910338851823,7059.189935707992,16303.011714015714,3684.470078525493,11577.985267527072
483130842,-701423.1835429622,-383869.61283903115,1086.9308686378693,4468.907497430452,13319.763862871872,939.7805931740818,8612.728745577993
483130833,-703162.5557006547,-383282.045512699,572.0580114917904,2717.2563132231153,12072.82540817806,334.71437372120926,7332.911484839776
483130844,-701390.8047626518,-383405.93128105276,1220.1010883016083,4483.684905620619,13555.242705728493,967.2153661260639,8830.476626856134
483130834,-702571.9684773162,-383323.3760605403,562.9572717611213,3304.9131163425545,12558.48515148595,228.78331339736158,7819.137747605203
483130853,-700800.2282654158,-383447.15595700423,1766.6083854836138,5073.992326219612,14064.536302686334,1548.7961180488091,9351.382386921465
483130843,-701981.3848323006,-383364.67131610966,746.6064339291765,3893.8978230823514,13052.945480050294,416.23685664472094,8319.104339605854
483130951,-700767.8734896252,-382983.4774654237,1964.729088063855,5128.288594913247,14302.83695819439,1681.4844574747942,9574.876053701424
483130942,-701358.4222794654,-382942.2499862614,1492.6436451769239,4545.068018254764,13802.365350956554,1167.9890069160515,9066.84611189658
483130931,-703130.0900875563,-382818.35579435155,1032.7911954462963,2817.499146531066,12349.727352164544,735.3729487875951,7615.984719294602
483130934,-702507.0889612251,-382396.00245911826,1492.6006703683488,3530.4241519347956,13102.358696194922,1158.4244291533473,8368.606720287175
483130954,-700144.9974982968,-382560.9941756347,2713.771606990043,5798.9432444461745,15050.90354765643,2419.122963970258,10320.44100568447
483130953,-700735.5150107496,-382519.7991861295,2243.105313774765,5223.544841275347,14552.088914648906,1920.4466617876624,9815.309720991363
483140052,-700112.6630253502,-382097.3188577299,2994.6451225687074,5919.9360310352085,15302.067457101728,2672.98955603712,10564.335726820376
483140031,-703065.1477114655,-381890.9769550549,1960.0586848648409,3216.2691502858565,12935.906475635576,1641.5259108309087,8231.8289088787
483140051,-700703.1528254717,-382056.121069092,2575.847238867528,5357.576790527133,14811.739425835633,2231.803332307643,10071.470354881072
483140054,-700080.3248562682,-381633.6438012908,3317.128953754663,6074.180567764643,15563.065886687233,2978.202702943305,10822.708884040647
483140332,-702279.8937181919,-379150.201475274,4746.354117059626,5609.947456796332,15301.403279171436,2729.0267588236316,10713.460309133974
483140334,-702247.4224109787,-378686.5165019101,5211.176244248919,5992.95130464121,15645.598670201673,2438.8339066068665,11085.982326558013
483140343,-701657.1160055693,-378727.8397963373,5234.1663259858515,6336.657941951176,16044.994047817105,2945.710328410496,11443.916065314792
483140432,-702214.9473929381,-378222.8317435955,5675.998315425714,6386.827440875432,15995.898533402413,2209.1559272716986,11465.249436603779
483140013,-705394.6121815977,-381261.5677028794,3459.3329538868347,2247.6528661123384,11600.449660686923,3344.3241482135,7130.206460193024
483140102,-705952.4873393666,-380756.3464642281,4208.257895872179,2688.987969205362,11602.214598332532,3824.19227766729,7276.118649403798
483140111,-705362.0207997758,-380797.8675980912,3799.3009313805132,2708.465183005054,11960.942039546515,3652.6006013080364,7536.67396856451
483140113,-705329.4256871854,-380334.1676626611,4163.475542063318,3170.4560349800395,12328.424847868453,3259.457908340119,7949.544496672202
483140213,-705264.2242879953,-379406.76855013147,4942.734326105682,4096.3774447460655,13081.994095708256,2337.560492693999,8790.872413278446
483140311,-705231.6179947131,-378943.0692729759,5350.409015284774,4559.9142545733175,13467.03966544519,1879.4892739735528,9217.907377756186
483140313,-705199.0079784074,-378479.3702653176,5766.73812282225,5023.693407592581,13856.982588802717,1425.8065461104616,9648.439622071155
483140414,-704543.5079994656,-377593.47836675326,6421.468261557833,6013.090116984628,14959.032058514482,450.86563362009974,10732.79215213483
483140512,-704510.9145548017,-377129.782776325,6867.322624645607,6472.892773717325,15353.29171550665,,11162.959594551698
483140514,-704478.3173909279,-376666.0874545607,7315.539587100484,6933.368058051725,15751.403434970678,13.973588293684536,11595.80504119645
483140611,-705035.9019978928,-376160.8784192387,7929.646807185256,7344.61693507743,15867.36681723038,596.8541447869844,11840.106478325608
483140612,-704445.7165045034,-376202.39235143916,7765.709980492017,7394.390218678388,16153.08232008877,478.81275285236524,12031.03936337966
483140613,-705003.2696225272,-375697.18067855615,8372.605351092188,7809.038563115871,16279.479990511229,1008.6856287023624,12284.292688332698
483140711,-704970.6335253805,-375233.4832074628,8817.816113731835,8273.508147403176,16694.365213991998,1452.8635400166854,12729.955427172632
483047791,-707331.1891648833,-375067.0516150374,9519.00512460172,8393.706164211806,15287.676135857706,3065.6745005750313,12106.391270844697
483047784,-707888.5583258928,-374561.6440476015,9674.900536615005,8968.026494723572,14691.883965083798,3807.325225235828,12161.576245559307
483140703,-706118.2088052895,-374686.6352317644,9648.15922695105,8736.144675180209,16466.62696946768,2424.8230112539404,12908.161047599764
483140713,-704937.9937031075,-374769.7859559361,9264.954331569019,8738.017947063352,17111.820772344687,1906.9168620148723,13176.944788679648
483140704,-705528.0994678331,-374728.22826574463,9439.961794274446,8732.029110015477,16863.223088896615,2099.5261198105413,13029.806082177645
483140801,-706085.509705924,-374222.93253583484,10079.903373616264,9200.788086309876,16466.95817562469,2799.5314337893365,13365.38430842694
483037642,-713367.7168765297,-384892.7176763726,1404.7323529502225,3798.6634947603584,4722.183766732683,2860.057069053498,1740.1049350940727
483037632,-714549.3020478385,-384808.7787284544,1243.2407609020054,3874.1489390114675,4799.602504503901,3161.9973149552516,555.5554424999746
483037653,-712744.039408982,-384470.8980373185,924.3696863144088,4284.568590190699,5197.332746334119,3319.6037879899554,2333.3253333164344
483037643,-713925.5618643118,-384387.02400148235,1222.4880275448193,4266.902284771964,5193.911970132142,3407.14205229172,1149.7844520564684
483037634,-714516.3285500573,-384345.0340127376,824.8934256596003,4330.962625840656,5257.670230121641,3587.290479232021,559.5819029187343
483037633,-715107.0988784629,-384303.0087078856,698.0112873949763,4473.242274948623,5386.224444708284,3851.0397888978987,67.02654413484653
483037741,-713892.6123110106,-383923.28232618386,922.5432084751169,4731.482680933303,5658.25905795142,3861.521214521132,1265.0746624476546
483037732,-714483.3512732267,-383881.2894796091,497.5454567590427,4789.334847682407,5716.842796668595,4021.362693419465,769.1496376703277
483037751,-712711.1452988107,-384007.16207071405,459.4678117292741,4747.415191431993,5661.394519221576,3784.5058922301414,2392.199805790301
483037731,-715074.0938767908,-383839.26131460577,233.0897051174189,4918.370943444942,5835.289015236869,4258.304320835434,531.9490353807765
483037662,-711004.5901669351,-385060.17186015134,2095.532178897323,3650.481056850845,5169.498066546256,2227.6209795803456,2320.4581696167165
483037661,-711595.3663976048,-385018.36127404927,1698.1907054427745,4049.9735625640437,4958.0626868720265,2581.484464986499,2671.287706467933
483037654,-712153.2836334833,-384512.7820877448,1001.1148407698091,4382.970924145077,5267.799617798209,3326.0568619201313,2925.387803369105
483037664,-710971.7829720231,-384596.4442619498,1820.8653808070808,4022.0878299488027,5597.339840655437,2463.3824911433626,2730.770917321373
483037663,-711562.5314888164,-384554.6308287354,1344.695522379338,4387.864092438633,5402.687794624925,2942.66234364317,3034.5184017550687
483037673,-710381.0380801443,-384638.222389055,2092.548084270369,3715.2081058913623,5845.786975204638,1913.8604466664735,2531.321159721745
483037761,-711529.6928165422,-384090.9005615378,1079.2684809451343,4747.277062718312,5850.465845215732,3184.7917702547234,3422.434341576823
483037782,-708576.1250240465,-384299.6288909853,1647.559102668132,2120.757727317644,7207.695952221383,1273.6294932605063,2986.3425595486824
483037754,-712087.5470930192,-383585.3161353828,384.3909152680738,5291.822399819187,6185.470858705255,3918.0385209398514,3089.7101540469444
483037784,-708543.4211829965,-383835.91310543224,2112.42473529927,2046.5220513364943,7577.661741111207,1738.495058673516,3443.1433305570827
483037733,-715041.0851002597,-383375.51420492365,,5366.855371748786,6286.658007026554,4676.332631590904,996.8715617720221
483037753,-712678.2474262068,-383543.4263841219,,5210.628383535206,6125.584185697932,4249.408033255885,2536.359786169502
483037734,-714450.3702246431,-383417.545229181,439.56279875992203,5248.857246094195,6176.873747539191,4461.652310107844,1141.206437539579
483037851,-712645.3457877992,-383079.6909275103,5.433999601593044,5674.118294974982,6589.874626964333,4657.52866644305,2752.437116806724
483037831,-715008.0725454864,-382911.76732880645,231.83181206476357,5817.919468848275,6739.8683640789195,5102.479807552749,1461.7940229418168
483037842,-713236.0220250359,-383037.7630091039,207.8533852008351,5658.291227219673,6581.8083303027615,4717.557371338243,2272.5089355825244
483037833,-714975.0562090876,-382448.02063621674,696.7534648166142,6271.0067858837665,7194.572297397689,5534.871046632404,1926.7166195552702
483037844,-713203.0888872135,-382574.0248819355,514.1833358984082,6123.198301130198,7046.714611932233,5182.169168138687,2596.0552287219207
483037942,-713170.1519843895,-382110.28703571524,958.037189415288,6588.105411243768,7511.620929740832,5644.777109442993,2957.5330396707773
483037922,-715532.6714105488,-381942.1993012461,1171.6586535808115,6869.462812705096,7784.620139406735,5889.151820152882,2391.9209430447804
483037783,-709134.0997912239,-383794.2352137286,2180.7866944920975,2638.0996787038966,7243.834712252375,1823.445083942985,3391.3972115404176
483037881,-709101.3644881434,-383330.5168167613,2633.6141142881715,2636.1859368635546,7640.402406687581,2270.988127513972,3856.271832163872
483037883,-709068.6254345605,-382866.79859438643,3090.019565597011,2661.2526919546704,8044.2901909093225,2724.339722904711,4321.146617202144
483037972,-709626.4816921637,-382361.35893948225,2907.4132988224596,3333.0798911003662,8199.535391296306,3334.8246191893127,4786.020955828546
483037983,-709003.1360942668,-381939.3629237039,3626.1332236429007,2936.702865406659,8870.008778560561,3639.769162029921,5250.896253054949
483037974,-709593.7074200881,-381897.6383816765,3088.424595056367,3477.9798533255803,8627.398211346575,3774.9290327279396,5250.895816694
483047081,-708970.3858008436,-381475.6453753382,3829.650220347449,3169.1459361580514,9290.24503297975,4099.899167223319,5715.771196444521
483047072,-709560.9293949311,-381433.9179994,3325.0455959863034,3676.337804112676,9058.911213193544,4220.347492978786,5715.770817014589
483047083,-708937.6317646976,-381011.9281017099,4076.253459727266,3448.9037710765256,9714.55079571947,4560.990205750824,6180.646186801688
483047074,-709528.1476239453,-380970.19789275207,3606.3467967924244,3920.047050092112,9493.57659933243,4669.5595082042855,6180.645856422776
483037513,-717536.4371258217,-385062.0726193967,2524.4582481252546,4997.646518664072,5720.474920986389,3823.6652666640357,1856.7891461820996
483037623,-716288.6504751126,-384218.8521431612,1020.8307824834337,4961.9484815627875,5818.415941599347,4567.248428030947,632.5777038222466
483037903,-718452.7123023414,-381267.53131384903,3512.8499948783606,8592.405768899338,8665.640597320029,3583.3027422123564,4140.924566149391
483046092,-719010.1198504836,-380761.4754644792,4220.522526411953,8023.125889081948,7960.103333523095,3563.378275869434,4890.890589743283
483047001,-718419.518144251,-380803.76814483036,3750.7851634951635,8337.246308346523,8276.471486722785,3922.2063079897525,4474.293623681453
483046091,-719600.7252137986,-380719.1474383786,3909.321678765923,7741.580456694387,7676.4028590815615,3273.0805222792333,5340.77017491517
483046384,-719958.2857750356,-377430.38856252003,4793.566003419854,4656.532672548815,4598.767950025123,4368.067278435207,8126.157710576908
483046794,-718511.3354332065,-373805.01416658517,3977.969108870276,4044.2966163548904,4042.266224791197,3843.827228966361,10903.179849085607
483046894,-718444.7662910866,-372877.49005865445,3984.319706952561,4076.3697908759236,4083.9804818979746,3910.673441243596,11785.166775568983
483046893,-719034.899360495,-372835.1133247675,3394.4546878259143,3490.1448173809276,3499.374651889083,3330.9038628043204,11978.761778539156
483037944,-713137.2113131895,-381646.5494204175,1415.469926135076,6903.251579598548,7976.527183344119,5915.384530491993,3344.666378036787
483037924,-715499.61978043,-381478.450267926,1633.7414674191893,7316.516110117477,8234.130627192291,6065.653403755539,2856.7977645769834
483047042,-713104.2668702368,-381182.8119860073,1876.5779069746104,7005.172123747322,8441.4335734092,6209.047920052697,3749.517089376996
483047043,-713661.859844059,-380677.0973393028,2463.4299238867206,7700.804887801153,8910.325383628062,6961.068300305826,3956.46402149759
483047532,-713955.2015591214,-376461.40910073783,6661.143105438087,9069.565974481728,9049.81022156336,8824.186165285844,7989.995674924253
483047541,-713364.9065961482,-376503.44755063276,6563.009725057179,9643.442611840965,9624.742402623435,8640.540204359804,8052.791446996456
483047534,-713922.1601299574,-375997.6685747497,7116.447812505161,8963.858276335865,8947.604522462538,8726.683703495703,8453.853095386437
483047633,-714446.2811924425,-375028.10583411914,8135.504174922789,8233.944872121898,8224.521289788478,8014.315810949476,9365.482414306382
483047634,-713856.0659514624,-375070.1881714627,8030.359322638706,8822.43195169938,8813.503494984956,8604.045088548195,9381.883770508286
483047741,-713232.8293671975,-374648.4981590704,8411.821218035584,9378.866772297499,9373.908156619362,8754.002985357849,9897.027035707966
483047181,-708904.873982472,-380548.21105279395,4358.635804607069,3765.4451350512436,10142.41525128411,5022.777527357838,6645.521122223445
483047172,-709495.3621037714,-380506.4780117067,3922.7277546014566,4201.222572902452,9930.980362532593,5121.566891921598,6645.520834564385
483047174,-709462.5728310496,-380042.75830623665,4266.39154386741,4512.866876323156,10370.776204520871,5544.276182366057,7088.727898498739
483047173,-710053.0368172668,-380000.987107934,3910.6767751803095,4953.644312621362,10198.55568223064,5726.401589580584,6658.355766219246
483047272,-709429.779813035,-379579.03887644137,4631.268526643423,4849.108943833532,10812.672164526062,5286.005057218761,7406.0703507984135
483047473,-709856.0559564346,-377218.6568314446,6423.199644541998,7064.555130978114,12909.733990058976,5110.07138736202,8855.427259138212
483047783,-708478.6819836433,-374519.9096219641,9449.660798316945,9121.137830780424,14100.290780107523,4332.206483728012,11857.080966938121
483047881,-708445.8717714631,-374056.1956704747,9885.816371160252,9567.102737676125,14100.704901531873,4552.48322824434,12262.82941731284
483047874,-709003.1294985624,-373550.70657785144,10148.319464445145,10186.564918587326,13520.87473294441,5299.663235572468,12409.0204583637
483057972,-708312.587876594,-363812.7120159073,701.6377843740376,16003.606137027102,14874.995508445982,6153.6452559099125,16719.702707213542
483047742,-712642.6491405284,-374690.51261087204,8376.260796302304,9969.962254274755,9965.179632486941,8170.540928692331,9982.930964938125
483047732,-713823.0132060577,-374606.4483442311,8488.6107185679,8787.83980219308,8782.6818275608,8579.943413604578,9846.02735719523
483047744,-712609.6481996798,-374226.778692269,8841.02861288675,9960.954312477501,9958.966467996956,8263.198906768479,10441.044209244785
483047734,-713789.956688932,-374142.7087499489,8709.132534472816,8777.67204244722,8775.67568920618,8577.301953488834,10310.240926871691
483047831,-714347.0282673608,-373636.87847734935,8115.612602508874,8186.133662659303,8184.824650718988,7989.630975442477,10760.25198484609
483047832,-713756.8963966978,-373678.9693385865,8707.249697788133,8777.773991483744,8776.418479458798,8581.003998809761,10774.515626011396
483057424,-714506.313652408,-367566.0878374884,6986.399325020394,9733.214209640575,9776.770807927462,3503.634829732334,16804.301640392325
483057434,-713326.76950135,-367650.378647658,6186.520685028767,10681.574290485922,10721.057198491093,3773.4671326473253,16813.34022082417
483057522,-714473.1449063859,-367102.34608128364,6673.313796645749,10030.59279433995,10076.180564986566,3039.9565325745225,17269.224359474618
483057531,-713883.3988696552,-367144.5120169148,6238.237698515109,10485.360813640782,10528.866796908665,3142.2395278025974,17269.18071273765
483046993,-718968.2594112538,-371907.58446449786,3594.5898073845865,3741.061756315882,3767.45701666984,3646.808000389171,12854.2092455149
483057002,-717164.7957385946,-371570.8701537623,5424.445471148303,5563.856848219091,5586.977916869533,5453.762549139003,12847.213356018045
483057011,-716574.7569916212,-371613.1492852987,5989.693110484327,6123.033817737724,6143.856246572414,6003.449917753358,12749.63193227147
483057001,-717754.8381103983,-371528.55563366855,4865.46633698701,5012.129948971661,5038.021801615558,4913.821506306455,12971.101765096319
483056184,-719424.9037253379,-370010.10042483767,4154.0605712786055,4367.940368155331,4421.183260340064,4404.481678117776,14805.387701088755
483056384,-719291.4061397222,-368155.03809718916,5671.148602272049,5900.509110475062,5962.492981292146,5898.157468478082,16576.6262814212
483056591,-718601.4681263046,-366806.1931028143,7178.526577508358,7408.91251439906,7471.639564985368,4486.1432912190485,16751.97112508875
483057801,-717222.001811202,-364108.45458009245,7205.110458238246,9077.37308137935,7892.686474859997,2138.646052497374,15047.634534527218
483056892,-717811.6023510814,-364066.0591461378,6930.769698966376,8695.881517789836,7522.896440868547,2726.794876734485,15047.30623280932
483057823,-714830.4126569118,-363813.9390760448,5745.800685712129,10507.540382859812,9311.657134570984,,14788.677826798375
483057803,-717188.6673217553,-363644.7002656823,6805.366269687475,8735.32365662971,7544.725040117767,2125.0037384376405,14582.691684559595
483056894,-717778.2399940254,-363602.30199419137,6514.22173534646,8338.212393485617,7156.993594039019,2716.0953174884385,14582.352183646997
483056992,-717744.8738481706,-363138.5451327998,6104.670052099867,7991.59750198346,6803.201515992784,2725.286131995878,14117.39820154102
483056993,-718301.0244434479,-362632.3491325984,5417.739071809977,7249.586757418384,6064.266235020794,3378.0782772472476,13661.281948627162
483057903,-717121.9869823469,-362717.19245577574,6033.984367861761,8088.106118134456,6890.343527724868,2233.8219493090796,13652.808192560547
483057923,-714763.9552692268,-362886.4539098282,5639.938758189692,9975.833457886305,8789.682992991417,688.9253002918302,13872.62737923216
483056994,-717711.5039100976,-362674.78851192823,5703.621775758716,7657.537930707177,6463.509070326429,2802.0173091935662,13652.44408580048
483067021,-714730.7209069172,-362422.7116306923,5636.960681842798,9732.433528249776,8554.699657436602,1153.8564596278081,13415.316085548255
483067014,-715286.9295598668,-361916.70176852244,6234.29892950201,8988.010444546604,7813.298862359622,1656.561244743098,12859.42758015563
483067112,-715253.659770785,-361452.9571876466,6272.494840546194,8766.557394934875,7605.072593621317,2113.1981778771797,12399.61622418068
483140431,-702805.2296214359,-378181.47033237654,5676.910379075262,6103.663324884524,15617.72831661488,1688.5952303983104,11139.528532696577
483140423,-703953.242810207,-377634.948548484,6273.9775164945595,6131.220928645504,15284.76794014471,508.59515586987123,10975.085679496751
483140532,-702149.9862180679,-377295.46277207765,6605.642791271228,7200.0141001517595,16713.27008028765,2010.3497977511279,12241.50071893457
483140522,-703330.4432515394,-377212.69342552125,6641.983759678915,6742.995508437395,16003.950608699446,827.0144013023014,11654.666202181174
483140521,-703920.677117978,-377171.25576457346,6729.612603689425,6582.767876534354,15670.816115180009,235.33760682730525,11396.096029159544
483140523,-703888.1077096435,-376707.56324844173,7186.425213294955,7036.046831001225,16061.040977948667,235.75162685711413,11820.392862646515
483140524,-703297.9015974514,-376749.00371271186,7104.432380319176,7186.163673817283,16386.225255623438,827.1317415488359,12069.861209417724
483140534,-702117.5000686017,-376831.77865898184,7070.465095569481,7616.609557090649,17079.637274094905,2010.396883671272,12637.3966070724
483140631,-702675.1814370567,-376326.7221532014,7535.976496693031,7815.463193259183,17104.80059918089,1497.2718202156527,12752.424323690535
483044962,-745560.1259636392,-370427.61383288057,2039.3054353715563,2266.116814107378,8549.693398184996,2361.358785497435,2469.5383492657197
483044961,-746150.4015201193,-370383.6045858667,1448.453584198031,1697.4561001735228,8689.44253553739,2220.083969086458,2435.5035848893244
483054044,-747817.1799123397,-368859.64368441794,1499.4796873691757,1939.826039718707,8094.1705648308725,1235.5164313516764,1717.454990488245
483054151,-747192.3063611438,-368439.86496702646,1617.8065133613713,1615.6349175572705,7398.173138398569,485.0679494875541,964.85316429122
483054142,-747782.4817038549,-368395.737441799,1964.6814555476665,2083.953847882055,7696.846742363679,994.47297420657,1482.7026278575938
483054153,-747157.6320975963,-367975.962025956,1351.0774164170682,1337.1839232197333,6992.273000399838,340.8735232452115,782.6685536064625
483054163,-745977.3485017928,-368064.11655975186,618.725334256553,651.0719304153263,6478.849111441356,,109.56416061781353
483054154,-746567.4884162411,-368020.05703338556,868.2991679461444,869.4410388693037,6714.438732717038,,213.4589475101475
483054164,-745387.2123513318,-368108.1406068074,618.4713577658525,651.2574159794221,6290.250777856744,246.71003421931462,423.0059843697029
483054261,-745942.7260763475,-367600.2198254904,154.30659407417684,185.88731213326608,6047.116987286109,,
483044934,-749067.0938475392,-369699.1132487147,1084.3784753027633,1263.528363027199,9512.173816136594,2740.3179802895424,3222.9813913940397
483044933,-749657.3641897275,-369654.8881927721,1618.3618969879105,1687.2168343404203,9853.494782307409,3219.4592519878047,3709.0445248832743
483054041,-748442.1090598876,-369279.39309336746,1085.9815608509043,1484.1626168733026,8799.529183363173,1987.7474201170078,2470.1880762199376
483054032,-749032.3477754776,-369235.2005407009,1386.264328202659,1658.937703367363,9129.132201780214,2471.030620116865,2961.5018041532417
483054043,-748407.386918977,-368815.4836451687,1535.5983370674294,1947.08783021571,8409.783731477835,1726.4771364160176,2217.5819258648025
483054743,-747920.8618823603,-362320.7813055749,1779.5850405973072,2236.1069356133603,4718.712725719994,1393.928915709731,3072.0805595258403
483054841,-747886.0804568968,-361856.87617032684,1728.6551454807943,2257.362792087251,4695.838438009047,1256.5105352644816,2833.92213406457
483054832,-748475.8725907893,-361812.63618726906,2320.089661252077,2844.4081360384625,5287.270491459808,1844.711055522364,3372.252307056934
483054941,-747816.505750061,-360929.06671280885,1801.6672800103233,2556.635173032658,4687.3148669878,1283.518844386315,2552.727681272949
483054932,-748406.2420053974,-360884.8208179632,2374.963848429379,3087.2463411986637,5185.919265657487,1863.1898109089727,3139.595657686193
483054674,-743861.3868518355,-363557.2160650619,925.9248022099881,1452.1791510245878,1500.12307689074,918.8299807794111,1002.7722328081433
483054673,-744451.2364656809,-363513.2334876708,360.71796437615916,951.7751799015623,1804.9610870898623,1354.2992928537167,1165.9604883015356
483054663,-745630.946929635,-363425.161834979,320.27924197343793,621.0756809450958,2715.0934107593316,1641.5406949601231,2041.1186893448987
483054742,-747365.7951597559,-362828.88528130436,1442.7350634369636,1652.0208437673002,4208.230540393871,1270.9841877250362,2938.5914223797495
483054752,-746186.1180354755,-362917.17585947586,863.9356881231535,487.3233896003288,3065.5895864261806,1089.1724498238746,2334.6330743519347
483054761,-745596.2851024802,-362961.26788832457,272.4563734517776,155.88998665259055,2508.309861426084,1210.328213891148,1857.2734845190942
483054762,-745006.4559183734,-363005.3244126811,,202.81870065101864,1971.0424475093914,1561.7361090036238,1302.452727958295
483054751,-746775.9547202663,-362873.048324383,1042.115640633306,1064.6543674783618,3633.6886985091046,1091.0303537625027,2587.111565194459
483054772,-743826.8087852095,-363093.330954881,910.4830317821101,1321.8609411553825,1081.9101088681095,601.9742316897667,537.6078741330997
483054771,-744416.6304802498,-363049.3454342842,319.01647543889027,737.8484545358604,1475.8001495724998,1121.9832669920472,801.8164947374236
483054754,-746151.4243472881,-362453.2792976305,422.5401612131129,461.711502845734,2958.098823827575,623.978442212281,1900.386480182026
483054744,-747331.0456154076,-362364.9828143665,1213.212973166616,1644.6354304420042,4130.534003389235,904.666856060806,2606.930801830639
483054753,-746741.2331046859,-362409.14881113375,690.2603548269146,1053.1702304607893,3543.4471791825913,627.2136951377524,2203.1853121380955
483054774,-743792.2267928678,-362629.44617580593,957.6307000103966,1312.6265568679828,723.4990343179508,462.15897188189155,72.51010575835396
483054764,-744971.8180808513,-362541.43374679034,296.8278812440275,129.74092562907387,1799.3857175195965,1271.7923930622253,1188.5060975300876
483054773,-744382.0205660025,-362585.45771294384,435.7429015180777,721.1868877920882,1237.276615774535,838.518332825077,599.2708857851479
483054763,-745561.6193403113,-362497.3742755989,402.90836408193877,,2375.769263060821,817.2759351416616,1730.153564457561
483054862,-744937.1763078661,-362077.5433638471,637.0188390700381,335.40089897505965,1738.7741155652052,1091.972364103391,1186.2925720844182
483054871,-744347.4067193941,-362121.5702736101,826.0827797448986,784.7001977012123,1147.3803167524857,527.359502052105,594.8755738277077
483054852,-746116.7267174335,-361989.3830206163,,555.7283702825445,2921.5807357560698,158.7843242911726,1484.9990896963031
483054872,-743757.6408712659,-362165.5616777983,597.029781234366,1348.5523527836137,555.9929682319632,193.1157500752016,3.465028320090581
483054842,-747296.2921231893,-361901.08063414646,1137.22710866584,1673.4419450466048,4104.412852989247,673.9877671362151,2321.5646758800167
483054851,-746706.5075443371,-361945.24958365824,545.8053775887108,1097.6328034127102,3512.9935631832846,171.0502959426127,1856.7998812431902
483054861,-745526.9496395782,-362033.48094676225,45.6098805857984,309.2956177289998,2330.17419749658,551.1735152475705,1283.3767957135785
483054844,-747261.5346795403,-361437.17869059276,1138.0242863668432,1817.8150255258515,4104.413093179613,655.0105226774667,2101.438325118504
483054843,-747851.2950768978,-361392.97127268906,1729.177654895748,2366.3534191533736,4695.838577674489,1246.4265950077017,2656.569438254532
483054854,-746082.0251423573,-361525.4869783824,42.64986050761623,901.6557362629816,2921.581300466525,,1109.8525268477838
483054864,-744902.5305958681,-361613.65321380115,638.4433701933627,558.9213780546166,1738.775369627902,1068.69005504384,749.3569212389865
483054873,-744312.7889368784,-361657.6830662334,893.8492281317618,641.0101187544725,1147.3823716624163,477.3097052288596,712.8193883111554
483054863,-745492.2759967274,-361569.5878517639,62.44309197561633,624.0293219403743,2330.1750302255596,527.8025341787356,829.924831806447
483054874,-743723.0510168611,-361701.6774108077,305.2570799646986,1063.8454533834345,555.9973987328417,,392.7575962799197
483054853,-746671.7780356614,-361481.3505919058,547.4681140862116,1307.2529973539272,3512.993940364235,63.60075722800339,1572.9550407554325
483054971,-744278.1672261155,-361193.796190956,823.2274668632652,327.5377316359789,1238.9047377739387,420.914198423078,334.63894598573467
483054961,-745457.598419433,-361105.69509074825,509.88235099593294,292.91179331591917,2376.5367277940713,610.2880480366271,384.9073702026714
483054952,-746047.3196297392,-361061.59127107356,507.83989227760685,873.8966726357679,2958.6661960304314,306.40980349942333,831.33620015448
483054942,-747226.7732921521,-360973.27708385163,1245.4418260557643,2053.7105708022436,4130.846348379986,723.1273882407793,1968.560329807654
483054951,-746637.0445863453,-361017.4519360218,745.5140170005701,1463.2148298281693,3543.8706681768385,312.93934210794947,1390.493042438667
483054972,-743688.4572373083,-361237.79347497626,301.06886462580866,910.0130346345583,726.3445932855883,,218.16116243304376
483054962,-744867.8809525257,-361149.7633967956,814.6589354268933,93.73919647933636,1800.4613366752967,1012.2535767983167,284.1759025784782
483054974,-743653.8595290628,-360773.9098202585,168.78285590321096,905.1678661744185,1085.716713377831,,
483054973,-744243.5415835589,-360729.90959773253,760.0960201170678,313.83503635528905,1478.5294034751646,421.2362283524772,176.7051853787304
483054963,-745422.9169041424,-360641.80261366797,974.0964426730011,277.5040816141629,2431.706178859502,934.8356007632855,163.42278768780133
483054954,-746012.610176023,-360597.69584864314,973.0298336605961,868.8496609226469,2960.0915752875044,771.603840721768,754.7532300010224
483054943,-747781.7124728233,-360465.1624406392,1983.625877896754,2642.9245164361705,4440.95523169877,1465.8933754017273,2435.8814998882617
483054964,-744833.2273742877,-360685.87386278453,1127.6997971580347,,1939.9767684011981,912.5759007503741,
483064072,-743619.2578885806,-360310.0263966111,225.1673167377465,667.4245666957656,811.9686806083058,,82.505006567484
483064071,-744208.9120056612,-360266.0232365193,589.839598251265,486.26586240873036,1187.6353890862954,164.4336562474231,252.9534408289938
483064062,-744798.5698576042,-360221.98456172453,711.7180235254567,371.4430964090121,1691.403704620446,576.0193206424864,116.69680578164336
483064061,-745388.231447302,-360177.9103704799,1152.0108127733731,463.6520662976729,2238.39704738648,969.1345348604948,200.8088159647593
483064044,-747122.4654431961,-359581.57393423613,2217.2231427584416,2215.514917132272,3507.125923942331,756.3317274791037,1637.8455147313687
483064053,-746532.8205702167,-359625.7576333144,1980.1129997412104,1682.8438969666818,2962.472219190769,739.3891878145143,1047.0586049989859
483064063,-745353.5420565889,-359714.0184613314,997.3483622430374,881.4422820009507,1956.1014910416652,812.123055757693,53.43195985046773
483064073,-744174.2785000863,-359802.1372074623,124.66341934038913,576.7846835750452,969.8760579714365,29.770648517551894,134.63579165516282
483064064,-744763.9084101459,-359758.095593762,417.3240219663996,836.6254001604802,1546.2714405648594,228.3676524975822,
483064074,-743584.6523235186,-359846.1433041793,228.1052723005892,202.25459603458,435.33328181795713,,
483064054,-745943.179442313,-359669.9058084325,1585.6988227105176,1206.1437097939092,2439.61398664009,856.3874008229925,457.5522155921178
483064161,-745318.8487284489,-359250.1268361763,989.5193297852007,1331.0517874377401,1696.0340072759866,809.2691574092304,
483064142,-747087.6882677501,-359117.6734746747,2627.4235010332036,2429.630369405945,3368.9321017786156,317.0427919555877,1636.9689867008087
483064172,-743550.0428303325,-359382.2604929181,177.4651114680666,,339.60082033232527,,
483064151,-746498.0713452467,-359161.8601208343,2172.0472179993676,1956.1818220912994,2797.5324788436296,274.1907988142915,1045.6911885772172
483064171,-744139.6410632861,-359338.25146051554,,540.15389553035,850.4248206097714,,41.8601394609533
483064152,-745908.4581664448,-359206.0112407543,1580.7801294191001,1565.0942615047948,2236.471567838582,511.7376057485597,454.41985663553015
483064162,-744729.243028361,-359294.2069088509,398.2649862220284,1131.3973421583355,1204.302617052881,218.01144411393864,99.03708518488722
483064163,-745284.1514593264,-358786.2354449642,1046.4531658365538,1508.5693800191764,1536.0701080042982,901.4727026064517,411.75387949011605
483064164,-744694.5737086986,-358830.3184569407,523.9819683921387,935.6651823463426,966.1247816866152,332.09910881047455,433.89403539936586
483064153,-746463.318173088,-358697.9628441822,2028.6949873830094,2292.1893358951006,2703.5024168826208,,1123.818107544401
483064173,-744104.9996917112,-358874.3659456296,237.70526459572213,417.36122068575725,454.21828503713937,,265.94955606723016
483064174,-743515.4294054753,-358918.37791277777,220.750676292995,262.9154869922796,323.0110126368417,,
483064144,-747052.9071420112,-358653.7732518856,2254.351644763901,2664.076690042636,3291.241475663211,159.16209436727442,1687.9280085569048
483064154,-745873.7329464911,-358742.11690796126,1617.0130607106878,1969.02353323016,2117.706333136904,432.0749315774703,613.2121405413592
483055521,-738655.8655058178,-365343.03981401224,2599.6911266905113,2769.371893963468,3890.3768620023516,2285.5582805513473,4163.806568276632
483055531,-737476.0771701044,-365430.2421794417,2740.293397878161,2917.34571349205,4693.209398641418,2317.2496646876857,4971.29298777881
483055522,-738065.9694796902,-365386.658733117,2614.1822836315814,2788.4588031881394,4269.764390828217,2279.0425765441155,4547.06412103791
483055544,-735672.2468240571,-365096.9347498645,4045.8435832435853,4208.191549762619,5909.317409974988,3513.2389733495656,5664.959149183769
483055523,-738621.5503526796,-364879.1802720534,3064.8180273148023,3234.499222059273,3528.054903296802,2749.579892737269,3804.5659915685205
483055514,-739211.4222010439,-364835.52295301756,3081.1334843316886,3245.4048064244826,3170.314282932995,2848.556492157992,3440.3177451461383
483055543,-736262.1001110532,-365053.4547975336,3686.9999514940405,3856.6592430514806,5387.640692381103,3177.6372859792828,5335.200299095188
483055621,-738587.2313011526,-364415.3210527255,3492.72877473699,3397.6250312248303,3192.4943637493257,3147.4373365102047,3470.5721224427025
483055612,-739177.0752492017,-364371.66080919385,3282.4755845486416,3049.256479839969,2792.1012232605694,2851.1350807525055,3066.925471018922
483055641,-736227.892647208,-364589.6072533071,4035.5834761986475,4254.261369105322,5174.054846267286,3586.9576347794145,4943.649757256478
483054554,-746290.1754518842,-364308.8673038442,1397.7409204819878,1618.7119390757566,3733.2277934605654,2080.725621331848,3057.940241634688
483054564,-745110.3458200045,-364396.99815788533,1098.718831044032,1556.864299710427,2902.290168419407,1243.6340196126248,2268.1578497059745
483054573,-744520.4366306651,-364441.0103401942,1088.0591487067882,1710.8933852787404,2591.5203835327125,1097.7949992536574,2022.592853968693
483054661,-745665.604814105,-363889.0560154143,689.6475059796826,1086.2613646967352,2980.708149452943,1955.9407522957931,2305.5683803688485
483054652,-746255.4935898354,-363844.9698876312,1071.360680415195,1180.3310550447572,3462.825490125994,2019.560636031926,2787.2222591465516
483054662,-745075.7197900082,-363933.10664327664,633.5366714718008,1093.9844249967393,2545.1440572499278,1668.6349783287226,1887.426815848731
483054671,-744485.8385146377,-363977.1217729574,709.3303897768192,1303.8870293030454,2184.158563690267,1562.9695882783806,1583.9154189745614
483054672,-743895.9609850914,-364021.1014062037,1109.2334431235554,1703.853660122432,1939.8376251941834,1169.6553465955715,1381.4349910760257
483054654,-746220.8077855507,-363381.072756192,880.1950919116492,773.9077470113842,3236.990906352731,1554.3665479146898,2572.7419049595833
483054664,-745041.0898239806,-363469.21541155875,168.35440056635483,634.4851988641216,2228.227578608342,1852.1024109127554,1553.3815385754679
483055351,-735253.0973827916,-367459.59194069274,3316.6003813003927,3407.483608954703,7699.660808337691,2816.9281871482226,7939.349535548767
483055361,-734073.1305064355,-367546.3454102577,4477.8406489834515,4558.795064522772,8635.469807386775,3990.8790587673748,8589.884814651312
483055353,-735218.9651238961,-366995.7488855018,3450.110882796541,3559.8021921869135,7407.091669145363,2922.3933578126,7539.559977502402
483055651,-735048.2455624611,-364676.5375136176,4363.088963432235,4946.548807607385,6265.490964794921,4249.321664354187,5691.522329238225
483055652,-734458.4275704549,-364719.94943980745,4632.568554534315,5357.505728936731,6822.616550621534,4658.502657020053,6117.114662997015
483055673,-732654.9517671937,-364386.1425861967,4799.219847132753,6885.503946616042,8413.89520013311,6327.325969129142,7286.815561807015
483055653,-735014.0900010344,-364212.69606021943,3941.6599457709767,5303.353554780338,6118.2264115933185,4610.637314662739,5366.667218783068
483055674,-732065.1764317285,-364429.41555300704,4867.772178049455,6886.098049750673,8993.433956487483,6817.51557255716,7443.331391927392
483055862,-733142.4918921503,-362951.3374778594,3351.7768688793867,5513.060391214416,7650.252206409751,6109.10399079228,6019.365048192428
483065081,-731237.3790466143,-361225.8919323595,1681.5512983315032,3693.415031415086,8997.625685665667,4617.9670087248705,4341.255664011684
483054683,-743271.5409795276,-363601.16314547043,1511.3615830496321,1289.9542049779682,1393.2607119237196,420.35300416197043,663.5417045100653
483055613,-739732.5441552676,-363864.10028869513,2530.1845521671166,2312.5578328671118,2068.0421258686283,2105.154079345009,2338.7298089658466
483055604,-740322.3676393741,-363820.36615367356,2107.200341796223,1792.2282371425995,1810.955005090826,1755.2218825253021,2056.634827308809
483054791,-742057.3661294942,-363225.0745280301,1142.0846316271661,500.1699708545955,1119.9205665126278,266.6077703607439,323.45651854678476
483055702,-740287.9570568692,-363356.4986547232,1778.0240015064624,1590.6927554784131,1374.779194189418,1366.2632935488311,1632.6474722989137
483054781,-743236.9908303386,-363137.2809762092,1445.8834680753303,991.0833724333066,928.0958632787859,203.82166766287415,321.9841811780841
483054782,-742647.1766127329,-363181.19550001476,1213.9360632335793,565.6628462103489,928.7710402383087,,129.23248014345182
483054784,-742612.6504600932,-362717.3165986162,792.1478173244625,266.4992591352598,464.2826274248392,4.970443426447581,
483054793,-742022.8678946556,-362761.19856204186,676.9286468087262,35.01274216802138,779.2005213338352,,266.1946475322351
483054783,-743202.4367585318,-362673.399137115,980.7165504623238,856.3060435671957,462.9311025573785,,72.42714946825139
483054794,-741433.0890593014,-362805.0450291349,700.4455602208449,329.0745350933063,797.1363407717373,454.80942555359127,643.0108576366239
483054882,-742578.1203843985,-362253.4379764069,462.7082545393378,264.1880682253951,35.38810323849653,98.3594652631545,
483055801,-740808.8676340486,-362384.98617598193,799.8626067238605,918.5930439479071,330.77569712909934,291.99963458805126,543.0196685542998
483054891,-741988.3657398635,-362297.32287430495,211.7725482377956,,626.7627304604961,198.55053630628345,
483054881,-743167.8787605676,-362209.5175781488,515.5495200590982,855.5881105276626,,36.821386386800995,
483054892,-741398.6148240458,-362341.1722735866,277.91290223722956,327.2057056551214,333.6777035030201,142.18923106328165,518.5132903854484
483054883,-743133.316832905,-361745.6362492608,50.38247730050011,957.6132550354208,2.2337710197375142,,125.75498432518435
483055804,-740184.7018525165,-361964.8979106019,1086.399649375985,738.6913206436108,547.4352845230173,702.8559928795815,754.493011967962
483054884,-742543.5863821103,-361789.55958333786,294.6225698407478,504.7909697918555,35.45845768211858,,
483055803,-740774.4173996855,-361921.11657666933,771.3103951439757,799.7841789559425,,255.0375682064471,169.87698089406254
483055644,-735603.8837970366,-364169.2457554568,3716.423006440483,4958.936021966372,5553.42761415151,4279.370692922365,4947.201306612769
483055623,-738552.9083477212,-363951.46210598585,3045.66650791945,2984.8643269632785,2893.022257792336,2708.6169151383297,3169.8153812438445
483055643,-736193.6812938682,-364125.759977946,3575.7692392143576,4630.955961283078,4994.767757271964,4008.4682109009127,4565.923597371617
483055624,-737963.096018465,-363995.089791714,3269.6088764170713,3315.8012745991855,3386.0112864313005,2971.6916774294323,3658.667377899988
483055912,-738970.9115321507,-361588.49359064834,660.5759852038641,917.7278265151092,1735.2861221580429,428.29095943396334,1302.848987164676
483055923,-738346.8886902261,-361168.3140507088,907.924432365668,1467.2635854490322,2397.4996490729513,967.7958804686564,931.105406125957
483055914,-738936.5372492,-361124.63336182316,330.9224373515671,875.9986461444054,1830.966258035787,376.526812727055,837.7158614320342
483065042,-735364.4907857307,-360922.34256622626,1194.729637229941,4427.597529989248,4980.694074769128,3227.974700046763,3382.982756029196
483065021,-738312.538425006,-360704.4569624975,900.1166131613206,1479.7042639721324,2380.1316615648934,1002.3676204855418,551.3621338532848
483065012,-738902.1590588468,-360660.77335657895,308.8701091540997,896.6958903356933,1983.2655082057136,458.1556108358806,372.582720075296
483054894,-741364.136668406,-361877.2997453056,179.96118234233325,540.4427840540405,2.6339001292609203,,53.36232879405522
483054893,-741953.8596615819,-361833.44741477194,,430.14460016657847,593.9697260239267,251.52229165145584,198.9648753593015
483055813,-739594.9900239956,-362008.64374883176,1049.0475265724012,791.671591062022,1138.7647463638289,669.2376784264978,1344.9823758775667
483054981,-743098.7509831928,-361281.7552505925,,1238.360086891305,467.3986570175669,90.06154847039677,165.92325576578523
483054992,-741329.6546000121,-361413.4275444309,310.7831459352723,938.595957281138,28.12033168342208,173.62451202396716,
483055911,-739560.5917246381,-361544.78032520314,583.9103606916882,394.8453672662358,1146.657002572358,204.09994291675108,1315.8958235617627
483055902,-740150.2756315096,-361501.0315635078,648.616302713906,273.54937726328205,563.6813352241355,296.27141255558337,752.6015524239626
483054991,-741919.349667448,-361369.57228358235,253.38356365350558,895.3019557163008,594.6284544914506,305.6251119660948,430.0541752616725
483054982,-742509.0484608704,-361325.6815195505,290.28144868973146,933.4617274647205,468.73521188742166,265.7766606061226,108.24464982302491
483054984,-742474.506617141,-360861.80373499874,422.5240323881687,1302.0645693729762,933.2333019161352,162.7601632730676,313.7161771856258
483054994,-741295.1686153313,-360949.5556209171,740.7264163336274,897.834328055563,493.15323421251423,221.30823652342718,180.45102400460024
483055903,-740705.5051984627,-360993.3783074085,881.6849528831194,306.55030758711104,493.14626612581355,321.4118719904294,180.3980400335209
483054983,-743064.1812078896,-360817.87453209877,,1133.7470028796765,932.5634550057968,,28.2958753197185
483054993,-741884.8357539258,-360905.6974306905,718.5395884365917,1272.8705672048093,771.9964205430429,215.890678202745,220.83819696314333
483055913,-739526.1895182983,-361080.9171761297,118.77307922843518,284.727292755846,1278.8913639522843,,857.8611564303023
483055904,-740115.8455004189,-361037.1654919035,306.34844354341396,,767.9426138106535,214.748667425445,613.9993193678555
483065011,-739491.7834014508,-360617.0542515706,,343.18171031833,1520.0727873666965,261.0379081217322,415.8951712806939
483064092,-741260.67871083,-360485.6839247225,667.5069082954387,698.8769837013456,958.2994370429066,,
483065002,-740081.411455716,-360573.29964574764,282.38280623917353,191.59268121912189,1124.655557853624,338.01615554270217,586.8954873743181
483064081,-743029.6075034529,-360353.99404373666,149.04344970884839,669.3777697850078,737.5268475847796,,95.70685462171257
483064082,-742439.960847383,-360397.92617964046,448.03597357413076,926.3078931305868,779.2750883414426,,121.68202718883849
483065001,-740671.0432245429,-360529.50953737384,706.0119797650076,361.493917335543,958.29587222069,192.57143648885457,
483064091,-741850.3179174789,-360441.8228060547,759.0043920887193,868.1282762079913,1119.9932384882393,,
483065013,-739457.3733817101,-360153.191651665,346.3642173779587,715.7908665717955,1275.3700236959755,726.1757742492803,184.78701196531793
483065003,-740636.5773415333,-360065.6410938641,306.31762456403936,245.8496332272048,1137.0405333571139,140.38827889448,284.7515652858316
483064083,-742995.0298775356,-359890.1138856501,143.3053477991404,208.60712299248888,272.36018242569963,,
483064084,-742405.4111592418,-359934.04895361897,437.8862045442921,673.4105934271699,370.80867670267367,,
483065004,-740046.9735050226,-360109.4341251802,446.88167639994674,656.7347543621447,1136.961786395371,224.19814368720878,652.3177357651383
483064093,-741815.7961657472,-359977.94850981806,414.0739896771943,565.5330113574217,885.7703188818532,,
483064094,-741226.1848941419,-360021.8125559897,202.35541184099387,233.7267844715727,1287.688733244326,81.4783353118826,38.108245042287024
483065022,-737722.9214970272,-360748.1050710597,669.3256448086572,2067.39817834488,2845.2883301450224,1580.7389319869485,1064.936236460837
483065034,-736509.4283616849,-360371.4467721971,,3306.7791466674835,3712.0278528385224,2397.3003977168464,2179.990397650848
483065023,-738278.1842630899,-360240.6001970725,964.439853793016,1607.4832226965004,2095.4378554478853,1209.907317503111,406.4167753894742
483065014,-738867.7769686981,-360196.91367505427,464.07074742847306,1094.810530430097,1630.718395149151,817.9752408839946,
483065033,-737099.009962482,-360327.8667439183,19.48504741355323,2729.855987592023,3154.4946078212183,2269.541943887499,1588.8054771798788
483065142,-735296.0578187795,-359994.65839602373,1178.470263230942,3936.3282667625895,4763.402941018807,2451.6425052902778,3340.6324204409466
483065112,-738833.3909752324,-359733.05426720594,868.2836571764967,1423.3284632408775,1348.2775313119835,1249.385345827386,92.55033648930156
483065121,-738243.8262009566,-359776.74370439094,1211.8827953604386,1846.9386885495667,1883.9845162074869,1534.8320018488762,416.8184362995374
483065123,-738209.4642350863,-359312.88743440603,1369.338644383915,2161.26484577044,1772.1852740425313,1657.2640526979155,690.0503487185719
483065114,-738799.0010749254,-359269.1950829874,1313.458978009041,1812.6845753189561,1187.0854610282586,1395.4883424028112,557.6835090163186
483064182,-742370.8575491775,-359470.1720068895,413.76911748875494,642.3138288505403,251.62573804184146,,204.64604738383144
483064191,-741781.2704951935,-359514.0744919354,361.2541965303561,514.9671908725157,842.8458565623871,,233.43159425162997
483065102,-740012.5316448094,-359645.56888015836,821.1627232473242,667.4460004575927,671.8172140517901,174.79899098840417,430.01076573002007
483065111,-739422.9594555515,-359689.3293263699,811.5014287098832,1157.4330716676843,886.1251580246159,766.0015878039534,206.66623394440242
483064192,-741191.6871617326,-359557.94146467425,,,903.7543189309829,89.44214189526443,424.2623481003872
483064181,-742960.4483265944,-359426.2340077946,,51.08310374192885,,,244.95660623585317
483065101,-740602.1075459042,-359601.7729268354,229.9573905569687,76.24253169950146,671.9500476061146,,600.3105715448768
483064194,-741157.1855100672,-359094.07060072746,262.79619879189755,231.42352900040473,638.8467315287962,,717.1140156592743
483065113,-739388.541619448,-359225.4672256382,1276.6387555237602,1279.726126032304,613.6622063281741,831.9870713303957,91.43526302014031
483065104,-739978.0858715482,-359181.7038606346,862.1764515952409,706.4194465268093,206.67262708421458,368.806881199289,
483065053,-734740.7057225318,-360501.9738971285,1466.627701734584,3896.8895974475918,5427.44224337975,3189.5010813047948,3837.4471561270866
483065152,-734116.9763067655,-360081.575807505,723.0844332369772,3181.150867961168,5936.147425658087,3325.2394840458533,3417.4504230519783
483065173,-732314.2989568592,-359747.85850198264,729.1306831461117,2234.744270296823,7201.430575072454,3155.282456506674,2764.5095896194503
483065174,-731724.8026773087,-359791.1604019204,1317.499500481221,2236.583908840757,7607.999523014556,3161.3346231736245,2840.021028366614
483065163,-733493.3025372863,-359661.1482393972,93.57229416006119,2487.007651341512,6474.058725724265,3305.907813347311,2813.86853831818
483065261,-733459.1601267292,-359197.3155165986,,2079.123991129168,6093.837602145731,2865.366968582632,2358.673145904765
483065271,-732280.2123956415,-359284.031562478,723.0980939764219,1769.6682569355544,6861.6076047278075,2690.2055691191804,2299.5725628874875
483065272,-731690.7440387383,-359327.33635064284,1314.1664127089434,1771.9909392146467,7287.145012615203,2697.302235350901,2389.8211860034626
483065263,-733425.0138413225,-358733.48305915884,371.5139253528521,1700.8543819449835,5726.161158298772,2433.973992720535,1908.2519896487577
483065254,-734014.4652915109,-358690.06890387606,590.5484391380778,2128.86809383823,5372.441211819835,2727.515861338912,2148.302450640919
483065103,-740567.6338341223,-359137.9049862399,349.1964234258308,243.65667638118475,207.1028831854804,38.29762612140756,499.72247580680926
483064183,-742925.8628470864,-358962.3543601214,321.86280164588754,267.83040323445186,22.249871130484156,,
483064184,-742336.30001365,-359006.2952894038,162.62788911531544,279.69076673344546,176.02462600574714,136.8807948071637,123.46937116167022
483064193,-741746.7409022795,-359050.20070235844,71.92881214301553,280.20893877024054,766.1159016176764,,370.1888362830933
483064292,-741122.6799467811,-358630.2000642908,445.3165584738096,608.1840268001939,604.485536327533,10.574010472835262,251.96245734075507
483065211,-739354.1198810164,-358761.60544960847,1588.8695511784344,1438.4962577601475,577.8076115519135,1070.1891968158495,
483065201,-740533.1562138178,-358674.0373722174,763.3977034127003,700.7311603150846,13.335754009699507,,342.7466008462522
483064281,-742891.2734466647,-358498.47504277265,503.02386123271003,293.6712207862848,,,192.53799904552685
483064291,-741712.2073946478,-358586.32724122936,,17.025905949974188,765.7918687368664,126.75679363816121,348.9883828765863
483065202,-739943.6361928612,-358717.8391667475,1097.338665324166,964.706603657698,,479.03582406432423,9.813376871601214
483065124,-737619.9310970318,-359356.5442816267,896.4265065519406,2599.1070411989404,2360.289316675216,1457.9073875393892,1142.881891554885
483065143,-735851.353864609,-359487.3018153404,870.3380923874188,4081.5370236638837,4129.7520432247065,1726.1821836579982,2826.6475384420833
483065221,-738175.0983730832,-358849.0314872549,1230.8439527682951,2522.6279682035474,1760.0754446907276,1274.1916016791513,1100.588908871641
483065222,-737585.593171204,-358892.6912454968,1022.893968486973,2906.5147513692827,2351.199918295005,1001.2867106179021,1428.7262914313153
483065241,-735817.0997391648,-359023.4574985993,1258.6766649359417,3616.4687979058117,4124.535263237714,1362.6334976904243,2412.4453453961805
483065212,-738764.607275388,-358805.33622253657,1637.800766209388,1976.5727907249266,1168.9447334841798,1527.5053900173393,581.3234530055306
483065224,-737551.2513488234,-358428.83848123223,561.9192454902757,2750.1388676988713,2365.3329271595353,558.8622900959875,1781.6839496427704
483065223,-738140.728611427,-358385.1758129018,885.6569795821504,2250.939746071213,1778.929105526731,966.064080192368,1199.5347813895257
483065214,-738730.2095730968,-358341.4776358173,1397.0470245072765,1807.9938050628168,1197.163834223385,1062.3723906974608,634.1925933538134
483065331,-736927.4600009617,-358008.616006962,87.6631292166252,2739.5279058201104,3029.883654985924,44.32713002066817,1842.0752370562666
483064282,-742301.7385603068,-358542.41890130413,145.8539132475417,,174.61218190115267,,
483064294,-741088.1704683398,-358166.32980532706,594.0744192322619,635.8289948615067,657.4207886114505,,
483064293,-741677.6699687605,-358122.45405851054,393.2295341730789,186.24822260064883,884.635350877293,57.21449335500903,358.77430469376736
483065213,-739319.6942367306,-358297.74394824496,1232.628667124042,1472.963422076639,632.9764689773631,1083.0990815299942,253.5217722873469
483064283,-742856.6801217867,-358034.5960057108,559.2560543100964,340.5654676143286,306.7685919688098,,277.59974840729177
483065204,-739909.1826052199,-358253.9747484613,1202.6296496992982,1330.0719536801887,258.4718740680727,611.7171907003028,253.71138028811185
483065203,-740498.674681458,-358210.170034731,1108.5454520994474,1164.22016694031,258.8153322449944,192.72214994535796,232.35138434340806
483064284,-742267.1731856077,-358078.5427925524,419.4042268064296,185.46895513914706,476.0870769472373,164.4147562964021,341.69315621993763
483065301,-740464.1892335099,-357746.3029237329,804.235484321725,864.2209039038555,723.7390642670856,275.3558170309422,54.83818307580292
483065311,-739285.2646830634,-357833.8826714996,785.4554557159257,1072.0432851825851,925.9868076286969,633.3676824892083,718.6614384702382
483064391,-741643.1286210786,-357658.5811041531,858.3879940724054,650.8509039948603,1187.8463386215158,97.16021689948086,417.33049409232717
483065302,-739874.725105093,-357790.1105557281,737.487609262699,865.3061781251114,723.6164901697484,858.7687112368315,645.9278201358162
483064381,-742822.0828689081,-357570.7171988867,869.7900472362561,702.0080037730194,665.3880121856307,0.9167352921112568,
483064392,-741053.6570712072,-357702.45977378753,967.0097602524571,890.6040342552714,942.8694285805485,23.495540292922463,
483064382,-742232.6038860107,-357614.66691309994,870.6881734494465,650.6287903107843,924.7112423729286,317.7880079903558,401.48129080585795
483065313,-739250.8312239171,-357370.02166944667,383.69157332417063,749.4313340277788,1321.7255612450351,248.80657345450743,1183.801119647298
483064394,-741019.1397592955,-357238.5900197484,951.6177130475544,677.6987677910831,1333.6143465276991,488.6486457619611,177.10151323406507
483064393,-741608.5833555177,-357194.708428233,1007.5804330858871,1115.9178456834065,1572.3012674783456,524.4869668621621,564.7410253445858
483065304,-739840.2636963875,-357326.2466386228,272.34555406996554,401.4196726933286,1188.7611207958437,704.1818047152029,669.7602365446025
483064384,-742198.0306654347,-357150.79131302325,666.232481126491,1115.7886383527073,1376.5720496392373,699.0619379387693,413.24157076757655
483065321,-738106.3549465954,-357921.3203613002,697.4787073461906,2011.5346330929972,1902.9561377269968,707.9907476464623,1375.1401778132247
483065322,-737516.9056263707,-357964.9859387864,133.66601300919567,2557.8701553213878,2459.9460568980144,233.98767917453836,1904.3210086207894
483065312,-738695.8079645277,-357877.6192727822,1133.912299126589,1499.485460855845,1374.751038145169,597.2393757076106,924.3269922182154
483065334,-736303.724335728,-357588.36410661985,490.1341679345547,2220.7706789050635,3570.727237795987,361.28947228515705,1227.1888896379824
483065323,-738071.9773824853,-357457.4651825233,691.9440399047943,1859.7094144411599,2123.8174661470034,402.49214920828956,1666.0846309234023
483065333,-736893.1383264521,-357544.766642355,,2285.353616878309,3173.212012973307,,1422.6883112735088
483065324,-737482.5560077396,-357501.1336682327,100.90182682819803,2440.2534136098293,2634.4961537767394,229.7490990725461,1788.6008650117344
483065314,-738661.4024535794,-357413.76118350547,903.3325966585729,1288.7133183651617,1667.150109773263,132.10634507528172,1318.812281090555
483065431,-736858.8127627558,-357080.91759878525,377.4559280930585,1836.662481344922,3044.4111914689993,420.7908462880119,1042.8333455153074
483065432,-736269.426717894,-357124.51796578855,618.6209895908912,1755.660338884348,3114.8876970949864,554.6031959089914,781.6590993287774
483065362,-732801.4438348342,-358313.0323682652,846.948597980076,977.2849512763019,5787.87877144556,1803.9291896875193,1368.5577849965207
483065361,-733390.8636775679,-358269.6508170331,836.6002651213557,1376.8277805423165,5373.605138478583,2017.6054515501949,1467.0094418538242
483065373,-732177.9294934836,-357892.5522249418,1489.0131376035777,374.43979000545,5944.799744457805,1294.974479976483,905.6451654759279
483065363,-733356.7096393357,-357805.8188402922,1301.6866247345406,1153.6914462024563,5039.344054076077,1627.8313806382896,1046.6194174491584
483065364,-732767.3177312503,-357849.2032815322,1308.359273223188,624.8880536222429,5478.933983131921,1354.0003807864402,903.4769153521081
483065472,-731554.4708234866,-357472.04267137084,1211.7907647414688,90.67389653529008,6189.676865449968,852.6221610258922,786.9554282451921
483065462,-732733.1877601594,-357385.37450933194,1265.4257519645441,500.26715308012547,5193.316502310648,919.2769252941981,438.39612563176684
483065471,-732143.8274587892,-357428.7263395455,1197.88571867976,,5682.626681715294,829.8975088009879,442.84620527569325
483065473,-732109.721556191,-356964.9007177215,732.8087303378194,90.636307054661,5447.612679823017,364.8204163734073,62.611462856576544
483065303,-740429.699873883,-357282.43608929875,420.79358367038895,399.07578145099785,1188.8356727720684,603.8187001942791,185.39555806193093
483064383,-742787.4816919502,-357106.83867237763,639.209040236316,1141.233390154533,1106.4100893350508,466.0860325092761,
483064491,-741574.034175995,-356730.836080831,798.056672386943,1138.7558764682822,1991.4910983209516,776.0030778042553,836.6860940128294
483064481,-742752.8765948379,-356642.96047626453,174.04282751337118,1595.2366945588874,1561.509923024409,216.6973777747033,217.2561859782861
483064482,-742163.4535278007,-356686.91604240314,256.0557030106121,1580.9484992381792,1763.2572475815164,265.90352915723975,484.63342831810695
483064492,-740984.6185365191,-356774.7205932897,911.7987260632217,547.721916644126,1760.9019081827607,953.8017649068883,642.2517157601768
483065402,-739805.7983830112,-356862.3830472241,,43.305797129992186,1653.905765916817,239.0399555723447,910.8653764749164
483065401,-740395.2066064886,-356818.5695815081,320.7634766946264,,1653.9593367507553,411.5786743087376,644.5866411364136
483065411,-739216.393863197,-356906.1609921647,270.26536068230195,634.3270977887712,1751.907510603377,210.83342706255905,1393.7619729070582
483064494,-740950.093399342,-356310.85144437297,931.9501315699841,551.690671970372,2203.576022725968,842.1115865708473,1107.4018316850788
483065441,-735680.0443593476,-357168.082822376,1145.1368523657945,1756.4169410468937,3291.64244077002,1041.1225754949267,558.7800758003004
483065421,-738037.5959229948,-356993.61032664916,788.1888524237323,1816.350811958369,2415.0909937842735,380.19110885223347,1806.2648805872132
483065412,-738626.9930441543,-356949.90341806534,861.2879591576923,1225.3421584202467,2025.2280126836165,,1673.3930234118006
483065414,-738592.5797327268,-356486.0459264251,882.59273631962,1227.1176542188496,2420.003528584143,333.02660076588984,1209.3122445712802
483065433,-736824.4833063573,-356617.0688262174,842.5749019408756,1398.740914356904,2579.4442307596673,885.9087391840065,763.9495334522584
483065424,-737413.8450901088,-356573.43004299846,848.5929185898706,1715.5605659772268,2578.440465264197,915.2104514043433,1326.1012687242749
483065423,-738003.2105646023,-356529.75574364135,1090.2676376902764,1817.5456937735091,2630.1573329437583,505.4140898437864,1387.363458240849
483065434,-736235.1252104564,-356660.6720950276,974.7475800417753,1290.5498807486128,2662.259558535934,956.7340856937656,327.31654307865915
483064484,-742128.8724695661,-356223.041051201,187.8082780145347,1731.0520403116507,2180.81739010812,154.0948712581002,808.3051348547799
483064483,-742718.2675740253,-356179.0825605082,,2054.2429859293247,2021.200311673378,,682.4244737676325
483065403,-740360.7094277927,-356354.7033503223,374.24124440364983,66.06925495314154,2119.0921500040117,335.03950015516546,1108.7565843404093
483065404,-739771.3291614336,-356398.5197314949,192.79641544465156,78.9958495465269,2119.050325099435,,1281.9894139887567
483065413,-739181.9525973744,-356442.3005896175,331.97934496094217,637.7560884362853,2196.3869383897386,255.96365426183817,1205.5156745552963
483064493,-741539.4810789718,-356266.9640119088,778.8406381842462,1140.6673275263433,2427.4873953408596,511.87574641652463,1230.401662495461
483064582,-742094.2874871881,-355759.16628936905,346.44065280873343,1809.483987077657,2614.5011870295402,39.97297982203235,1226.6233098751457
483064591,-741504.9240609081,-355803.0921714185,831.4587932493947,1256.53868737736,2847.348736396408,91.93976717832045,1538.1817029636593
483065502,-739736.8560281224,-355934.6566413886,657.9385000423362,532.9751656814944,2584.1949991067986,226.10200868987175,890.72832388835
483064592,-740915.5643442266,-355846.9825229505,1124.369699824346,763.0031458906603,2653.948623292131,674.9591471198798,1571.3059506877646
483065463,-733288.3899475595,-356878.1557831553,1238.7566597648963,1094.9672662505602,4442.03096146832,1051.5913886215317,528.3043067044515
483065474,-731520.3928590368,-357008.219933149,755.3232299610605,128.20350452935358,5974.619954557622,413.91442429496686,653.5210565389073
483065572,-731486.3110262915,-356544.3974075317,324.31664346375015,563.0582684413808,5789.015421549275,195.5187130282612,654.0645753777063
483065571,-732075.6117821936,-356501.07530942693,267.7317211247974,555.712525344221,5243.410958427288,,68.05997169786424
483065561,-733254.2242870149,-356414.3246026802,1033.9880008159125,1224.5418817064722,4189.144639994608,986.2600855591288,528.9771240275761
483065562,-732664.9162014682,-356457.7177083825,487.8728199130386,747.7099563037009,4708.725519863507,395.3675995296734,26.684784902184532
483065564,-732630.7746179244,-355993.8897297147,407.8384601204585,1136.7744752439378,4519.052798200086,407.8785571176742,491.76571583628095
483065522,-737379.483784069,-356109.5785882358,867.5498604899631,1399.6064112372953,2113.319906917455,1257.0650083927972,1289.5538398959288
483065512,-738558.1625157713,-356022.1886585385,1083.8069951898754,1335.5013231118596,2387.0266419017457,798.1596625751198,746.5450785608117
483065521,-737968.8213037841,-356065.9013834536,1198.7640149691529,1715.1250323672,2176.110886756851,884.070924377911,1009.7815803137275
483065532,-736200.8198099014,-356196.8264442914,875.5578056400739,825.4394049132535,2214.812753672827,1398.4857249837148,107.68052398833821
483065523,-737934.4281481503,-355602.0473462169,943.7432945010423,1263.9739054556198,1727.9664881580468,1094.497003841203,669.2183792557956
483065524,-737345.11858631,-355645.7274554904,454.1991560933481,1186.3020434971024,1648.1994321406885,1320.018078565364,1192.3529115497324
483065514,-738523.7414009039,-355558.331714537,1415.278372391587,1212.2065905032566,1987.0183804243734,1081.1588249441693,291.4183546553447
483064581,-742683.6546259669,-355715.20487506065,291.1234980022293,2315.3121106974904,2482.933025859437,248.46866266795882,1147.5928741898715
483065501,-740326.2083342613,-355890.8373456947,731.9580217431222,531.2144060720456,2584.2293265932053,404.19019975411413,1314.4897686111908
483065511,-739147.5074229223,-355978.440411758,711.2759553172356,827.3652709663811,2647.973985974098,341.5195180084199,740.3800187627457
483064584,-742059.6985883206,-355295.29185704247,779.2532905946667,1996.1605750997076,3057.455110211571,,1669.913833400025
483064583,-742649.0377583219,-355251.3275200585,756.2898358781551,2449.0331339679447,2945.7477993630705,508.1905939101743,1612.7612868124477
483064593,-741470.3631294508,-355339.220659495,1085.5903054113712,1513.0717003728375,3273.739194378614,82.79440033488957,1553.0005622570075
483065513,-739113.0583474608,-355514.58055871836,1155.1315583354317,1181.121854746766,2368.3081439455855,737.1042357002722,275.2444480583981
483065504,-739702.3789907068,-355470.7938770375,1123.080599299274,997.2985626357114,2822.731887280014,691.2439876477916,566.5473908621289
483064594,-740881.0313788136,-355383.11392915744,1441.2860473296635,1136.9737677389294,3108.675483013926,673.7731383250213,1157.1901717694263
483065503,-740291.7033335285,-355426.9716677593,1167.9834951456526,996.359571478073,3049.368821967698,768.1530891720613,982.2094590560034
483064563,-745006.4316073058,-355075.11479208176,1297.7604944862142,917.6527100710593,3295.1875291922447,2056.4166240973527,2028.9259128130957
483064574,-743238.3806423343,-355207.32764681213,857.0621841627787,1913.9196431433852,2933.192865831611,836.7665175366344,1620.4677425229631
483064573,-743827.7272432406,-355163.29223555943,1249.1951329333015,1423.7366938613407,2950.523015262189,1251.3813209403543,1778.170224758723
483064554,-745595.7893762313,-355030.9727563745,1295.9104616038549,922.405036626102,3603.1687474330856,1999.5943775894407,2196.8721364028524
483064564,-744417.0775639376,-355119.22128456435,1454.4611933750182,1043.8388885080321,3071.2411493825593,1769.2838725466422,2005.9036231799992
483064652,-745561.0287055352,-354567.0810390218,1761.1007363408123,1385.9995283727862,3990.9887500517293,2464.788139533794,2628.470044810054
483064672,-743203.7318783134,-354743.4476482086,808.9212179391494,2175.5656210099064,3398.3648236807335,1178.5312296511413,2083.9166880244306
483064671,-743793.0505046071,-354699.40931067546,1173.6872723994488,1759.8612661068992,3413.335234196407,1564.0382234951066,2208.772456049805
483064661,-744971.6989153358,-354611.2260078235,1762.461479242656,1382.8416037377922,3715.305478214197,2504.701778841366,2489.8109864686508
483064662,-744382.3728493216,-354655.33543112874,1673.0595728089077,1469.605577009744,3518.2085213311325,2002.6387548765829,2471.0857138952847
483065573,-732041.4981443456,-356037.25021478574,,1020.7887644522415,5073.74320391843,100.2566968947011,495.7333951918282
483065574,-731452.2253327916,-356080.5751946423,183.02596747157858,1024.804472319021,5635.773942880167,219.7217408858783,817.8615708292444
483065671,-732007.380639152,-355573.4253837642,197.34520855519946,1485.864923974598,4942.167345458098,565.3337305992388,958.8904759210083
483065672,-731418.1357750455,-355616.75324444723,269.14900522323535,1488.625096291825,5517.592595995601,598.1822238096407,1158.7018396291544
483065681,-730828.8945687325,-355660.0455993484,798.6407282756026,1634.7113684979438,6095.951723259721,968.4939432333019,1569.7051442118284
483065621,-737900.0310941775,-355138.1935818948,874.5117097669456,828.4324179419127,1291.8806697816894,639.1454137264462,528.576038515122
483065622,-737310.7494933113,-355181.876594727,283.6236977574742,1130.232175681017,1183.0788401978373,959.8835977209324,1119.4671268565387
483065632,-736132.1973486976,-355269.13605324365,307.25810135810815,,1356.07598363397,650.0596038262981,625.1158477745151
483065631,-736721.471579114,-355225.52408460004,,539.3507105768155,1185.2652416083572,660.2256595471894,934.7882940536864
483065612,-738489.3163845984,-355094.4750443838,1288.2523845602282,747.0736677198292,1622.1191086424758,616.0274801665622,
483065624,-737276.3765015516,-354718.0259559051,304.33827692108264,989.8655996039301,717.9582315025019,541.9143408250725,720.3555350629262
483065602,-739667.8980456544,-355006.931388405,771.2046748969703,1112.0541135003605,2578.8810132386398,704.007589429295,490.21196052260535
483064682,-742025.1057694196,-354831.4177041837,793.4360543181374,2264.4679587364762,3506.1673837983376,425.18738890006176,1742.9990317990791
483065611,-739078.6053674626,-355050.72098046186,888.4080969845911,782.5263674266081,2071.6708204185566,745.890336205462,
483064692,-740846.4944995656,-354919.24561295594,1069.3286759720004,1560.7591059997335,3558.936185034985,796.7000109335554,801.1862176463377
483064681,-742614.4169675454,-354787.4504454633,744.4490097793642,2658.503305655598,3409.203882243084,662.5941183543081,1955.1103569697502
483065601,-740257.1944220599,-354963.10626647837,785.6322488461939,1461.5046507516306,3083.9741755196897,772.7169638582857,517.2723458837905
483064691,-741435.7982810591,-354875.34942610096,1141.525744226702,1852.7307385432039,3696.2752265015865,433.170678590283,1309.4133409377773
483064684,-741990.5090269415,-354367.5437807504,391.5732401288693,2589.1518135484976,3958.6805478064384,890.3478708835419,1292.0848426872656
483064693,-741401.2295121923,-354411.47842119396,909.3093063142909,2237.982498066674,3860.6310438426453,894.1860217507829,1204.177880912279
483065613,-739044.1484793968,-354586.8616269473,536.8216491955986,365.6645542849657,1845.926352457349,362.2670580747735,6.160753141724575
483064694,-740811.9537029443,-354455.3775243043,801.4643083766604,2002.9860829793372,3324.346134142561,518.6074506678648,614.3561716763297
483064683,-742579.7922500888,-354323.57360123243,279.28190155589584,2927.5075182385735,3873.0712303618707,1025.1622132785235,1566.474606400528
483065604,-739633.4131894326,-354543.06912544934,306.0610928613219,870.627959401796,2332.285485385822,238.86542771292747,51.68847215157147
483065603,-740222.68159632,-354499.2410918102,340.7774421146304,1442.405842711856,2810.0377647442533,398.13335405418377,55.903444192870744
483064782,-741955.908368542,-353903.6701868789,274.4582076517174,2951.666107624919,4274.746462418339,1355.5083657055154,856.5426843466524
483065701,-740188.1648639465,-354035.37624389,149.84244050302922,1414.5605267612461,2591.2214854855392,22.336852326888774,21.293711468181392
483065711,-739009.6876908889,-354123.0025983078,441.0183605029439,232.84229172617003,1580.9248639558025,272.3552919062642,471.2957075850252
483064781,-742545.1636136158,-353859.69708750286,,3241.2566188725423,4337.217826695368,1447.6314227798548,1232.0625114374225
483064792,-740777.4089965937,-353991.5097633376,740.7096486711339,2005.4291618327588,3141.533592276561,178.34024516967722,612.176058240333
483065702,-739598.9244296727,-354079.2071883047,,823.6982944039092,2063.4436907892978,,
483064251,-746428.5610614315,-358234.0659035058,1583.6785042125614,1994.684310027241,2684.0910677743614,191.00759964417946,1364.7001708159862
483064271,-744070.3543930287,-358410.48076294945,88.15673529540575,297.5050980374927,319.32918848905774,238.01708760503269,496.17494327730446
483064272,-743480.8120566077,-358454.49566390226,,,,19.057377258981465,192.5242213898693
483064261,-745249.450256902,-358322.3443878408,1270.537102599015,1479.8769074329887,1501.6973938709766,925.8302134189823,565.9077779750081
483064242,-747018.1220736773,-358189.87336601637,1863.9938339201974,2266.657274766533,3275.2975054936605,248.62607755151257,1836.5484683980917
483064262,-744659.9004588303,-358366.43033817783,679.3437789466254,888.6878631508995,910.5101516537269,540.9962296616754,438.09111088138724
483064252,-745839.0037901369,-358278.2229102003,1495.2314782955034,1875.8186108433101,2092.8910882804335,472.4055906176878,987.6758391889971
483064254,-745804.2706938254,-357814.3291974325,1030.0411634687878,1411.3985320461993,2097.699102250574,326.3746867785659,949.3730050207973
483064274,-743446.1907801834,-357990.6136962534,244.4231560727331,172.46881325791864,142.1608628727628,,252.71234255272572
483064264,-744625.2232752049,-357902.5425025235,721.9692668424684,905.2611203836851,921.534834941437,789.5420603866518,
483064141,-747677.3089368524,-359073.4513005227,2932.2303529911,2945.9992121732953,3946.184656205646,798.9418416105902,1860.5755368821794
483064143,-747642.499856158,-358609.54812931846,2597.6101647373775,2992.5414625070935,3880.0434492684126,750.4054234041531,1527.5553756901174
483064241,-747607.686829771,-358145.64529597893,2267.124819592516,2644.924741758244,3866.510234326589,774.3263433890046,1279.8278170405165
483064234,-748162.4104368408,-357637.47619414714,2515.7855006885634,2832.9253102368434,4459.9643905822095,1493.497063115695,582.6266945749867
483064243,-747572.8698541258,-357681.7427504651,1991.2178227296731,2338.5390938012038,3869.095674115917,996.8347004373758,1172.7499722491586
483064233,-748751.9547253978,-357593.1741026925,3064.6964630390744,3358.735100160926,5050.920542038212,2041.2052318476544,49.57695985680794
483064331,-748717.0778642806,-357129.2658969659,2941.0891386726835,3191.6704390943255,5085.201771168765,2234.5718756845527,
483064341,-747538.0489256548,-357217.84044272604,1795.2324074381836,2091.5830155232175,3913.8045214287977,1293.2816404174978,1171.6988670507492
483064332,-748127.5615427347,-357173.57093855215,2363.677006649726,2632.734081486138,4498.779872275631,1748.5444771293137,580.512294163512
483064343,-747503.2240483055,-356753.9384228411,1706.9235220991409,1927.041817817528,4012.309901871196,1300.7019571230578,1243.2117332885073
483064244,-746983.3330591854,-357725.9737670277,1516.4620359433404,1900.2570458086443,3278.3582902495887,675.228820197655,1763.5802195449467
483064253,-746393.8000067167,-357770.16924876603,1154.6772731719707,1565.9111890169213,2687.834387182431,344.7288903849919,1521.1535456966508
483064263,-745214.7451176194,-357858.45361476816,1032.3727747034036,1408.2920047285957,1508.4008465057132,580.5967803698201,358.2138045878925
483064273,-744035.7051636886,-357946.5958624364,259.8330052464467,343.878116276381,349.5404512366614,198.3819230104238,232.93894066486868
483064362,-744590.542154269,-357438.65489992703,869.0424222950451,1066.3072515498675,1094.4555099326328,830.3255198253427,
483064352,-745769.5336539974,-357350.4357196066,564.8508385083453,947.7332833942603,2179.171699779958,,895.9414084490481
483064342,-746948.5400949705,-357262.0744048686,1248.060110315078,1586.5150560801865,3331.0345812195396,702.1244038777962,1762.8790392769774
483064361,-745180.0360379235,-357394.563075695,569.0907115633981,943.1030624788547,1619.8199155864736,480.17100687735024,304.8028492636311
483064371,-744001.0520001418,-357482.7111940403,715.0502292874016,703.6238382578082,686.1597492606887,324.7044854770829,234.50803822563773
483064351,-746359.0350053826,-357306.27282991144,768.979696978425,1165.4171276856805,2751.8671999872918,110.97346574708799,1487.0862551592318
483064372,-743411.5655726552,-357526.73195978143,709.5971005969773,637.6409857592134,607.332850640593,47.51811529133777,
483064374,-743376.9364379477,-357062.85050456447,755.7788986940986,1102.8131700758988,1072.5048502347747,468.49994047869933,157.87419492210014
483064354,-745734.7926745901,-356886.54252680164,99.66050344472343,486.983747114418,2351.600205855401,138.81912647586844,907.620468368327
483064353,-746324.2660613699,-356842.3766970214,531.2138361070062,834.9390474815025,2890.3085633735614,177.7219025707101,1494.1451076007272
483064364,-744555.8570999547,-356974.76758046646,667.9012604216504,689.8999181614051,1406.8462686935286,1070.0259674673869,145.1750672521202
483064344,-746913.7431849774,-356798.17532961885,1117.3467844435381,1362.312290450935,3446.2654351101323,715.7112743880654,1811.1778140597821
483064363,-745145.3230217489,-356930.6728207002,121.40204723581043,477.91410979773957,1845.3026330406199,499.83038722234477,337.60675476076017
483064373,-743966.3949063157,-357018.8268078391,1178.0724888369027,1142.2318156003332,1119.0283156503378,664.6352776785284,321.0255728393801
483064452,-745700.0477595446,-356422.6496691011,,94.39400348776057,2596.929773015566,604.0129496159833,1084.066018025553
483064442,-746878.9423331525,-356334.2765913617,1112.8871866094244,1275.7629598503245,3618.0789529997687,926.1654197668086,1970.6242540707442
483064472,-743342.3033799888,-356598.96938068315,439.19303580237636,1567.9853661794205,1537.676861626779,487.7314431403615,268.5568135596405
483064451,-746289.4931786217,-356378.48090017965,521.7781029795092,684.7308058216311,3093.1836732519396,614.1201818429993,1607.430146840039
483064462,-744521.1681161945,-356510.8805942246,660.4208497773573,497.70496929964696,1787.0022845467822,1229.8186960284975,610.3572150565922
483064461,-745110.6060730324,-356466.7828998661,69.32451811321738,12.725247130835386,2149.2437948716342,771.6054666981028,682.2257472798044
483064471,-743931.7338861412,-356554.94275391503,1009.4032573919715,1088.6843620061352,1570.479566481838,1050.5879646777994,674.1719315626443
483064473,-743897.068936068,-356091.05898222816,994.275575557984,1088.609316971453,2028.1419882042705,1027.9839076630367,1013.2242509552062
483064444,-746844.1375359304,-355870.378140057,1171.3609403545443,1275.6985960669615,3838.885331559414,1279.1161321978375,2217.926863998153
483064463,-745075.8851882177,-356002.893263153,372.0432209924274,,2503.2254061283825,1172.0606535863212,1117.8893912639564
483064474,-743307.6663952305,-356135.08853809844,403.23051560408834,1679.6704125020435,2002.8487843747644,436.9413851218413,700.444507177539
483064453,-746254.7163535763,-355914.58538934565,637.0672296403652,684.6120141115791,3348.802419850646,1074.9480869364968,1835.20956419878
483064454,-745665.2989053014,-355958.7570964642,365.5297412766626,93.53189332439352,2896.6965801633446,1069.2066821960545,1399.7925133936606
483064464,-744486.4751994361,-356046.9938911619,754.8167127243906,497.5419393957858,2200.071525229252,1513.5236653481977,1075.5392733283913
483064542,-746809.3287897457,-355406.47992565454,1388.712341060962,1353.535743884164,4100.77822164793,1687.397426501433,2527.426441067413
483064552,-745630.5461083,-355494.86475884204,830.7200964388953,462.0275752376698,3235.8066633993662,1534.400524999854,1782.2556296015418
483064561,-745041.1603637474,-355539.0038605118,833.605076439257,452.46372630463634,2888.9112449110976,1607.757543469057,1570.577235227951
483064551,-746219.935582671,-355450.6901144699,980.9838945286774,820.6072146222367,3646.088529175453,1538.406582601357,2141.2513564285023
483064572,-743273.0254801232,-355671.2079267625,497.3346457613999,1739.5054202384765,2468.020819254344,502.6419308825326,1158.398387890609
483064571,-743862.4000525436,-355627.1754427304,1036.005829448688,1178.8695485521,2488.591304610695,1057.5734701515805,1370.3546110665652
483064541,-747398.7257324144,-355362.2341906434,1895.652255715777,1920.8019702794031,4586.6902864120175,2006.677004196214,2157.1675845324676
483064562,-744451.7783461246,-355583.1074212287,1061.2272815376696,672.4998914235487,2630.5949554237195,1637.9683441742466,1540.72144284824
483064334,-748092.7086966505,-356709.6659717568,2297.2991754883706,2503.9833430346252,4584.70973864776,1889.5388161245783,713.95875597983
483064441,-747468.3952260276,-356290.0367408944,1704.0025656891012,1866.8361180020963,4160.79272632917,1427.3450384728508,1465.8301447078873
483064432,-748057.8519025409,-356245.7613438465,2295.1244133337286,2457.9254169513156,4715.17884448286,1978.8281939540093,1054.9287739117103
483064443,-747433.5624552536,-355826.1353468449,1742.737475955153,1866.7914721088835,4354.143032127456,1677.9817473719743,1784.5419714418736
483065634,-736097.880281018,-354805.2912128572,326.4754563619656,104.78149934604971,977.0971299595805,184.9455221633882,552.7631786588742
483065633,-736687.1265500726,-354761.67634613183,110.36749735025506,549.431946172189,721.5548003903053,217.99375678957315,1027.3346036613475
483065623,-737865.6301383417,-354674.34004044713,881.4437361749053,455.7027209918481,885.8450789623947,227.55884207718267,531.397841614348
483065614,-738454.8874633274,-354630.61859803856,1076.3212040889994,281.9407292685903,1321.7343657837769,150.89611965481714,9.26836098998402
483065721,-737831.2252882553,-354210.4868220055,794.074070968841,358.0073142455961,577.2051608695944,88.73109733865921,237.54794272731806
483065712,-738420.4546447103,-354166.76247563347,1031.872927381183,,1138.1459189915815,,471.34634019256424
483065722,-737241.9996186373,-354254.17563915544,553.231970614377,948.8506965420036,252.83770647830275,76.79051861887935,285.63440892685225
483065732,-736063.559328376,-354341.44669267815,652.36346948711,569.8920280915678,709.341072944143,,578.6863031678762
483064673,-743758.3698330903,-354235.5266180363,949.3605056940377,2144.758823867802,3876.712790151277,1910.2857917480376,2473.335754666506
483064663,-744936.9622842788,-354147.3374576933,2107.771958124126,1848.0306080710445,4145.058662333641,2754.3433967735436,2952.044875428373
483064674,-743169.0791845113,-354279.56788090913,422.06171356069865,2497.172744003173,3863.5368935611655,1414.5050508714248,1984.0541419866786
483064654,-745526.2640926499,-354103.18955673976,2226.2911214163582,1850.3947940493968,4393.8530477184895,2929.9820116012165,3069.895573985625
483064664,-744347.6641987201,-354191.4498108794,1524.0735451078226,1913.812784967375,3969.3624334181045,2307.2777012724587,2874.512864639132
483064762,-744312.9516198151,-353727.5645239558,1498.2431862620576,2366.0971962734047,4423.422026523334,2653.406032201366,2839.088094484542
483064772,-743134.4225685966,-353815.68844505155,316.4359372562127,2858.5741330488972,4328.708975044734,1745.1276272065904,1732.2028355620369
483064761,-744902.2217218217,-353683.4492418311,2089.1562963887973,2313.2196226407023,4581.736553639038,3054.8421357886987,3411.4237479832786
483064771,-743723.6852363653,-353771.6442577808,907.3363442001264,2556.4941286212234,4340.474561144596,2166.5114151486496,2276.25423420168
483064763,-744867.477224406,-353219.56131019106,2097.390592163276,2778.4085470075147,5023.533563365052,3392.711201429519,3336.7949057465567
483065731,-736652.7776329725,-354297.8289288033,553.6375417842423,784.6409046063447,262.87413065162644,115.39056757122783,715.2614424858187
483065734,-736029.2344872548,-353877.60244266526,618.2743083152665,1035.002474023105,662.7421219186285,,825.1814946460678
483065723,-737796.8165403932,-353746.63387652696,576.3964470322338,402.14939707142275,518.8737639992305,,
483065714,-738386.0179252186,-353702.906627126,1044.054334211329,183.19212442554235,830.7020355727861,145.35517866826638,432.21171040310753
483065733,-736618.4248242948,-353833.98178257234,90.62076665258641,1167.093344236842,71.93728477088946,,362.44395521340937
483065724,-737207.6188410461,-353790.3255944359,88.11175450619793,966.3629712165837,,,96.64114097830453
483064791,-741366.6568304994,-353947.60774491023,865.3459234458209,2596.304032592216,3704.353515311792,768.1236914806015,773.3210263616348
483064784,-741921.3037906758,-353439.79687252507,331.4771749323706,3192.416917225124,4186.132907733279,1358.666849649571,480.1995894610408
483065703,-740153.6442214025,-353571.5116726737,218.53775474163027,1426.360603601106,2442.385286777879,,414.0035321184275
483064783,-742510.5310545779,-353395.8208542304,185.88511863999673,3588.031758675105,4772.097957110768,1890.2561078788708,1007.4036719452125
483065713,-738975.2229984078,-353659.1438445005,468.82794257741244,296.26459057776975,1323.009462583006,354.0823920341715,703.8138027543074
483064794,-740742.8603769739,-353527.6422800117,757.594310100602,2013.760876450508,3019.916319133414,176.93512796181037,380.13376066853294
483065704,-739564.4317628413,-353615.34552692785,159.0824034432833,843.8160041856496,1873.1631223191973,226.2766483360199,413.45610667007014
483064793,-741332.0802324399,-353483.7373472052,885.0761783553606,2602.735520353376,3601.7645209265856,767.7977814872436,308.16431288763
483064892,-740708.3078405457,-353063.7750242852,968.6465456338982,2107.5627242650617,2967.0290445439723,476.8480563699265,222.5599432279846
483065801,-740119.1196651515,-353107.64732811955,641.9552141217189,1556.0150654704748,2376.7128326967204,442.8115086339047,813.3778967893559
483065832,-735994.9057541371,-353413.7584127786,611.9611586178938,1311.6984417761862,695.9021451732683,294.4545757479018,907.5221904642092
483065812,-738351.5773013246,-353239.0510024743,1160.4185274240986,648.325094125684,611.425557786094,511.24398805947396,488.46070189764856
483065831,-736584.0681205189,-353370.1348573985,21.17419837240281,1474.0449623947059,224.13830725182808,245.158570976611,316.74047257984745
483065821,-737762.4038912304,-353282.7811539712,569.6189726383174,740.5928695245163,107.92867694713537,44.81113549788662,85.28304347728306
483065822,-737173.2341652553,-353326.4757717057,,1149.160890086486,107.3504606813839,,
483065823,-737727.9873483824,-352818.9287544749,683.0740718861905,1169.583709341175,11.153320870683839,161.02992012796557,306.5524760240399
483065834,-735960.5731366206,-352949.9147031531,718.7595122770376,848.1894582787563,947.6624437009518,734.0526021422495,741.8268561722864
483065814,-738317.13278065,-352775.1957018169,1220.1059896428103,1113.458079394721,601.9240476550007,654.1415982792485,407.98875146163215
483064891,-741297.4997144697,-353019.8671780364,1082.88056724052,2675.9478127515663,3557.5118399114863,886.3231750299988,
483065811,-738940.7543984225,-353195.28531548404,764.2875302509024,688.8642559288024,1197.5292553441911,743.117478348618,1047.0555474737212
483064881,-742475.8945694267,-352931.9448513723,651.0522515842518,3833.1781765442543,4738.737769660714,1999.157623423926,959.0950474946039
483065813,-738906.2818985621,-352731.42711139686,1175.2382539142195,1137.538760802787,1192.700992271767,1187.0343705533064,912.9699587810072
483064893,-741262.9152842428,-352555.9973375462,1412.3225378639936,2824.86794342047,3555.872029098822,1189.0565904495745,156.99241392198203
483064883,-742441.2541658285,-352468.06917907094,1116.2193968312488,3938.540552707982,4737.495442522997,2150.530398448941,971.851508822383
483064884,-741852.0828735699,-352512.05103238375,1149.4556723336684,3375.9243381655842,4146.68061790022,1634.0782641258045,400.327806741072
483064894,-740673.7513949556,-352599.9080962982,1317.3177723645204,2293.713469338106,2965.0698431403607,925.035297887726,272.35486346587726
483065804,-739495.4347049962,-352687.62298149173,1089.3696407212808,1384.99153900572,1783.4843277279112,997.8443544778622,622.9619787710285
483064992,-740639.1910366634,-352136.0414460068,1610.00167965348,2552.084465393571,2986.5253405315425,1384.4579108308324,183.81236988020805
483064764,-744278.2351090489,-353263.6795203117,1509.7167405461987,2822.578559135282,4879.576124917983,2918.528899436029,2748.996640141838
483064773,-743688.9967108783,-353307.7621798632,926.1732597850263,2983.978317613914,4804.509191015897,2484.172526962214,2162.8765543924383
483064774,-743099.7620270188,-353351.8092905909,366.9904307382823,3246.5070964601996,4793.8809676981855,2126.7047789282938,1580.29614809788
483064872,-743065.0975562264,-352887.93036748475,723.8723717620479,3652.527827024466,5259.053072300277,2536.3425547948837,1549.9320906842884
483064871,-743654.3042530757,-352843.8803342403,1116.7257673916474,3421.313282433496,5268.744762598968,2842.7481021308517,2140.7753897124257
483064873,-743619.6078706352,-352379.998821056,1438.4450131631356,3865.156623650042,5733.132389839405,3228.6347514231247,2146.5076263196916
483064874,-743030.4291638914,-352424.051775876,1160.1999323640766,4071.22822262434,5328.316676013347,2697.7001841791484,1557.8507239054563
483064971,-743584.9075600022,-351916.11759026616,1823.1674282391766,4313.499650955205,5929.842114667064,3418.9591385024987,2229.2853671181897
483064972,-742995.7568464617,-351960.17346572,1612.7305137428807,4499.0695328534275,5340.220535777559,2887.6225825581814,1670.0944463846213
483064974,-742961.0806003849,-351496.29538696865,2070.869205628852,4822.972785690827,5391.274239863666,3135.5841978684307,1893.221025681194
483065833,-736549.7075292487,-352906.2882534184,377.60190336078864,1082.427483762797,579.6110210801069,212.79725705984447,172.98301260318053
483065824,-737138.8455988751,-352862.62627110205,377.0084782956477,1462.8650261151688,,,94.19063991063153
483065912,-738282.684359666,-352311.3406751112,1356.0625212539803,1578.5909798141547,700.2168074827973,887.7545799124987,269.2114304670007
483065922,-737104.4531383815,-352398.7770425824,394.65700221834174,1324.0824306891484,357.7743752647535,317.2327712232724,
483065921,-737693.5669083226,-352355.07662799617,805.2267448910458,1618.66260506836,357.9478959389314,437.9499862666942,
483065901,-740050.0588309126,-352179.919569374,1331.1461817240204,2119.590666494372,2401.037849857998,1373.1081725816118,6.428460942619341
483064981,-742406.6098402339,-352004.1937872822,1581.3864539574229,4094.3467233347324,4750.9021998825665,2384.4646882527895,1143.187444606926
483064991,-741228.3269382155,-352092.12777569,1802.6184965711072,3038.3841946457724,3573.7632006756685,1573.1732840991997,622.1490536463622
483065902,-739460.9303180826,-352223.7621475285,1269.9814236869388,1780.5462913599279,1818.9857986270722,1434.1230224479948,407.09781837812767
483065911,-738871.8054952936,-352267.5691821962,1284.393672268995,1595.6672088533394,1245.186827379082,1374.0787523967747,859.9488279556106
483064982,-741817.4665384418,-352048.1785566952,1605.0145984370054,3556.4895627492297,4162.013422434158,1931.6269992374525,722.9643166515162
483064983,-742371.9615890927,-351540.31862595753,2046.5536237294084,4295.110676865735,4808.245749616464,2679.4223746260295,1449.8306401299305
483064984,-741782.8462808686,-351584.30631053104,2064.8618515823277,3785.9072221973015,4227.381149937924,2285.8020217399926,1147.970813927069
483065904,-739426.422021127,-351759.90153934056,804.8398506518104,2203.450196694914,1964.112632663543,1884.2630840154327,407.04689502053907
483065903,-740015.5225458485,-351716.0560550919,898.2463536878171,2485.451326378406,2512.748014136439,1838.2565759096276,
483065914,-738248.2320348424,-351847.48587231047,1122.5549275918286,2043.7239961400485,1019.5357085572781,1186.9923715242778,312.43995883193384
483065924,-737070.0567802504,-351934.92803610064,121.63444831065343,1268.7867182751786,822.8993280518216,782.355283663213,358.49351764443145
483065923,-737659.1425675249,-351891.22472448857,712.3274502688978,1859.4795274999028,822.974664639425,838.5927348951377,158.57527066065927
483075021,-737624.7143336065,-351427.37314408866,717.947038942459,1861.4848414511073,1288.0723868556495,1283.493537177285,623.7030334509906
483065913,-738837.3251850842,-351803.7114778353,827.3932024229831,2056.9425791435374,1448.9982349240365,1637.358604753292,874.4404204912237
483064994,-740604.6267621276,-351672.17502336396,1275.520671540642,2863.1909007534537,3077.029645659328,1846.749788013319,183.69970578378522
483064993,-741193.7346728436,-351628.25844241946,1773.3925379001384,3303.9969923041467,3649.7104711881725,1992.1408298914587,774.4525446246232
483075011,-738802.8409755654,-351339.85409845243,390.1331033731558,2519.6370868110325,1755.389794780806,1938.2159240829988,1062.2957836131552
483075001,-739980.9823552851,-351252.1928676608,523.8887422196,2880.100792368681,2701.0226637826777,2303.4049933053116,458.71989932100746
483075002,-739391.9098217669,-351296.0412570666,339.698363206537,2640.595463604803,2199.878165102767,2340.279639792738,613.2686440621131
483074072,-742926.4004333353,-351032.4176397642,2531.573100538045,5037.647388517412,5481.463725313517,3429.0171163226146,2193.6522189144753
483074092,-740570.0585789977,-351208.3089285096,1046.19392694362,3211.7444391789672,3232.583317544082,2310.1890349269897,494.13077255300743
483074081,-742337.3094200733,-351076.4437952393,2511.7208057237845,4534.865312807475,4909.18548599016,3017.561612385984,1824.7984584084222
483075013,-738768.352863204,-350875.9969940106,191.84766748817273,2983.090362896779,2120.3495624273683,2265.7028331899805,1359.778046849888
483075012,-738213.7758138035,-351383.63139355223,853.0724420511981,2451.696495483036,1421.7206931871822,1533.9640673635352,679.3175978378507
483075003,-739946.438255684,-350788.32995704346,398.81728502931907,3293.205258150391,2951.2446507958502,2768.553324329111,923.8681733464161
483075004,-739357.3937164666,-350832.1812506699,,3085.9357478163965,2500.7769889454294,2689.782252638002,1009.5498352758797
483074094,-740535.4864837322,-350744.4431114068,989.4886374928324,3586.8447396494844,3444.3843704802607,2774.200602451352,941.9504909979237
483075111,-738733.8608444663,-350412.1401144632,229.21583282109563,3206.22848588747,2518.5438937229032,2634.9245808846604,1710.19335815659
483074192,-740500.9104727895,-350280.5775220075,997.4023590667118,3980.9950773584515,3702.793330863198,3238.5386601981045,1401.1080705549186
483075101,-739911.8902435054,-350324.4672731929,418.077355052179,3718.6194120630616,3249.133409084877,3233.7017697488614,1389.016561901407
483075102,-739322.8737016895,-350368.32147010317,125.44323941399084,3536.3765387472163,2846.226257360816,3007.368875530936,1447.4136492013379
483075104,-739288.3497850742,-349904.4620154989,590.5848567829522,3922.0684865040753,3221.9278086139852,3359.509011639845,1898.3004461466417
483075103,-739877.3383263947,-349860.60491624154,712.6250738209611,4152.561678000914,3582.818998557246,3698.850229136133,1854.1649645575646
483066102,-728221.7892541884,-360514.03374719986,1407.379340094671,4529.2410432772795,6387.619185696584,5206.161912383834,5297.257962288387
483066103,-728777.3762702829,-360007.13765647827,755.6889779364998,3777.520901757299,6700.331361926662,4458.700781209542,4545.240285822379
483065184,-730545.8211250464,-359877.65774764057,426.40914297017076,2571.7100009898236,8348.518401919002,3442.8283499357553,3317.7839147955597
483065193,-729956.3358465404,-359920.8531968433,,2909.842896120343,7793.037013351184,3718.9090177744856,3677.826812045777
483066104,-728187.9019667343,-360050.2266703226,1346.7287222693315,4268.325816953034,6166.339591288869,4894.127070873274,5027.250191941785
483065194,-729366.8542292519,-359964.01316588843,164.6430805553266,3319.5156136606656,7243.180311175537,4062.7503550584433,4091.8933013509063
483065282,-730511.8183277319,-359413.83946597786,430.1271027177139,2179.747854942673,8199.930593796238,3022.323677982787,2941.620002841354
483066212,-726975.1289661218,-359672.4972501226,2529.4117883115505,4592.200990341087,4902.343674039609,4350.465824740773,5851.569481658646
483066201,-728743.4572247731,-359543.3280121352,757.7912885781157,3522.353418571536,6522.932125640686,4142.595426599717,4278.34906776207
483065291,-729922.3609678369,-359457.0377965673,56.442865998735584,2569.9663589655984,7640.997259118485,3333.405756832183,3342.417585898736
483056861,-721938.9073607874,-363768.2990128753,6279.616013913297,6907.192720161073,6020.422629468938,6778.502804401653,12277.742674976575
483056863,-721905.3498934482,-363304.52193412464,5816.626594602034,6451.170456203323,5556.494682183908,6325.530066264842,12056.366058176058
483056854,-722494.9515130454,-363261.84016825625,5902.877276027459,6358.0018475564875,5542.703625431801,6213.9191377267325,11535.05946844346
483066362,-721013.8141363029,-359173.2116005493,1604.7850791562114,2853.703508907551,1675.7672035069536,2854.456477706077,10441.219640910203
483066364,-720980.2464439276,-358709.4398355803,1139.8022417063924,2525.132382310056,1327.2884562223646,2556.6648482241662,9977.554070296985
483066363,-721569.565495647,-358666.7650270146,1269.6525255473855,2117.773752006772,974.767482337542,2106.9369856698922,9949.446344021122
483066481,-719178.8231787563,-358373.48853311996,1388.1186330290532,3860.4740898840464,2787.578062089267,3979.6409475207765,9614.241205268137
483066463,-721502.3628657035,-357739.21664937213,597.3746457618482,1499.2605561920077,391.34840491155427,1585.5325900731773,9019.627698887602
483066454,-722091.6297050191,-357696.5006845805,1110.861890377965,1026.9504509004707,,1055.8252378395198,9017.84591678181
483066552,-722057.9947499364,-357232.7239722959,1018.9850746796692,764.6926072485321,37.24078249461769,894.9103728941116,8552.852072674688
483066343,-723926.8778846345,-358495.7111206617,1381.9251935488269,1731.9290558571008,1644.5648237634916,1528.3266464426692,8383.97175431794
483066442,-723303.8612044418,-358074.7449448407,907.315378930803,1202.718248232688,898.626076620321,1034.9940854968083,8936.554626876126
483066432,-724482.4760581166,-357989.0704034408,1179.3523373679486,1601.8358365268164,2017.8127091645551,1360.918071656874,7756.51697818053
483066441,-723893.1668184983,-358031.92541142035,921.7735130188814,1290.267990636219,1445.8412048643183,1075.632592028108,8346.480955206544
483066444,-723270.1742332015,-357610.9623380195,442.3097925800876,737.7151699294765,790.2668274935968,569.9895717402235,8925.599062612382
483066443,-723859.4519278586,-357568.13995287084,471.250319003489,873.1916152371989,1381.083749254144,640.8188998310046,8334.776890712443
483066542,-723236.4834371055,-357147.17993093625,,272.7120637983468,791.1423040797457,104.98503023594752,8611.337338616
483066541,-723825.7332092609,-357104.3546949732,162.5854945068449,540.9205061427657,1381.583219196733,311.0834039139637,8334.80905089275
483066532,-724414.9866043141,-357061.4939798969,753.380009254198,1092.5121830826035,1972.2547875444664,889.8366509806715,7743.984479885405
483066531,-725004.2436251661,-357018.59778401844,1344.180794809514,1671.1210011808855,2563.0019358168147,1478.150837312395,7153.15433114462
483066571,-720290.2888186369,-357360.7739832459,31.47697350803098,2501.600623370847,1573.3765633199348,2663.0969850394954,8660.336177810554
483066561,-721468.755829134,-357275.4427810716,559.3005791976132,1333.3637367254526,393.115077297622,1483.2225234868222,8554.731928527344
483066563,-721435.1449844546,-356811.669209883,614.7434308818928,1305.1595953538917,636.6956937086403,1479.4946486832207,8089.847417917593
483066554,-722024.3559836467,-356768.9475580358,1019.2364621171602,714.4010946651572,502.2363697832578,888.7261774588617,8087.858299668654
483066671,-720223.1750024004,-356433.2384447583,720.8156532759302,2494.056779409661,1846.4559791913343,2685.2070105355165,7743.280132198573
483066681,-719044.8340881672,-356518.4391095981,1410.626723714942,3673.13210556581,2919.253743605004,3859.2645156206922,7789.359153955009
483066662,-720812.3508624171,-356390.584902876,720.1292042634409,1905.6190284700892,1378.41638106752,2101.2884026998327,7661.635410139484
483066652,-721990.7134027035,-356305.17139177,1129.6567434749836,739.8193141500536,967.2318852755585,958.8606814354242,7622.864397079568
483066673,-720189.6123828114,-355969.47099337325,1185.528859759469,2571.9777475288797,2127.201786198662,2785.861801267035,7285.9803928090705
483066664,-720778.76031767,-355926.81461479265,1185.112190018302,2006.5541294857248,1736.5775955359798,2228.505952822989,7199.1504678081765
483066551,-722647.237284959,-357189.96968948224,428.2029224864537,299.4320990027448,202.90208986943964,315.90920205781543,8562.74278992079
483066543,-723792.0106701651,-356640.56973784167,164.16136687653224,467.13434982122385,1469.5373154882923,292.8292105769086,8243.11795184521
483066544,-723202.7888236094,-356683.39782370423,22.695821458212205,,936.3392950321756,,8149.669715447566
483066553,-722613.5705957308,-356726.1904298741,428.80320146151337,123.63650395260477,540.3879390954496,297.9516153857372,8098.312770707379
483066642,-723169.09038926,-356219.6159662941,487.7013627978458,192.29096977352145,1249.0012410040476,360.0194386293714,7688.403365481822
483066643,-723724.5541166608,-355713.00052575266,966.4771930117877,806.3720152371205,1989.5809577333116,875.4444395770761,7332.803520283743
483066614,-726670.4383883028,-355498.2992882317,1755.1988908761782,3483.5446508838895,4565.435557041375,1145.3750999950378,5564.898661346444
483066721,-726047.4085155092,-355077.5149015402,1241.1747781983681,3044.5340354459345,4197.336485636535,680.9817019943439,6261.914420293979
483066712,-726636.5646834137,-355034.5008134733,1307.7036579152207,3600.291470436143,4731.872525379354,680.3435178481858,5701.360865443988
483066741,-723690.8201062598,-355249.2163208755,1427.0022897547067,1215.6255406964522,2346.6055210633103,1322.8413560901938,6879.621465724115
483065584,-730273.6906842137,-356167.1186455465,1364.7359765907665,1631.3077569885459,6774.5220924228015,1380.909069627194,1900.016181106768
483065593,-729684.4288414137,-356210.3371200126,1955.5815641312668,2124.6395648423595,7188.22172940896,1970.6813147574383,2475.486816321802
483065583,-730862.9561803774,-356123.8646709908,773.8840553632206,1227.409663221451,6203.148218866976,792.758867636661,1338.0364188258707
483065682,-730239.6570173244,-355703.30245018326,1378.9157722699185,1956.2324514514241,6487.904869500209,1488.7446523163255,2069.686442327659
483065691,-729650.4231179357,-355746.52379865444,1965.4932636308056,2383.206797914992,6796.319741652014,2047.6669242494636,2607.9590646671586
483065692,-729061.1928676758,-355789.70964647393,2554.0302758281014,2868.927915615815,6767.869021099499,2620.6290370469806,3165.0431893616505
483066601,-728471.9662636572,-355832.85999534244,3079.60182588708,3388.220890520485,6183.666614290314,2372.8816736205226,3732.5222939092037
483065694,-729027.2112309365,-355325.89940581075,2631.0840938696306,3135.086946379747,6777.648421957241,2599.369447881795,3335.166201992305
483065684,-730205.6194889004,-355239.48646562843,1516.9595804872463,2329.1861445138256,6086.466168907163,1719.9983406481224,2321.5789801108235
483066603,-728438.0125707464,-355369.0526232149,2771.3778871515474,3616.337182485935,6273.104667117871,2085.3917839444975,3877.803886149945
483066604,-727848.817552567,-355412.17034110456,2334.394955175608,4126.1587393071295,5699.482116520962,1624.4767965932483,4432.77736068615
483065782,-730171.5781064739,-354775.67079200485,1770.1714123030554,2730.5590872231573,5694.7193756740235,2032.9807808346525,2632.1934625473614
483066711,-727225.7245257136,-354991.4512256226,1595.4461646875516,4165.702198159028,5278.421402736062,881.9614942287736,5147.570567854182
483065791,-729582.4001032088,-354818.89788571745,2257.2251078686345,3050.9949764703456,6043.723980671692,2471.716959231577,3073.438992900972
483066702,-727814.8879605259,-354948.3661424821,2019.5607893546476,4365.249359043791,5833.609491716741,1337.8444318475151,4602.987727476723
483066704,-727780.9545233898,-354484.56220106385,1772.1077200971101,4638.7693751596,6000.865501381791,1171.8567053688475,4812.280608342689
483066723,-726013.5589163904,-354613.71953975107,776.1467181819085,3244.8180840948394,4426.931981989202,217.31855624205045,6417.259126049209
483066724,-725424.4343209411,-354656.7009881583,796.4997544654027,2744.8318911502233,3939.9264289520775,656.447485029215,6970.28724254187
483066822,-725390.6088289883,-354192.9086851945,358.8866011545397,3037.4923016700604,4235.06199692496,620.126220940945,6672.501193291457
483066821,-725979.7054780053,-354149.9243823729,311.118632650289,3495.851724471157,4691.512668359166,29.45936750731749,6601.773405729618
483066831,-724801.515803537,-354235.85749018297,830.043367758954,2632.431402347364,3815.655964694909,1210.7869584010612,6395.245067606161
483066812,-726568.805753473,-354106.90458001586,516.0770095213913,3989.182322117497,5175.217314987181,,6072.728349660323
483066834,-724178.6529731866,-353814.98449986073,1360.1393151406653,2730.5369565380906,3837.463914740227,1818.6438567872908,5729.725661861737
483066823,-725945.848207845,-353686.12952952925,,3787.557521950002,4985.511638568557,251.4505827392159,6610.480038635975
483066833,-724767.7144310987,-353772.0683420609,769.5182241886592,3009.0714615779875,4171.876668899069,1236.2545518143882,5979.577415569656
483066824,-725356.7795083569,-353729.11668584734,178.89085285660954,3369.1378954168154,4558.612321224714,668.509687025983,6275.207975505463
483066663,-721367.9118569889,-355884.1227587205,1310.4514598382432,1461.2834985732748,1484.7160166482586,1693.9189169139381,7160.120391407315
483066654,-721957.0670036594,-355841.395423466,1394.9403205461585,970.7526942881022,1432.22752965634,1212.6065955677686,7157.870465294269
483066683,-719011.3273149211,-356054.6773247846,1695.7841751689868,3726.4327800710953,3104.4110039968036,3929.9161369998164,7335.883050912801
483066773,-720122.4757360939,-355041.93692658644,2115.310832247759,2949.8950256517264,2837.860553521665,3187.4314163371837,6374.71893403714
483066784,-718355.221092327,-355169.710198899,2779.624216218286,4544.700882922321,4094.869653392729,4767.605902129013,6306.373612068662
483066872,-719499.841158888,-354620.79961169465,2654.0026628451365,3698.665771964286,3559.9420752475794,3936.9865117012064,6084.108940343771
483057981,-707723.1003903358,-363854.546419966,1078.735990469031,16554.87615375986,15431.633862875227,6744.281459988705,17043.39834633408
483057983,-707690.2041284571,-363390.8376954298,882.4077021017813,16395.953312838938,15284.651005709333,6775.5149308009495,16660.240676928588
483057974,-708279.6637618701,-363349.0004922374,327.5591395232696,15839.17782408224,14722.481628230402,6187.88978517985,16328.962876979422
483067071,-708836.1712364476,-362843.4137321283,,15127.026008316412,14017.821214667689,5676.798602877737,15618.03431511533
483067062,-709425.6101324043,-362801.50290681823,318.3444887438417,14569.681778982686,13454.618195674286,5099.571915049021,15309.782048372883
483067061,-710015.0525919646,-362759.55666708766,909.2775859404849,14015.070443758725,12893.87903120111,4525.890282425868,15018.42900405642
483067081,-707657.3041237261,-362927.129146103,863.5034322718192,16248.784006567454,15150.515448701553,6838.285148786365,16281.342160595357
483067064,-709392.6228110451,-362337.78623390355,426.10840735197195,14418.94388768428,13318.363112374249,5224.313806344051,14911.11215056076
483067073,-708803.2117767426,-362379.69986113335,283.24862763314104,14981.872496469665,13887.068507133592,5789.089717006392,15227.426360273064
483067083,-707624.4003834218,-362463.4208720898,908.7586651843462,16113.690310870696,15029.571201794843,6931.735429975273,15907.007237861559
483067113,-715809.7808169584,-360946.9038398032,5624.771185753261,8029.980341752185,6875.012102793969,2717.4291568337508,11861.99050099596
483067114,-715220.3861990266,-360989.212793686,6132.650631467211,8564.64363946035,7420.175714550274,2572.808421653217,11940.202557980603
483067204,-716332.5090033369,-359977.0601692901,4652.850986711384,7113.781751508568,5992.734265171669,3801.6351446892845,10884.645057287275
483067421,-714464.7100930999,-358712.78214631585,5977.325880357324,8480.00033541797,7492.9020690302505,4873.306772203453,9782.763686953518
483067413,-715609.8926913915,-358164.4257207899,4762.15044563449,7250.297158999936,6299.054827569217,5420.856098888894,9093.614384050272
483067521,-714398.169636137,-357785.30212394224,5938.913865918783,8398.324370040582,7480.601389855835,5803.169643218099,8885.879813969736
483067613,-715476.558317823,-356309.4450340179,4902.575183112354,7242.052574861706,6459.366345803197,7259.461855414107,7257.1060397230995
483066791,-717799.6019090281,-355675.98593077215,2907.83327859203,4977.47043240354,4369.060786844262,5186.623989832774,6696.071595519915
483067711,-715443.2152752929,-355845.7004823945,5035.116333490472,7298.787503053323,6577.960307081024,7498.151068517338,6799.957237759509
483067823,-714165.1591537267,-354539.1295611981,6673.170868320997,8762.053993357233,8171.7121257980725,8977.92662474825,5828.820689122859
483057824,-714240.8579822172,-363856.160218103,5167.212449578109,10985.42058953098,9792.781657956395,239.30151568369575,14898.378368775304
483057922,-714207.6590408549,-363392.4203421882,5087.39539107135,10724.610677400795,9537.179229597392,327.7728390264101,14443.610778190008
483067132,-712896.0056412625,-361621.82736245985,3935.6540234596087,10923.555381813723,9797.54387726666,2522.253341911664,12968.100922067082
483067134,-712862.8435854319,-361158.0942466824,4049.745436283278,10762.100849417013,9654.640167751777,2918.106100970158,12529.54048318757
483067351,-710995.4663617365,-359893.2107433473,3342.448990791484,12127.995680244463,11108.80198586185,5074.537073750299,12007.219732069621
483067551,-710863.0699893048,-358038.3171946845,4932.299546565455,11941.038747020895,11024.821527025848,6623.746756617963,10438.06987336932
483067553,-710829.9615076911,-357574.59440945677,5356.968125328206,11937.759339209171,11035.932544273812,7034.596081121892,10061.267090894786
483067824,-713576.1623507801,-354581.4070358363,7203.759176584068,9329.302157815971,8715.534283768679,9060.82548599279,6101.696613809919
483067181,-707591.4929041723,-361999.7128233601,1142.4833363845714,15990.978221571004,14922.13896671384,7054.646635608479,15537.565590042861
483067182,-707002.1204001892,-362041.52300456533,1635.4978784404423,16563.64882572292,15499.511735259444,7621.212599087746,15907.249769791033
483067152,-710538.4087664189,-361790.1306738039,1676.362739915206,13151.515345072587,12054.642768578391,4320.782793806228,13919.462791900947
483067184,-706969.2370425767,-361577.81792436243,1893.7880281437872,16457.4096674894,15409.368013097144,7761.045409382788,15551.70483283324
483067284,-706903.4591281697,-360650.4085373117,2589.644932576371,16282.723071070006,15270.00706358235,8113.723858635592,14858.74294717242
483067552,-710273.8991890863,-358080.3623156513,4712.326166184313,12531.54204442954,11615.505277948427,6927.967517569024,10788.52696015919
483067554,-710240.8186040518,-357616.6423302305,5155.1528492723255,12528.401000486652,11626.02478573987,7321.748721321407,10424.38670718545
483067563,-709651.679255459,-357658.65480816364,5015.196112270634,13119.036631844512,12216.167183064721,7643.860851003453,10807.572219870357
483057984,-707100.748051226,-363432.6394914504,1465.72909746664,16955.0240492476,15848.897049361476,7363.670902112337,17005.57345600702
483066932,-724144.875721659,-353351.1984524389,1368.80806175679,3164.358451886753,4243.112780880688,1937.9907437961047,5302.696283339006
483066922,-725322.9463555799,-353265.32494007907,235.98340647575236,3729.3824706681607,4904.9575041574635,946.2511566502784,5887.840125140161
483066921,-725911.987102441,-353222.3349311828,153.90937800466605,4111.287144019113,5304.039181104028,715.3573423565739,6243.926706397332
483066931,-724733.9092296136,-353308.27944660105,784.7516127583027,3407.608442146739,4547.784138962391,1405.9715514931554,5571.713505232391
483075202,-739253.8219630845,-349440.6028368208,1055.7263884815143,4120.303743948781,3618.4706225233863,3736.445867711692,2354.7410431381636
483075201,-739842.7825008124,-349396.7428361534,1128.5374189165846,4592.615214586112,3943.224137310763,4093.920107354772,2319.3132808949576
